make: Entering directory '/home/mert/Work/omarchy-mac-external-monitor/sources/linux-thunderbolt'
make[1]: Entering directory '/home/mert/Work/omarchy-mac-external-monitor/artifacts/thunderbolt-kernel/build'
  WRAP    arch/arm64/include/generated/uapi/asm/kvm_para.h
  WRAP    arch/arm64/include/generated/uapi/asm/errno.h
  WRAP    arch/arm64/include/generated/uapi/asm/ioctls.h
  WRAP    arch/arm64/include/generated/uapi/asm/msgbuf.h
  WRAP    arch/arm64/include/generated/uapi/asm/poll.h
  WRAP    arch/arm64/include/generated/uapi/asm/ioctl.h
  WRAP    arch/arm64/include/generated/uapi/asm/ipcbuf.h
  WRAP    arch/arm64/include/generated/uapi/asm/resource.h
  WRAP    arch/arm64/include/generated/uapi/asm/shmbuf.h
  WRAP    arch/arm64/include/generated/uapi/asm/siginfo.h
  WRAP    arch/arm64/include/generated/uapi/asm/sembuf.h
  WRAP    arch/arm64/include/generated/uapi/asm/socket.h
  UPD     include/generated/uapi/linux/version.h
  WRAP    arch/arm64/include/generated/uapi/asm/sockios.h
  WRAP    arch/arm64/include/generated/uapi/asm/stat.h
  WRAP    arch/arm64/include/generated/uapi/asm/swab.h
  WRAP    arch/arm64/include/generated/uapi/asm/termios.h
  WRAP    arch/arm64/include/generated/uapi/asm/termbits.h
  WRAP    arch/arm64/include/generated/uapi/asm/types.h
  SYSHDR  arch/arm64/include/generated/uapi/asm/unistd_64.h
  UPD     include/generated/compile.h
  HOSTCC  scripts/dtc/dtc.o
  HOSTCC  scripts/dtc/flattree.o
  HOSTCC  scripts/dtc/fstree.o
  HOSTCC  scripts/dtc/livetree.o
  HOSTCC  scripts/dtc/data.o
  DESCEND bpf/resolve_btfids
  UPD     include/config/kernel.release
  HOSTCC  scripts/dtc/treesource.o
  HOSTCC  scripts/dtc/srcpos.o
  HOSTCC  scripts/dtc/checks.o
  MKDIR     /home/mert/Work/omarchy-mac-external-monitor/artifacts/thunderbolt-kernel/build/tools/bpf/resolve_btfids/libbpf/
  HOSTCC  scripts/dtc/util.o
  UPD     include/generated/utsrelease.h
  LEX     scripts/dtc/dtc-lexer.lex.c
  YACC    scripts/dtc/dtc-parser.tab.[ch]
  HOSTCC  scripts/dtc/libfdt/fdt.o
  HOSTCC  scripts/dtc/libfdt/fdt_ro.o
  HOSTCC  scripts/dtc/libfdt/fdt_wip.o
  MKDIR     /home/mert/Work/omarchy-mac-external-monitor/artifacts/thunderbolt-kernel/build/tools/bpf/resolve_btfids//libsubcmd
  HOSTCC  scripts/dtc/libfdt/fdt_sw.o
  HOSTCC  scripts/dtc/libfdt/fdt_rw.o
  GEN     /home/mert/Work/omarchy-mac-external-monitor/artifacts/thunderbolt-kernel/build/tools/bpf/resolve_btfids/libbpf/bpf_helper_defs.h
  HOSTCC  scripts/dtc/libfdt/fdt_strerror.o
  HOSTCC  scripts/dtc/libfdt/fdt_empty_tree.o
  HOSTCC  scripts/dtc/libfdt/fdt_addresses.o
  INSTALL /home/mert/Work/omarchy-mac-external-monitor/artifacts/thunderbolt-kernel/build/tools/bpf/resolve_btfids/libbpf//include/bpf/bpf.h
  INSTALL /home/mert/Work/omarchy-mac-external-monitor/artifacts/thunderbolt-kernel/build/tools/bpf/resolve_btfids/libbpf//include/bpf/libbpf.h
  WRAP    arch/arm64/include/generated/asm/early_ioremap.h
  WRAP    arch/arm64/include/generated/asm/fprobe.h
  WRAP    arch/arm64/include/generated/asm/mcs_spinlock.h
  INSTALL /home/mert/Work/omarchy-mac-external-monitor/artifacts/thunderbolt-kernel/build/tools/bpf/resolve_btfids/libsubcmd//include/subcmd/exec-cmd.h
  WRAP    arch/arm64/include/generated/asm/mmzone.h
  WRAP    arch/arm64/include/generated/asm/qspinlock.h
  INSTALL /home/mert/Work/omarchy-mac-external-monitor/artifacts/thunderbolt-kernel/build/tools/bpf/resolve_btfids/libsubcmd//include/subcmd/help.h
  WRAP    arch/arm64/include/generated/asm/qrwlock.h
  WRAP    arch/arm64/include/generated/asm/parport.h
  INSTALL /home/mert/Work/omarchy-mac-external-monitor/artifacts/thunderbolt-kernel/build/tools/bpf/resolve_btfids/libbpf//include/bpf/btf.h
  WRAP    arch/arm64/include/generated/asm/user.h
  INSTALL /home/mert/Work/omarchy-mac-external-monitor/artifacts/thunderbolt-kernel/build/tools/bpf/resolve_btfids/libsubcmd//include/subcmd/pager.h
  INSTALL /home/mert/Work/omarchy-mac-external-monitor/artifacts/thunderbolt-kernel/build/tools/bpf/resolve_btfids/libbpf//include/bpf/libbpf_common.h
  INSTALL /home/mert/Work/omarchy-mac-external-monitor/artifacts/thunderbolt-kernel/build/tools/bpf/resolve_btfids/libbpf//include/bpf/libbpf_legacy.h
  WRAP    arch/arm64/include/generated/asm/delay.h
  INSTALL /home/mert/Work/omarchy-mac-external-monitor/artifacts/thunderbolt-kernel/build/tools/bpf/resolve_btfids/libbpf//include/bpf/bpf_helpers.h
  WRAP    arch/arm64/include/generated/asm/device.h
  INSTALL /home/mert/Work/omarchy-mac-external-monitor/artifacts/thunderbolt-kernel/build/tools/bpf/resolve_btfids/libsubcmd//include/subcmd/parse-options.h
  INSTALL /home/mert/Work/omarchy-mac-external-monitor/artifacts/thunderbolt-kernel/build/tools/bpf/resolve_btfids/libsubcmd//include/subcmd/run-command.h
  INSTALL /home/mert/Work/omarchy-mac-external-monitor/artifacts/thunderbolt-kernel/build/tools/bpf/resolve_btfids/libbpf//include/bpf/bpf_tracing.h
  HOSTCC  scripts/dtc/libfdt/fdt_overlay.o
  WRAP    arch/arm64/include/generated/asm/div64.h
  INSTALL /home/mert/Work/omarchy-mac-external-monitor/artifacts/thunderbolt-kernel/build/tools/bpf/resolve_btfids/libbpf//include/bpf/bpf_core_read.h
  INSTALL /home/mert/Work/omarchy-mac-external-monitor/artifacts/thunderbolt-kernel/build/tools/bpf/resolve_btfids/libbpf//include/bpf/bpf_endian.h
  WRAP    arch/arm64/include/generated/asm/dma-mapping.h
  INSTALL /home/mert/Work/omarchy-mac-external-monitor/artifacts/thunderbolt-kernel/build/tools/bpf/resolve_btfids/libbpf//include/bpf/skel_internal.h
  INSTALL libsubcmd_headers
  WRAP    arch/arm64/include/generated/asm/dma.h
  INSTALL /home/mert/Work/omarchy-mac-external-monitor/artifacts/thunderbolt-kernel/build/tools/bpf/resolve_btfids/libbpf//include/bpf/libbpf_version.h
  HOSTCC  scripts/dtc/fdtoverlay.o
  WRAP    arch/arm64/include/generated/asm/emergency-restart.h
  INSTALL /home/mert/Work/omarchy-mac-external-monitor/artifacts/thunderbolt-kernel/build/tools/bpf/resolve_btfids/libbpf//include/bpf/bpf_helper_defs.h
  INSTALL /home/mert/Work/omarchy-mac-external-monitor/artifacts/thunderbolt-kernel/build/tools/bpf/resolve_btfids/libbpf//include/bpf/usdt.bpf.h
  WRAP    arch/arm64/include/generated/asm/hw_irq.h
  HOSTCC  scripts/dtc/dtc-lexer.lex.o
  WRAP    arch/arm64/include/generated/asm/irq_regs.h
  WRAP    arch/arm64/include/generated/asm/kdebug.h
  INSTALL libbpf_headers
  WRAP    arch/arm64/include/generated/asm/kmap_size.h
  WRAP    arch/arm64/include/generated/asm/local.h
  HOSTCC  scripts/dtc/dtc-parser.tab.o
  WRAP    arch/arm64/include/generated/asm/local64.h
  WRAP    arch/arm64/include/generated/asm/mmiowb.h
  WRAP    arch/arm64/include/generated/asm/msi.h
  WRAP    arch/arm64/include/generated/asm/percpu_types.h
  WRAP    arch/arm64/include/generated/asm/serial.h
  WRAP    arch/arm64/include/generated/asm/softirq_stack.h
  WRAP    arch/arm64/include/generated/asm/switch_to.h
  WRAP    arch/arm64/include/generated/asm/trace_clock.h
  WRAP    arch/arm64/include/generated/asm/unwind_user.h
  WRAP    arch/arm64/include/generated/asm/vga.h
  WRAP    arch/arm64/include/generated/asm/video.h
  SYSTBL  arch/arm64/include/generated/asm/syscall_table_32.h
  SYSTBL  arch/arm64/include/generated/asm/syscall_table_64.h
  SYSHDR  arch/arm64/include/generated/asm/unistd_32.h
  SYSHDR  arch/arm64/include/generated/asm/unistd_compat_32.h
  HOSTLD  scripts/dtc/fdtoverlay
  CC      /home/mert/Work/omarchy-mac-external-monitor/artifacts/thunderbolt-kernel/build/tools/bpf/resolve_btfids/libsubcmd/parse-options.o
  CC      /home/mert/Work/omarchy-mac-external-monitor/artifacts/thunderbolt-kernel/build/tools/bpf/resolve_btfids/libsubcmd/exec-cmd.o
  CC      /home/mert/Work/omarchy-mac-external-monitor/artifacts/thunderbolt-kernel/build/tools/bpf/resolve_btfids/libsubcmd/help.o
  CC      /home/mert/Work/omarchy-mac-external-monitor/artifacts/thunderbolt-kernel/build/tools/bpf/resolve_btfids/libsubcmd/pager.o
  CC      /home/mert/Work/omarchy-mac-external-monitor/artifacts/thunderbolt-kernel/build/tools/bpf/resolve_btfids/libsubcmd/run-command.o
  CC      /home/mert/Work/omarchy-mac-external-monitor/artifacts/thunderbolt-kernel/build/tools/bpf/resolve_btfids/libbpf/staticobjs/libbpf.o
  CC      /home/mert/Work/omarchy-mac-external-monitor/artifacts/thunderbolt-kernel/build/tools/bpf/resolve_btfids/libbpf/staticobjs/bpf.o
  HOSTLD  scripts/dtc/dtc
  CC      /home/mert/Work/omarchy-mac-external-monitor/artifacts/thunderbolt-kernel/build/tools/bpf/resolve_btfids/libbpf/staticobjs/nlattr.o
  CC      /home/mert/Work/omarchy-mac-external-monitor/artifacts/thunderbolt-kernel/build/tools/bpf/resolve_btfids/libsubcmd/sigchain.o
  CC      /home/mert/Work/omarchy-mac-external-monitor/artifacts/thunderbolt-kernel/build/tools/bpf/resolve_btfids/libsubcmd/subcmd-config.o
  CC      /home/mert/Work/omarchy-mac-external-monitor/artifacts/thunderbolt-kernel/build/tools/bpf/resolve_btfids/libbpf/staticobjs/btf.o
  HOSTCC  scripts/kallsyms
  HOSTCC  scripts/sorttable.o
  CC      /home/mert/Work/omarchy-mac-external-monitor/artifacts/thunderbolt-kernel/build/tools/bpf/resolve_btfids/libbpf/staticobjs/libbpf_utils.o
  CC      /home/mert/Work/omarchy-mac-external-monitor/artifacts/thunderbolt-kernel/build/tools/bpf/resolve_btfids/libbpf/staticobjs/netlink.o
  DTC     arch/arm64/boot/dts/apple/t8132-j604.dtb
  LD      /home/mert/Work/omarchy-mac-external-monitor/artifacts/thunderbolt-kernel/build/tools/bpf/resolve_btfids/libsubcmd/libsubcmd-in.o
  DTC     arch/arm64/boot/dts/apple/t8132-j623.dtb
  AR      /home/mert/Work/omarchy-mac-external-monitor/artifacts/thunderbolt-kernel/build/tools/bpf/resolve_btfids/libsubcmd/libsubcmd.a
  HOSTCC  scripts/elf-parse.o
  HOSTCC  scripts/asn1_compiler
  DTC     arch/arm64/boot/dts/apple/t8132-j624.dtb
  DTC     arch/arm64/boot/dts/apple/t8132-j713.dtb
  CC      /home/mert/Work/omarchy-mac-external-monitor/artifacts/thunderbolt-kernel/build/tools/bpf/resolve_btfids/libbpf/staticobjs/bpf_prog_linfo.o
  DTC     arch/arm64/boot/dts/apple/t8132-j715.dtb
  DTC     arch/arm64/boot/dts/apple/t8132-j773g.dtb
  DTC     arch/arm64/boot/dts/apple/s5l8960x-j71.dtb
  DTC     arch/arm64/boot/dts/apple/s5l8960x-j73.dtb
  DTC     arch/arm64/boot/dts/apple/s5l8960x-j85m.dtb
  HOSTCC  scripts/tracepoint-update.o
  CC      /home/mert/Work/omarchy-mac-external-monitor/artifacts/thunderbolt-kernel/build/tools/bpf/resolve_btfids/libbpf/staticobjs/libbpf_probes.o
  DTC     arch/arm64/boot/dts/apple/s5l8960x-j86m.dtb
  CC      /home/mert/Work/omarchy-mac-external-monitor/artifacts/thunderbolt-kernel/build/tools/bpf/resolve_btfids/libbpf/staticobjs/hashmap.o
  DTC     arch/arm64/boot/dts/apple/s5l8960x-j87m.dtb
  DTC     arch/arm64/boot/dts/apple/s5l8960x-n53.dtb
  DTC     arch/arm64/boot/dts/apple/s5l8960x-j72.dtb
  DTC     arch/arm64/boot/dts/apple/s5l8960x-j85.dtb
  DTC     arch/arm64/boot/dts/apple/s5l8960x-j86.dtb
  CC      /home/mert/Work/omarchy-mac-external-monitor/artifacts/thunderbolt-kernel/build/tools/bpf/resolve_btfids/libbpf/staticobjs/btf_dump.o
  DTC     arch/arm64/boot/dts/apple/s5l8960x-j87.dtb
  HOSTLD  scripts/sorttable
  DTC     arch/arm64/boot/dts/apple/s5l8960x-n51.dtb
  CC      /home/mert/Work/omarchy-mac-external-monitor/artifacts/thunderbolt-kernel/build/tools/bpf/resolve_btfids/libbpf/staticobjs/ringbuf.o
  CC      /home/mert/Work/omarchy-mac-external-monitor/artifacts/thunderbolt-kernel/build/tools/bpf/resolve_btfids/libbpf/staticobjs/strset.o
  HOSTLD  scripts/tracepoint-update
  DTC     arch/arm64/boot/dts/apple/t7000-j42d.dtb
  CC      /home/mert/Work/omarchy-mac-external-monitor/artifacts/thunderbolt-kernel/build/tools/bpf/resolve_btfids/libbpf/staticobjs/linker.o
  GEN     arch/arm64/include/generated/asm/cpucap-defs.h
  GEN     arch/arm64/include/generated/asm/kernel-hwcap.h
  DTC     arch/arm64/boot/dts/apple/t7000-j96.dtb
  DTC     arch/arm64/boot/dts/apple/t7000-j97.dtb
  GEN     arch/arm64/include/generated/asm/sysreg-defs.h
  DTC     arch/arm64/boot/dts/apple/t7000-n102.dtb
  DTC     arch/arm64/boot/dts/apple/t7000-n56.dtb
  CC      /home/mert/Work/omarchy-mac-external-monitor/artifacts/thunderbolt-kernel/build/tools/bpf/resolve_btfids/libbpf/staticobjs/gen_loader.o
  DTC     arch/arm64/boot/dts/apple/t7000-n61.dtb
  CC      /home/mert/Work/omarchy-mac-external-monitor/artifacts/thunderbolt-kernel/build/tools/bpf/resolve_btfids/libbpf/staticobjs/relo_core.o
  CC      scripts/mod/empty.o
  DTC     arch/arm64/boot/dts/apple/t7001-j81.dtb
  HOSTCC  scripts/mod/mk_elfconfig
  DTC     arch/arm64/boot/dts/apple/t7001-j82.dtb
  DTC     arch/arm64/boot/dts/apple/s8000-j71s.dtb
  DTC     arch/arm64/boot/dts/apple/s8000-j72s.dtb
  CC      scripts/mod/devicetable-offsets.s
  DTC     arch/arm64/boot/dts/apple/s8000-n66.dtb
  MKELF   scripts/mod/elfconfig.h
  DTC     arch/arm64/boot/dts/apple/s8000-n69u.dtb
  UPD     scripts/mod/devicetable-offsets.h
  HOSTCC  scripts/mod/sumversion.o
  DTC     arch/arm64/boot/dts/apple/s8000-n71.dtb
  DTC     arch/arm64/boot/dts/apple/s8003-j71t.dtb
  DTC     arch/arm64/boot/dts/apple/s8003-j72t.dtb
  CC      /home/mert/Work/omarchy-mac-external-monitor/artifacts/thunderbolt-kernel/build/tools/bpf/resolve_btfids/libbpf/staticobjs/usdt.o
  DTC     arch/arm64/boot/dts/apple/s8003-n66m.dtb
  DTC     arch/arm64/boot/dts/apple/s8003-n69.dtb
  DTC     arch/arm64/boot/dts/apple/s8003-n71m.dtb
  DTC     arch/arm64/boot/dts/apple/s8001-j127.dtb
  HOSTCC  scripts/mod/symsearch.o
  DTC     arch/arm64/boot/dts/apple/s8001-j128.dtb
  DTC     arch/arm64/boot/dts/apple/s8001-j98a.dtb
  HOSTCC  scripts/mod/modpost.o
  DTC     arch/arm64/boot/dts/apple/s8001-j99a.dtb
  CC      /home/mert/Work/omarchy-mac-external-monitor/artifacts/thunderbolt-kernel/build/tools/bpf/resolve_btfids/libbpf/staticobjs/zip.o
  DTC     arch/arm64/boot/dts/apple/t8010-d101.dtb
  DTC     arch/arm64/boot/dts/apple/t8010-d10.dtb
  DTC     arch/arm64/boot/dts/apple/t8010-d111.dtb
  CC      /home/mert/Work/omarchy-mac-external-monitor/artifacts/thunderbolt-kernel/build/tools/bpf/resolve_btfids/libbpf/staticobjs/elf.o
  CC      /home/mert/Work/omarchy-mac-external-monitor/artifacts/thunderbolt-kernel/build/tools/bpf/resolve_btfids/libbpf/staticobjs/features.o
  DTC     arch/arm64/boot/dts/apple/t8010-d11.dtb
  HOSTCC  scripts/mod/file2alias.o
  DTC     arch/arm64/boot/dts/apple/t8010-j171.dtb
  CC      /home/mert/Work/omarchy-mac-external-monitor/artifacts/thunderbolt-kernel/build/tools/bpf/resolve_btfids/libbpf/staticobjs/btf_iter.o
  DTC     arch/arm64/boot/dts/apple/t8010-j172.dtb
  DTC     arch/arm64/boot/dts/apple/t8010-j71b.dtb
  DTC     arch/arm64/boot/dts/apple/t8010-j72b.dtb
  DTC     arch/arm64/boot/dts/apple/t8010-n112.dtb
  CC      /home/mert/Work/omarchy-mac-external-monitor/artifacts/thunderbolt-kernel/build/tools/bpf/resolve_btfids/libbpf/staticobjs/btf_relocate.o
  DTC     arch/arm64/boot/dts/apple/t8011-j105a.dtb
  DTC     arch/arm64/boot/dts/apple/t8011-j120.dtb
  DTC     arch/arm64/boot/dts/apple/t8011-j121.dtb
  DTC     arch/arm64/boot/dts/apple/t8011-j207.dtb
  DTC     arch/arm64/boot/dts/apple/t8011-j208.dtb
  DTC     arch/arm64/boot/dts/apple/t8012-j132.dtb
  DTC     arch/arm64/boot/dts/apple/t8012-j137.dtb
  DTC     arch/arm64/boot/dts/apple/t8012-j140a.dtb
  DTC     arch/arm64/boot/dts/apple/t8012-j140k.dtb
  DTC     arch/arm64/boot/dts/apple/t8012-j152f.dtb
  DTC     arch/arm64/boot/dts/apple/t8012-j160.dtb
  DTC     arch/arm64/boot/dts/apple/t8012-j174.dtb
  DTC     arch/arm64/boot/dts/apple/t8012-j185.dtb
  DTC     arch/arm64/boot/dts/apple/t8012-j185f.dtb
  DTC     arch/arm64/boot/dts/apple/t8012-j213.dtb
  DTC     arch/arm64/boot/dts/apple/t8012-j215.dtb
  DTC     arch/arm64/boot/dts/apple/t8012-j223.dtb
  DTC     arch/arm64/boot/dts/apple/t8012-j230k.dtb
  DTC     arch/arm64/boot/dts/apple/t8012-j214k.dtb
  DTC     arch/arm64/boot/dts/apple/t8012-j680.dtb
  DTC     arch/arm64/boot/dts/apple/t8015-d201.dtb
  DTC     arch/arm64/boot/dts/apple/t8012-j780.dtb
  DTC     arch/arm64/boot/dts/apple/t8015-d20.dtb
  DTC     arch/arm64/boot/dts/apple/t8015-d211.dtb
  DTC     arch/arm64/boot/dts/apple/t8015-d21.dtb
  DTC     arch/arm64/boot/dts/apple/t8015-d221.dtb
  DTC     arch/arm64/boot/dts/apple/t8103-j274.dtb
  DTC     arch/arm64/boot/dts/apple/t8015-d22.dtb
  DTC     arch/arm64/boot/dts/apple/t8103-j313.dtb
  DTC     arch/arm64/boot/dts/apple/t8103-j293.dtb
  DTC     arch/arm64/boot/dts/apple/t8103-j456.dtb
  DTC     arch/arm64/boot/dts/apple/t8103-j457.dtb
  DTC     arch/arm64/boot/dts/apple/t6000-j314s.dtb
  DTC     arch/arm64/boot/dts/apple/t6001-j314c.dtb
  DTC     arch/arm64/boot/dts/apple/t6000-j316s.dtb
  DTC     arch/arm64/boot/dts/apple/t6001-j316c.dtb
  DTC     arch/arm64/boot/dts/apple/t6001-j375c.dtb
  DTC     arch/arm64/boot/dts/apple/t6022-j180d.dtb
  DTC     arch/arm64/boot/dts/apple/t6002-j375d.dtb
  DTC     arch/arm64/boot/dts/apple/t6020-j414s.dtb
  DTC     arch/arm64/boot/dts/apple/t6021-j414c.dtb
  DTC     arch/arm64/boot/dts/apple/t6020-j416s.dtb
  DTC     arch/arm64/boot/dts/apple/t6021-j416c.dtb
  HOSTLD  scripts/mod/modpost
  DTC     arch/arm64/boot/dts/apple/t6020-j474s.dtb
  DTC     arch/arm64/boot/dts/apple/t6021-j475c.dtb
  DTC     arch/arm64/boot/dts/apple/t6022-j475d.dtb
  UPD     include/generated/timeconst.h
  CC      kernel/bounds.s
  DTC     arch/arm64/boot/dts/apple/t6030-j514s.dtb
  CHKSHA1 /home/mert/Work/omarchy-mac-external-monitor/sources/linux-thunderbolt/include/linux/atomic/atomic-arch-fallback.h
  DTC     arch/arm64/boot/dts/apple/t6030-j516s.dtb
  CHKSHA1 /home/mert/Work/omarchy-mac-external-monitor/sources/linux-thunderbolt/include/linux/atomic/atomic-instrumented.h
  DTC     arch/arm64/boot/dts/apple/t6031-j514c.dtb
  CHKSHA1 /home/mert/Work/omarchy-mac-external-monitor/sources/linux-thunderbolt/include/linux/atomic/atomic-long.h
  DTC     arch/arm64/boot/dts/apple/t6031-j516c.dtb
  UPD     include/generated/bounds.h
  CC      arch/arm64/kernel/asm-offsets.s
  DTC     arch/arm64/boot/dts/apple/t6032-j575d.dtb
  DTC     arch/arm64/boot/dts/apple/t6034-j514m.dtb
  DTC     arch/arm64/boot/dts/apple/t6034-j516m.dtb
  DTC     arch/arm64/boot/dts/apple/t8112-j413.dtb
  DTC     arch/arm64/boot/dts/apple/t8112-j415.dtb
  DTC     arch/arm64/boot/dts/apple/t8112-j473.dtb
  DTC     arch/arm64/boot/dts/apple/t8112-j493.dtb
  DTC     arch/arm64/boot/dts/apple/t8122-j433.dtb
  DTC     arch/arm64/boot/dts/apple/t8122-j434.dtb
  DTC     arch/arm64/boot/dts/apple/t8122-j504.dtb
  DTC     arch/arm64/boot/dts/apple/t8122-j613.dtb
  DTC     arch/arm64/boot/dts/apple/t8122-j615.dtb
  UPD     include/generated/asm-offsets.h
  CC      kernel/sched/rq-offsets.s
  UPD     include/generated/rq-offsets.h
  CALL    /home/mert/Work/omarchy-mac-external-monitor/sources/linux-thunderbolt/scripts/checksyscalls.sh 
  CC      arch/arm64/kernel/vdso/vgettimeofday.o
  LDS     arch/arm64/kernel/vdso/vdso.lds
  AS      arch/arm64/kernel/vdso/note.o
  AS      arch/arm64/kernel/vdso/sigreturn.o
  AS      arch/arm64/kernel/vdso/vgetrandom-chacha.o
  CC      arch/arm64/kernel/vdso/vgetrandom.o
  LD      arch/arm64/kernel/vdso/vdso.so.dbg
  OBJCOPY arch/arm64/kernel/vdso/vdso.so
  VDSOSYM include/generated/vdso-offsets.h
  LD      /home/mert/Work/omarchy-mac-external-monitor/artifacts/thunderbolt-kernel/build/tools/bpf/resolve_btfids/libbpf/staticobjs/libbpf-in.o
  LINK    /home/mert/Work/omarchy-mac-external-monitor/artifacts/thunderbolt-kernel/build/tools/bpf/resolve_btfids/libbpf/libbpf.a
  HOSTCC  /home/mert/Work/omarchy-mac-external-monitor/artifacts/thunderbolt-kernel/build/tools/bpf/resolve_btfids/rbtree.o
  HOSTCC  /home/mert/Work/omarchy-mac-external-monitor/artifacts/thunderbolt-kernel/build/tools/bpf/resolve_btfids/string.o
  HOSTCC  /home/mert/Work/omarchy-mac-external-monitor/artifacts/thunderbolt-kernel/build/tools/bpf/resolve_btfids/str_error_r.o
  HOSTCC  /home/mert/Work/omarchy-mac-external-monitor/artifacts/thunderbolt-kernel/build/tools/bpf/resolve_btfids/main.o
  HOSTCC  /home/mert/Work/omarchy-mac-external-monitor/artifacts/thunderbolt-kernel/build/tools/bpf/resolve_btfids/zalloc.o
  HOSTCC  /home/mert/Work/omarchy-mac-external-monitor/artifacts/thunderbolt-kernel/build/tools/bpf/resolve_btfids/ctype.o
  HOSTLD  /home/mert/Work/omarchy-mac-external-monitor/artifacts/thunderbolt-kernel/build/tools/bpf/resolve_btfids/resolve_btfids-in.o
  LINK     resolve_btfids
***
*** Source code for the 'core' standard library could not be found
*** at '/home/mert/Work/omarchy-mac-external-monitor/artifacts/thunderbolt-toolchain/root/usr/lib/rustlib/src/rust/library/core/src/lib.rs'.
***
***
*** Please see Documentation/rust/quick-start.rst for details
*** on how to set up the Rust support.
***
make[2]: *** [/home/mert/Work/omarchy-mac-external-monitor/sources/linux-thunderbolt/Makefile:1413: prepare] Error 1
make[1]: *** [/home/mert/Work/omarchy-mac-external-monitor/sources/linux-thunderbolt/Makefile:248: __sub-make] Error 2
make[1]: Leaving directory '/home/mert/Work/omarchy-mac-external-monitor/artifacts/thunderbolt-kernel/build'
make: *** [Makefile:248: __sub-make] Error 2
make: Leaving directory '/home/mert/Work/omarchy-mac-external-monitor/sources/linux-thunderbolt'
make: Entering directory '/home/mert/Work/omarchy-mac-external-monitor/sources/linux-thunderbolt'
make[1]: Entering directory '/home/mert/Work/omarchy-mac-external-monitor/artifacts/thunderbolt-kernel/build'
  DESCEND bpf/resolve_btfids
  INSTALL libsubcmd_headers
  RUSTC L rust/core.o
  CC      rust/helpers/helpers.o
  BINDGEN rust/bindings/bindings_generated.rs
  RUSTC PL rust/libproc_macro2.rlib
  BINDGEN rust/bindings/bindings_helpers_generated.rs
  RSCPP     rust/kernel/generated_arch_static_branch_asm.rs
  BINDGEN rust/uapi/uapi_generated.rs
  RSCPP     rust/kernel/generated_arch_warn_asm.rs
  RSCPP     rust/kernel/generated_arch_reachable_asm.rs
  EXPORTS rust/exports_helpers_generated.h
  RUSTC PL rust/libquote.rlib
  RUSTC PL rust/libsyn.rlib
  RUSTC P rust/libmacros.so
  RUSTC P rust/libpin_init_internal.so
  RUSTC P rust/libzerocopy_derive.so
  EXPORTS rust/exports_core_generated.h
  RUSTC L rust/compiler_builtins.o
  RUSTC L rust/ffi.o
  RUSTC L rust/build_error.o
  RUSTC L rust/pin_init.o
  RUSTC L rust/zerocopy.o
  RUSTC L rust/uapi.o
  RUSTC L rust/bindings.o
  EXPORTS rust/exports_bindings_generated.h
  RUSTC L rust/kernel.o
warning: unused import: `alloc::flags::*`
 --> /home/mert/Work/omarchy-mac-external-monitor/sources/linux-thunderbolt/rust/kernel/soc/apple/rtkit.rs:8:5
  |
8 |     alloc::flags::*,
  |     ^^^^^^^^^^^^^^^
  |
  = note: `#[warn(unused_imports)]` (part of `#[warn(unused)]`) on by default

warning: 1 warning emitted

  EXPORTS rust/exports_kernel_generated.h
  LDS     scripts/module.lds
  CC      init/main.o
  CC      certs/system_keyring.o
  CC      fs/open.o
  HOSTCC  usr/gen_init_cpio
  CC      mm/filemap.o
  CC      arch/arm64/kernel/debug-monitors.o
  CC      mm/mempool.o
  CC      kernel/fork.o
  HOSTCC  certs/extract-cert
  GEN     usr/initramfs_data.cpio
  AS      arch/arm64/kernel/entry.o
  COPY    usr/initramfs_inc_data
  AS      usr/initramfs_data.o
  CC      ipc/util.o
  AR      usr/built-in.a
  CC      arch/arm64/kernel/irq.o
  CC      kernel/exec_domain.o
  CERT    certs/x509_certificate_list
  CERT    certs/signing_key.x509
  AS      certs/system_certificates.o
  AR      certs/built-in.a
  UPD     init/utsversion-tmp.h
  CC      init/do_mounts.o
  CC      arch/arm64/kernel/fpsimd.o
  CC      ipc/msgutil.o
  CC      ipc/msg.o
  CC      mm/oom_kill.o
  CC      kernel/exec_state.o
  CC      arch/arm64/kernel/entry-common.o
  CC      fs/read_write.o
  CC      arch/arm64/mm/dma-mapping.o
  CC      kernel/panic.o
  CC      mm/fadvise.o
  CC      ipc/sem.o
  CC      init/do_mounts_initrd.o
  CC      arch/arm64/kernel/process.o
  CC      init/initramfs.o
  CC      fs/file_table.o
  CC      fs/super.o
  CC      arch/arm64/mm/extable.o
  CC      arch/arm64/kernel/ptrace.o
  CC      fs/char_dev.o
  CC      mm/maccess.o
  CC      arch/arm64/mm/fault.o
  CC      kernel/cpu.o
  CC      ipc/shm.o
  CC      init/calibrate.o
  CC      fs/stat.o
  CC      init/init_task.o
  CC      arch/arm64/mm/init.o
  CC      arch/arm64/kernel/setup.o
  CC      fs/exec.o
  CC      mm/page-writeback.o
  CC      init/version.o
  CC      arch/arm64/kernel/signal.o
  CC      ipc/syscall.o
  AR      init/built-in.a
  CC      fs/pipe.o
  CC      kernel/exit.o
  AS      arch/arm64/mm/cache.o
  CC      arch/arm64/net/bpf_jit_comp.o
  CC      arch/arm64/mm/copypage.o
  CC      ipc/ipc_sysctl.o
  CC      arch/arm64/kernel/sys.o
  CC      security/keys/gc.o
  CC      mm/folio-compat.o
  CC      kernel/softirq.o
  CC      ipc/mqueue.o
  CC      fs/namei.o
  CC      security/keys/key.o
  CC      arch/arm64/mm/flush.o
  CC      arch/arm64/kernel/stacktrace.o
  CC      security/keys/keyring.o
  CC      mm/readahead.o
  CC      kernel/resource.o
  CC      ipc/namespace.o
  CC      arch/arm64/mm/ioremap.o
  AS      arch/arm64/net/bpf_timed_may_goto.o
  AR      arch/arm64/net/built-in.a
  CC      arch/arm64/kvm/hyp-constants.s
  CC      ipc/mq_sysctl.o
  AR      ipc/built-in.a
  CC      mm/swap.o
  CC      kernel/sysctl.o
  CC      arch/arm64/mm/mmap.o
  CC      crypto/api.o
  CC      arch/arm64/kvm/hyp/vhe/timer-sr.o
  CC      security/keys/keyctl.o
  CC      arch/arm64/kernel/time.o
  CC      arch/arm64/kvm/hyp/vhe/sysreg-sr.o
  CC      arch/arm64/mm/pgd.o
  CC      kernel/capability.o
  CC      mm/truncate.o
  CC      arch/arm64/kernel/traps.o
  CC      arch/arm64/mm/mem_encrypt.o
  CC      fs/fcntl.o
  CC      crypto/cipher.o
  CC      kernel/ptrace.o
  CC      security/keys/permission.o
  CC      arch/arm64/mm/mmu.o
  CC      arch/arm64/kvm/hyp/vhe/debug-sr.o
  CC      arch/arm64/kernel/io.o
  CC      security/keys/process_keys.o
  CC      crypto/algapi.o
  CC      kernel/user.o
  CC      arch/arm64/kvm/hyp/vhe/switch.o
  CC      arch/arm64/kernel/vdso.o
  CC      security/keys/request_key.o
  CC      kernel/signal.o
  CC      mm/vmscan.o
  CC      arch/arm64/mm/context.o
  AS      arch/arm64/kernel/hyp-stub.o
  CC      arch/arm64/kernel/psci.o
  CC      fs/ioctl.o
  CC      security/keys/request_key_auth.o
  CC      arch/arm64/kernel/cpu_ops.o
  AS      arch/arm64/mm/proc.o
  CC      arch/arm64/mm/pageattr.o
  CC      security/keys/user_defined.o
  CC      arch/arm64/kernel/return_address.o
  CC      arch/arm64/kvm/hyp/vhe/tlb.o
  CC      security/keys/proc.o
  CC      arch/arm64/kernel/cpuinfo.o
  CC      crypto/scatterwalk.o
  CC      security/keys/sysctl.o
  CC      arch/arm64/kernel/cpu_errata.o
  CC      arch/arm64/kvm/hyp/vhe/../vgic-v3-sr.o
  CC      fs/readdir.o
  CC      security/keys/persistent.o
  CC      arch/arm64/mm/fixmap.o
  CC      crypto/proc.o
  CC      arch/arm64/kernel/cpufeature.o
  CC      security/keys/dh.o
  CC      security/keys/keyctl_pkey.o
  CC      crypto/aead.o
  CC      arch/arm64/mm/hugetlbpage.o
  CC      kernel/sys.o
  CC      mm/shrinker.o
  CC      fs/select.o
  CC      arch/arm64/kernel/alternative.o
  CC      security/keys/encrypted-keys/encrypted.o
  CC      arch/arm64/kvm/hyp/vhe/../aarch32.o
  CC      crypto/geniv.o
  CC      arch/arm64/kernel/cacheinfo.o
  CC      arch/arm64/kvm/hyp/vhe/../vgic-v2-cpuif-proxy.o
  CC      security/keys/encrypted-keys/ecryptfs_format.o
  CC      fs/dcache.o
  AR      security/keys/encrypted-keys/built-in.a
  AR      security/keys/built-in.a
  CC      crypto/lskcipher.o
  CC      security/commoncap.o
  CC      arch/arm64/kernel/smp.o
  CC      mm/shmem.o
  CC      arch/arm64/mm/ptdump.o
  AS      arch/arm64/kvm/hyp/vhe/../entry.o
  AS      arch/arm64/kvm/hyp/vhe/../hyp-entry.o
  CC      arch/arm64/kvm/hyp/vhe/../exception.o
  CC      crypto/skcipher.o
  CC      kernel/umh.o
  CC      arch/arm64/kernel/smp_spin_table.o
  CC      arch/arm64/mm/trans_pgd.o
  CC      crypto/bpf_crypto_skcipher.o
  CC      kernel/workqueue.o
  CC      security/lsm_syscalls.o
  CC      arch/arm64/kernel/topology.o
  CC      fs/inode.o
  CC      crypto/seqiv.o
  CC      security/min_addr.o
  AS      arch/arm64/kernel/smccc-call.o
  CC      arch/arm64/kernel/syscall.o
  CC      crypto/ahash.o
  CC      security/security.o
  CC      arch/arm64/kvm/hyp/vhe/../vgic-v5-sr.o
  AS      arch/arm64/mm/trans_pgd-asm.o
  CC      arch/arm64/mm/mteswap.o
  CC      fs/attr.o
  CC      mm/util.o
  CC      arch/arm64/kernel/proton-pack.o
  CC      crypto/shash.o
  AR      arch/arm64/kvm/hyp/vhe/built-in.a
  LDS     arch/arm64/kvm/hyp/nvhe/hyp.lds
  CC      arch/arm64/kvm/hyp/nvhe/timer-sr.nvhe.o
  CC      arch/arm64/mm/gcs.o
  CC      mm/mmzone.o
  CC      arch/arm64/kernel/idle.o
  CC      fs/bad_inode.o
  CC      kernel/pid.o
  CC      mm/vmstat.o
  CC      arch/arm64/kernel/patching.o
  CC      arch/arm64/kvm/hyp/nvhe/sysreg-sr.nvhe.o
  AR      arch/arm64/mm/built-in.a
  UPD     arch/arm64/kvm/hyp_constants.h
  CC      arch/arm64/kvm/../../../virt/kvm/kvm_main.o
  CC      fs/file.o
  CC      arch/arm64/kernel/pi/idreg-override.o
  CC      crypto/akcipher.o
  CC      kernel/task_work.o
  HOSTCC  arch/arm64/kernel/pi/relacheck
  CC      security/lsm_notifier.o
  CC      arch/arm64/kernel/pi/map_kernel.o
  CC      mm/backing-dev.o
  CC      kernel/extable.o
  CC      arch/arm64/kernel/pi/map_range.o
  CC      crypto/sig.o
  CC      fs/filesystems.o
  CC      arch/arm64/kvm/hyp/nvhe/debug-sr.nvhe.o
  CC      security/lsm_init.o
  CC      crypto/kpp.o
  CC      mm/mm_init.o
  CC      arch/arm64/kernel/pi/lib-fdt.o
  CC      fs/namespace.o
  CC      kernel/params.o
  CC      arch/arm64/kernel/pi/lib-fdt_ro.o
  CC      arch/arm64/kernel/pi/relocate.o
  CC      mm/percpu.o
  CC      kernel/kthread.o
  CC      crypto/dh.o
  OBJCOPY arch/arm64/kernel/pi/idreg-override.pi.o
  OBJCOPY arch/arm64/kernel/pi/map_kernel.pi.o
  OBJCOPY arch/arm64/kernel/pi/map_range.pi.o
  OBJCOPY arch/arm64/kernel/pi/lib-fdt.pi.o
  CC      security/inode.o
  OBJCOPY arch/arm64/kernel/pi/lib-fdt_ro.pi.o
  OBJCOPY arch/arm64/kernel/pi/relocate.pi.o
  AR      arch/arm64/kernel/pi/built-in.a
  CC      arch/arm64/kernel/cpufeature_impdef.o
  CC      crypto/dh_helper.o
  CC      arch/arm64/kvm/hyp/nvhe/switch.nvhe.o
  CC      arch/arm64/kernel/rsi.o
  CC      block/bdev.o
  CC      security/lsm_audit.o
  ASN.1   crypto/rsapubkey.asn1.[ch]
  ASN.1   crypto/rsaprivkey.asn1.[ch]
  CC      crypto/rsa.o
  CC      arch/arm64/kvm/hyp/nvhe/tlb.nvhe.o
  CC      security/apparmor/apparmorfs.o
  CC      arch/arm64/kernel/jump_label.o
  CC      mm/slab_common.o
  CC      arch/arm64/kernel/module.o
  CC      fs/seq_file.o
  CC      crypto/rsa_helper.o
  CC      block/fops.o
  AS      arch/arm64/kvm/hyp/nvhe/hyp-init.nvhe.o
  AS      arch/arm64/kvm/hyp/nvhe/host.nvhe.o
  CC      arch/arm64/kvm/hyp/nvhe/hyp-main.nvhe.o
  CC      kernel/sys_ni.o
  CC      fs/xattr.o
  CC      crypto/rsa-pkcs1pad.o
  CC      block/bio.o
  CC      kernel/nsproxy.o
  CC      arch/arm64/kernel/module-plts.o
  CC      mm/compaction.o
  CC      security/apparmor/audit.o
  CC      kernel/nstree.o
  CC      arch/arm64/kernel/perf_regs.o
  CC      crypto/rsassa-pkcs1.o
  CC      fs/libfs.o
  GEN     security/apparmor/capability_names.h
  CC      security/apparmor/task.o
  CC      block/elevator.o
  CC      arch/arm64/kvm/hyp/nvhe/hyp-smp.nvhe.o
  CC      arch/arm64/kernel/perf_callchain.o
  CC      crypto/acompress.o
  CC      fs/fs-writeback.o
  CC      block/blk-core.o
  CC      security/apparmor/ipc.o
  CC      kernel/nscommon.o
  CC      crypto/scompress.o
  CC      mm/show_mem.o
  CC      kernel/notifier.o
  CC      arch/arm64/kernel/hw_breakpoint.o
  CC      arch/arm64/kvm/hyp/nvhe/psci-relay.nvhe.o
  CC      mm/interval_tree.o
  CC      kernel/ksysfs.o
  CC      arch/arm64/kvm/hyp/nvhe/early_alloc.nvhe.o
  CC      kernel/cred.o
  CC      block/blk-sysfs.o
  CC      security/apparmor/lib.o
  CC      crypto/algboss.o
  CC      arch/arm64/kvm/hyp/nvhe/page_alloc.nvhe.o
  CC      kernel/reboot.o
  AS      arch/arm64/kernel/sleep.o
  CC      block/blk-flush.o
  CC      fs/pnode.o
  CC      arch/arm64/kernel/suspend.o
  CC      mm/list_lru.o
  CC      crypto/testmgr.o
  AS      arch/arm64/kvm/hyp/nvhe/cache.nvhe.o
  CC      arch/arm64/kvm/hyp/nvhe/setup.nvhe.o
  CC      crypto/hmac.o
  CC      block/blk-settings.o
  CC      security/apparmor/match.o
  CC      arch/arm64/kernel/efi.o
  CC      fs/splice.o
  CC      kernel/async.o
  CC      mm/workingset.o
  AS      arch/arm64/kernel/efi-rt-wrapper.o
  CC      arch/arm64/kernel/pci.o
  CC      kernel/range.o
  CC      crypto/crypto_null.o
  CC      kernel/smpboot.o
  CC      mm/debug.o
  CC      arch/arm64/kernel/paravirt.o
  CC      crypto/md5.o
  CC      fs/sync.o
  CC      arch/arm64/kernel/elfcore.o
  CC      block/blk-ioc.o
  CC      mm/gup.o
  CC      crypto/sha1.o
  CC      security/apparmor/path.o
  CC      arch/arm64/kvm/hyp/nvhe/mm.nvhe.o
  CC      kernel/ucount.o
  CC      arch/arm64/kernel/machine_kexec.o
  CC      fs/utimes.o
  CC      crypto/sha256.o
  AS      arch/arm64/kernel/relocate_kernel.o
  AS      arch/arm64/kernel/cpu-reset.o
  CC      arch/arm64/kernel/machine_kexec_file.o
  CC      security/apparmor/domain.o
  CC      fs/d_path.o
  CC      crypto/sha512.o
  CC      kernel/regset.o
  CC      arch/arm64/kernel/kexec_image.o
  CC      crypto/sha3.o
  CC      block/blk-map.o
  CC      fs/stack.o
  CC      kernel/ksyms_common.o
  CC      arch/arm64/kernel/vmcore_info.o
  CC      crypto/blake2b.o
  CC      arch/arm64/kvm/hyp/nvhe/mem_protect.nvhe.o
  CC      arch/arm64/kernel/pointer_auth.o
  CC      kernel/groups.o
  CC      fs/fs_struct.o
  CC      block/blk-merge.o
  CC      arch/arm64/kernel/mte.o
  CC      security/apparmor/policy.o
  CC      fs/statfs.o
  CC      kernel/vhost_task.o
  CC      crypto/ecb.o
  AS      arch/arm64/kernel/vdso-wrap.o
  CC      kernel/sched/core.o
  CC      arch/arm64/kernel/probes/kprobes.o
  CC      crypto/cbc.o
  CC      fs/fs_pin.o
  CC      arch/arm64/kernel/probes/decode-insn.o
  CC      block/blk-timeout.o
  CC      crypto/cts.o
  CC      fs/nsfs.o
  CC      mm/mmap_lock.o
  CC      block/blk-lib.o
  CC      arch/arm64/kvm/hyp/nvhe/sys_regs.nvhe.o
  CC      block/blk-mq.o
  AS      arch/arm64/kernel/probes/kprobes_trampoline.o
  CC      security/apparmor/policy_unpack.o
  CC      arch/arm64/kernel/probes/simulate-insn.o
  CC      crypto/xts.o
  CC      arch/arm64/kvm/hyp/nvhe/pkvm.nvhe.o
  CC      fs/fs_dirent.o
  CC      crypto/ctr.o
  CC      fs/fs_context.o
  CC      crypto/gcm.o
  CC      arch/arm64/kernel/probes/uprobes.o
  CC      arch/arm64/kvm/hyp/nvhe/stacktrace.nvhe.o
  CC      mm/vma_init.o
  CC      arch/arm64/kvm/hyp/nvhe/ffa.nvhe.o
  CC      crypto/cryptd.o
  AR      arch/arm64/kernel/probes/built-in.a
  AS      arch/arm64/kernel/head.o
  LDS     arch/arm64/kernel/vmlinux.lds
  AR      arch/arm64/kernel/built-in.a
  CC      crypto/aes.o
  CC      fs/fs_parser.o
  CC      fs/fsopen.o
  CC      arch/arm64/kvm/hyp/nvhe/../vgic-v3-sr.nvhe.o
  CC      mm/highmem.o
  CC      block/blk-mq-tag.o
  CC      security/apparmor/procattr.o
  CC      arch/arm64/kvm/hyp/pgtable.o
  CC      fs/init.o
  CC      crypto/sm4.o
  CC      block/blk-mq-dma.o
  CC      arch/arm64/kvm/hyp/nvhe/../aarch32.nvhe.o
  CC      mm/memory.o
  CC      kernel/sched/fair.o
  CC      fs/kernel_read_file.o
  CC      crypto/chacha.o
  CC      mm/mincore.o
  CC      security/apparmor/lsm.o
  CC      block/blk-stat.o
  CC      crypto/deflate.o
  CC      crypto/crc32c.o
  CC      fs/mnt_idmapping.o
  CC      crypto/crc32.o
  CC      arch/arm64/kvm/hyp/nvhe/../vgic-v2-cpuif-proxy.nvhe.o
  CC      fs/remap_range.o
  CC      block/blk-mq-sysfs.o
  CC      mm/mlock.o
  AS      arch/arm64/kvm/hyp/nvhe/../entry.nvhe.o
  AS      arch/arm64/kvm/hyp/nvhe/../hyp-entry.nvhe.o
  CC      crypto/lzo.o
  CC      arch/arm64/kvm/hyp/nvhe/../exception.nvhe.o
  CC      crypto/lzo-rle.o
  GEN     security/apparmor/rlim_names.h
  CC      security/apparmor/secid.o
  CC      block/blk-mq-cpumap.o
  CC      arch/arm64/kvm/hyp/nvhe/../pgtable.nvhe.o
  CC      crypto/xxhash_generic.o
  CC      fs/pidfs.o
  CC      security/apparmor/file.o
  CC      arch/arm64/kvm/../../../virt/kvm/eventfd.o
  CC      crypto/rng.o
  CC      arch/arm64/kvm/hyp/nvhe/../vgic-v5-sr.nvhe.o
  CC      block/blk-mq-sched.o
  CC      kernel/sched/build_policy.o
  CC      mm/mmap.o
  CC      crypto/drbg.o
  CC      security/apparmor/policy_ns.o
  AS      arch/arm64/kvm/hyp/nvhe/../../../kernel/smccc-call.nvhe.o
  AS      arch/arm64/kvm/hyp/nvhe/../../../lib/clear_page.nvhe.o
  CC      crypto/jitterentropy.o
  AS      arch/arm64/kvm/hyp/nvhe/../../../lib/copy_page.nvhe.o
  CC      crypto/jitterentropy-kcapi.o
  AS      arch/arm64/kvm/hyp/nvhe/../../../lib/memcpy.nvhe.o
  AS      arch/arm64/kvm/hyp/nvhe/../../../lib/memset.nvhe.o
  AS      arch/arm64/kvm/hyp/nvhe/../../../lib/tishift.nvhe.o
  HOSTCC  arch/arm64/kvm/hyp/nvhe/gen-hyprel
  CC      block/ioctl.o
  LD      arch/arm64/kvm/hyp/nvhe/kvm_nvhe.tmp.o
  HYPREL  arch/arm64/kvm/hyp/nvhe/hyp-reloc.S
  AS      arch/arm64/kvm/hyp/nvhe/hyp-reloc.o
  LD      arch/arm64/kvm/hyp/nvhe/kvm_nvhe.rel.o
  HYPCOPY arch/arm64/kvm/hyp/nvhe/kvm_nvhe.o
  AR      arch/arm64/kvm/hyp/nvhe/built-in.a
  AR      arch/arm64/kvm/hyp/built-in.a
  CC      arch/arm64/kvm/../../../virt/kvm/binary_stats.o
  CC      crypto/af_alg.o
  CC      security/apparmor/label.o
  CC      kernel/sched/build_utility.o
  CC      fs/file_attr.o
  CC      mm/mmu_gather.o
  CC      block/genhd.o
  CC      crypto/algif_hash.o
  CC      block/ioprio.o
  CC      arch/arm64/kvm/../../../virt/kvm/vfio.o
  CC      crypto/algif_skcipher.o
  CC      fs/fserror.o
  CC      block/badblocks.o
  CC      mm/mprotect.o
  CC      arch/arm64/kvm/../../../virt/kvm/coalesced_mmio.o
  CC      fs/nullfs.o
  CC      crypto/algif_rng.o
  CC      io_uring/io_uring.o
  CC      arch/arm64/kvm/../../../virt/kvm/irqchip.o
  CC      security/apparmor/mount.o
  CC      block/partitions/core.o
  CC      mm/mremap.o
  CC      crypto/algif_aead.o
  CC      fs/buffer.o
  CC      arch/arm64/kvm/../../../virt/kvm/dirty_ring.o
  CC      block/partitions/amiga.o
  GEN     security/apparmor/net_names.h
  GEN     security/apparmor/net_names.h
  CC      security/apparmor/policy_compat.o
  CC      block/partitions/aix.o
  CC      crypto/asymmetric_keys/asymmetric_type.o
  AR      kernel/sched/built-in.a
  CC      kernel/locking/mutex.o
  CC      security/apparmor/af_unix.o
  CC      arch/arm64/kvm/../../../virt/kvm/guest_memfd.o
  CC      crypto/asymmetric_keys/restrict.o
  CC      io_uring/opdef.o
  CC      mm/msync.o
  CC      mm/page_vma_mapped.o
  CC      block/partitions/mac.o
  CC      arch/arm64/kvm/arm.o
  CC      crypto/asymmetric_keys/signature.o
  CC      security/apparmor/crypto.o
  CC      fs/mpage.o
  CC      mm/pagewalk.o
  CC      io_uring/kbuf.o
  CC      block/partitions/ldm.o
  CC      kernel/locking/semaphore.o
  CC      crypto/asymmetric_keys/public_key.o
  CC      security/apparmor/capability.o
  CC      io_uring/rsrc.o
  ASN.1   crypto/asymmetric_keys/x509.asn1.[ch]
  ASN.1   crypto/asymmetric_keys/x509_akid.asn1.[ch]
  CC      crypto/asymmetric_keys/x509_loader.o
  CC      kernel/locking/rwsem.o
  CC      crypto/asymmetric_keys/x509_public_key.o
  CC      mm/pgtable-generic.o
  ASN.1   crypto/asymmetric_keys/pkcs8.asn1.[ch]
  ASN.1   crypto/asymmetric_keys/pkcs7.asn1.[ch]
  CC      crypto/asymmetric_keys/pkcs7_trust.o
  CC      fs/proc_namespace.o
  CC      crypto/asymmetric_keys/pkcs7_verify.o
  CC      mm/rmap.o
  CC      io_uring/notif.o
  CC      block/partitions/msdos.o
  CC      crypto/asymmetric_keys/x509.asn1.o
  CC      crypto/asymmetric_keys/x509_akid.asn1.o
  CC      crypto/asymmetric_keys/x509_cert_parser.o
  CC      arch/arm64/kvm/mmu.o
  CC      io_uring/tctx.o
  CC      crypto/asymmetric_keys/pkcs8.asn1.o
  CC      security/apparmor/resource.o
  CC      crypto/asymmetric_keys/pkcs8_parser.o
  CC      fs/direct-io.o
  CC      kernel/locking/percpu-rwsem.o
  CC      io_uring/filetable.o
  CC      block/partitions/osf.o
  CC      crypto/asymmetric_keys/pkcs7.asn1.o
  CC      security/apparmor/net.o
  CC      crypto/asymmetric_keys/pkcs7_parser.o
  CC      mm/vmalloc.o
  CC      fs/notify/fsnotify.o
  AR      crypto/asymmetric_keys/built-in.a
  CC      crypto/kdf_sp800108.o
  CC      kernel/locking/spinlock.o
  CC      io_uring/rw.o
  CC      arch/arm64/kvm/mmio.o
  AR      security/apparmor/built-in.a
  CC      security/yama/yama_lsm.o
  CC [M]  crypto/crypto_engine.o
  CC      block/partitions/sgi.o
  CC      kernel/locking/osq_lock.o
  CC      fs/notify/notification.o
  CC      kernel/locking/qspinlock.o
  AR      security/yama/built-in.a
  CC      security/device_cgroup.o
  CC      arch/arm64/kvm/psci.o
  CC      block/partitions/sun.o
  CC [M]  crypto/echainiv.o
  CC      fs/notify/group.o
  CC      kernel/locking/rtmutex_api.o
  CC [M]  crypto/crypto_user.o
  CC      fs/notify/mark.o
  CC      arch/arm64/kvm/hypercalls.o
  CC      block/partitions/efi.o
  CC [M]  crypto/cmac.o
  CC      fs/notify/fdinfo.o
  CC      io_uring/poll.o
  CC      arch/arm64/kvm/pvtime.o
  CC      block/partitions/karma.o
  CC [M]  crypto/xcbc.o
  CC      security/bpf/hooks.o
  CC      kernel/locking/qrwlock.o
  CC      fs/notify/dnotify/dnotify.o
  CC [M]  crypto/md4.o
  CC      arch/arm64/kvm/inject_fault.o
  AR      security/bpf/built-in.a
  CC      security/landlock/setup.o
  CC      io_uring/tw.o
  AR      kernel/locking/built-in.a
  AR      block/partitions/built-in.a
  CC      kernel/power/qos.o
  CC [M]  crypto/rmd160.o
  CC      block/blk-rq-qos.o
  CC      security/landlock/syscalls.o
  AR      fs/notify/dnotify/built-in.a
  CC      fs/notify/inotify/inotify_fsnotify.o
  CC      io_uring/wait.o
  CC      arch/arm64/kvm/va_layout.o
  CC      mm/vma.o
  CC      block/disk-events.o
  CC      fs/notify/inotify/inotify_user.o
  CC      security/landlock/object.o
  CC      block/blk-ia-ranges.o
  CC [M]  crypto/sm3.o
  CC      kernel/power/main.o
  AR      fs/notify/inotify/built-in.a
  CC      fs/notify/fanotify/fanotify.o
  CC      security/landlock/ruleset.o
  CC      block/early-lookup.o
  CC      arch/arm64/kvm/handle_exit.o
  CC      io_uring/eventfd.o
  CC [M]  crypto/wp512.o
  CC      block/bsg.o
  CC      mm/vma_exec.o
  CC      security/landlock/cred.o
  CC      fs/notify/fanotify/fanotify_user.o
  CC      io_uring/uring_cmd.o
  CC      block/bsg-lib.o
  CC      security/landlock/task.o
  CC      mm/process_vm_access.o
  CC      kernel/power/console.o
  CC      block/blk-cgroup.o
  CC      io_uring/openclose.o
  CC [M]  crypto/lrw.o
  CC      security/landlock/fs.o
  AR      fs/notify/fanotify/built-in.a
  CC      kernel/power/process.o
  AR      fs/notify/built-in.a
  CC      fs/eventpoll.o
  CC      mm/mseal.o
  CC      io_uring/sqpoll.o
  CC      mm/page_alloc.o
  CC [M]  crypto/adiantum.o
  CC      arch/arm64/kvm/config.o
  CC      block/blk-cgroup-rwstat.o
  CC      security/landlock/tsync.o
  CC      kernel/power/suspend.o
  CC      io_uring/xattr.o
  CC [M]  crypto/ccm.o
  CC      io_uring/nop.o
  CC      kernel/power/poweroff.o
  CC      kernel/power/energy_model.o
  CC      security/landlock/net.o
  CC      block/blk-throttle.o
  CC      arch/arm64/kvm/guest.o
  CC [M]  crypto/chacha20poly1305.o
  CC      io_uring/fs.o
  CC      kernel/power/em_netlink_autogen.o
  CC      fs/anon_inodes.o
  CC      io_uring/splice.o
  CC      kernel/power/em_netlink.o
  CC      arch/arm64/kvm/debug.o
  CC      io_uring/sync.o
  CC [M]  crypto/aegis128-core.o
  CC      security/landlock/id.o
  CC      io_uring/msg_ring.o
  CC      fs/signalfd.o
  AR      kernel/power/built-in.a
  CC      kernel/printk/printk.o
  CC      arch/arm64/kvm/reset.o
  CC      block/blk-ioprio.o
  CC      security/landlock/audit.o
  CC      io_uring/advise.o
  CC [M]  crypto/pcrypt.o
  CC      block/blk-iocost.o
  CC      mm/page_frag_cache.o
  CC      arch/arm64/kvm/sys_regs.o
  CC [M]  crypto/des_generic.o
  CC      io_uring/statx.o
  CC      fs/timerfd.o
  CC      mm/init-mm.o
  CC      io_uring/timeout.o
  CC [M]  crypto/blowfish_generic.o
  CC      fs/eventfd.o
  CC      security/landlock/domain.o
  CC      kernel/printk/printk_safe.o
  CC [M]  crypto/blowfish_common.o
  CC      io_uring/cancel.o
  CC      fs/aio.o
  CC      mm/memblock.o
  CC [M]  crypto/twofish_generic.o
  AR      security/landlock/built-in.a
  AR      security/built-in.a
  CC [M]  crypto/twofish_common.o
  CC      arch/arm64/crypto/sm4-ce-cipher-glue.o
  CC      kernel/printk/nbcon.o
  AS      arch/arm64/crypto/sm4-ce-cipher-core.o
  CC      arch/arm64/crypto/sm4-ce-glue.o
  CC [M]  crypto/serpent_generic.o
  CC      arch/arm64/kvm/stacktrace.o
  CC      fs/crypto/crypto.o
  CC      kernel/printk/braille.o
  AS      arch/arm64/crypto/sm4-ce-core.o
  CC      arch/arm64/crypto/sm4-neon-glue.o
  CC      io_uring/waitid.o
  CC      mm/slub.o
  CC      fs/crypto/fname.o
  CC      kernel/printk/printk_ringbuffer.o
  AS      arch/arm64/crypto/sm4-neon-core.o
  CC      block/mq-deadline.o
  CC      arch/arm64/crypto/ghash-ce-glue.o
  CC      io_uring/register.o
  CC      fs/crypto/hkdf.o
  AS      arch/arm64/crypto/ghash-ce-core.o
  CC      arch/arm64/kvm/vgic-sys-reg-v3.o
  CC      arch/arm64/crypto/aes-ce-ccm-glue.o
  CC      block/kyber-iosched.o
  CC [M]  crypto/sm4_generic.o
  CC      kernel/printk/sysctl.o
  AS      arch/arm64/crypto/aes-ce-ccm-core.o
  CC      arch/arm64/crypto/aes-glue-ce.o
  CC [M]  crypto/camellia_generic.o
  CC      io_uring/truncate.o
  CC      fs/crypto/hooks.o
  AR      kernel/printk/built-in.a
  CC      kernel/irq/irqdesc.o
  CC      block/bfq-iosched.o
  CC      arch/arm64/crypto/aes-glue-neon.o
  CC      io_uring/memmap.o
  CC [M]  crypto/cast_common.o
  CC      arch/arm64/kvm/fpsimd.o
  CC      kernel/irq/handle.o
  CC [M]  crypto/cast5_generic.o
  CC      io_uring/alloc_cache.o
  CC      fs/crypto/keyring.o
  AS      arch/arm64/crypto/aes-neonbs-core.o
  CC      arch/arm64/crypto/aes-neonbs-glue.o
  CC      kernel/irq/manage.o
  CC      arch/arm64/kvm/pkvm.o
  AR      arch/arm64/crypto/built-in.a
  CC      rust/exports.o
  CC [M]  crypto/cast6_generic.o
  CC      fs/crypto/keysetup.o
  CC      io_uring/query.o
  AR      rust/built-in.a
  CC      kernel/rcu/update.o
  CC      block/bfq-wf2q.o
  CC [M]  crypto/arc4.o
  CC      mm/madvise.o
  CC      arch/arm64/kvm/arch_timer.o
  CC      fs/crypto/keysetup_v1.o
  CC [M]  crypto/tea.o
  CC      kernel/irq/spurious.o
  CC      io_uring/loop.o
  CC      fs/crypto/policy.o
  CC      io_uring/zcrx.o
  CC      kernel/irq/resend.o
  CC [M]  crypto/khazad.o
  CC      block/bfq-cgroup.o
  CC      fs/crypto/bio.o
  CC      mm/page_io.o
  CC      arch/arm64/kvm/trng.o
  CC      kernel/irq/chip.o
  CC [M]  crypto/anubis.o
  CC      kernel/rcu/sync.o
  CC      arch/arm64/kvm/vmid.o
  CC      mm/swap_state.o
  CC      kernel/irq/dummychip.o
  CC      block/bio-integrity.o
  CC      io_uring/io-wq.o
  AR      fs/crypto/built-in.a
  CC      fs/locks.o
  CC      kernel/rcu/srcutree.o
  CC [M]  crypto/seed.o
  CC      kernel/irq/devres.o
  CC      arch/arm64/kvm/emulate-nested.o
  CC      kernel/irq/kexec.o
  CC [M]  crypto/aria_generic.o
  CC      io_uring/futex.o
  CC [M]  crypto/authenc.o
  CC      block/blk-integrity.o
  CC      kernel/irq/autoprobe.o
  CC      io_uring/epoll.o
  CC      arch/arm64/kvm/nested.o
  CC      mm/swapfile.o
  CC [M]  crypto/authencesn.o
  CC      kernel/rcu/tree.o
  CC      kernel/irq/irqdomain.o
  CC      io_uring/napi.o
  CC      fs/binfmt_misc.o
  CC      block/t10-pi.o
  CC      block/bio-integrity-auto.o
  CC      arch/arm64/kvm/at.o
  CC [M]  crypto/krb5enc.o
  CC      block/bio-integrity-fs.o
  CC      fs/binfmt_script.o
  CC      mm/zswap.o
  CC      block/blk-zoned.o
  CC      kernel/irq/proc.o
  CC      io_uring/net.o
  CC [M]  crypto/lz4.o
  CC      fs/binfmt_elf.o
  CC      mm/dmapool.o
  CC      arch/arm64/kvm/vgic/vgic.o
  CC      mm/hugetlb.o
  CC [M]  crypto/lz4hc.o
  CC      kernel/rcu/rcu_segcblist.o
  CC      kernel/irq/cpuhotplug.o
  CC [M]  kernel/rcu/rcutorture.o
  CC      block/blk-wbt.o
  CC      io_uring/cmd_net.o
  CC [M]  crypto/842.o
  CC      arch/arm64/kvm/vgic/vgic-init.o
  CC      fs/backing-file.o
  CC      kernel/irq/pm.o
  CC      block/blk-mq-debugfs.o
  CC      arch/arm64/kvm/vgic/vgic-irqfd.o
  CC [M]  crypto/zstd.o
  CC      block/sed-opal.o
  CC      io_uring/fdinfo.o
  CC      kernel/irq/msi.o
  CC      arch/arm64/kvm/vgic/vgic-v2.o
  CC      fs/mbcache.o
  CC      io_uring/bpf_filter.o
  AR      kernel/rcu/built-in.a
  CC      kernel/irq/ipi.o
  CC      mm/hugetlb_sysfs.o
  CC [M]  crypto/ecc.o
  AS      arch/arm64/lib/clear_page.o
  AS      arch/arm64/lib/clear_user.o
  CC      mm/hugetlb_sysctl.o
  AS      arch/arm64/lib/copy_from_user.o
  AS      arch/arm64/lib/copy_page.o
  AS      arch/arm64/lib/copy_to_user.o
  CC      arch/arm64/kvm/vgic/vgic-v3.o
  CC      arch/arm64/lib/csum.o
  CC      io_uring/bpf-ops.o
  CC      fs/posix_acl.o
  CC      kernel/irq/ipi-mux.o
  CC      mm/hugetlb_cma.o
  CC      arch/arm64/lib/delay.o
  CC      mm/sparse.o
  CC      block/blk-pm.o
  CC [M]  crypto/essiv.o
  CC      arch/arm64/lib/insn.o
  CC      arch/arm64/kvm/vgic/vgic-v4.o
  CC      kernel/irq/affinity.o
  CC      mm/sparse-vmemmap.o
  CC      block/holder.o
  CC      fs/nfs_common/nfsacl.o
  AR      io_uring/built-in.a
  AR      kernel/livepatch/built-in.a
  AR      kernel/irq/built-in.a
  AS      arch/arm64/lib/memchr.o
  CC [M]  crypto/ecdh.o
  AR      kernel/liveupdate/built-in.a
  CC      kernel/dma/mapping.o
  CC      kernel/entry/common.o
  AR      block/built-in.a
  CC      arch/arm64/kvm/vgic/vgic-mmio.o
  AR      kernel/unwind/built-in.a
  CC      kernel/module/main.o
  CC      fs/nfs_common/grace.o
  AS      arch/arm64/lib/memcmp.o
  AS      arch/arm64/lib/memcpy.o
  AS      arch/arm64/lib/memset.o
  AS      arch/arm64/lib/strchr.o
  AS      arch/arm64/lib/strcmp.o
  AS      arch/arm64/lib/strlen.o
  AS      arch/arm64/lib/strncmp.o
  AS      arch/arm64/lib/strnlen.o
  CC      fs/nfs_common/nfs_ssc.o
  AS      arch/arm64/lib/strrchr.o
  AS      arch/arm64/lib/tishift.o
  CC [M]  crypto/ecdh_helper.o
  CC      arch/arm64/lib/error-inject.o
  CC      mm/mmu_notifier.o
  CC      arch/arm64/kvm/vgic/vgic-mmio-v2.o
  AS      arch/arm64/lib/mte.o
  AR      arch/arm64/lib/lib.a
  CC      fs/nfs_common/common.o
  AR      arch/arm64/lib/built-in.a
  CC      kernel/entry/virt.o
  CC      arch/arm64/kvm/vgic/vgic-mmio-v3.o
  CC [M]  crypto/async_tx/async_tx.o
  CC [M]  crypto/krb5/krb5_kdf.o
  CC      kernel/dma/direct.o
  CC      kernel/module/strict_rwx.o
  AR      fs/nfs_common/built-in.a
  CC      fs/coredump.o
  AR      kernel/entry/built-in.a
  CC [M]  crypto/krb5/krb5_api.o
  CC      arch/arm64/kvm/vgic/vgic-kvm-device.o
  CC      kernel/dma/ops_helpers.o
  CC      mm/ksm.o
  CC      kernel/module/kmod.o
  CC [M]  crypto/async_tx/async_memcpy.o
  CC [M]  crypto/krb5/rfc3961_simplified.o
  CC [M]  crypto/async_tx/async_xor.o
  CC      arch/arm64/kvm/vgic/vgic-its.o
  CC      fs/drop_caches.o
  CC [M]  crypto/krb5/rfc3962_aes.o
  CC      kernel/module/tree_lookup.o
  CC [M]  crypto/async_tx/async_pq.o
  CC [M]  crypto/async_tx/async_raid6_recov.o
  CC      kernel/dma/contiguous.o
  CC      fs/sysctls.o
  CC      lib/argv_split.o
  CC      fs/fhandle.o
  CC      kernel/kcmp.o
  CC [M]  crypto/krb5/rfc6803_camellia.o
  CC      kernel/module/kallsyms.o
  CC      lib/bug.o
  CC      arch/arm64/kvm/vgic/vgic-debug.o
  CC      mm/migrate.o
  CC      kernel/dma/coherent.o
  CC      fs/iomap/trace.o
  CC [M]  crypto/krb5/rfc8009_aes2.o
  CC      fs/quota/dquot.o
  CC      lib/buildid.o
  LD [M]  crypto/krb5/krb5.o
  CC      crypto/rsapubkey.asn1.o
  CC      crypto/rsaprivkey.asn1.o
  LD [M]  crypto/aegis128.o
  LD [M]  crypto/ecdh_generic.o
  AR      crypto/built-in.a
  CC      lib/clz_tab.o
  CC      arch/arm64/kvm/vgic/vgic-v3-nested.o
  CC      kernel/dma/swiotlb.o
  CC      kernel/module/procfs.o
  CC      kernel/dma/pool.o
  CC      lib/cmdline.o
  CC      lib/cpumask.o
  CC      arch/arm64/kvm/vgic/vgic-v5.o
  CC      lib/ctype.o
  CC      kernel/module/sysfs.o
  CC      lib/dec_and_lock.o
  CC      arch/arm64/kvm/pmu-emul.o
  CC      lib/decompress.o
  CC      fs/quota/quota_v2.o
  CC      lib/decompress_bunzip2.o
  CC      fs/iomap/iter.o
  CC      kernel/dma/remap.o
  CC      kernel/freezer.o
  CC      lib/decompress_inflate.o
  AR      kernel/module/built-in.a
  CC      kernel/profile.o
  AR      kernel/dma/built-in.a
  CC      lib/decompress_unlz4.o
  CC      arch/arm64/kvm/pmu.o
  CC      mm/page_counter.o
  CC      fs/quota/quota_tree.o
  CC      fs/iomap/buffered-io.o
  CC      fs/iomap/direct-io.o
  CC      fs/quota/quota.o
  CC      lib/decompress_unlzma.o
  CC      mm/memcontrol.o
  CC      kernel/stacktrace.o
  CC      arch/arm64/kvm/pauth.o
  CC      lib/decompress_unlzo.o
  CC      kernel/time/time.o
  CC      lib/decompress_unxz.o
  CC      kernel/time/timer.o
  CC      lib/decompress_unzstd.o
  CC      fs/quota/kqid.o
  CC      fs/proc/task_mmu.o
  CC      mm/vmpressure.o
  CC      fs/iomap/ioend.o
  CC      fs/quota/netlink.o
  CC      lib/dump_stack.o
  AR      arch/arm64/kvm/built-in.a
  AR      arch/arm64/built-in.a
  CC      fs/iomap/fiemap.o
  AR      drivers/cache/built-in.a
  CC      drivers/irqchip/irqchip.o
  CC      kernel/time/hrtimer.o
  AR      fs/quota/built-in.a
  CC      kernel/time/sleep_timeout.o
  CC      lib/earlycpio.o
  CC      lib/extable.o
  CC      drivers/irqchip/irq-gic.o
  CC      lib/fdt.o
  CC      mm/bpf_memcontrol.o
  CC      fs/iomap/seek.o
  CC      lib/fdt_addresses.o
  CC      lib/fdt_empty_tree.o
  CC      lib/fdt_ro.o
  CC      drivers/irqchip/irq-gic-common.o
  CC      kernel/futex/core.o
  CC      fs/iomap/bio.o
  CC      lib/fdt_rw.o
  CC      lib/fdt_strerror.o
  CC      drivers/irqchip/irq-msi-lib.o
  CC      lib/fdt_sw.o
  CC      fs/iomap/swapfile.o
  CC      lib/fdt_wip.o
  CC      lib/flex_proportions.o
  CC      mm/hugetlb_cgroup.o
  CC      drivers/bus/simple-pm-bus.o
  CC      kernel/time/timekeeping.o
  AR      fs/iomap/built-in.a
  AR      drivers/bus/mhi/built-in.a
  CC      sound/sound_core.o
  CC      drivers/irqchip/irq-gic-v2m.o
  CC      lib/idr.o
  CC      fs/proc/inode.o
  CC      kernel/futex/syscalls.o
  CC      lib/iomem_copy.o
  CC      mm/page_isolation.o
  AR      drivers/bus/built-in.a
  CC      fs/proc/root.o
  CC      lib/irq_regs.o
  CC      kernel/smp.o
  CC      lib/is_single_threaded.o
  CC      kernel/time/ntp.o
  CC      sound/core/sound.o
  CC      drivers/irqchip/irq-gic-v3.o
  CC      lib/klist.o
  CC      kernel/futex/pi.o
  CC      lib/kobject.o
  CC      fs/proc/base.o
  CC      mm/zsmalloc.o
  CC      fs/kernfs/mount.o
  CC      lib/kobject_uevent.o
  CC      kernel/time/clocksource.o
  CC      sound/core/init.o
  CC      drivers/irqchip/irq-gic-v3-mbi.o
  CC      fs/kernfs/inode.o
  CC      lib/logic_pio.o
  CC      kernel/futex/requeue.o
  CC      kernel/time/jiffies.o
  CC      mm/early_ioremap.o
  CC      fs/kernfs/dir.o
  CC      kernel/futex/waitwake.o
  CC      mm/cma.o
  CC      fs/proc/generic.o
  CC      lib/maple_tree.o
  CC      kernel/time/timer_list.o
  CC      drivers/irqchip/irq-gic-its-msi-parent.o
  CC      sound/core/memory.o
  CC      kernel/time/timeconv.o
  CC      fs/proc/array.o
  CC      fs/kernfs/file.o
  CC      sound/core/control.o
  CC      kernel/time/timecounter.o
  CC      kernel/time/alarmtimer.o
  CC      mm/balloon.o
  CC      drivers/irqchip/irq-gic-v3-its.o
  CC      fs/kernfs/symlink.o
  AR      kernel/futex/built-in.a
  CC      net/devres.o
  CC      mm/cma_debug.o
  AR      fs/kernfs/built-in.a
  CC      mm/secretmem.o
  CC      sound/core/misc.o
  CC      net/socket.o
  CC      drivers/phy/phy-core.o
  CC      sound/core/device.o
  CC      kernel/time/posix-timers.o
  CC      fs/proc/fd.o
  AR      drivers/phy/allwinner/built-in.a
  AR      drivers/phy/amlogic/built-in.a
  AR      drivers/phy/apple/built-in.a
  CC      drivers/irqchip/irq-gic-v4.o
  CC [M]  drivers/phy/apple/atc.o
  CC      mm/memfd.o
  CC      sound/core/info.o
  CC      net/core/sock.o
  CC      mm/ptdump.o
  CC      fs/proc/proc_tty.o
  CC      drivers/irqchip/irq-gic-v5.o
  CC      mm/page_reporting.o
  CC [M]  drivers/phy/apple/dptx.o
  CC      kernel/time/posix-cpu-timers.o
  CC      sound/core/info_oss.o
  CC      fs/proc/cmdline.o
  CC      lib/memcat_p.o
  CC      drivers/irqchip/irq-gic-v5-irs.o
  CC      fs/proc/consoles.o
  CC      kernel/time/posix-clock.o
  CC      fs/proc/cpuinfo.o
  CC      sound/core/sound_oss.o
  CC      lib/nmi_backtrace.o
  CC      mm/ioremap.o
  CC      drivers/irqchip/irq-gic-v5-its.o
  CC      sound/core/vmaster.o
  CC      kernel/time/itimer.o
  LD [M]  drivers/phy/apple/phy-apple-atc.o
  LD [M]  drivers/phy/apple/phy-apple-dptx.o
  AR      drivers/phy/axiado/built-in.a
  CC      mm/execmem.o
  AR      drivers/phy/broadcom/built-in.a
  CC      fs/proc/devices.o
  AR      drivers/phy/cadence/built-in.a
  AR      drivers/phy/canaan/built-in.a
  AR      drivers/phy/eswin/built-in.a
  AR      drivers/phy/freescale/built-in.a
  AR      drivers/phy/hisilicon/built-in.a
  AR      drivers/phy/ingenic/built-in.a
  AR      drivers/phy/intel/built-in.a
  CC      sound/core/ctljack.o
  AR      drivers/phy/lantiq/built-in.a
  AR      drivers/phy/marvell/built-in.a
  AR      drivers/phy/mediatek/built-in.a
  CC      net/core/skbuff.o
  AR      drivers/phy/microchip/built-in.a
  CC      lib/objpool.o
  AR      drivers/phy/motorola/built-in.a
  AR      drivers/phy/mscc/built-in.a
  AR      drivers/phy/nuvoton/built-in.a
  AR      drivers/phy/qualcomm/built-in.a
  AR      drivers/phy/ralink/built-in.a
  AR      mm/built-in.a
  AR      drivers/phy/realtek/built-in.a
  AR      drivers/phy/renesas/built-in.a
  CC      drivers/pinctrl/core.o
  CC      drivers/irqchip/irq-gic-v5-iwb.o
  AR      drivers/phy/rockchip/built-in.a
  AR      drivers/phy/samsung/built-in.a
  AR      drivers/phy/socionext/built-in.a
  CC      sound/core/jack.o
  AR      drivers/phy/sophgo/built-in.a
  CC      lib/plist.o
  CC      kernel/time/clockevents.o
  AR      drivers/phy/spacemit/built-in.a
  AR      drivers/phy/st/built-in.a
  AR      drivers/phy/starfive/built-in.a
  AR      drivers/phy/sunplus/built-in.a
  AR      drivers/phy/tegra/built-in.a
  CC      fs/proc/loadavg.o
  AR      drivers/phy/ti/built-in.a
  AR      drivers/phy/xilinx/built-in.a
  CC      lib/radix-tree.o
  AR      drivers/phy/built-in.a
  CC      net/ethernet/eth.o
  CC      sound/core/timer.o
  CC      drivers/irqchip/irq-apple-aic.o
  CC      drivers/pinctrl/pinctrl-utils.o
  CC      fs/proc/meminfo.o
  CC      lib/ratelimit.o
  CC      drivers/pinctrl/pinmux.o
  CC      kernel/time/tick-common.o
  CC      lib/rbtree.o
  AR      net/ethernet/built-in.a
  CC      sound/core/pcm.o
  CC      drivers/pinctrl/devicetree.o
  CC      net/802/fc.o
  CC      fs/proc/stat.o
  AR      drivers/irqchip/built-in.a
  CC      fs/proc/uptime.o
  CC [M]  net/802/psnap.o
  CC      lib/seq_buf.o
  CC      fs/proc/util.o
  CC      sound/core/pcm_native.o
  CC      kernel/time/tick-broadcast.o
  CC      net/sched/sch_generic.o
  CC      drivers/pinctrl/pinctrl-apple-gpio.o
  CC      fs/proc/version.o
  CC [M]  net/802/stp.o
  CC      lib/siphash.o
  CC [M]  net/802/garp.o
  CC      fs/proc/softirqs.o
  CC      net/core/datagram.o
  CC      lib/string.o
  AR      drivers/pinctrl/actions/built-in.a
  AR      drivers/pinctrl/airoha/built-in.a
  AR      drivers/pinctrl/bcm/built-in.a
  CC      kernel/time/tick-broadcast-hrtimer.o
  AR      drivers/pinctrl/cirrus/built-in.a
  AR      drivers/pinctrl/cix/built-in.a
  AR      drivers/pinctrl/freescale/built-in.a
  AR      drivers/pinctrl/mediatek/built-in.a
  AR      drivers/pinctrl/microchip/built-in.a
  CC [M]  net/802/mrp.o
  AR      drivers/pinctrl/mvebu/built-in.a
  CC      fs/proc/namespaces.o
  CC      sound/core/pcm_lib.o
  AR      drivers/pinctrl/nomadik/built-in.a
  AR      drivers/pinctrl/nuvoton/built-in.a
  AR      drivers/pinctrl/nxp/built-in.a
  CC      net/sched/sch_mq.o
  AR      drivers/pinctrl/qcom/built-in.a
  AR      drivers/pinctrl/sophgo/built-in.a
  AR      drivers/pinctrl/spacemit/built-in.a
  AR      drivers/pinctrl/sprd/built-in.a
  CC      kernel/time/sched_clock.o
  AR      drivers/pinctrl/starfive/built-in.a
  AR      drivers/pinctrl/sunplus/built-in.a
  AR      drivers/pinctrl/tegra/built-in.a
  CC      lib/sys_info.o
  AR      drivers/pinctrl/ti/built-in.a
  AR      drivers/pinctrl/built-in.a
  CC      drivers/gpio/gpiolib.o
  CC      fs/proc/self.o
  CC      net/core/stream.o
  AR      net/802/built-in.a
  CC      net/core/scm.o
  CC      fs/proc/thread_self.o
  CC      kernel/time/tick-oneshot.o
  CC      sound/core/pcm_misc.o
  CC      fs/proc/proc_sysctl.o
  CC      lib/timerqueue.o
  CC      net/netlink/af_netlink.o
  CC      net/sched/sch_frag.o
  CC      kernel/time/tick-sched.o
  CC      sound/core/pcm_memory.o
  CC      lib/union_find.o
  CC      lib/vsprintf.o
  CC      fs/proc/proc_net.o
  CC      drivers/gpio/gpiolib-devres.o
  CC      net/core/gen_stats.o
  CC      sound/core/memalloc.o
  CC      fs/proc/kcore.o
  CC      net/sched/sch_api.o
  CC      drivers/gpio/gpiolib-legacy.o
  CC      net/netlink/genetlink.o
  CC      kernel/time/timer_migration.o
  CC      fs/proc/kmsg.o
  CC      lib/win_minmax.o
  CC      lib/xarray.o
  CC      drivers/gpio/gpiolib-of.o
  CC      sound/core/pcm_timer.o
  CC      net/core/gen_estimator.o
  CC      net/netlink/policy.o
  CC      fs/proc/page.o
  CC      net/sched/sch_blackhole.o
  CC      kernel/time/vsyscall.o
  CC [M]  net/netlink/diag.o
  CC      lib/lockref.o
  CC      fs/proc/bootconfig.o
  CC      drivers/gpio/gpiolib-cdev.o
  CC      kernel/time/timekeeping_debug.o
  CC      sound/core/pcm_dmaengine.o
  CC      lib/bcd.o
  CC      lib/sort.o
  CC      net/core/net_namespace.o
  AR      fs/proc/built-in.a
  CC      fs/sysfs/file.o
  CC      net/sched/cls_api.o
  CC      kernel/time/namespace.o
  AR      net/netlink/built-in.a
  LD [M]  net/netlink/netlink_diag.o
  CC      net/core/secure_seq.o
  CC      lib/parser.o
  CC      kernel/time/namespace_vdso.o
  AR      sound/core/oss/built-in.a
  CC [M]  sound/core/oss/mixer_oss.o
  CC      lib/debug_locks.o
  AR      sound/i2c/other/built-in.a
  AR      sound/i2c/built-in.a
  CC      net/core/flow_dissector.o
  CC      kernel/kallsyms.o
  AR      kernel/time/built-in.a
  CC      net/core/sysctl_net_core.o
  CC      lib/random32.o
  CC      fs/sysfs/dir.o
  CC      drivers/gpio/gpiolib-sysfs.o
  CC      lib/bust_spinlocks.o
  CC [M]  sound/core/oss/pcm_oss.o
  CC      drivers/pwm/core.o
  CC      fs/sysfs/symlink.o
  CC      kernel/acct.o
  CC      lib/kasprintf.o
  CC      drivers/gpio/gpiolib-swnode.o
  CC      lib/bitmap.o
  CC      net/core/dev.o
  CC      fs/sysfs/mount.o
  CC      lib/scatterlist.o
  CC      net/sched/act_api.o
  CC [M]  sound/core/oss/pcm_plugin.o
  CC      drivers/gpio/gpiolib-shared.o
  CC      kernel/vmcore_info.o
  CC      lib/list_sort.o
  CC      drivers/gpio/gpio-macsmc.o
  CC      lib/uuid.o
  CC      kernel/elfcorehdr.o
  CC      fs/sysfs/group.o
  CC      lib/iov_iter.o
  CC [M]  drivers/gpio/gpio-shared-proxy.o
  AR      fs/sysfs/built-in.a
  CC      fs/configfs/inode.o
  CC      drivers/pwm/pwm-apple.o
  CC      kernel/kexec_core.o
  CC [M]  sound/core/oss/io.o
  AR      drivers/gpio/built-in.a
  AR      sound/drivers/opl3/built-in.a
  AR      sound/drivers/opl4/built-in.a
  AR      sound/drivers/mpu401/built-in.a
  CC [M]  sound/drivers/mpu401/mpu401_uart.o
  CC      fs/configfs/file.o
  CC      fs/configfs/dir.o
  AR      drivers/pwm/built-in.a
  CC      drivers/leds/led-core.o
  CC      kernel/kexec_file.o
  CC [M]  sound/core/oss/copy.o
  CC      drivers/leds/led-class.o
  CC      lib/clz_ctz.o
  CC [M]  sound/drivers/mpu401/mpu401.o
  CC      lib/bsearch.o
  CC      fs/configfs/symlink.o
  CC      net/sched/sch_fifo.o
  CC      drivers/leds/led-triggers.o
  CC      lib/find_bit.o
  CC [M]  sound/core/oss/linear.o
  CC      lib/llist.o
  CC      drivers/leds/leds-pwm.o
  CC      net/sched/sch_fq_codel.o
  CC      lib/lwq.o
  CC      kernel/cgroup/cgroup.o
  LD [M]  sound/drivers/mpu401/snd-mpu401-uart.o
  LD [M]  sound/drivers/mpu401/snd-mpu401.o
  AR      sound/drivers/vx/built-in.a
  AR      sound/drivers/pcsp/built-in.a
  CC [M]  sound/drivers/dummy.o
  CC      fs/configfs/mount.o
  CC [M]  sound/core/oss/mulaw.o
  CC      lib/memweight.o
  CC      drivers/leds/leds-syscon.o
  CC      lib/kfifo.o
  CC [M]  sound/drivers/aloop.o
  CC      drivers/leds/trigger/ledtrig-timer.o
  CC      net/sched/cls_cgroup.o
  CC      drivers/leds/trigger/ledtrig-oneshot.o
  CC      fs/configfs/item.o
  CC      net/core/dev_api.o
  CC      lib/percpu-refcount.o
  CC [M]  sound/core/oss/route.o
  CC      drivers/leds/trigger/ledtrig-mtd.o
  CC      drivers/leds/trigger/ledtrig-heartbeat.o
  CC      net/sched/ematch.o
  AR      fs/configfs/built-in.a
  CC [M]  sound/drivers/virmidi.o
  CC      fs/devpts/inode.o
  CC      lib/rhashtable.o
  CC [M]  sound/core/oss/rate.o
  CC      drivers/leds/trigger/ledtrig-backlight.o
  CC      drivers/leds/trigger/ledtrig-cpu.o
  LD [M]  sound/core/oss/snd-mixer-oss.o
  LD [M]  sound/core/oss/snd-pcm-oss.o
  CC      sound/core/compress_offload.o
  CC [M]  net/sched/act_police.o
  CC      net/core/dev_addr_lists.o
  CC [M]  sound/drivers/serial-u16550.o
  CC      lib/base64.o
  CC      lib/once.o
  CC      drivers/leds/trigger/ledtrig-activity.o
  AR      fs/devpts/built-in.a
  CC [M]  net/sched/act_gact.o
  CC      fs/ext4/balloc.o
  CC [M]  sound/core/hwdep.o
  CC      lib/refcount.o
  CC      drivers/leds/trigger/ledtrig-default-on.o
  CC      lib/rcuref.o
  CC      kernel/cgroup/rstat.o
  CC      drivers/leds/trigger/ledtrig-transient.o
  CC      net/core/dst.o
  CC      lib/usercopy.o
  CC [M]  sound/drivers/mtpav.o
  CC [M]  sound/core/hrtimer.o
  CC [M]  net/sched/act_mirred.o
  CC      lib/errseq.o
  AR      sound/drivers/built-in.a
  LD [M]  sound/drivers/snd-dummy.o
  CC      drivers/leds/trigger/ledtrig-camera.o
  LD [M]  sound/drivers/snd-aloop.o
  LD [M]  sound/drivers/snd-virmidi.o
  LD [M]  sound/drivers/snd-serial-u16550.o
  LD [M]  sound/drivers/snd-mtpav.o
  CC      lib/bucket_locks.o
  CC      fs/ext4/bitmap.o
  CC      fs/ext4/block_validity.o
  CC      net/core/netevent.o
  CC [M]  sound/core/seq_device.o
  CC      drivers/leds/trigger/ledtrig-panic.o
  CC [M]  net/sched/act_sample.o
  CC [M]  sound/core/rawmidi.o
  CC      drivers/leds/trigger/ledtrig-netdev.o
  CC      lib/generic-radix-tree.o
  CC      drivers/pci/access.o
  CC      fs/ext4/dir.o
  CC      kernel/cgroup/namespace.o
  CC      lib/bitmap-str.o
  CC      net/core/neighbour.o
  CC [M]  net/sched/act_nat.o
  CC [M]  drivers/leds/trigger/ledtrig-pattern.o
  CC      lib/string_helpers.o
  CC [M]  sound/core/seq/seq.o
  CC [M]  drivers/leds/trigger/ledtrig-tty.o
  CC [M]  sound/core/seq/seq_lock.o
  CC      lib/hexdump.o
  CC      drivers/pci/bus.o
  CC      fs/ext4/ext4_jbd2.o
  CC      lib/kstrtox.o
  AR      drivers/leds/trigger/built-in.a
  CC      kernel/cgroup/cgroup-v1.o
  AR      drivers/leds/blink/built-in.a
  AR      drivers/leds/simatic/built-in.a
  CC [M]  drivers/leds/led-class-flash.o
  CC [M]  sound/core/seq/seq_clientmgr.o
  CC      drivers/pci/probe.o
  CC      fs/ext4/extents.o
  CC [M]  net/sched/act_pedit.o
  AR      lib/kunit/built-in.a
  CC      lib/math/div64.o
  CC      lib/math/gcd.o
  CC [M]  drivers/leds/led-class-multicolor.o
  CC      lib/math/lcm.o
  CC      lib/math/int_log.o
  CC      net/core/rtnetlink.o
  CC      lib/math/int_pow.o
  CC      lib/math/int_sqrt.o
  CC [M]  sound/core/seq/seq_memory.o
  CC      lib/math/reciprocal_div.o
  CC      drivers/pci/host-bridge.o
  CC      kernel/cgroup/freezer.o
  CC      lib/math/rational.o
  CC [M]  drivers/leds/leds-gpio.o
  CC      drivers/pci/remove.o
  CC [M]  net/sched/act_simple.o
  AR      lib/math/tests/built-in.a
  CC      drivers/pci/pci.o
  CC [M]  lib/math/cordic.o
  CC      kernel/cgroup/legacy_freezer.o
  AR      lib/math/built-in.a
  CC [M]  drivers/leds/uleds.o
  CC [M]  sound/core/seq/seq_queue.o
  CC      lib/crc/crc16.o
  CC [M]  net/sched/act_skbedit.o
  CC      fs/ext4/extents_status.o
  CC      lib/crc/crc-ccitt.o
  CC      kernel/cgroup/pids.o
  CC [M]  sound/core/seq/seq_fifo.o
  CC      kernel/cgroup/rdma.o
  CC [M]  sound/core/seq/seq_prioq.o
  AR      drivers/leds/built-in.a
  CC      net/core/utils.o
  CC      lib/crc/crc-t10dif-main.o
  CC [M]  sound/core/seq/seq_timer.o
  CC      kernel/cgroup/cpuset.o
  CC      fs/ext4/file.o
  AR      sound/core/built-in.a
  CC      fs/jbd2/transaction.o
  CC [M]  net/sched/act_csum.o
  AS      lib/crc/arm64/crc-t10dif-core.o
  HOSTCC  lib/crc/gen_crc32table
  CC [M]  sound/core/seq/seq_system.o
  AS      lib/crc/arm64/crc32-core.o
  HOSTCC  lib/crc/gen_crc64table
  CC      net/core/link_watch.o
  CC      lib/crc/crc64-neon.o
  CC      drivers/pci/pci-driver.o
  CC [M]  sound/core/seq/seq_ports.o
  CC      fs/ext4/fsmap.o
  AR      lib/crc/tests/built-in.a
  CC [M]  lib/crc/crc-itu-t.o
  CC      net/core/filter.o
  CC [M]  net/sched/act_vlan.o
  CC [M]  sound/core/seq/seq_info.o
  CC      fs/ext4/fsync.o
  GEN     lib/crc/crc32table.h
  GEN     lib/crc/crc64table.h
  CC      lib/crc/crc32-main.o
  CC      kernel/cgroup/misc.o
  CC      drivers/pci/search.o
  CC      fs/ext4/hash.o
  CC [M]  net/sched/act_bpf.o
  CC [M]  sound/core/seq/seq_dummy.o
  CC      drivers/pci/rebar.o
  CC      lib/crc/crc64-main.o
  CC      fs/ext4/ialloc.o
  AR      kernel/cgroup/built-in.a
  CC      kernel/utsname.o
  CC      fs/jbd2/commit.o
  CC [M]  sound/core/seq/seq_midi.o
  CC      drivers/pci/rom.o
  CC [M]  net/sched/act_connmark.o
  AR      lib/crc/built-in.a
  CC      lib/crypto/hash_info.o
  CC      drivers/pci/setup-res.o
  CC      lib/crypto/memneq.o
  CC      kernel/user_namespace.o
  CC      fs/jbd2/recovery.o
  CC      drivers/pci/irq.o
  CC      fs/ext4/indirect.o
  CC [M]  sound/core/seq/seq_midi_event.o
  CC      lib/crypto/utils.o
  CC [M]  net/sched/act_ctinfo.o
  CC      kernel/pid_namespace.o
  CC      fs/jbd2/checkpoint.o
  CC      lib/crypto/aes.o
  CC [M]  sound/core/seq/seq_virmidi.o
  CC      drivers/pci/vpd.o
  UPD     kernel/config_data
  CC      kernel/stop_machine.o
  CC      fs/ext4/inline.o
  CC      fs/jbd2/revoke.o
  CC [M]  net/sched/act_skbmod.o
  CC      kernel/audit.o
  CC      fs/jbd2/journal.o
  AS      lib/crypto/arm64/aes-cipher-core.o
  AS      lib/crypto/arm64/aes-ce-core.o
  CC [M]  sound/core/seq/oss/seq_oss.o
  CC      net/core/sock_diag.o
  AS      lib/crypto/arm64/aes-ce.o
  AS      lib/crypto/arm64/aes-neon.o
  CC      lib/crypto/gf128mul.o
  CC [M]  net/sched/act_ife.o
  CC      drivers/pci/setup-bus.o
  CC      net/core/dev_ioctl.o
  CC [M]  sound/core/seq/oss/seq_oss_init.o
  CC      fs/ext4/inode.o
  CC      lib/crypto/blake2b.o
  CC      kernel/auditfilter.o
  CC      net/core/tso.o
  CC [M]  net/sched/act_meta_mark.o
  CC [M]  sound/core/seq/oss/seq_oss_timer.o
  AR      fs/jbd2/built-in.a
  CC      lib/crypto/blake2s.o
  AR      lib/tests/built-in.a
  CC      net/bpf/test_run.o
  CC [M]  net/sched/act_meta_skbprio.o
  CC      net/core/sock_reuseport.o
  CC      drivers/pci/vc.o
  CC [M]  sound/core/seq/oss/seq_oss_ioctl.o
  CC [M]  net/sched/act_meta_skbtcindex.o
  CC      drivers/pci/mmap.o
  CC      lib/crypto/chacha-block-generic.o
  CC [M]  sound/core/seq/oss/seq_oss_event.o
  CC      drivers/pci/devres.o
  CC      lib/crypto/chacha.o
  CC [M]  net/sched/act_tunnel_key.o
  CC [M]  sound/core/seq/oss/seq_oss_rw.o
  AS      lib/crypto/arm64/chacha-neon-core.o
  CC      kernel/auditsc.o
  CC      lib/crypto/gf128hash.o
  CC [M]  sound/core/seq/oss/seq_oss_synth.o
  CC [M]  net/sched/act_ct.o
  CC      net/core/fib_notifier.o
  CC [M]  sound/core/seq/oss/seq_oss_midi.o
  CC      drivers/pci/msi/pcidev_msi.o
  AS      lib/crypto/arm64/ghash-neon-core.o
  AS      lib/crypto/arm64/polyval-ce-core.o
  CC      lib/crypto/md5.o
  CC      fs/ext4/ioctl.o
  CC [M]  sound/core/seq/oss/seq_oss_readq.o
  CC      kernel/audit_watch.o
  CC      net/bpf/bpf_dummy_struct_ops.o
  CC      lib/crypto/sha1.o
  CC [M]  sound/core/seq/oss/seq_oss_writeq.o
  CC      drivers/pci/msi/api.o
  CC      net/core/xdp.o
  AS      lib/crypto/arm64/sha1-ce-core.o
  CC [M]  net/sched/act_gate.o
  CC      lib/crypto/sha256.o
  LD [M]  sound/core/seq/oss/snd-seq-oss.o
  LD [M]  sound/core/seq/snd-seq.o
  LD [M]  sound/core/seq/snd-seq-dummy.o
  LD [M]  sound/core/seq/snd-seq-midi.o
  LD [M]  sound/core/seq/snd-seq-midi-event.o
  LD [M]  sound/core/seq/snd-seq-virmidi.o
  LD [M]  sound/core/snd-hwdep.o
  LD [M]  sound/core/snd-hrtimer.o
  LD [M]  sound/core/snd-seq-device.o
  LD [M]  sound/core/snd-rawmidi.o
  CC      drivers/pci/msi/msi.o
  AR      sound/isa/ad1816a/built-in.a
  AR      sound/isa/ad1848/built-in.a
  AR      sound/isa/cs423x/built-in.a
  AR      sound/isa/es1688/built-in.a
  AR      sound/isa/galaxy/built-in.a
  AR      sound/isa/gus/built-in.a
  AR      sound/isa/msnd/built-in.a
  AR      sound/isa/opti9xx/built-in.a
  AR      sound/isa/sb/built-in.a
  AR      sound/isa/wavefront/built-in.a
  AR      sound/isa/wss/built-in.a
  AR      sound/isa/built-in.a
  CC      fs/ext4/mballoc.o
  AR      net/bpf/built-in.a
  CC      fs/ext4/migrate.o
  AR      sound/pci/ac97/built-in.a
  AR      sound/pci/ali5451/built-in.a
  AR      sound/pci/asihpi/built-in.a
  AR      sound/pci/au88x0/built-in.a
  AR      sound/pci/aw2/built-in.a
  AS      lib/crypto/arm64/sha256-ce.o
  AR      sound/pci/ctxfi/built-in.a
  CC      kernel/audit_fsnotify.o
  CC [M]  net/sched/sch_htb.o
  AR      sound/pci/ca0106/built-in.a
  PERLASM lib/crypto/arm64/sha256-core.S
  AR      sound/pci/cs46xx/built-in.a
  AR      sound/pci/cs5535audio/built-in.a
  CC      lib/crypto/sha512.o
  AR      sound/pci/lola/built-in.a
  AR      sound/pci/lx6464es/built-in.a
  CC      drivers/pci/msi/irqdomain.o
  AR      sound/pci/echoaudio/built-in.a
  AR      sound/pci/emu10k1/built-in.a
  AR      sound/pci/ice1712/built-in.a
  AR      sound/pci/korg1212/built-in.a
  AR      sound/pci/mixart/built-in.a
  AR      sound/pci/nm256/built-in.a
  AR      sound/pci/oxygen/built-in.a
  AR      sound/pci/pcxhr/built-in.a
  AR      sound/pci/riptide/built-in.a
  AR      sound/pci/rme9652/built-in.a
  AR      sound/pci/trident/built-in.a
  AR      sound/pci/ymfpci/built-in.a
  AR      sound/pci/vx222/built-in.a
  AR      sound/pci/built-in.a
  AR      sound/ppc/built-in.a
  AR      sound/arm/built-in.a
  AR      sound/sh/built-in.a
  AR      sound/synth/built-in.a
  AR      sound/usb/misc/built-in.a
  CC [M]  sound/usb/misc/ua101.o
  CC      virt/lib/irqbypass.o
  AR      drivers/pci/msi/built-in.a
  AR      virt/lib/built-in.a
  AR      virt/built-in.a
  CC      drivers/pci/pcie/portdrv.o
  PERLASM lib/crypto/arm64/sha512-core.S
  AS      lib/crypto/arm64/sha512-ce-core.o
  AR      sound/firewire/built-in.a
  CC      lib/crypto/sha3.o
  CC      kernel/audit_tree.o
  CC      lib/vdso/datastore.o
  LD [M]  sound/usb/misc/snd-ua101.o
  AR      sound/usb/usx2y/built-in.a
  AR      sound/usb/caiaq/built-in.a
  CC [M]  net/sched/sch_hfsc.o
  CC [M]  sound/usb/caiaq/device.o
  AS      lib/crypto/arm64/sha3-ce-core.o
  CC      net/core/flow_offload.o
  CC      lib/crypto/mpi/generic_mpih-lshift.o
  AR      lib/vdso/built-in.a
  CC      fs/ramfs/inode.o
  CC [M]  sound/usb/caiaq/audio.o
  CC      kernel/kprobes.o
  CC      drivers/pci/pcie/rcec.o
  CC      net/core/gro.o
  CC      lib/crypto/mpi/generic_mpih-mul1.o
  CC [M]  sound/usb/caiaq/midi.o
  CC      fs/ext4/mmp.o
  CC      fs/ramfs/file-mmu.o
  CC [M]  sound/usb/caiaq/control.o
  CC      kernel/hung_task.o
  CC      lib/crypto/mpi/generic_mpih-mul2.o
  CC      drivers/pci/pcie/bwctrl.o
  CC      fs/ext4/move_extent.o
  CC      net/core/netdev-genl.o
  CC [M]  sound/usb/caiaq/input.o
  CC [M]  net/sched/sch_red.o
  AR      fs/ramfs/built-in.a
  AR      lib/raid/xor/tests/built-in.a
  CC [M]  lib/raid/xor/xor-core.o
  CC      drivers/pci/pcie/aspm.o
  CC      lib/crypto/mpi/generic_mpih-mul3.o
  LD [M]  sound/usb/caiaq/snd-usb-caiaq.o
  AR      sound/usb/6fire/built-in.a
  CC [M]  sound/usb/6fire/chip.o
  CC      fs/ext4/namei.o
  CC [M]  sound/usb/6fire/comm.o
  CC [M]  lib/raid/xor/xor-8regs.o
  CC      kernel/watchdog.o
  CC [M]  lib/raid/xor/xor-32regs.o
  CC      net/core/netdev-genl-gen.o
  CC      drivers/pci/pcie/aer.o
  CC [M]  lib/raid/xor/xor-8regs-prefetch.o
  CC      lib/crypto/mpi/generic_mpih-rshift.o
  CC [M]  sound/usb/6fire/midi.o
  CC [M]  lib/raid/xor/xor-32regs-prefetch.o
  CC      net/core/netdev_work.o
  CC [M]  sound/usb/6fire/control.o
  CC [M]  lib/raid/xor/xor-neon.o
  CC [M]  net/sched/sch_gred.o
  CC      kernel/seccomp.o
  CC      drivers/pci/pcie/err.o
  CC [M]  lib/raid/xor/arm64/xor-eor3.o
  CC      lib/crypto/mpi/generic_mpih-sub1.o
  CC [M]  sound/usb/6fire/firmware.o
  CC      lib/crypto/mpi/generic_mpih-add1.o
  CC      net/core/gso.o
  CC [M]  sound/usb/6fire/pcm.o
  CC      lib/crypto/mpi/mpicoder.o
  CC [M]  lib/raid/xor/arm64/xor-neon-glue.o
  CC      net/core/net-sysfs.o
  CC      lib/crypto/mpi/mpi-add.o
  CC      drivers/pci/pcie/tlp.o
  CC      kernel/relay.o
  AR      lib/raid/xor/built-in.a
  LD [M]  lib/raid/xor/xor.o
  AR      lib/raid/raid6/built-in.a
  CC [M]  lib/raid/raid6/algos.o
  CC [M]  net/sched/sch_ingress.o
  LD [M]  sound/usb/6fire/snd-usb-6fire.o
  AR      sound/usb/hiface/built-in.a
  CC      fs/ext4/page-io.o
  CC      lib/crypto/mpi/mpi-bit.o
  CC [M]  sound/usb/hiface/chip.o
  CC      drivers/pci/pcie/pme.o
  HOSTCC  lib/raid/raid6/mktables
  UNROLL  lib/raid/raid6/int1.c
  UNROLL  lib/raid/raid6/int2.c
  UNROLL  lib/raid/raid6/int4.c
  UNROLL  lib/raid/raid6/int8.c
  CC [M]  lib/raid/raid6/recov.o
  CC      kernel/utsname_sysctl.o
  CC [M]  drivers/pci/pcie/aer_inject.o
  CC      kernel/delayacct.o
  CC [M]  net/sched/sch_sfb.o
  CC      lib/crypto/mpi/mpi-cmp.o
  CC [M]  lib/raid/raid6/arm/neon.o
  CC [M]  sound/usb/hiface/pcm.o
  CC      fs/ext4/readpage.o
  UNROLL  lib/raid/raid6/arm/neon1.c
  CC      kernel/taskstats.o
  UNROLL  lib/raid/raid6/arm/neon2.c
  UNROLL  lib/raid/raid6/arm/neon4.c
  UNROLL  lib/raid/raid6/arm/neon8.c
  CC [M]  lib/raid/raid6/arm/recov_neon.o
  AR      drivers/pci/pcie/built-in.a
  CC      drivers/pci/pwrctrl/core.o
  CC      lib/crypto/mpi/mpi-sub-ui.o
  LD [M]  sound/usb/hiface/snd-usb-hiface.o
  AR      sound/usb/bcd2000/built-in.a
  AR      sound/usb/qcom/built-in.a
  CC [M]  sound/usb/card.o
  CC      lib/crypto/mpi/mpi-div.o
  CC      drivers/pci/pwrctrl/generic.o
  CC      net/core/hotdata.o
  CC [M]  net/sched/sch_sfq.o
  CC [M]  lib/raid/raid6/arm/recov_neon_inner.o
  CC      lib/crypto/mpi/mpi-mod.o
  CC      kernel/tsacct.o
  TABLE   lib/raid/raid6/tables.c
  CC [M]  lib/raid/raid6/int1.o
  CC [M]  sound/usb/clock.o
  CC [M]  lib/raid/raid6/int2.o
  CC      lib/crypto/mpi/mpi-mul.o
  CC [M]  lib/raid/raid6/int4.o
  CC      fs/ext4/resize.o
  CC      kernel/tracepoint.o
  CC [M]  net/sched/sch_tbf.o
  CC [M]  lib/raid/raid6/int8.o
  CC      lib/crypto/mpi/mpih-cmp.o
  AR      drivers/pci/pwrctrl/built-in.a
  CC      drivers/pci/proc.o
  CC [M]  sound/usb/endpoint.o
  CC      net/core/netdev_config.o
  CC [M]  lib/raid/raid6/arm/neon1.o
  CC      kernel/trace/trace_clock.o
  CC [M]  net/sched/sch_teql.o
  CC      net/core/netdev_rx_queue.o
  CC [M]  lib/raid/raid6/arm/neon2.o
  CC      lib/crypto/mpi/mpih-div.o
  CC      drivers/pci/pci-sysfs.o
  CC      kernel/trace/ring_buffer.o
  CC [M]  sound/usb/fcp.o
  CC [M]  lib/raid/raid6/arm/neon4.o
  CC      fs/ext4/super.o
  CC      net/core/netdev_queues.o
  CC [M]  net/sched/sch_prio.o
  CC [M]  sound/usb/format.o
  CC      lib/crypto/mpi/mpih-mul.o
  CC [M]  lib/raid/raid6/arm/neon8.o
  CC      net/core/page_pool.o
  CC [M]  sound/usb/helper.o
  CC [M]  sound/usb/implicit.o
  CC [M]  lib/raid/raid6/tables.o
  CC      drivers/pci/slot.o
  LD [M]  lib/raid/raid6/raid6_pq.o
  AR      lib/raid/built-in.a
  CC      lib/crypto/mpi/mpi-pow.o
  CC [M]  sound/usb/mixer.o
  CC      fs/hugetlbfs/inode.o
  CC [M]  net/sched/sch_multiq.o
  CC      net/core/page_pool_user.o
  CC      kernel/trace/trace.o
  CC      drivers/pci/iomap.o
  CC      lib/crypto/mpi/mpiutil.o
  AR      fs/hugetlbfs/built-in.a
  CC [M]  sound/usb/mixer_quirks.o
  AR      sound/sparc/built-in.a
  CC      drivers/video/aperture.o
  CC [M]  net/sched/sch_netem.o
  CC      drivers/pci/of.o
  AR      lib/crypto/mpi/built-in.a
  CC      drivers/video/cmdline.o
  CC [M]  lib/crypto/arc4.o
  CC      drivers/video/nomodeset.o
  CC      net/core/net-procfs.o
  CC [M]  lib/crypto/chacha20poly1305.o
  CC      drivers/video/hdmi.o
  CC [M]  sound/usb/mixer_scarlett.o
  CC [M]  lib/crypto/curve25519.o
  CC      drivers/pci/quirks.o
  CC [M]  net/sched/sch_drr.o
  CC      drivers/video/console/dummycon.o
  CC [M]  lib/crypto/curve25519-hacl64.o
  CC      net/core/netpoll.o
  CC [M]  net/sched/sch_plug.o
  CC [M]  sound/usb/mixer_scarlett2.o
  AR      drivers/video/console/built-in.a
  CC      drivers/video/logo/logo.o
  CC      kernel/trace/trace_output.o
  HOSTCC  drivers/video/logo/pnmtologo
  CC      fs/ext4/symlink.o
  LOGO    drivers/video/logo/logo_linux_clut224.c
  CC      drivers/video/logo/logo_linux_clut224.o
  CC      drivers/pci/hotplug/pci_hotplug_core.o
  AR      drivers/video/logo/built-in.a
  CC      drivers/video/backlight/backlight.o
  CC      drivers/pci/hotplug/pciehp_core.o
  CC [M]  lib/crypto/des.o
  CC      net/core/fib_rules.o
  CC      fs/ext4/sysfs.o
  CC [M]  net/sched/sch_ets.o
  CC      fs/ext4/xattr.o
  CC [M]  drivers/video/backlight/lcd.o
  CC [M]  net/sched/sch_mqprio.o
  CC      drivers/pci/hotplug/pciehp_ctrl.o
  CC      net/core/net-traces.o
  CC      kernel/trace/trace_seq.o
  CC [M]  lib/crypto/nh.o
  CC [M]  sound/usb/mixer_us16x08.o
  AS [M]  lib/crypto/arm64/nh-neon-core.o
  CC [M]  lib/crypto/poly1305.o
  CC [M]  drivers/video/backlight/platform_lcd.o
  CC [M]  net/sched/sch_mqprio_lib.o
  CC [M]  lib/crypto/poly1305-donna64.o
  PERLASM lib/crypto/arm64/poly1305-core.S
  CC [M]  lib/crypto/sm3.o
  CC      kernel/trace/trace_stat.o
  CC [M]  drivers/video/backlight/gpio_backlight.o
  CC      fs/ext4/xattr_hurd.o
  CC      drivers/pci/hotplug/pciehp_pci.o
  CC [M]  net/sched/sch_skbprio.o
  CC [M]  sound/usb/mixer_s1810c.o
  AR      drivers/video/backlight/built-in.a
  CC      drivers/video/fbdev/core/fb_notify.o
  CC      kernel/trace/trace_printk.o
  AS [M]  lib/crypto/arm64/sm3-ce-core.o
  AS [M]  lib/crypto/arm64/sm3-neon-core.o
  AS      lib/crypto/arm64/sha256-core.o
  AS      lib/crypto/arm64/sha512-core.o
  LD [M]  lib/crypto/libarc4.o
  LD [M]  lib/crypto/libchacha20poly1305.o
  CC [M]  net/sched/sch_choke.o
  LD [M]  lib/crypto/libcurve25519.o
  LD [M]  lib/crypto/libdes.o
  LD [M]  lib/crypto/libnh.o
  AS [M]  lib/crypto/arm64/poly1305-core.o
  LD [M]  lib/crypto/libsm3.o
  AR      lib/crypto/built-in.a
  LD [M]  lib/crypto/libpoly1305.o
  CC      lib/iomap_copy.o
  CC      drivers/pci/hotplug/pciehp_hpc.o
  CC      fs/ext4/xattr_trusted.o
  CC      drivers/video/fbdev/core/fb_info.o
  CC      lib/devres.o
  CC      kernel/trace/trace_pid.o
  CC [M]  sound/usb/pcm.o
  CC      fs/ext4/xattr_user.o
  CC      lib/cache_maint.o
  CC      kernel/trace/pid_list.o
  CC      lib/hweight.o
  CC      fs/ext4/fast_commit.o
  CC      lib/interval_tree.o
  CC      drivers/video/fbdev/core/fbmem.o
  AR      drivers/pci/hotplug/built-in.a
  CC      drivers/pci/ats.o
  CC      kernel/trace/trace_sched_switch.o
  CC      lib/assoc_array.o
  CC      net/core/selftests.o
  CC [M]  sound/usb/power.o
  CC [M]  net/sched/sch_qfq.o
  CC      drivers/video/fbdev/core/fbcmap.o
  CC      drivers/pci/iov.o
  CC      kernel/trace/trace_nop.o
  CC      drivers/video/fbdev/core/modedb.o
  CC      fs/ext4/orphan.o
  CC [M]  sound/usb/proc.o
  CC      kernel/trace/blktrace.o
  CC      drivers/pci/pci-label.o
  CC      lib/smp_processor_id.o
  CC      net/core/timestamping.o
  CC [M]  sound/usb/quirks.o
  CC      kernel/trace/trace_events.o
  CC      drivers/video/fbdev/core/fbcvt.o
  CC      lib/linear_ranges.o
  CC      drivers/pci/syscall.o
  CC      net/core/ptp_classifier.o
  CC      fs/ext4/acl.o
  CC      drivers/pci/ecam.o
  CC      lib/xxhash.o
  CC [M]  net/sched/sch_codel.o
  CC      drivers/video/fbdev/core/fb_cmdline.o
  CC      net/core/netprio_cgroup.o
  CC [M]  sound/usb/stream.o
  CC      drivers/video/fbdev/core/fb_backlight.o
  CC      drivers/pci/vgaarb.o
  CC      kernel/trace/trace_export.o
  CC      net/core/netclassid_cgroup.o
  CC      lib/genalloc.o
  CC [M]  net/sched/sch_cake.o
  CC      drivers/video/fbdev/core/fbmon.o
  CC      fs/ext4/xattr_security.o
  CC      kernel/trace/trace_event_perf.o
  CC [M]  sound/usb/validate.o
  CC      drivers/pci/of_property.o
  CC      net/core/lwtunnel.o
  CC      drivers/video/fbdev/core/fb_defio.o
  CC      lib/zlib_inflate/inffast.o
  CC      drivers/pci/controller/pci-host-common.o
  CC [M]  sound/usb/media.o
  CC      lib/zlib_inflate/inflate.o
  CC      fs/ext4/crypto.o
  CC      net/core/lwt_bpf.o
  CC [M]  sound/usb/midi.o
  CC [M]  net/sched/sch_fq.o
  CC      kernel/trace/trace_events_filter.o
  CC      lib/zlib_inflate/infutil.o
  CC      drivers/pci/controller/pcie-apple.o
  AR      fs/ext4/built-in.a
  CC      fs/fat/cache.o
  CC      drivers/video/fbdev/core/fb_chrdev.o
  CC      net/core/dst_cache.o
  CC      lib/zlib_inflate/inftrees.o
  CC [M]  sound/usb/line6/capture.o
  CC      kernel/trace/trace_events_trigger.o
  CC      lib/zlib_inflate/inflate_syms.o
  AR      drivers/pci/controller/dwc/built-in.a
  AR      drivers/pci/controller/mobiveil/built-in.a
  AR      drivers/pci/controller/plda/built-in.a
  AR      drivers/pci/controller/built-in.a
  AR      drivers/pci/switch/built-in.a
  CC      drivers/pci/trace.o
  CC      net/core/gro_cells.o
  CC [M]  sound/usb/line6/driver.o
  AR      lib/zlib_inflate/built-in.a
  CC      drivers/video/fbdev/core/fb_procfs.o
  CC      fs/fat/dir.o
  CC      lib/zlib_deflate/deflate.o
  CC [M]  net/sched/sch_hhf.o
  CC      kernel/trace/trace_eprobe.o
  CC      net/core/skmsg.o
  CC [M]  drivers/pci/pci-stub.o
  CC [M]  sound/usb/line6/midi.o
  AR      drivers/pci/built-in.a
  AR      sound/usb/built-in.a
  AR      drivers/video/fbdev/omap/built-in.a
  CC [M]  sound/usb/line6/midibuf.o
  CC      lib/zlib_deflate/deftree.o
  CC [M]  net/sched/sch_pie.o
  CC      drivers/video/fbdev/core/fbsysfs.o
  CC      kernel/trace/bpf_trace.o
  CC      drivers/video/fbdev/core/fbcon.o
  CC      lib/zlib_deflate/deflate_syms.o
  CC [M]  sound/usb/line6/pcm.o
  AR      drivers/idle/built-in.a
  AR      lib/zlib_deflate/built-in.a
  CC      drivers/video/display_timing.o
  CC      net/core/sock_map.o
  CC      lib/lzo/lzo1x_compress.o
  CC [M]  sound/usb/line6/playback.o
  CC      lib/lz4/lz4_decompress.o
  CC [M]  net/sched/sch_fq_pie.o
  CC      fs/fat/fatent.o
  CC      lib/lzo/lzo1x_compress_safe.o
  CC [M]  sound/usb/line6/pod.o
  CC      drivers/video/fbdev/core/bitblit.o
  CC [M]  net/sched/sch_cbs.o
  CC [M]  sound/usb/line6/podhd.o
  CC      drivers/video/fbdev/core/softcursor.o
  CC      lib/lzo/lzo1x_decompress_safe.o
  CC [M]  sound/usb/line6/toneport.o
  CC      kernel/trace/trace_kprobe.o
  CC      net/core/bpf_sk_storage.o
  CC [M]  net/sched/sch_etf.o
  CC      fs/fat/file.o
  AR      lib/lzo/built-in.a
  CC      fs/fat/inode.o
  CC [M]  lib/lz4/lz4_compress.o
  CC [M]  sound/usb/line6/variax.o
  CC [M]  net/sched/sch_taprio.o
  CC      drivers/video/fbdev/core/tileblit.o
  LD [M]  sound/usb/line6/snd-usb-line6.o
  LD [M]  sound/usb/line6/snd-usb-pod.o
  LD [M]  sound/usb/line6/snd-usb-podhd.o
  CC      fs/nfs/client.o
  LD [M]  sound/usb/line6/snd-usb-toneport.o
  LD [M]  sound/usb/line6/snd-usb-variax.o
  LD [M]  sound/usb/snd-usb-audio.o
  LD [M]  sound/usb/snd-usbmidi-lib.o
  CC      kernel/trace/error_report-traces.o
  AR      sound/spi/built-in.a
  AR      sound/parisc/built-in.a
  AR      sound/pcmcia/vx/built-in.a
  AR      sound/pcmcia/pdaudiocf/built-in.a
  AR      sound/pcmcia/built-in.a
  AR      sound/mips/built-in.a
  CC      sound/soc/soc-core.o
  CC      drivers/video/fbdev/core/fbcon_rotate.o
  CC [M]  lib/lz4/lz4hc_compress.o
  CC      net/core/of_net.o
  CC      fs/nfs/dir.o
  CC [M]  net/sched/cls_u32.o
  CC      kernel/trace/power-traces.o
  CC      drivers/video/fbdev/core/fbcon_cw.o
  CC      net/core/devmem.o
  CC      fs/fat/misc.o
  CC      sound/soc/soc-dapm.o
  CC      drivers/video/fbdev/core/fbcon_ud.o
  CC [M]  net/sched/cls_route.o
  CC      fs/fat/nfs.o
  CC      drivers/video/fbdev/core/fbcon_ccw.o
  CC [M]  net/sched/cls_fw.o
  AR      lib/lz4/built-in.a
  CC      fs/nfs/file.o
  CC      lib/zstd/zstd_compress_module.o
  CC      fs/fat/namei_vfat.o
  CC      kernel/trace/rpm-traces.o
  CC      drivers/video/fbdev/core/fb_logo.o
  CC [M]  net/core/pktgen.o
  CC      sound/soc/soc-jack.o
  CC      lib/zstd/compress/fse_compress.o
  CC [M]  fs/fat/namei_msdos.o
  CC      kernel/trace/trace_dynevent.o
  CC      fs/nfs/getroot.o
  CC      sound/soc/soc-utils.o
  CC      lib/zstd/compress/hist.o
  AR      fs/fat/built-in.a
  CC      kernel/trace/trace_probe.o
  LD [M]  fs/fat/msdos.o
  CC      sound/soc/soc-dai.o
  CC      lib/zstd/compress/huf_compress.o
  CC [M]  net/sched/cls_basic.o
  CC      lib/zstd/compress/zstd_compress.o
  CC      drivers/video/fbdev/core/sysfillrect.o
  CC      fs/nfs/inode.o
  CC      drivers/video/fbdev/core/syscopyarea.o
  CC      kernel/trace/trace_btf.o
  CC [M]  net/core/failover.o
  CC      drivers/video/fbdev/core/sysimgblt.o
  AR      drivers/video/fbdev/omap2/omapfb/dss/built-in.a
  AR      drivers/video/fbdev/omap2/omapfb/displays/built-in.a
  CC      sound/soc/soc-component.o
  AR      drivers/video/fbdev/omap2/omapfb/built-in.a
  AR      drivers/video/fbdev/omap2/built-in.a
  CC      kernel/irq_work.o
  CC      kernel/trace/trace_uprobe.o
  CC [M]  net/sched/cls_flow.o
  CC      drivers/video/fbdev/core/fb_sys_fops.o
  CC      lib/zstd/compress/zstd_compress_literals.o
  CC      sound/soc/soc-pcm.o
  CC      lib/zstd/compress/zstd_compress_sequences.o
  AR      drivers/video/fbdev/core/built-in.a
  AR      net/core/built-in.a
  CC [M]  drivers/video/fbdev/udlfb.o
  CC      sound/soc/soc-devres.o
  CC      lib/zstd/compress/zstd_compress_superblock.o
  CC      kernel/cpu_pm.o
  CC      fs/nfs/super.o
  CC      net/ethtool/ioctl.o
  CC      lib/zstd/compress/zstd_double_fast.o
  CC [M]  net/sched/cls_bpf.o
  AR      drivers/char/ipmi/built-in.a
  CC      drivers/video/videomode.o
  AR      sound/atmel/built-in.a
  CC      fs/exportfs/expfs.o
  CC      sound/soc/soc-ops.o
  CC      fs/nfs/io.o
  AR      drivers/video/fbdev/built-in.a
  CC      drivers/video/of_display_timing.o
  AR      kernel/trace/built-in.a
  AR      fs/exportfs/built-in.a
  CC      fs/nfs/direct.o
  CC      kernel/bpf/core.o
  CC      drivers/video/of_videomode.o
  CC      sound/soc/soc-link.o
  AR      drivers/video/built-in.a
  CC      kernel/bpf/syscall.o
  CC      drivers/amba/bus.o
  CC      sound/soc/soc-card.o
  AR      drivers/amba/built-in.a
  CC      drivers/clk/clk-devres.o
  CC [M]  net/sched/cls_flower.o
  CC      sound/soc/soc-compress.o
  CC      drivers/clk/clk-bulk.o
  CC      fs/nfs/pagelist.o
  CC      sound/soc/soc-generic-dmaengine-pcm.o
  CC      drivers/clk/clkdev.o
  CC      kernel/bpf/verifier.o
  CC      lib/zstd/compress/zstd_fast.o
  AR      sound/soc/codecs/built-in.a
  CC [M]  sound/soc/codecs/bt-sco.o
  CC      fs/nfs/read.o
  CC      drivers/clk/clk.o
  CC      kernel/bpf/inode.o
  CC [M]  sound/soc/codecs/cs35l32.o
  CC      fs/nfs/symlink.o
  CC [M]  net/sched/cls_matchall.o
  CC      net/ethtool/common.o
  CC      lib/xz/xz_dec_syms.o
  CC      fs/nfs/unlink.o
  CC [M]  net/sched/em_cmp.o
  CC      lib/zstd/compress/zstd_lazy.o
  CC      lib/xz/xz_dec_stream.o
  CC [M]  sound/soc/codecs/cs35l33.o
  CC      net/ethtool/netlink.o
  CC [M]  net/sched/em_nbyte.o
  CC      lib/xz/xz_dec_lzma2.o
  CC [M]  net/sched/em_u32.o
  CC      net/ethtool/bitset.o
  CC [M]  net/sched/em_meta.o
  CC      fs/nfs/write.o
  CC [M]  sound/soc/codecs/cs35l34.o
  CC      lib/xz/xz_dec_bcj.o
  CC      net/ethtool/strset.o
  CC      drivers/clk/clk-divider.o
  AR      lib/xz/built-in.a
  CC      drivers/clk/clk-fixed-factor.o
  CC [M]  net/sched/em_text.o
  CC      net/ethtool/linkinfo.o
  CC      fs/nfs/namespace.o
  CC      drivers/clk/clk-fixed-rate.o
  CC [M]  net/sched/em_canid.o
  CC [M]  sound/soc/codecs/cs35l35.o
  CC      lib/zstd/compress/zstd_ldm.o
  CC      drivers/clk/clk-gate.o
  CC      net/ethtool/linkmodes.o
  CC      fs/nfs/mount_clnt.o
  CC      drivers/clk/clk-multiplier.o
  CC      kernel/events/core.o
  CC [M]  net/sched/em_ipset.o
  CC [M]  sound/soc/codecs/cs35l36.o
  CC      drivers/clk/clk-mux.o
  CC [M]  net/sched/em_ipt.o
  CC      net/ethtool/rss.o
  CC      fs/nfs/nfstrace.o
  CC      drivers/clk/clk-composite.o
  CC      drivers/clk/clk-fractional-divider.o
  CC      net/ethtool/linkstate.o
  CC [M]  sound/soc/codecs/cs35l41.o
  CC      net/ethtool/debug.o
  CC [M]  sound/soc/codecs/cs35l41-lib.o
  CC      drivers/clk/clk-gpio.o
  CC      net/ethtool/wol.o
  CC [M]  sound/soc/codecs/cs35l41-spi.o
  AR      net/sched/built-in.a
  CC      net/ethtool/features.o
  CC      net/netfilter/core.o
  CC [M]  sound/soc/codecs/cs35l41-i2c.o
  CC      drivers/clk/clk-conf.o
  CC [M]  sound/soc/codecs/cs35l45.o
  CC      net/netfilter/nf_log.o
  CC      drivers/clk/clk-apple-nco.o
  CC      kernel/bpf/helpers.o
  AR      drivers/clk/actions/built-in.a
  AR      drivers/clk/analogbits/built-in.a
  AR      drivers/clk/aspeed/built-in.a
  AR      drivers/clk/bcm/built-in.a
  AR      drivers/clk/imgtec/built-in.a
  CC      net/ethtool/privflags.o
  AR      drivers/clk/imx/built-in.a
  AR      drivers/clk/ingenic/built-in.a
  AR      drivers/clk/keystone/built-in.a
  AR      drivers/clk/mediatek/built-in.a
  AR      drivers/clk/microchip/built-in.a
  AR      drivers/clk/mstar/built-in.a
  CC      net/netfilter/nf_queue.o
  AR      drivers/clk/mvebu/built-in.a
  AR      drivers/clk/ralink/built-in.a
  AR      drivers/clk/renesas/built-in.a
  AR      drivers/clk/socfpga/built-in.a
  AR      drivers/clk/sophgo/built-in.a
  AR      drivers/clk/spacemit/built-in.a
  AR      drivers/clk/sprd/built-in.a
  AR      drivers/clk/starfive/built-in.a
  AR      drivers/clk/sunxi-ng/built-in.a
  AR      drivers/clk/tenstorrent/built-in.a
  AR      drivers/clk/ti/built-in.a
  CC      drivers/clk/versatile/clk-sp810.o
  CC      fs/nfs/export.o
  CC      lib/zstd/compress/zstd_opt.o
  CC      net/netfilter/nf_sockopt.o
  CC [M]  sound/soc/codecs/cs35l45-tables.o
  AR      drivers/clk/versatile/built-in.a
  AR      drivers/clk/xilinx/built-in.a
  AR      drivers/clk/built-in.a
  CC      net/ethtool/rings.o
  CC      fs/nfs/sysfs.o
  CC      drivers/dma/dmaengine.o
  CC      net/netfilter/utils.o
  CC      kernel/bpf/tnum.o
  CC [M]  sound/soc/codecs/cs35l45-spi.o
  CC      kernel/bpf/cnum.o
  CC      kernel/bpf/log.o
  CC      fs/nfs/fs_context.o
  CC [M]  sound/soc/codecs/cs35l45-i2c.o
  CC      kernel/events/ring_buffer.o
  CC      drivers/dma/virt-dma.o
  CC      lib/zstd/compress/zstd_preSplit.o
  CC      net/ethtool/channels.o
  CC      drivers/dma/of-dma.o
  CC [M]  sound/soc/codecs/cs42l42.o
  CC      lib/zstd/zstd_decompress_module.o
  CC      kernel/bpf/token.o
  CC      net/netfilter/nfnetlink.o
  CC      lib/zstd/decompress/huf_decompress.o
  CC      fs/nfs/sysctl.o
  CC      kernel/events/callchain.o
  CC      drivers/dma/apple-admac.o
  CC      net/ethtool/coalesce.o
  CC      kernel/bpf/liveness.o
  CC      fs/nfs/nfs3super.o
  CC [M]  sound/soc/codecs/cs42l42-i2c.o
  CC      net/ethtool/pause.o
  CC      fs/nfs/nfs3client.o
  CC      kernel/events/hw_breakpoint.o
  CC [M]  sound/soc/codecs/cs42l51.o
  CC      lib/zstd/decompress/zstd_ddict.o
  AR      drivers/dma/idxd/built-in.a
  CC      net/netfilter/nf_bpf_link.o
  AR      drivers/dma/amd/built-in.a
  AR      drivers/dma/loongson/built-in.a
  AR      drivers/dma/mediatek/built-in.a
  AR      drivers/dma/qcom/built-in.a
  CC      lib/zstd/decompress/zstd_decompress.o
  AR      drivers/dma/stm32/built-in.a
  AR      drivers/dma/ti/built-in.a
  AR      drivers/dma/xilinx/built-in.a
  CC [M]  drivers/dma/apple-sio.o
  CC      fs/nfs/nfs3proc.o
  CC      net/ethtool/eee.o
  CC      kernel/bpf/const_fold.o
  CC [M]  sound/soc/codecs/cs42l51-i2c.o
  CC      lib/zstd/decompress/zstd_decompress_block.o
  CC      kernel/events/uprobes.o
  AR      drivers/dma/built-in.a
  CC [M]  sound/soc/codecs/cs42l52.o
  CC      drivers/soc/apple/dockchannel.o
  CC      net/netfilter/x_tables.o
  CC      net/ethtool/tsinfo.o
  CC      kernel/bpf/bpf_iter.o
  CC      drivers/soc/apple/mailbox.o
  CC      fs/nfs/nfs3xdr.o
  CC      net/ethtool/cabletest.o
  CC      kernel/bpf/map_iter.o
  CC [M]  sound/soc/codecs/cs42l56.o
  CC      drivers/soc/apple/apple-pmgr-misc.o
  CC      net/netfilter/xt_tcpudp.o
  CC      net/ethtool/tunnels.o
  CC      kernel/bpf/task_iter.o
  CC      lib/zstd/zstd_common_module.o
  AR      kernel/events/built-in.a
  CC      fs/lockd/clntlock.o
  CC [M]  sound/soc/codecs/cs42l73.o
  CC      net/netfilter/nf_hooks_lwtunnel.o
  CC      lib/zstd/common/debug.o
  CC      drivers/soc/apple/rtkit.o
  CC      lib/zstd/common/entropy_common.o
  CC      net/ethtool/fec.o
  CC      kernel/bpf/prog_iter.o
  CC      lib/zstd/common/error_private.o
  CC      lib/zstd/common/fse_decompress.o
  CC [M]  net/netfilter/nfnetlink_acct.o
  CC      drivers/soc/apple/rtkit-crashlog.o
  CC      net/ethtool/eeprom.o
  CC      kernel/bpf/link_iter.o
  CC      fs/nfs/nfs3acl.o
  CC      fs/lockd/clntproc.o
  CC      lib/zstd/common/zstd_common.o
  CC [M]  sound/soc/codecs/cs42l83-i2c.o
  AR      lib/zstd/built-in.a
  CC      lib/textsearch.o
  CC      kernel/bpf/hashtab.o
  CC [M]  net/netfilter/nfnetlink_queue.o
  CC      net/ethtool/stats.o
  CC      drivers/soc/apple/rtkit-helper.o
  CC      lib/percpu_counter.o
  CC [M]  sound/soc/codecs/cs42l84.o
  CC      drivers/soc/apple/sart.o
  CC      fs/nfs/nfs4proc.o
  CC      fs/lockd/clntxdr.o
  CC      net/ethtool/phc_vclocks.o
  RUSTC     drivers/soc/apple/sep.o
  CC      lib/audit.o
  CC [M]  sound/soc/codecs/cs4234.o
  CC      net/ethtool/mm.o
  CC [M]  net/netfilter/nfnetlink_log.o
  CC      lib/error-inject.o
  CC [M]  sound/soc/codecs/cs4265.o
  CC      net/ethtool/module.o
  RUSTC     drivers/soc/apple/pmp.o
  CC      fs/lockd/host.o
  CC      kernel/bpf/arraymap.o
  CC [M]  sound/soc/codecs/cs4270.o
  CC [M]  net/netfilter/nfnetlink_osf.o
  CC      lib/syscall.o
  CC      net/ethtool/cmis_fw_update.o
  CC [M]  net/netfilter/nfnetlink_hook.o
  CC      kernel/bpf/percpu_freelist.o
  CC      net/ethtool/cmis_cdb.o
  CC      lib/dynamic_debug.o
  CC [M]  drivers/soc/apple/tunable.o
  CC [M]  sound/soc/codecs/cs4271.o
  RUSTC [M] drivers/soc/apple/aop.o
  CC [M]  net/netfilter/nf_conntrack_core.o
  CC      kernel/bpf/bpf_lru_list.o
  CC      net/ethtool/pse-pd.o
  CC      fs/lockd/svc.o
  CC [M]  sound/soc/codecs/cs4271-i2c.o
  CC      net/ethtool/plca.o
  AR      drivers/soc/apple/built-in.a
  LD [M]  drivers/soc/apple/apple-tunable.o
  AR      drivers/soc/aspeed/built-in.a
  AR      drivers/soc/bcm/built-in.a
  AR      drivers/soc/fsl/built-in.a
  AR      drivers/soc/fujitsu/built-in.a
  AR      drivers/soc/hisilicon/built-in.a
  AR      drivers/soc/imx/built-in.a
  CC      fs/lockd/svclock.o
  AR      drivers/soc/ixp4xx/built-in.a
  CC      kernel/bpf/lpm_trie.o
  AR      drivers/soc/loongson/built-in.a
  AR      drivers/soc/mediatek/built-in.a
  AR      drivers/soc/microchip/built-in.a
  AR      drivers/soc/nuvoton/built-in.a
  AR      drivers/soc/pxa/built-in.a
  AR      drivers/soc/amlogic/built-in.a
  AR      drivers/soc/qcom/built-in.a
  CC [M]  sound/soc/codecs/cs4271-spi.o
  AR      drivers/soc/renesas/built-in.a
  AR      drivers/soc/rockchip/built-in.a
  AR      drivers/soc/sophgo/built-in.a
  AR      drivers/soc/sunxi/built-in.a
  AR      drivers/soc/ti/built-in.a
  AR      drivers/soc/versatile/built-in.a
  AR      drivers/soc/vt8500/built-in.a
  AR      drivers/soc/xilinx/built-in.a
  AR      drivers/soc/built-in.a
  CC      net/ethtool/phy.o
  AR      drivers/pmdomain/actions/built-in.a
  AR      drivers/pmdomain/amlogic/built-in.a
  CC      drivers/pmdomain/apple/pmgr-pwrstate.o
  CC      lib/errname.o
  CC      net/ethtool/tsconfig.o
  CC      lib/nlattr.o
  CC      fs/lockd/svcshare.o
  CC      kernel/bpf/map_in_map.o
  CC      fs/nfs/nfs4xdr.o
  CC [M]  sound/soc/codecs/cs42xx8.o
  CC      drivers/pmdomain/apple/pmp-report.o
  CC [M]  net/netfilter/nf_conntrack_standalone.o
  CC      net/ethtool/mse.o
  CC      lib/checksum.o
  CC      fs/lockd/svcproc.o
  CC      lib/cpu_rmap.o
  AR      drivers/pmdomain/apple/built-in.a
  CC      kernel/bpf/bloom_filter.o
  AR      drivers/pmdomain/arm/built-in.a
  CC [M]  net/netfilter/nf_conntrack_expect.o
  AR      drivers/pmdomain/bcm/built-in.a
  AR      drivers/pmdomain/imx/built-in.a
  AR      drivers/pmdomain/marvell/built-in.a
  CC      lib/closure.o
  AR      drivers/pmdomain/mediatek/built-in.a
  CC [M]  sound/soc/codecs/cs42xx8-i2c.o
  AR      net/ethtool/built-in.a
  AR      drivers/pmdomain/qcom/built-in.a
  AR      drivers/pmdomain/renesas/built-in.a
  CC      fs/lockd/svcsubs.o
  AR      drivers/pmdomain/rockchip/built-in.a
  AR      drivers/pmdomain/samsung/built-in.a
  AR      drivers/pmdomain/st/built-in.a
  AR      drivers/pmdomain/starfive/built-in.a
  AR      drivers/pmdomain/sunxi/built-in.a
  AR      drivers/pmdomain/tegra/built-in.a
  AR      drivers/pmdomain/thead/built-in.a
  AR      drivers/pmdomain/ti/built-in.a
  AR      drivers/pmdomain/xilinx/built-in.a
  CC      net/ipv4/route.o
  CC      drivers/pmdomain/core.o
  CC      kernel/bpf/local_storage.o
  CC [M]  sound/soc/codecs/cs43130.o
  CC      lib/dynamic_queue_limits.o
  CC [M]  net/netfilter/nf_conntrack_helper.o
  CC      kernel/bpf/queue_stack_maps.o
  CC      lib/glob.o
  CC      lib/dim/dim.o
  CC      kernel/bpf/ringbuf.o
  CC      fs/lockd/mon.o
  CC      lib/dim/net_dim.o
  CC      drivers/pmdomain/governor.o
  CC [M]  net/netfilter/nf_conntrack_proto.o
  CC      lib/dim/rdma_dim.o
  CC [M]  sound/soc/codecs/cs4341.o
  AR      drivers/pmdomain/built-in.a
  CC      drivers/virtio/virtio.o
  AR      lib/dim/built-in.a
  CC      fs/nfs/nfs4state.o
  CC      lib/strncpy_from_user.o
  CC      kernel/bpf/bpf_insn_array.o
  CC      fs/lockd/trace.o
  CC      lib/strnlen_user.o
  CC [M]  net/netfilter/nf_conntrack_proto_generic.o
  CC      net/ipv4/inetpeer.o
  CC      lib/net_utils.o
  CC [M]  sound/soc/codecs/cs4349.o
  CC      drivers/virtio/virtio_ring.o
  CC      fs/lockd/netlink.o
  CC [M]  net/netfilter/nf_conntrack_proto_tcp.o
  CC      net/ipv4/protocol.o
  CC      kernel/bpf/bpf_local_storage.o
  CC [M]  sound/soc/codecs/cs53l30.o
  CC      fs/nfs/nfs4renewd.o
  CC      lib/sg_pool.o
  CC      net/ipv4/ip_input.o
  CC [M]  sound/soc/codecs/tas2552.o
  CC      fs/lockd/nlm3xdr_gen.o
  CC [M]  net/netfilter/nf_conntrack_proto_udp.o
  CC      lib/irq_poll.o
  CC [M]  sound/soc/codecs/tas2562.o
  CC      net/ipv4/ip_fragment.o
  CC [M]  net/netfilter/nf_conntrack_proto_icmp.o
  CC      fs/lockd/clnt4xdr.o
  CC      fs/nfs/nfs4super.o
  CC      lib/bootconfig.o
  CC [M]  sound/soc/codecs/tas2764.o
  CC      drivers/virtio/virtio_anchor.o
  CC      net/ipv4/ip_forward.o
  CC [M]  net/netfilter/nf_conntrack_extend.o
  CC      kernel/bpf/bpf_task_storage.o
  CC      lib/asn1_decoder.o
  CC [M]  drivers/virtio/virtio_pci_modern_dev.o
  CC [M]  sound/soc/codecs/tas2780.o
  CC      lib/fonts/fonts.o
  CC      kernel/bpf/fixups.o
  CC      net/ipv4/ip_options.o
  CC      fs/nfs/nfs4file.o
  CC [M]  sound/soc/codecs/tas5086.o
  CC      fs/lockd/svc4proc.o
  CC [M]  net/netfilter/nf_conntrack_acct.o
  CC      lib/fonts/font_rotate.o
  CC [M]  drivers/virtio/virtio_pci_legacy_dev.o
  CC      net/ipv4/ip_output.o
  CC [M]  sound/soc/codecs/tas571x.o
  CC      lib/fonts/font_8x16.o
  CC      fs/nfs/delegation.o
  CC [M]  net/netfilter/nf_conntrack_seqadj.o
  CC      kernel/bpf/cfg.o
  CC      fs/lockd/nlm4xdr_gen.o
  CC      lib/fonts/font_ter16x32.o
  CC [M]  drivers/virtio/virtio_mmio.o
  CC [M]  net/netfilter/nf_conntrack_proto_icmpv6.o
  AR      lib/fonts/built-in.a
  CC      kernel/bpf/states.o
  GEN     lib/oid_registry_data.c
  CC [M]  sound/soc/codecs/tas5720.o
  CC      fs/nfs/nfs4idmap.o
  CC      net/ipv4/ip_sockglue.o
  CC [M]  net/netfilter/nf_conntrack_timeout.o
  CC [M]  sound/soc/codecs/tas5805m.o
  CC [M]  drivers/virtio/virtio_pci_modern.o
  CC      kernel/bpf/backtrack.o
  CC      fs/lockd/procfs.o
  CC [M]  net/netfilter/nf_conntrack_timestamp.o
  CC      fs/nfs/callback.o
  CC [M]  drivers/virtio/virtio_pci_common.o
  CC [M]  sound/soc/codecs/tas6424.o
  AR      fs/lockd/built-in.a
  CC      fs/nls/nls_base.o
  CC [M]  net/netfilter/nf_conntrack_ecache.o
  CC      fs/nls/nls_cp437.o
  CC      kernel/bpf/check_btf.o
  CC      net/ipv4/inet_hashtables.o
  CC      fs/nls/nls_ascii.o
  CC [M]  drivers/virtio/virtio_pci_legacy.o
  CC [M]  sound/soc/codecs/tas2770.o
  CC      fs/nfs/callback_xdr.o
  CC [M]  net/netfilter/nf_conntrack_labels.o
  CC      fs/nls/nls_utf8.o
  CC [M]  sound/soc/codecs/wm_adsp.o
  CC [M]  fs/nls/nls_cp737.o
  CC [M]  net/netfilter/nf_conntrack_ovs.o
  CC [M]  drivers/virtio/virtio_balloon.o
  CC [M]  fs/nls/nls_cp775.o
  CC      net/ipv4/inet_timewait_sock.o
  CC      kernel/bpf/bpf_inode_storage.o
  CC      fs/nfs/callback_proc.o
  CC [M]  net/netfilter/nf_conntrack_proto_sctp.o
  CC [M]  fs/nls/nls_cp850.o
  LD [M]  sound/soc/codecs/snd-soc-bt-sco.o
  LD [M]  sound/soc/codecs/snd-soc-cs35l32.o
  LD [M]  sound/soc/codecs/snd-soc-cs35l33.o
  LD [M]  sound/soc/codecs/snd-soc-cs35l34.o
  LD [M]  sound/soc/codecs/snd-soc-cs35l35.o
  LD [M]  sound/soc/codecs/snd-soc-cs35l36.o
  LD [M]  sound/soc/codecs/snd-soc-cs35l41.o
  LD [M]  sound/soc/codecs/snd-soc-cs35l41-lib.o
  LD [M]  sound/soc/codecs/snd-soc-cs35l41-spi.o
  LD [M]  sound/soc/codecs/snd-soc-cs35l41-i2c.o
  CC [M]  drivers/virtio/virtio_input.o
  CC [M]  fs/nls/nls_cp852.o
  LD [M]  sound/soc/codecs/snd-soc-cs35l45.o
  LD [M]  sound/soc/codecs/snd-soc-cs35l45-spi.o
  CC      net/ipv4/inet_connection_sock.o
  LD [M]  sound/soc/codecs/snd-soc-cs35l45-i2c.o
  LD [M]  sound/soc/codecs/snd-soc-cs42l42.o
  LD [M]  sound/soc/codecs/snd-soc-cs42l42-i2c.o
  LD [M]  sound/soc/codecs/snd-soc-cs42l51.o
  LD [M]  sound/soc/codecs/snd-soc-cs42l51-i2c.o
  LD [M]  sound/soc/codecs/snd-soc-cs42l52.o
  LD [M]  sound/soc/codecs/snd-soc-cs42l56.o
  LD [M]  sound/soc/codecs/snd-soc-cs42l73.o
  LD [M]  sound/soc/codecs/snd-soc-cs42l83-i2c.o
  LD [M]  sound/soc/codecs/snd-soc-cs42l84.o
  LD [M]  sound/soc/codecs/snd-soc-cs4234.o
  LD [M]  sound/soc/codecs/snd-soc-cs4265.o
  LD [M]  sound/soc/codecs/snd-soc-cs4270.o
  LD [M]  sound/soc/codecs/snd-soc-cs4271.o
  LD [M]  sound/soc/codecs/snd-soc-cs4271-i2c.o
  LD [M]  sound/soc/codecs/snd-soc-cs4271-spi.o
  LD [M]  sound/soc/codecs/snd-soc-cs42xx8.o
  LD [M]  sound/soc/codecs/snd-soc-cs42xx8-i2c.o
  LD [M]  sound/soc/codecs/snd-soc-cs43130.o
  LD [M]  sound/soc/codecs/snd-soc-cs4341.o
  LD [M]  sound/soc/codecs/snd-soc-cs4349.o
  LD [M]  sound/soc/codecs/snd-soc-cs53l30.o
  LD [M]  sound/soc/codecs/snd-soc-tas2552.o
  LD [M]  sound/soc/codecs/snd-soc-tas2562.o
  LD [M]  sound/soc/codecs/snd-soc-tas2764.o
  LD [M]  sound/soc/codecs/snd-soc-tas2780.o
  LD [M]  sound/soc/codecs/snd-soc-tas5086.o
  LD [M]  sound/soc/codecs/snd-soc-tas571x.o
  LD [M]  sound/soc/codecs/snd-soc-tas5720.o
  LD [M]  sound/soc/codecs/snd-soc-tas5805m.o
  LD [M]  sound/soc/codecs/snd-soc-tas6424.o
  LD [M]  sound/soc/codecs/snd-soc-tas2770.o
  LD [M]  sound/soc/codecs/snd-soc-wm-adsp.o
  AR      sound/soc/generic/built-in.a
  CC [M]  sound/soc/generic/simple-card-utils.o
  CC [M]  net/netfilter/nf_conntrack_proto_gre.o
  CC      kernel/bpf/disasm.o
  CC [M]  fs/nls/nls_cp855.o
  CC      fs/nfs/nfs4namespace.o
  CC [M]  drivers/virtio/virtio_dma_buf.o
  CC [M]  fs/nls/nls_cp857.o
  CC [M]  fs/nls/nls_cp860.o
  AR      drivers/virtio/built-in.a
  LD [M]  drivers/virtio/virtio_pci.o
  CC      drivers/regulator/core.o
  CC [M]  sound/soc/generic/simple-card.o
  CC      net/ipv4/tcp.o
  CC      kernel/bpf/mprog.o
  CC [M]  net/netfilter/nf_conntrack_bpf.o
  CC [M]  fs/nls/nls_cp861.o
  CC      fs/nfs/nfs4getroot.o
  CC      lib/ucs2_string.o
  CC [M]  sound/soc/generic/audio-graph-card.o
  CC [M]  fs/nls/nls_cp862.o
  CC      kernel/bpf/trampoline.o
  CC [M]  net/netfilter/nf_conntrack_netlink.o
  CC [M]  sound/soc/generic/audio-graph-card2.o
  CC      lib/sbitmap.o
  CC [M]  fs/nls/nls_cp863.o
  CC      fs/nfs/nfs4client.o
  LD [M]  sound/soc/generic/snd-soc-simple-card-utils.o
  LD [M]  sound/soc/generic/snd-soc-simple-card.o
  LD [M]  sound/soc/generic/snd-soc-audio-graph-card.o
  LD [M]  sound/soc/generic/snd-soc-audio-graph-card2.o
  AR      sound/soc/apple/built-in.a
  RUSTC [M] sound/soc/apple/aop_audio.o
  CC      kernel/bpf/btf.o
  CC [M]  fs/nls/nls_cp864.o
  CC      lib/group_cpus.o
  CC [M]  fs/nls/nls_cp865.o
  CC      drivers/regulator/dummy.o
  CC [M]  fs/nls/nls_cp866.o
  CC      fs/nfs/nfs4session.o
  CC      net/ipv4/tcp_input.o
  CC      drivers/regulator/fixed-helper.o
  CC [M]  sound/soc/apple/mca.o
  CC [M]  fs/nls/nls_cp869.o
  CC [M]  net/netfilter/nfnetlink_cttimeout.o
  CC      lib/devmem_is_allowed.o
  CC      fs/nfs/dns_resolve.o
  CC [M]  sound/soc/apple/macaudio.o
  CC      drivers/regulator/helpers.o
  CC [M]  fs/nls/nls_cp874.o
  CC      fs/nfs/nfs4trace.o
  CC [M]  lib/ts_kmp.o
  LD [M]  sound/soc/apple/snd-soc-aop.o
  LD [M]  sound/soc/apple/snd-soc-apple-mca.o
  CC [M]  net/netfilter/nfnetlink_cthelper.o
  LD [M]  sound/soc/apple/snd-soc-macaudio.o
  CC [M]  fs/nls/nls_cp932.o
  AR      sound/soc/adi/built-in.a
  AR      sound/soc/amd/built-in.a
  AR      sound/soc/atmel/built-in.a
  AR      sound/soc/au1x/built-in.a
  AR      sound/soc/bcm/built-in.a
  AR      sound/soc/cirrus/built-in.a
  CC [M]  lib/ts_bm.o
  AR      sound/soc/dwc/built-in.a
  AR      sound/soc/fsl/built-in.a
  CC [M]  sound/soc/fsl/fsl_audmix.o
  CC      drivers/regulator/devres.o
  CC      drivers/regulator/irq_helpers.o
  CC [M]  fs/nls/nls_euc-jp.o
  CC [M]  lib/ts_fsm.o
  CC [M]  lib/lru_cache.o
  CC      drivers/regulator/of_regulator.o
  CC [M]  sound/soc/fsl/fsl_asrc.o
  CC      net/ipv4/tcp_output.o
  CC [M]  fs/nls/nls_cp936.o
  CC [M]  net/netfilter/nf_conntrack_amanda.o
  CC      drivers/regulator/fixed.o
  CC [M]  lib/842/842_compress.o
  CC [M]  sound/soc/fsl/fsl_asrc_dma.o
  CC      kernel/bpf/memalloc.o
  CC [M]  fs/nls/nls_cp949.o
  CC      fs/nfs/pnfs.o
  CC [M]  sound/soc/fsl/fsl_asrc_m2m.o
  AR      drivers/regulator/built-in.a
  CC      drivers/reset/core.o
  CC [M]  fs/nls/nls_cp950.o
  CC [M]  net/netfilter/nf_conntrack_ftp.o
  CC      kernel/bpf/rqspinlock.o
  CC [M]  fs/nls/nls_cp1250.o
  CC [M]  lib/842/842_decompress.o
  CC [M]  sound/soc/fsl/fsl_sai.o
  CC [M]  fs/nls/nls_cp1251.o
  CC [M]  lib/reed_solomon/reed_solomon.o
  CC [M]  fs/nls/nls_iso8859-1.o
  CC      kernel/bpf/stream.o
  CC      net/ipv4/tcp_timer.o
  AR      lib/lib.a
  CC      lib/oid_registry.o
  CC      kernel/bpf/arena.o
  CC [M]  fs/nls/nls_iso8859-2.o
  AR      drivers/reset/amlogic/built-in.a
  CC [M]  sound/soc/fsl/fsl_ssi.o
  AR      drivers/reset/hisilicon/built-in.a
  AR      drivers/reset/spacemit/built-in.a
  AR      drivers/reset/starfive/built-in.a
  AR      drivers/reset/sti/built-in.a
  AR      lib/built-in.a
  AR      drivers/reset/tegra/built-in.a
  CC      drivers/reset/reset-apple-cio.o
  AR      sound/hda/core/built-in.a
  AR      sound/hda/built-in.a
  CC      kernel/bpf/range_tree.o
  CC [M]  fs/nls/nls_iso8859-3.o
  CC [M]  net/netfilter/nf_conntrack_h323_main.o
  CC [M]  fs/nls/nls_iso8859-4.o
  CC      fs/nfs/pnfs_dev.o
  CC      net/ipv4/tcp_ipv4.o
  CC [M]  fs/nls/nls_iso8859-5.o
  CC      kernel/padata.o
  CC [M]  sound/soc/fsl/fsl_ssi_dbg.o
  AR      drivers/reset/built-in.a
  CC      drivers/tty/tty_io.o
  CC [M]  fs/nls/nls_iso8859-6.o
  CC      drivers/char/mem.o
  CC      fs/nfs/pnfs_nfs.o
  CC [M]  fs/nls/nls_iso8859-7.o
  CC      kernel/bpf/dispatcher.o
  CC [M]  sound/soc/fsl/fsl_spdif.o
  CC [M]  net/netfilter/nf_conntrack_h323_asn1.o
  CC      kernel/bpf/devmap.o
  CC      drivers/tty/n_tty.o
  CC [M]  fs/nls/nls_cp1255.o
  CC [M]  net/netfilter/nf_conntrack_irc.o
  CC [M]  sound/soc/fsl/fsl_esai.o
  CC      drivers/char/random.o
  CC [M]  fs/nls/nls_iso8859-9.o
  CC      drivers/tty/tty_ioctl.o
  CC      net/ipv4/tcp_minisocks.o
  CC      kernel/bpf/cpumap.o
  CC      fs/nfs/nfs4sysctl.o
  CC [M]  fs/nls/nls_iso8859-13.o
  CC      drivers/tty/tty_ldisc.o
  CC      fs/nfs/nfs40client.o
  CC [M]  sound/soc/fsl/fsl_micfil.o
  CC [M]  net/netfilter/nf_conntrack_broadcast.o
  CC      drivers/char/misc.o
  CC      kernel/bpf/offload.o
  CC [M]  fs/nls/nls_iso8859-14.o
  CC      drivers/tty/tty_buffer.o
  CC      drivers/char/virtio_console.o
  CC      fs/nfs/nfs40proc.o
  CC [M]  fs/nls/nls_iso8859-15.o
  CC      drivers/tty/tty_port.o
  CC [M]  fs/nls/nls_koi8-r.o
  CC [M]  fs/nls/nls_koi8-u.o
  CC      kernel/bpf/net_namespace.o
  CC [M]  net/netfilter/nf_conntrack_netbios_ns.o
  CC      fs/nfs/nfs42proc.o
  CC [M]  fs/nls/nls_koi8-ru.o
  CC      drivers/char/hw_random/core.o
  CC      net/ipv4/tcp_cong.o
  CC [M]  sound/soc/fsl/fsl_utils.o
  CC [M]  fs/nls/mac-celtic.o
  CC [M]  net/netfilter/nf_conntrack_snmp.o
  CC      kernel/bpf/tcx.o
  CC      drivers/tty/tty_mutex.o
  CC [M]  drivers/char/hw_random/virtio-rng.o
  CC [M]  sound/soc/fsl/fsl_easrc.o
  CC [M]  net/netfilter/nf_conntrack_pptp.o
  CC [M]  fs/nls/mac-centeuro.o
  CC      drivers/tty/tty_ldsem.o
  AR      drivers/char/hw_random/built-in.a
  AR      drivers/char/agp/built-in.a
  AR      drivers/char/built-in.a
  CC      net/xfrm/xfrm_policy.o
  CC      kernel/bpf/stackmap.o
  CC [M]  fs/nls/mac-croatian.o
  CC      drivers/tty/tty_baudrate.o
  CC [M]  fs/nls/mac-cyrillic.o
  CC      net/ipv4/tcp_metrics.o
  CC [M]  net/netfilter/nf_conntrack_sane.o
  CC [M]  fs/nls/mac-gaelic.o
  CC [M]  fs/nls/mac-greek.o
  CC [M]  sound/soc/fsl/imx-audmux.o
  CC      kernel/bpf/cgroup_iter.o
  CC      drivers/tty/tty_jobctrl.o
  CC [M]  fs/nls/mac-iceland.o
  CC      net/ipv4/tcp_fastopen.o
  CC [M]  fs/nls/mac-inuit.o
  CC [M]  net/netfilter/nf_conntrack_sip.o
  CC      kernel/bpf/bpf_cgrp_storage.o
  CC [M]  fs/nls/mac-romanian.o
  CC      drivers/tty/n_null.o
  CC      fs/nfs/nfs42xattr.o
  CC [M]  fs/nls/mac-roman.o
  LD [M]  sound/soc/fsl/snd-soc-fsl-audmix.o
  LD [M]  sound/soc/fsl/snd-soc-fsl-asrc.o
  LD [M]  sound/soc/fsl/snd-soc-fsl-sai.o
  LD [M]  sound/soc/fsl/snd-soc-fsl-ssi.o
  LD [M]  sound/soc/fsl/snd-soc-fsl-spdif.o
  LD [M]  sound/soc/fsl/snd-soc-fsl-esai.o
  LD [M]  sound/soc/fsl/snd-soc-fsl-micfil.o
  LD [M]  sound/soc/fsl/snd-soc-fsl-utils.o
  CC      kernel/bpf/cgroup.o
  LD [M]  sound/soc/fsl/snd-soc-fsl-easrc.o
  LD [M]  sound/soc/fsl/snd-soc-imx-audmux.o
  AR      sound/soc/google/built-in.a
  AR      sound/soc/hisilicon/built-in.a
  AR      sound/soc/jz4740/built-in.a
  CC [M]  fs/nls/mac-turkish.o
  AR      sound/soc/loongson/built-in.a
  AR      sound/soc/img/built-in.a
  AR      sound/soc/intel/common/built-in.a
  AR      sound/soc/intel/boards/built-in.a
  CC      net/ipv4/tcp_recovery.o
  AR      sound/soc/intel/built-in.a
  AR      sound/soc/mediatek/built-in.a
  CC      drivers/tty/pty.o
  AR      sound/soc/meson/built-in.a
  AR      sound/soc/mxs/built-in.a
  AR      sound/soc/kirkwood/built-in.a
  CC [M]  fs/nls/nls_ucs2_utils.o
  AR      sound/soc/pxa/built-in.a
  AR      sound/soc/qcom/built-in.a
  AR      sound/soc/renesas/built-in.a
  AR      sound/soc/rockchip/built-in.a
  AR      sound/soc/samsung/built-in.a
  AR      sound/soc/sdca/built-in.a
  AR      sound/soc/sof/built-in.a
  AR      sound/soc/sophgo/built-in.a
  AR      sound/soc/spacemit/built-in.a
  AR      sound/soc/spear/built-in.a
  CC      fs/nfs/filelayout/filelayout.o
  AR      sound/soc/sprd/built-in.a
  AR      sound/soc/starfive/built-in.a
  AR      sound/soc/sti/built-in.a
  AR      sound/soc/stm/built-in.a
  AR      sound/soc/sunxi/built-in.a
  AR      sound/soc/tegra/built-in.a
  AR      sound/soc/ti/built-in.a
  AR      sound/soc/uniphier/built-in.a
  AR      sound/soc/ux500/built-in.a
  CC      drivers/tty/tty_audit.o
  AR      sound/soc/xilinx/built-in.a
  CC [M]  net/netfilter/nf_conntrack_tftp.o
  AR      sound/soc/xtensa/built-in.a
  AR      sound/soc/sdw_utils/built-in.a
  AR      sound/soc/built-in.a
  AR      sound/x86/built-in.a
  AR      sound/xen/built-in.a
  AR      sound/virtio/built-in.a
  CC [M]  sound/virtio/virtio_card.o
  AR      fs/nls/built-in.a
  CC [M]  sound/virtio/virtio_chmap.o
  CC      net/ipv4/tcp_ulp.o
  CC      kernel/bpf/reuseport_array.o
  CC      fs/nfs/filelayout/filelayoutdev.o
  CC [M]  net/netfilter/nf_log_syslog.o
  CC      drivers/tty/sysrq.o
  CC      kernel/jump_label.o
  CC      net/xfrm/xfrm_state.o
  CC      net/ipv4/tcp_offload.o
  CC [M]  sound/virtio/virtio_ctl_msg.o
  CC      kernel/bpf/sysfs_btf.o
  AR      fs/nfs/filelayout/built-in.a
  CC      fs/nfs/blocklayout/blocklayout.o
  CC      drivers/tty/vt/vt_ioctl.o
  CC      net/ipv4/tcp_plb.o
  CC [M]  sound/virtio/virtio_jack.o
  AR      drivers/iommu/arm/arm-smmu/built-in.a
  AR      drivers/iommu/arm/arm-smmu-v3/built-in.a
  AR      drivers/iommu/arm/built-in.a
  AR      drivers/iommu/iommufd/built-in.a
  CC      drivers/iommu/iommu.o
  CC      kernel/bpf/bpf_struct_ops.o
  CC      net/ipv4/datagram.o
  CC [M]  sound/virtio/virtio_kctl.o
  CC      fs/nfs/blocklayout/dev.o
  CC [M]  net/netfilter/nf_nat_core.o
  CC      net/xfrm/xfrm_hash.o
  CC      net/ipv4/raw.o
  CC      drivers/tty/vt/vc_screen.o
  CC [M]  sound/virtio/virtio_pcm.o
  CC      drivers/iommu/iommu-pages.o
  CC      fs/nfs/blocklayout/extent_tree.o
  CC      kernel/bpf/cpumask.o
  CC      net/xfrm/xfrm_input.o
  CC      drivers/iommu/iommu-traces.o
  CC      drivers/tty/vt/selection.o
  CC [M]  sound/virtio/virtio_pcm_msg.o
  CC [M]  sound/virtio/virtio_pcm_ops.o
  CC      fs/nfs/blocklayout/rpc_pipefs.o
  CC      net/ipv4/udp.o
  CC      drivers/iommu/iommu-sysfs.o
  CC      kernel/bpf/bpf_lsm_proto.o
  CC [M]  net/netfilter/nf_nat_proto.o
  CC      kernel/bpf/bpf_lsm.o
  CC      drivers/tty/vt/keyboard.o
  CC      net/xfrm/xfrm_output.o
  AR      fs/nfs/blocklayout/built-in.a
  CC      fs/nfs/flexfilelayout/flexfilelayout.o
  CC      drivers/iommu/dma-iommu.o
  LD [M]  sound/virtio/virtio_snd.o
  CC      sound/last.o
  CC      kernel/bpf/crypto.o
  CC      net/xfrm/xfrm_sysctl.o
  AR      sound/built-in.a
  CC [M]  net/netfilter/nf_nat_helper.o
  CC      kernel/bpf/relo_core.o
  CC      drivers/iommu/io-pgtable.o
  CC      fs/unicode/utf8-norm.o
  CC      net/ipv4/udp_offload.o
  CC      drivers/tty/vt/vt.o
  CC [M]  net/netfilter/nf_nat_redirect.o
  CC      fs/unicode/utf8-core.o
  CC      drivers/iommu/io-pgtable-arm-v7s.o
  CC      net/xfrm/xfrm_replay.o
  CC [M]  net/netfilter/nf_nat_masquerade.o
  COPY    fs/unicode/utf8data.c
  AR      fs/unicode/built-in.a
  CC [M]  fs/unicode/utf8data.o
  CC      net/ipv4/arp.o
  CC      fs/nfs/flexfilelayout/flexfilelayoutdev.o
  CC [M]  net/netfilter/nf_nat_ovs.o
  COPY    drivers/tty/vt/defkeymap.c
  CC      drivers/iommu/io-pgtable-arm.o
  CC      kernel/bpf/btf_iter.o
  CC      drivers/tty/vt/consolemap.o
  AR      fs/nfs/flexfilelayout/built-in.a
  AR      fs/nfs/built-in.a
  CC      net/ipv4/icmp.o
  CC      fs/autofs/init.o
  AR      fs/hostfs/built-in.a
  CC [M]  net/netfilter/nf_nat_bpf.o
  AR      drivers/gpu/host1x/built-in.a
  CC      net/xfrm/xfrm_device.o
  HOSTCC  drivers/tty/vt/conmakehash
  CC      drivers/gpu/drm/drm_atomic.o
  CC      fs/autofs/inode.o
  CC      drivers/iommu/io-pgtable-dart.o
  CC      kernel/bpf/btf_relocate.o
  COPY    drivers/tty/vt/ucs_width_table.h
  COPY    drivers/tty/vt/ucs_recompose_table.h
  COPY    drivers/tty/vt/ucs_fallback_table.h
  CC      drivers/tty/vt/defkeymap.o
  CONMK   drivers/tty/vt/consolemap_deftbl.c
  CC      drivers/tty/vt/ucs.o
  CC      net/xfrm/xfrm_nat_keepalive.o
  CC      fs/autofs/root.o
  CC      drivers/tty/vt/consolemap_deftbl.o
  CC      kernel/bpf/kmem_cache_iter.o
  AR      drivers/tty/vt/built-in.a
  CC      drivers/tty/hvc/hvc_console.o
  CC [M]  net/netfilter/nf_nat_amanda.o
  CC      net/ipv4/devinet.o
  CC      kernel/bpf/dmabuf_iter.o
  CC      drivers/iommu/iova.o
  CC      drivers/gpu/drm/drm_atomic_uapi.o
  CC      fs/autofs/symlink.o
  CC [M]  net/netfilter/nf_nat_ftp.o
  AR      drivers/tty/hvc/built-in.a
  CC      net/xfrm/xfrm_proc.o
  CC      drivers/tty/serial/serial_core.o
  AR      kernel/bpf/built-in.a
  CC      kernel/context_tracking.o
  CC [M]  net/netfilter/nf_nat_irc.o
  CC      fs/autofs/waitq.o
  CC      drivers/gpu/drm/drm_auth.o
  CC      drivers/iommu/of_iommu.o
  CC      kernel/iomem.o
  CC      net/ipv4/af_inet.o
  CC [M]  net/netfilter/nf_nat_sip.o
  CC      drivers/gpu/drm/drm_blend.o
  CC      net/xfrm/xfrm_algo.o
  CC      drivers/gpu/drm/drm_bridge.o
  CC [M]  net/netfilter/nf_nat_tftp.o
  CC      kernel/rseq.o
  CC      drivers/iommu/apple-dart.o
  CC      fs/autofs/expire.o
  CC      drivers/tty/serial/serial_base_bus.o
  CC      net/ipv4/igmp.o
  CC [M]  net/netfilter/nf_synproxy_core.o
  CC      drivers/gpu/drm/drm_cache.o
  CC      drivers/tty/serial/serial_ctrl.o
  CC      net/xfrm/xfrm_user.o
  AR      drivers/iommu/built-in.a
  CC      net/xfrm/xfrm_state_bpf.o
  CC      drivers/tty/serial/serial_port.o
  CC      kernel/watch_queue.o
  CC      drivers/gpu/drm/drm_color_mgmt.o
  CC      drivers/tty/serial/earlycon.o
  CC      fs/autofs/dev-ioctl.o
  CC [M]  net/netfilter/nf_conncount.o
  CC      fs/debugfs/inode.o
  CC [M]  kernel/torture.o
  AR      fs/autofs/built-in.a
  CC      fs/tracefs/inode.o
  CC [M]  net/netfilter/nf_dup_netdev.o
  AR      drivers/tty/serial/8250/built-in.a
  GZIP    kernel/config_data.gz
  CC      drivers/tty/serial/samsung_tty.o
  CC      kernel/configs.o
  CC      drivers/gpu/drm/drm_colorop.o
  CC      fs/tracefs/event_inode.o
  CC [M]  net/netfilter/nf_tables_core.o
  CC [M]  net/xfrm/xfrm_ipcomp.o
  AR      kernel/built-in.a
  CC      fs/debugfs/file.o
  CC [M]  net/xfrm/xfrm_iptfs.o
  CC      net/ipv4/fib_frontend.o
  AR      fs/tracefs/built-in.a
  AR      drivers/gpu/vga/built-in.a
  CC      drivers/gpu/drm/drm_connector.o
  CC      drivers/tty/serdev/core.o
  CC      drivers/tty/serdev/serdev-ttyport.o
  AR      drivers/tty/serial/built-in.a
  CC      drivers/gpu/drm/drm_crtc.o
  CC      drivers/connector/cn_queue.o
  AR      fs/debugfs/built-in.a
  AR      drivers/tty/serdev/built-in.a
  CC      fs/pstore/inode.o
  AR      drivers/tty/ipwireless/built-in.a
  CC [M]  drivers/tty/nozomi.o
  CC [M]  net/netfilter/nf_tables_api.o
  CC      fs/pstore/platform.o
  CC      drivers/connector/connector.o
  CC      drivers/gpu/drm/drm_displayid.o
  CC      net/ipv4/fib_semantics.o
  AR      drivers/tty/built-in.a
  CC      drivers/connector/cn_proc.o
  CC [M]  fs/pstore/ram.o
  AR      drivers/gpu/tests/built-in.a
  CC      fs/efivarfs/inode.o
  CC      drivers/gpu/drm/drm_drv.o
  CC      net/unix/af_unix.o
  AR      net/xfrm/built-in.a
  AR      drivers/connector/built-in.a
  CC      drivers/gpu/drm/drm_dumb_buffers.o
  CC [M]  fs/pstore/ram_core.o
  CC      fs/efivarfs/file.o
  CC      drivers/gpu/trace/trace_gpu_mem.o
  CC      fs/efivarfs/super.o
  CC      net/ipv4/fib_trie.o
  CC      fs/efivarfs/vars.o
  CC      drivers/gpu/drm/drm_edid.o
  AR      fs/pstore/built-in.a
  LD [M]  fs/pstore/ramoops.o
  CC      fs/bpf_fs_kfuncs.o
  CC      drivers/gpu/drm/drm_eld.o
  CC [M]  net/netfilter/nft_chain_filter.o
  CC [M]  net/netfilter/nf_tables_trace.o
  AR      drivers/gpu/trace/built-in.a
  AR      fs/efivarfs/built-in.a
  CC [M]  fs/dlm/ast.o
  CC [M]  fs/netfs/buffered_read.o
  CC      net/unix/garbage.o
  CC [M]  fs/dlm/config.o
  CC      drivers/gpu/drm/drm_encoder.o
  CC [M]  fs/netfs/buffered_write.o
  CC      net/unix/sysctl_net_unix.o
  CC [M]  fs/cramfs/inode.o
  CC      drivers/gpu/drm/drm_file.o
  CC [M]  fs/netfs/direct_read.o
  CC      net/ipv4/fib_notifier.o
  CC [M]  fs/dlm/dir.o
  CC [M]  fs/cramfs/uncompress.o
  CC      net/ipv6/af_inet6.o
  CC [M]  net/netfilter/nft_immediate.o
  CC      drivers/gpu/drm/drm_fourcc.o
  CC [M]  fs/netfs/direct_write.o
  CC      net/unix/unix_bpf.o
  CC      drivers/gpu/drm/drm_framebuffer.o
  LD [M]  fs/cramfs/cramfs.o
  CC      net/packet/af_packet.o
  CC [M]  fs/dlm/lock.o
  CC [M]  net/netfilter/nft_cmp.o
  CC [M]  fs/netfs/iterator.o
  CC      net/ipv6/anycast.o
  CC      net/ipv4/inet_fragment.o
  CC      drivers/gpu/drm/drm_gem.o
  CC [M]  fs/netfs/locking.o
  CC [M]  net/netfilter/nft_range.o
  CC      net/ipv6/ip6_output.o
  CC [M]  fs/netfs/main.o
  CC [M]  net/unix/diag.o
  CC [M]  net/netfilter/nft_bitwise.o
  CC [M]  net/netfilter/nft_byteorder.o
  CC [M]  fs/dlm/lockspace.o
  CC      net/ipv4/ping.o
  CC [M]  net/packet/diag.o
  CC      drivers/gpu/drm/drm_ioctl.o
  CC [M]  net/netfilter/nft_payload.o
  CC [M]  fs/netfs/misc.o
  AR      net/unix/built-in.a
  LD [M]  net/unix/unix_diag.o
  AR      net/packet/built-in.a
  CC      net/ipv6/ip6_input.o
  CC      drivers/base/component.o
  CC [M]  fs/dlm/main.o
  LD [M]  net/packet/af_packet_diag.o
  CC      net/devlink/core.o
  CC [M]  net/netfilter/nft_lookup.o
  CC [M]  fs/netfs/objects.o
  CC      drivers/gpu/drm/drm_lease.o
  CC [M]  fs/dlm/member.o
  CC      drivers/base/core.o
  CC [M]  net/netfilter/nft_dynset.o
  CC      drivers/gpu/drm/drm_managed.o
  CC      net/devlink/netlink.o
  CC [M]  fs/dlm/memory.o
  CC [M]  fs/netfs/read_collect.o
  CC      drivers/gpu/drm/drm_mm.o
  CC      net/ipv4/ip_tunnel_core.o
  CC [M]  net/netfilter/nft_meta.o
  CC      net/ipv6/addrconf.o
  CC [M]  fs/dlm/midcomms.o
  CC      net/devlink/netlink_gen.o
  CC      net/devlink/dev.o
  CC      net/ipv4/gre_offload.o
  CC      drivers/gpu/drm/drm_mode_config.o
  CC [M]  fs/dlm/lowcomms.o
  CC [M]  fs/netfs/read_pgpriv2.o
  CC      drivers/base/bus.o
  CC      net/ipv4/metrics.o
  CC [M]  fs/netfs/read_retry.o
  CC      drivers/gpu/drm/drm_mode_object.o
  CC [M]  net/netfilter/nft_rt.o
  CC      net/ipv4/netlink.o
  CC [M]  fs/netfs/read_single.o
  CC [M]  fs/dlm/plock.o
  CC      net/ipv4/nexthop.o
  CC      drivers/gpu/drm/drm_modes.o
  CC      drivers/base/dd.o
  CC [M]  fs/netfs/rolling_buffer.o
  CC      net/devlink/port.o
  CC [M]  net/netfilter/nft_exthdr.o
  CC [M]  fs/netfs/write_collect.o
  CC      drivers/gpu/drm/drm_modeset_lock.o
  CC [M]  fs/dlm/rcom.o
  CC      drivers/gpu/drm/drm_plane.o
  CC      net/ipv6/addrlabel.o
  CC      drivers/base/syscore.o
  CC      net/devlink/sb.o
  CC [M]  fs/dlm/recover.o
  CC      net/ipv4/udp_tunnel_stub.o
  CC [M]  fs/netfs/write_issue.o
  CC      drivers/base/driver.o
  CC      net/ipv6/route.o
  CC      drivers/gpu/drm/drm_prime.o
  CC      net/devlink/dpipe.o
  CC [M]  net/netfilter/nft_last.o
  CC      net/ipv4/sysctl_net_ipv4.o
  CC [M]  fs/netfs/write_retry.o
  CC      drivers/base/class.o
  CC [M]  fs/dlm/recoverd.o
  CC      drivers/base/platform.o
  CC      net/devlink/resource.o
  CC      net/ipv4/proc.o
  CC [M]  net/netfilter/nft_counter.o
  CC      drivers/gpu/drm/drm_print.o
  CC [M]  fs/dlm/requestqueue.o
  CC [M]  fs/netfs/stats.o
  CC [M]  net/netfilter/nft_objref.o
  CC      net/devlink/param.o
  CC      net/ipv4/fib_rules.o
  CC      drivers/gpu/drm/drm_property.o
  CC [M]  fs/netfs/fscache_cache.o
  CC [M]  fs/dlm/user.o
  CC      drivers/base/cpu.o
  CC [M]  net/netfilter/nft_inner.o
  CC      net/devlink/region.o
  CC [M]  fs/netfs/fscache_cookie.o
  CC      net/ipv6/ip6_fib.o
  CC [M]  fs/dlm/util.o
  CC      net/ipv4/ipmr.o
  CC [M]  fs/dlm/debug_fs.o
  CC [M]  net/netfilter/nft_chain_route.o
  CC      drivers/gpu/drm/drm_rect.o
  CC      drivers/base/firmware.o
  CC      net/devlink/health.o
  CC [M]  fs/netfs/fscache_io.o
  CC      drivers/gpu/drm/drm_syncobj.o
  LD [M]  fs/dlm/dlm.o
  CC      net/devlink/trap.o
  CC      drivers/base/init.o
  CC [M]  fs/netfs/fscache_main.o
  CC      drivers/base/map.o
  CC [M]  net/netfilter/nf_tables_offload.o
  CC      drivers/block/virtio_blk.o
  CC      drivers/gpu/drm/drm_sysfs.o
  CC [M]  fs/netfs/fscache_volume.o
  CC      drivers/base/devres.o
  CC      net/ipv6/ipv6_sockglue.o
  CC [M]  net/netfilter/nft_set_hash.o
  CC [M]  drivers/block/brd.o
  CC [M]  fs/netfs/fscache_proc.o
  CC      drivers/base/attribute_container.o
  LD [M]  fs/netfs/netfs.o
  CC      drivers/gpu/drm/drm_trace_points.o
  CC [M]  fs/squashfs/block.o
  CC      drivers/base/transport_class.o
  CC      net/ipv4/ipmr_base.o
  CC      net/devlink/rate.o
  CC [M]  net/netfilter/nft_set_bitmap.o
  CC      drivers/base/topology.o
  CC      net/ipv6/ndisc.o
  CC [M]  fs/squashfs/cache.o
  CC      drivers/gpu/drm/drm_vblank.o
  CC [M]  drivers/block/loop.o
  CC      net/ipv4/syncookies.o
  CC      net/devlink/linecard.o
  CC [M]  net/netfilter/nft_set_rbtree.o
  CC      drivers/base/container.o
  CC      drivers/gpu/drm/drm_vblank_work.o
  CC [M]  fs/squashfs/dir.o
  CC      net/ipv6/udp.o
  CC      net/devlink/sh_dev.o
  CC      drivers/gpu/drm/drm_vma_manager.o
  CC      drivers/base/property.o
  CC [M]  net/netfilter/nft_set_pipapo.o
  CC      drivers/gpu/drm/drm_writeback.o
  CC [M]  fs/squashfs/export.o
  CC [M]  drivers/block/nbd.o
  CC [M]  fs/squashfs/file.o
  CC      drivers/gpu/drm/drm_client.o
  CC      net/ipv4/netfilter.o
  AR      net/devlink/built-in.a
  CC [M]  fs/squashfs/fragment.o
  CC [M]  net/netfilter/nft_compat.o
  CC [M]  fs/coda/psdev.o
  CC [M]  fs/squashfs/id.o
  CC      drivers/base/cacheinfo.o
  CC      net/ipv6/raw.o
  CC [M]  fs/squashfs/inode.o
  CC      net/ipv4/netfilter/nf_reject_ipv4.o
  CC      drivers/gpu/drm/drm_client_event.o
  CC [M]  fs/coda/cache.o
  CC [M]  fs/squashfs/namei.o
  CC [M]  fs/coda/cnode.o
  CC [M]  net/netfilter/nft_connlimit.o
  CC [M]  fs/squashfs/super.o
  CC      drivers/gpu/drm/drm_client_modeset.o
  CC [M]  drivers/block/rbd.o
  CC      drivers/base/swnode.o
  CC [M]  fs/coda/inode.o
  CC [M]  net/ipv4/netfilter/nf_defrag_ipv4.o
  CC [M]  net/netfilter/nft_numgen.o
  CC [M]  fs/squashfs/symlink.o
  CC [M]  fs/squashfs/decompressor.o
  CC [M]  net/ipv4/netfilter/nf_socket_ipv4.o
  CC [M]  net/netfilter/nft_ct.o
  CC [M]  fs/coda/dir.o
  CC [M]  fs/squashfs/page_actor.o
  CC      drivers/base/faux.o
  CC      net/ipv6/icmp.o
  CC      drivers/base/auxiliary.o
  CC [M]  net/ipv4/netfilter/nf_tproxy_ipv4.o
  CC      drivers/gpu/drm/drm_client_sysrq.o
  CC      drivers/base/devtmpfs.o
  CC [M]  net/netfilter/nft_flow_offload.o
  CC [M]  fs/coda/file.o
  CC [M]  fs/squashfs/file_cache.o
  CC [M]  drivers/block/drbd/drbd_buildtag.o
  CC [M]  fs/coda/upcall.o
  CC [M]  net/ipv4/netfilter/nf_nat_h323.o
  CC [M]  drivers/block/drbd/drbd_bitmap.o
  CC [M]  fs/squashfs/decompressor_single.o
  CC      drivers/gpu/drm/drm_panel.o
  CC      net/ipv6/mcast.o
  CC [M]  fs/coda/coda_linux.o
  CC      drivers/base/power/sysfs.o
  CC      drivers/gpu/drm/drm_of.o
  CC [M]  net/netfilter/nft_limit.o
  CC [M]  net/ipv4/netfilter/nf_nat_pptp.o
  CC [M]  fs/coda/symlink.o
  CC [M]  fs/squashfs/xattr.o
  CC [M]  fs/coda/pioctl.o
  CC      drivers/base/power/generic_ops.o
  CC [M]  drivers/block/drbd/drbd_proc.o
  CC      drivers/gpu/drm/drm_pci.o
  CC [M]  net/netfilter/nft_nat.o
  CC [M]  fs/squashfs/xattr_id.o
  CC [M]  fs/coda/sysctl.o
  CC [M]  fs/squashfs/lz4_wrapper.o
  LD [M]  fs/coda/coda.o
  CC      net/dsa/stubs.o
  CC      drivers/base/power/common.o
  CC [M]  fs/squashfs/lzo_wrapper.o
  CC [M]  drivers/block/drbd/drbd_worker.o
  ASN.1   net/ipv4/netfilter/nf_nat_snmp_basic.asn1.[ch]
  CC [M]  net/ipv4/netfilter/nft_reject_ipv4.o
  CC      drivers/gpu/drm/drm_debugfs.o
  CC      net/ipv6/reassembly.o
  CC [M]  net/dsa/conduit.o
  CC [M]  net/netfilter/nft_queue.o
  CC [M]  fs/squashfs/xz_wrapper.o
  CC      drivers/base/power/qos.o
  CC      drivers/gpu/drm/drm_debugfs_crc.o
  CC [M]  fs/squashfs/zlib_wrapper.o
  CC [M]  net/netfilter/nft_quota.o
  CC [M]  net/dsa/devlink.o
  CC      drivers/base/power/runtime.o
  CC [M]  net/ipv4/netfilter/nft_fib_ipv4.o
  CC      drivers/gpu/drm/drm_edid_load.o
  CC [M]  net/netfilter/nft_reject.o
  CC [M]  drivers/block/drbd/drbd_receiver.o
  CC [M]  fs/squashfs/zstd_wrapper.o
  CC      net/ipv6/tcp_ipv6.o
  CC      drivers/gpu/drm/../../accel/drm_accel.o
  LD [M]  fs/squashfs/squashfs.o
  CC [M]  net/dsa/dsa.o
  CC [M]  fs/minix/bitmap.o
  CC [M]  net/ipv4/netfilter/nft_dup_ipv4.o
  CC      drivers/base/power/wakeirq.o
  CC [M]  net/netfilter/nft_reject_inet.o
  CC      drivers/base/power/main.o
  CC [M]  fs/minix/itree_v1.o
  CC      drivers/gpu/drm/drm_panel_orientation_quirks.o
  CC [M]  net/ipv4/netfilter/ip_tables.o
  CC [M]  net/netfilter/nft_reject_netdev.o
  CC [M]  fs/minix/itree_v2.o
  CC      drivers/gpu/drm/drm_gem_shmem_helper.o
  CC [M]  net/netfilter/nft_tunnel.o
  CC      drivers/base/power/wakeup.o
  CC [M]  fs/minix/namei.o
  CC [M]  drivers/block/drbd/drbd_req.o
  CC      drivers/gpu/drm/drm_fbdev_shmem.o
  CC [M]  net/netfilter/nft_log.o
  CC [M]  net/dsa/netlink.o
  CC [M]  fs/minix/inode.o
  CC [M]  net/ipv4/netfilter/iptable_filter.o
  CC      drivers/base/power/wakeup_stats.o
  CC      drivers/gpu/drm/drm_atomic_helper.o
  CC [M]  net/dsa/port.o
  CC      net/ipv6/ping.o
  CC [M]  net/ipv4/netfilter/iptable_mangle.o
  CC [M]  drivers/block/drbd/drbd_actlog.o
  CC      drivers/base/power/clock_ops.o
  CC [M]  net/netfilter/nft_masq.o
  CC [M]  fs/minix/file.o
  AR      drivers/base/power/built-in.a
  CC [M]  fs/minix/dir.o
  CC      drivers/base/firmware_loader/main.o
  CC [M]  net/dsa/switch.o
  CC [M]  net/ipv4/netfilter/iptable_nat.o
  CC      drivers/gpu/drm/drm_atomic_state_helper.o
  LD [M]  fs/minix/minix.o
  CC [M]  fs/exfat/inode.o
  CC      net/ipv6/exthdrs.o
  CC [M]  drivers/block/drbd/drbd_main.o
  CC [M]  net/netfilter/nft_redir.o
  CC      drivers/base/firmware_loader/builtin/main.o
  CC      drivers/gpu/drm/drm_bridge_helper.o
  CC [M]  fs/exfat/namei.o
  AR      drivers/base/firmware_loader/builtin/built-in.a
  AR      drivers/base/firmware_loader/built-in.a
  CC      drivers/base/module.o
  CC [M]  net/dsa/tag.o
  CC      drivers/gpu/drm/drm_crtc_helper.o
  CC [M]  net/ipv4/netfilter/iptable_raw.o
  CC      net/ipv6/datagram.o
  CC [M]  fs/exfat/dir.o
  CC      drivers/base/auxiliary_sysfs.o
  CC [M]  net/dsa/tag_8021q.o
  CC [M]  net/netfilter/nft_hash.o
  CC      drivers/gpu/drm/drm_damage_helper.o
  CC      net/ipv6/ip6_flowlabel.o
  CC      drivers/base/regmap/regmap.o
  CC [M]  fs/exfat/super.o
  CC [M]  net/ipv4/netfilter/iptable_security.o
  CC [M]  net/dsa/trace.o
  CC [M]  net/netfilter/nft_fib.o
  CC      drivers/gpu/drm/drm_flip_work.o
  CC [M]  net/ipv4/netfilter/ipt_ah.o
  CC [M]  net/netfilter/nft_fib_inet.o
  CC [M]  drivers/block/drbd/drbd_strings.o
  CC [M]  fs/exfat/fatent.o
  CC [M]  drivers/block/drbd/drbd_nl.o
  CC [M]  net/ipv4/netfilter/ipt_rpfilter.o
  CC      drivers/gpu/drm/drm_format_helper.o
  CC [M]  fs/exfat/cache.o
  CC      drivers/base/regmap/regcache.o
  CC [M]  net/dsa/user.o
  CC [M]  net/netfilter/nft_fib_netdev.o
  CC      net/ipv6/inet6_connection_sock.o
  CC [M]  net/ipv4/netfilter/ipt_ECN.o
  CC      drivers/gpu/drm/drm_gem_atomic_helper.o
  CC      drivers/base/regmap/regcache-rbtree.o
  CC [M]  fs/exfat/nls.o
  CC [M]  net/ipv4/netfilter/ipt_REJECT.o
  CC      drivers/base/regmap/regcache-flat.o
  CC      net/ipv6/udp_offload.o
  CC [M]  fs/exfat/misc.o
  CC [M]  net/netfilter/nft_socket.o
  CC      drivers/base/regmap/regcache-maple.o
  CC      drivers/gpu/drm/drm_gem_framebuffer_helper.o
  CC [M]  net/ipv4/netfilter/ipt_SYNPROXY.o
  CC [M]  net/dsa/tag_brcm.o
  CC [M]  fs/exfat/file.o
  CC      net/ipv6/seg6.o
  CC      drivers/gpu/drm/drm_kms_helper_common.o
  CC [M]  net/dsa/tag_dsa.o
  CC      drivers/gpu/drm/drm_modeset_helper.o
  CC      drivers/base/regmap/regmap-debugfs.o
  CC [M]  fs/exfat/balloc.o
  CC      net/ipv6/fib6_notifier.o
  CC [M]  net/netfilter/nft_osf.o
  CC      drivers/gpu/drm/drm_plane_helper.o
  CC [M]  drivers/block/drbd/drbd_interval.o
  CC [M]  fs/exfat/iomap.o
  CC      drivers/base/regmap/regmap-i2c.o
  CC      net/ipv6/rpl.o
  CC [M]  net/ipv4/netfilter/arp_tables.o
  CC [M]  net/netfilter/nft_tproxy.o
  CC [M]  drivers/block/drbd/drbd_state.o
  LD [M]  fs/exfat/exfat.o
  CC [M]  fs/isofs/namei.o
  CC      drivers/base/regmap/regmap-spi.o
  CC [M]  net/dsa/tag_none.o
  CC      drivers/gpu/drm/drm_probe_helper.o
  CC [M]  net/ipv4/netfilter/arpt_mangle.o
  CC [M]  net/netfilter/nft_xfrm.o
  CC [M]  net/dsa/tag_qca.o
  CC      drivers/base/regmap/regmap-spmi.o
  CC      net/ipv6/ioam6.o
  CC      drivers/gpu/drm/drm_self_refresh_helper.o
  CC [M]  fs/isofs/inode.o
  CC [M]  net/netfilter/nft_synproxy.o
  CC [M]  net/dsa/tag_trailer.o
  CC      drivers/gpu/drm/drm_simple_kms_helper.o
  CC      drivers/base/regmap/regmap-mmio.o
  CC [M]  net/ipv4/netfilter/arptable_filter.o
  CC [M]  drivers/block/drbd/drbd_nl_gen.o
  CC [M]  fs/isofs/dir.o
  CC [M]  net/netfilter/nft_chain_nat.o
  AR      net/dsa/built-in.a
  LD [M]  net/dsa/dsa_core.o
  CC      drivers/gpu/drm/drm_vblank_helper.o
  CC [M]  drivers/block/zram/zcomp.o
  CC [M]  net/ipv4/netfilter/nf_dup_ipv4.o
  CC [M]  fs/isofs/util.o
  CC      drivers/gpu/drm/bridge/panel.o
  CC [M]  drivers/block/zram/zram_drv.o
  CC      drivers/base/regmap/regmap-irq.o
  CC [M]  drivers/block/drbd/drbd_debugfs.o
  CC [M]  fs/isofs/rock.o
  CC      drivers/gpu/drm/drm_fb_helper.o
  CC [M]  fs/isofs/export.o
  CC      net/ipv6/sysctl_net_ipv6.o
  CC [M]  net/netfilter/nft_dup_netdev.o
  CC [M]  drivers/block/zram/backend_lzorle.o
  AR      drivers/base/regmap/built-in.a
  LD [M]  drivers/block/drbd/drbd.o
  AR      drivers/gpu/drm/tests/built-in.a
  CC      drivers/gpu/drm/drm_mipi_dsi.o
  CC      drivers/base/pinctrl.o
  AR      drivers/gpu/drm/arm/built-in.a
  CC [M]  drivers/block/zram/backend_lzo.o
  AR      net/ipv4/netfilter/built-in.a
  CC [M]  fs/isofs/joliet.o
  CC [M]  net/ipv4/netfilter/nf_nat_snmp_basic.asn1.o
  CC [M]  net/ipv4/netfilter/nf_nat_snmp_basic_main.o
  CC [M]  fs/hfsplus/super.o
  CC [M]  drivers/block/zram/backend_lz4.o
  CC      net/ipv6/ip6mr.o
  CC [M]  net/netfilter/nft_fwd_netdev.o
  CC [M]  drivers/block/zram/backend_lz4hc.o
  CC      drivers/base/devcoredump.o
  CC [M]  drivers/block/zram/backend_zstd.o
  LD [M]  net/ipv4/netfilter/nf_nat_snmp_basic.o
  CC      net/ipv4/tcp_cubic.o
  CC [M]  fs/hfsplus/options.o
  CC [M]  drivers/block/zram/backend_deflate.o
  CC [M]  fs/isofs/compress.o
  CC [M]  net/netfilter/nf_flow_table_core.o
  CC      drivers/base/platform-msi.o
  CC [M]  drivers/block/zram/backend_842.o
  CC      drivers/gpu/drm/clients/drm_client_setup.o
  CC      drivers/base/arch_topology.o
  CC      net/ipv4/tcp_bpf.o
  CC      drivers/gpu/drm/clients/drm_fbdev_client.o
  LD [M]  drivers/block/zram/zram.o
  CC [M]  drivers/block/null_blk/main.o
  LD [M]  fs/isofs/isofs.o
  CC [M]  fs/hfsplus/inode.o
  AR      drivers/gpu/drm/display/built-in.a
  CC [M]  drivers/gpu/drm/display/drm_display_helper_mod.o
  AR      drivers/gpu/drm/clients/built-in.a
  CC [M]  net/netfilter/nf_flow_table_ip.o
  CC      drivers/misc/tifm_core.o
  CC      net/ipv6/xfrm6_policy.o
  CC [M]  drivers/gpu/drm/display/drm_bridge_connector.o
  CC [M]  fs/hfsplus/ioctl.o
  AR      drivers/misc/eeprom/built-in.a
  CC [M]  drivers/misc/eeprom/at24.o
  CC [M]  drivers/block/null_blk/trace.o
  CC [M]  fs/hfsplus/extents.o
  CC [M]  net/netfilter/nf_flow_table_path.o
  CC      net/ipv4/udp_bpf.o
  CC [M]  drivers/block/null_blk/zoned.o
  AR      drivers/base/test/built-in.a
  CC      drivers/base/trace.o
  CC [M]  drivers/gpu/drm/display/drm_hdmi_audio_helper.o
  CC      net/ipv6/xfrm6_state.o
  CC [M]  fs/hfsplus/catalog.o
  CC [M]  drivers/misc/eeprom/eeprom_93cx6.o
  CC [M]  drivers/gpu/drm/display/drm_hdmi_cec_helper.o
  LD [M]  drivers/block/null_blk/null_blk.o
  AR      drivers/block/built-in.a
  AR      drivers/gpu/drm/renesas/rcar-du/built-in.a
  AR      drivers/gpu/drm/renesas/rz-du/built-in.a
  AR      drivers/gpu/drm/renesas/built-in.a
  CC      net/sunrpc/clnt.o
  CC      drivers/misc/cb710/core.o
  CC [M]  drivers/gpu/drm/display/drm_hdmi_helper.o
  CC [M]  fs/hfsplus/dir.o
  CC [M]  net/netfilter/nf_flow_table_offload.o
  AR      drivers/base/built-in.a
  CC      drivers/mfd/macsmc.o
  CC      net/ipv4/cipso_ipv4.o
  CC [M]  drivers/gpu/drm/display/drm_scdc_helper.o
  CC      net/ipv6/xfrm6_input.o
  CC [M]  drivers/gpu/drm/display/drm_hdmi_state_helper.o
  CC      drivers/misc/cb710/sgbuf2.o
  CC [M]  net/netfilter/nf_flow_table_xdp.o
  CC      net/ipv6/xfrm6_output.o
  CC [M]  fs/hfsplus/btree.o
  CC      drivers/mfd/mfd-core.o
  LD [M]  drivers/gpu/drm/display/drm_display_helper.o
  AR      drivers/gpu/drm/omapdrm/built-in.a
  AR      drivers/gpu/drm/tilcdc/built-in.a
  AR      drivers/gpu/drm/imx/built-in.a
  AR      drivers/gpu/drm/panel/built-in.a
  CC [M]  drivers/gpu/drm/panel/panel-simple.o
  AR      drivers/misc/cb710/built-in.a
  AR      drivers/misc/lis3lv02d/built-in.a
  AR      drivers/misc/cardreader/built-in.a
  CC      net/sunrpc/xprt.o
  CC      drivers/misc/ntsync.o
  CC [M]  fs/hfsplus/bnode.o
  CC      net/ipv4/xfrm4_policy.o
  CC      net/ipv6/xfrm6_protocol.o
  CC      drivers/mfd/syscon.o
  CC [M]  net/netfilter/nf_flow_table_procfs.o
  CC [M]  fs/hfsplus/brec.o
  CC      net/ipv4/xfrm4_state.o
  CC      net/ipv6/netfilter.o
  CC [M]  drivers/gpu/drm/panel/panel-summit.o
  AR      drivers/mfd/built-in.a
  CC      net/ipv6/fib6_rules.o
  AR      drivers/misc/keba/built-in.a
  AR      drivers/misc/amd-sbi/built-in.a
  CC [M]  drivers/misc/enclosure.o
  CC      net/ipv4/xfrm4_input.o
  CC [M]  fs/hfsplus/bfind.o
  CC      net/sunrpc/socklib.o
  CC [M]  net/netfilter/nf_flow_table_bpf.o
  AR      drivers/gpu/drm/bridge/analogix/built-in.a
  AR      drivers/gpu/drm/bridge/cadence/built-in.a
  CC      net/ipv4/xfrm4_output.o
  AR      drivers/gpu/drm/bridge/imx/built-in.a
  CC [M]  drivers/misc/uacce/uacce.o
  AR      drivers/gpu/drm/bridge/synopsys/built-in.a
  AR      drivers/gpu/drm/bridge/built-in.a
  AR      drivers/gpu/drm/hisilicon/built-in.a
  AR      drivers/gpu/drm/mxsfb/built-in.a
  CC      drivers/gpu/drm/sysfb/drm_sysfb.o
  CC [M]  fs/hfsplus/tables.o
  CC      net/strparser/strparser.o
  CC      net/sunrpc/xprtsock.o
  CC      net/ipv6/proc.o
  AR      drivers/misc/built-in.a
  CC [M]  fs/hfsplus/unicode.o
  AR      drivers/nfc/built-in.a
  CC [M]  drivers/nfc/nfcsim.o
  CC [M]  net/netfilter/nf_flow_table_inet.o
  AR      net/strparser/built-in.a
  CC      drivers/gpu/drm/tiny/bochs.o
  CC      drivers/gpu/drm/sysfb/drm_sysfb_modeset.o
  CC      net/ipv6/syncookies.o
  CC [M]  drivers/nfc/port100.o
  CC      net/ipv4/xfrm4_protocol.o
  CC [M]  net/netfilter/xt_mark.o
  AR      drivers/gpu/drm/tiny/built-in.a
  CC [M]  net/netfilter/xt_connmark.o
  CC      drivers/gpu/drm/sysfb/simpledrm.o
  CC      net/ipv6/calipso.o
  CC [M]  fs/hfs/bitmap.o
  CC [M]  fs/hfsplus/wrapper.o
  CC      net/ipv4/bpf_tcp_ca.o
  AR      drivers/gpu/drm/sysfb/built-in.a
  CC [M]  fs/hfs/bfind.o
  AR      drivers/gpu/drm/xlnx/built-in.a
  AR      drivers/gpu/drm/gud/built-in.a
  AR      drivers/gpu/drm/sitronix/built-in.a
  AR      drivers/gpu/drm/solomon/built-in.a
  CC [M]  drivers/nfc/pn544/pn544.o
  CC [M]  drivers/gpu/drm/drm_gem_dma_helper.o
  CC [M]  fs/hfsplus/bitmap.o
  CC [M]  net/ipv4/ip_tunnel.o
  CC [M]  net/netfilter/xt_set.o
  CC [M]  drivers/nfc/pn544/i2c.o
  CC      net/ipv6/seg6_iptunnel.o
  CC [M]  drivers/gpu/drm/drm_fbdev_dma.o
  CC [M]  fs/hfs/bnode.o
  CC      net/sunrpc/sched.o
  LD [M]  drivers/nfc/pn544/pn544_i2c.o
  CC [M]  fs/hfsplus/part_tbl.o
  CC [M]  drivers/nfc/microread/microread.o
  CC [M]  drivers/gpu/drm/drm_fb_dma_helper.o
  CC [M]  fs/hfs/brec.o
  CC [M]  net/netfilter/xt_nat.o
  CC [M]  net/ipv4/ipip.o
  CC [M]  fs/hfs/btree.o
  CC [M]  net/netfilter/xt_AUDIT.o
  CC [M]  fs/hfsplus/attributes.o
  CC [M]  drivers/gpu/drm/virtio/virtgpu_drv.o
  CC [M]  net/ipv4/fou_core.o
  CC [M]  drivers/nfc/microread/i2c.o
  CC [M]  fs/hfs/catalog.o
  CC [M]  drivers/gpu/drm/virtio/virtgpu_kms.o
  CC      net/ipv6/seg6_local.o
  CC [M]  fs/hfsplus/xattr.o
  LD [M]  drivers/nfc/microread/microread_i2c.o
  CC [M]  drivers/nfc/nfcmrvl/main.o
  CC [M]  drivers/gpu/drm/virtio/virtgpu_gem.o
  CC [M]  drivers/nfc/nfcmrvl/fw_dnld.o
  CC [M]  fs/hfsplus/xattr_user.o
  CC [M]  net/netfilter/xt_CHECKSUM.o
  CC [M]  fs/hfs/dir.o
  CC [M]  drivers/gpu/drm/virtio/virtgpu_vram.o
  CC [M]  fs/hfsplus/xattr_security.o
  CC [M]  net/netfilter/xt_CLASSIFY.o
  CC [M]  fs/hfs/extent.o
  CC      net/ipv6/seg6_hmac.o
  CC [M]  net/ipv4/fou_nl.o
  CC [M]  fs/hfsplus/xattr_trusted.o
  CC [M]  drivers/nfc/nfcmrvl/usb.o
  CC [M]  drivers/gpu/drm/virtio/virtgpu_display.o
  CC [M]  net/ipv4/fou_bpf.o
  LD [M]  fs/hfsplus/hfsplus.o
  AR      drivers/dax/hmem/built-in.a
  AR      drivers/dax/built-in.a
  CC      net/ipv6/mip6.o
  CC [M]  drivers/gpu/drm/adp/adp_drv.o
  CC      net/sunrpc/auth.o
  CC [M]  net/netfilter/xt_CT.o
  LD [M]  drivers/nfc/nfcmrvl/nfcmrvl.o
  LD [M]  drivers/nfc/nfcmrvl/nfcmrvl_usb.o
  CC [M]  drivers/nfc/st21nfca/core.o
  CC [M]  fs/hfs/inode.o
  CC [M]  drivers/gpu/drm/adp/adp-mipi.o
  CC [M]  drivers/gpu/drm/virtio/virtgpu_vq.o
  CC [M]  net/netfilter/xt_DSCP.o
  LD [M]  drivers/gpu/drm/adp/adpdrm.o
  LD [M]  drivers/gpu/drm/adp/adpdrm-mipi.o
  AR      net/ipv6/netfilter/built-in.a
  CC      net/sunrpc/auth_null.o
  CC [M]  net/netfilter/xt_HL.o
  CC [M]  net/ipv6/netfilter/ip6_tables.o
  CC [M]  net/ipv4/gre_demux.o
  CC [M]  fs/hfs/attr.o
  CC      net/8021q/vlan_core.o
  CC [M]  drivers/gpu/drm/virtio/virtgpu_fence.o
  CC [M]  drivers/nfc/st21nfca/dep.o
  CC      net/sunrpc/auth_tls.o
  CC [M]  net/netfilter/xt_HMARK.o
  CC [M]  fs/hfs/mdb.o
  CC [M]  net/ipv4/ip_gre.o
  CC      net/sunrpc/auth_unix.o
  CC [M]  net/ipv6/netfilter/ip6table_filter.o
  CC [M]  net/netfilter/xt_LED.o
  CC [M]  drivers/gpu/drm/virtio/virtgpu_object.o
  CC [M]  drivers/nfc/st21nfca/se.o
  CC [M]  fs/hfs/part_tbl.o
  CC [M]  net/ipv6/netfilter/ip6table_mangle.o
  CC [M]  fs/hfs/string.o
  CC [M]  net/netfilter/xt_LOG.o
  CC [M]  net/ipv4/udp_tunnel_core.o
  CC [M]  net/8021q/vlan.o
  CC [M]  fs/hfs/super.o
  CC [M]  net/ipv6/netfilter/ip6table_raw.o
  CC [M]  drivers/nfc/st21nfca/vendor_cmds.o
  CC      net/sunrpc/svc.o
  CC [M]  drivers/gpu/drm/virtio/virtgpu_debugfs.o
  CC [M]  net/netfilter/xt_NETMAP.o
  CC [M]  fs/hfs/sysdep.o
  CC [M]  net/8021q/vlan_dev.o
  CC [M]  net/ipv6/netfilter/ip6table_security.o
  CC [M]  net/ipv4/udp_tunnel_nic.o
  CC [M]  fs/hfs/trans.o
  LD [M]  fs/hfs/hfs.o
  CC [M]  drivers/gpu/drm/virtio/virtgpu_plane.o
  CC [M]  fs/ecryptfs/dentry.o
  CC [M]  net/8021q/vlan_netlink.o
  CC [M]  net/ipv6/netfilter/ip6table_nat.o
  CC [M]  drivers/nfc/st21nfca/i2c.o
  CC [M]  net/ipv4/ip_vti.o
  CC [M]  fs/ecryptfs/file.o
  CC [M]  net/8021q/vlan_gvrp.o
  CC [M]  net/netfilter/xt_NFLOG.o
  CC [M]  fs/ecryptfs/inode.o
  CC      net/sunrpc/svcsock.o
  CC [M]  net/ipv6/netfilter/nf_defrag_ipv6_hooks.o
  CC [M]  net/8021q/vlan_mvrp.o
  CC [M]  net/ipv4/ah4.o
  CC [M]  drivers/gpu/drm/virtio/virtgpu_ioctl.o
  CC [M]  net/netfilter/xt_NFQUEUE.o
  LD [M]  drivers/nfc/st21nfca/st21nfca_hci.o
  LD [M]  drivers/nfc/st21nfca/st21nfca_i2c.o
  CC [M]  drivers/nfc/s3fwrn5/core.o
  CC [M]  fs/ecryptfs/main.o
  CC [M]  net/8021q/vlanproc.o
  CC [M]  net/ipv6/netfilter/nf_conntrack_reasm.o
  CC [M]  drivers/nfc/s3fwrn5/firmware.o
  CC [M]  net/netfilter/xt_RATEEST.o
  AR      net/8021q/built-in.a
  LD [M]  net/8021q/8021q.o
  CC [M]  fs/nfsd/trace.o
  CC [M]  drivers/nfc/s3fwrn5/nci.o
  CC [M]  drivers/gpu/drm/virtio/virtgpu_prime.o
  CC [M]  net/ipv6/netfilter/nf_socket_ipv6.o
  CC [M]  net/netfilter/xt_REDIRECT.o
  CC [M]  drivers/nfc/s3fwrn5/phy_common.o
  CC      net/sunrpc/svcauth.o
  CC [M]  fs/ecryptfs/super.o
  CC [M]  net/ipv4/esp4.o
  CC [M]  drivers/nfc/s3fwrn5/i2c.o
  CC [M]  net/ipv6/netfilter/nf_tproxy_ipv6.o
  CC [M]  drivers/gpu/drm/virtio/virtgpu_trace_points.o
  CC [M]  net/netfilter/xt_MASQUERADE.o
  CC [M]  fs/ecryptfs/mmap.o
  LD [M]  drivers/nfc/s3fwrn5/s3fwrn5.o
  LD [M]  drivers/nfc/s3fwrn5/s3fwrn5_i2c.o
  CC [M]  fs/smb/common/cifs_md4.o
  CC [M]  net/netfilter/xt_TPROXY.o
  CC [M]  fs/ecryptfs/read_write.o
  CC [M]  net/ipv4/ipcomp.o
  CC [M]  net/ipv6/netfilter/nf_reject_ipv6.o
  CC [M]  fs/ecryptfs/crypto.o
  CC [M]  drivers/gpu/drm/virtio/virtgpu_submit.o
  CC [M]  net/netfilter/xt_TCPMSS.o
  CC [M]  fs/smb/common/compress/compress.o
  CC      net/sunrpc/svcauth_unix.o
  CC [M]  net/ipv4/xfrm4_tunnel.o
  CC [M]  fs/smb/common/compress/lz77.o
  CC [M]  net/ipv6/netfilter/nf_dup_ipv6.o
  LD [M]  fs/smb/common/smb_compress.o
  CC [M]  fs/ecryptfs/keystore.o
  CC [M]  fs/smb/client/trace.o
  CC [M]  net/ipv4/tunnel4.o
  LD [M]  drivers/gpu/drm/virtio/virtio-gpu.o
  CC [M]  drivers/gpu/drm/apple/apple_drv.o
  CC [M]  net/ipv6/netfilter/nft_reject_ipv6.o
  CC [M]  net/ipv4/inet_diag.o
  CC [M]  net/ipv6/netfilter/nft_dup_ipv6.o
  CC      net/sunrpc/addr.o
  CC [M]  drivers/gpu/drm/apple/afk.o
  CC [M]  net/netfilter/xt_TCPOPTSTRIP.o
  CC [M]  fs/ecryptfs/kthread.o
  CC      net/sunrpc/rpcb_clnt.o
  CC [M]  net/ipv4/tcp_diag.o
  CC [M]  fs/ecryptfs/debug.o
  CC [M]  net/ipv6/netfilter/nft_fib_ipv6.o
  CC      net/sunrpc/timer.o
  CC [M]  net/ipv4/udp_diag.o
  CC [M]  net/netfilter/xt_TEE.o
  LD [M]  fs/ecryptfs/ecryptfs.o
  CC      net/ipv6/addrconf_core.o
  CC [M]  drivers/gpu/drm/apple/dcp.o
  CC [M]  net/ipv6/netfilter/ip6t_ah.o
  CC [M]  net/ipv4/raw_diag.o
  CC      net/sunrpc/xdr.o
  CC [M]  fs/smb/client/cifsfs.o
  AR      net/wireless/tests/built-in.a
  CC      net/wireless/wext-core.o
  CC [M]  drivers/gpu/drm/apple/dcp_backlight.o
  CC [M]  net/ipv6/netfilter/ip6t_eui64.o
  CC [M]  net/ipv4/tcp_bbr.o
  CC [M]  net/netfilter/xt_TRACE.o
  CC [M]  drivers/gpu/drm/apple/dptxep.o
  CC      net/wireless/wext-proc.o
  CC      net/sunrpc/sunrpc_syms.o
  CC [M]  net/netfilter/xt_IDLETIMER.o
  CC [M]  drivers/gpu/drm/apple/iomfb.o
  CC [M]  net/ipv6/netfilter/ip6t_frag.o
  CC      net/sunrpc/cache.o
  CC [M]  fs/smb/client/cifs_debug.o
  CC [M]  net/netfilter/xt_addrtype.o
  CC [M]  fs/nfsd/nfssvc.o
  CC [M]  drivers/gpu/drm/apple/parser.o
  CC [M]  net/wireless/core.o
  CC [M]  net/ipv6/netfilter/ip6t_ipv6header.o
  CC [M]  net/netfilter/xt_bpf.o
  CC [M]  net/ipv4/tcp_bic.o
  CC [M]  drivers/gpu/drm/apple/systemep.o
  CC [M]  net/ipv6/netfilter/ip6t_mh.o
  CC [M]  net/netfilter/xt_cluster.o
  CC [M]  drivers/gpu/drm/apple/audio.o
  CC [M]  net/wireless/sysfs.o
  CC [M]  net/ipv6/netfilter/ip6t_hbh.o
  CC      net/sunrpc/rpc_pipe.o
  CC [M]  fs/smb/client/connect.o
  CC [M]  drivers/gpu/drm/apple/av.o
  CC [M]  fs/nfsd/nfsctl.o
  CC [M]  net/ipv4/tcp_cdg.o
  CC [M]  net/ipv6/netfilter/ip6t_rpfilter.o
  CC [M]  net/netfilter/xt_comment.o
  CC [M]  net/wireless/radiotap.o
  CC [M]  drivers/gpu/drm/apple/connector.o
  CC      net/sunrpc/sysfs.o
  CC [M]  net/ipv4/tcp_dctcp.o
  CC [M]  net/netfilter/xt_connbytes.o
  CC [M]  fs/nfsd/nfsfh.o
  CC      net/sunrpc/svc_xprt.o
  CC [M]  net/wireless/util.o
  CC [M]  net/ipv6/netfilter/ip6t_rt.o
  CC [M]  drivers/gpu/drm/apple/ibootep.o
  CC [M]  net/ipv4/tcp_westwood.o
  CC [M]  fs/nfsd/vfs.o
  CC [M]  net/netfilter/xt_connlabel.o
  CC [M]  net/ipv4/tcp_highspeed.o
  CC [M]  fs/smb/client/dir.o
  CC [M]  drivers/gpu/drm/apple/iomfb_v12_3.o
  CC      net/sunrpc/xprtmultipath.o
  CC [M]  net/ipv4/tcp_hybla.o
  CC [M]  net/ipv6/netfilter/ip6t_srh.o
  CC [M]  net/netfilter/xt_connlimit.o
  CC [M]  net/ipv6/netfilter/ip6t_NPT.o
  CC [M]  fs/nfsd/export.o
  CC [M]  net/wireless/reg.o
  CC [M]  net/netfilter/xt_conntrack.o
  CC [M]  drivers/gpu/drm/apple/iomfb_v13_3.o
  CC [M]  net/ipv4/tcp_htcp.o
  CC      net/sunrpc/netlink.o
  CC [M]  net/ipv6/netfilter/ip6t_REJECT.o
  CC [M]  fs/smb/client/file.o
  CC [M]  net/ipv6/netfilter/ip6t_SYNPROXY.o
  CC [M]  fs/nfsd/auth.o
  CC      net/sunrpc/debugfs.o
  CC [M]  net/netfilter/xt_cpu.o
  CC [M]  net/wireless/scan.o
  CC [M]  drivers/gpu/drm/apple/iomfb_v14_7.o
  CC [M]  fs/nfsd/lockd.o
  CC [M]  net/ipv4/tcp_vegas.o
  CC [M]  net/netfilter/xt_dccp.o
  CC      net/sunrpc/backchannel_rqst.o
  CC [M]  net/netfilter/xt_devgroup.o
  LD [M]  net/ipv6/netfilter/nf_defrag_ipv6.o
  CC      net/ipv6/exthdrs_core.o
  CC      net/sunrpc/stats.o
  CC [M]  fs/nfsd/nfscache.o
  CC [M]  net/ipv4/tcp_nv.o
  CC      net/ipv6/ip6_checksum.o
  CC [M]  drivers/gpu/drm/apple/epic/dpavservep.o
  CC [M]  net/netfilter/xt_dscp.o
  CC [M]  net/wireless/nl80211.o
  CC      net/sunrpc/sysctl.o
  CC      net/ipv6/ip6_icmp.o
  CC [M]  net/ipv4/tcp_veno.o
  CC [M]  net/netfilter/xt_ecn.o
  CC [M]  fs/smb/client/inode.o
  CC [M]  drivers/gpu/drm/apple/plane.o
  CC [M]  net/sunrpc/auth_gss/auth_gss.o
  CC      net/ipv6/output_core.o
  CC [M]  net/ipv4/tcp_scalable.o
  CC [M]  drivers/gpu/drm/apple/trace.o
  CC [M]  fs/nfsd/stats.o
  CC [M]  net/ipv4/tcp_lp.o
  CC [M]  net/netfilter/xt_esp.o
  CC [M]  net/ipv4/tcp_yeah.o
  CC      net/ipv6/protocol.o
  CC [M]  net/sunrpc/auth_gss/gss_mech_switch.o
  LD [M]  drivers/gpu/drm/apple/appledrm.o
  AR      drivers/gpu/drm/built-in.a
  LD [M]  drivers/gpu/drm/drm_dma_helper.o
  AR      drivers/gpu/built-in.a
  CC [M]  fs/nfsd/filecache.o
  CC      drivers/dma-buf/dma-buf.o
  CC      net/ipv6/ip6_offload.o
  CC [M]  net/sunrpc/auth_gss/svcauth_gss.o
  CC [M]  net/ipv4/tcp_illinois.o
  CC [M]  net/netfilter/xt_hashlimit.o
  CC      drivers/dma-buf/dma-fence.o
  AR      net/ipv4/built-in.a
  LD [M]  net/ipv4/fou.o
  LD [M]  net/ipv4/gre.o
  LD [M]  net/ipv4/udp_tunnel.o
  CC      drivers/dma-buf/dma-fence-array.o
  CC [M]  net/sunrpc/auth_gss/gss_rpc_upcall.o
  CC      net/ipv6/exthdrs_offload.o
  CC [M]  net/netfilter/xt_helper.o
  CC [M]  fs/smb/client/link.o
  CC [M]  net/sunrpc/auth_gss/gss_rpc_xdr.o
  CC [M]  fs/ntfs/aops.o
  CC [M]  net/netfilter/xt_hl.o
  CC [M]  net/netfilter/xt_ipcomp.o
  CC      net/ipv6/inet6_hashtables.o
  CC [M]  net/sunrpc/auth_gss/trace.o
  CC [M]  fs/smb/client/misc.o
  CC      drivers/dma-buf/dma-fence-chain.o
  CC [M]  fs/nfsd/nfs3proc.o
  CC [M]  net/netfilter/xt_iprange.o
  CC [M]  fs/ntfs/attrib.o
  CC [M]  net/netfilter/xt_ipvs.o
  CC [M]  fs/smb/client/netmisc.o
  CC      drivers/dma-buf/dma-fence-unwrap.o
  CC [M]  net/sunrpc/auth_gss/gss_krb5_mech.o
  CC [M]  net/netfilter/xt_l2tp.o
  CC [M]  fs/smb/client/smbencrypt.o
  CC      net/ipv6/mcast_snoop.o
  CC      drivers/dma-buf/dma-resv.o
  CC [M]  net/sunrpc/auth_gss/gss_krb5_seal.o
  CC [M]  fs/smb/client/transport.o
  CC [M]  net/ipv6/ah6.o
  CC [M]  fs/nfsd/nfs3xdr.o
  CC [M]  net/sunrpc/auth_gss/gss_krb5_unseal.o
  CC [M]  net/wireless/mlme.o
  CC      drivers/dma-buf/dma-buf-mapping.o
  CC [M]  net/netfilter/xt_length.o
  CC [M]  net/sunrpc/auth_gss/gss_krb5_wrap.o
  CC [M]  fs/ntfs/collate.o
  CC [M]  net/ipv6/esp6.o
  CC [M]  net/sunrpc/auth_gss/gss_krb5_crypto.o
  CC      drivers/dma-buf/sync_file.o
  CC [M]  fs/nfsd/netlink.o
  CC [M]  fs/smb/client/cached_dir.o
  CC [M]  fs/ntfs/dir.o
  CC [M]  net/wireless/ibss.o
  CC [M]  fs/nfsd/nfs3acl.o
  CC [M]  net/netfilter/xt_limit.o
  LD [M]  net/sunrpc/auth_gss/auth_rpcgss.o
  LD [M]  net/sunrpc/auth_gss/rpcsec_gss_krb5.o
  AR      net/sunrpc/built-in.a
  CC [M]  net/netfilter/xt_mac.o
  AR      drivers/dma-buf/built-in.a
  AR      drivers/cxl/core/built-in.a
  AR      drivers/cxl/built-in.a
  AR      drivers/macintosh/built-in.a
  CC      drivers/scsi/scsi.o
  CC [M]  net/ipv6/ipcomp6.o
  CC [M]  fs/smb/client/cifs_unicode.o
  CC [M]  net/wireless/sme.o
  CC [M]  fs/ntfs/file.o
  CC [M]  net/netfilter/xt_multiport.o
  CC [M]  net/netfilter/xt_nfacct.o
  CC [M]  fs/smb/client/cifsencrypt.o
  CC [M]  fs/nfsd/nfs4proc.o
  CC [M]  fs/ntfs3/attrib.o
  CC      drivers/scsi/hosts.o
  CC [M]  net/wireless/chan.o
  CC [M]  net/ipv6/xfrm6_tunnel.o
  CC [M]  fs/smb/client/readdir.o
  CC [M]  net/netfilter/xt_osf.o
  CC      drivers/scsi/scsi_ioctl.o
  CC [M]  fs/ntfs/index.o
  CC [M]  fs/ntfs3/attrlist.o
  CC [M]  net/netfilter/xt_owner.o
  CC [M]  fs/ntfs3/bitfunc.o
  CC [M]  fs/smb/client/ioctl.o
  CC [M]  net/ipv6/tunnel6.o
  CC [M]  fs/nfsd/nfs4xdr.o
  CC [M]  fs/ntfs3/bitmap.o
  CC [M]  net/netfilter/xt_cgroup.o
  CC [M]  fs/ntfs/inode.o
  CC      drivers/scsi/scsicam.o
  CC [M]  net/netfilter/xt_physdev.o
  CC [M]  fs/smb/client/sess.o
  CC [M]  fs/ntfs3/dir.o
  CC [M]  net/ipv6/ip6_vti.o
  CC [M]  net/netfilter/xt_pkttype.o
  CC [M]  net/wireless/ethtool.o
  CC      drivers/scsi/scsi_error.o
  CC [M]  fs/ntfs/mft.o
  CC [M]  fs/ntfs3/fsntfs.o
  CC [M]  fs/smb/client/export.o
  CC [M]  net/netfilter/xt_policy.o
  CC [M]  net/ipv6/sit.o
  CC [M]  fs/nfsd/nfs4state.o
  CC [M]  net/netfilter/xt_quota.o
  CC [M]  net/wireless/mesh.o
  CC [M]  fs/smb/client/unc.o
  CC [M]  fs/ntfs/mst.o
  CC [M]  net/wireless/ap.o
  CC [M]  fs/smb/client/winucase.o
  CC [M]  fs/smb/client/smb2ops.o
  CC [M]  fs/ntfs/namei.o
  CC [M]  net/ipv6/ip6_tunnel.o
  CC      drivers/scsi/scsi_lib.o
  CC [M]  fs/ntfs3/frecord.o
  CC [M]  net/netfilter/xt_rateest.o
  CC [M]  net/wireless/trace.o
  CC [M]  fs/ntfs/runlist.o
  CC [M]  net/netfilter/xt_realm.o
  CC [M]  fs/ntfs/super.o
  CC [M]  fs/ntfs3/file.o
  CC [M]  net/netfilter/xt_recent.o
  CC      drivers/scsi/constants.o
  GEN     fs/smb/client/smb2_mapping_table.c
  CC [M]  fs/smb/client/smb2transport.o
  CC [M]  fs/nfsd/nfs4idmap.o
  CC [M]  fs/ntfs3/fslog.o
  CC [M]  net/ipv6/ip6_gre.o
  CC [M]  fs/ntfs/unistr.o
  CC [M]  fs/smb/client/smb2misc.o
  CC      drivers/scsi/scsi_lib_dma.o
  CC [M]  fs/nfsd/nfs4acl.o
  CC [M]  net/netfilter/xt_sctp.o
  CC [M]  fs/nfsd/nfs4callback.o
  CC [M]  fs/ntfs/attrlist.o
  CC      drivers/scsi/scsi_scan.o
  CC [M]  fs/smb/client/smb2pdu.o
  CC [M]  fs/ntfs3/inode.o
  CC [M]  fs/ntfs/ea.o
  CC [M]  fs/ntfs/upcase.o
  CC [M]  net/netfilter/xt_socket.o
  CC [M]  fs/ntfs3/index.o
  CC [M]  fs/nfsd/nfs4recover.o
  GEN     drivers/scsi/scsi_devinfo_tbl.c
  CC      drivers/scsi/scsi_devinfo.o
  CC [M]  fs/ntfs/bitmap.o
  CC      drivers/scsi/scsi_netlink.o
  CC [M]  net/ipv6/fou6.o
  CC [M]  fs/nfsd/nfs4xdr_gen.o
  CC [M]  fs/ntfs3/lznt.o
  CC      drivers/scsi/scsi_sysctl.o
  CC [M]  net/netfilter/xt_state.o
  CC [M]  net/ipv6/ip6_udp_tunnel.o
  CC      drivers/scsi/scsi_proc.o
  CC [M]  fs/ntfs3/namei.o
  CC [M]  fs/nfsd/nfs4layouts.o
  CC [M]  fs/ntfs/lcnalloc.o
  CC [M]  net/netfilter/xt_statistic.o
  CC [M]  fs/ntfs3/record.o
  CC [M]  net/wireless/ocb.o
  CC [M]  net/ipv6/ila/ila_main.o
  CC [M]  net/netfilter/xt_string.o
  CC [M]  fs/ntfs3/run.o
  CC [M]  fs/nfsd/blocklayout.o
  CC      drivers/scsi/scsi_debugfs.o
  CC [M]  net/wireless/michael-mic.o
  CC [M]  net/netfilter/xt_tcpmss.o
  CC [M]  fs/ntfs3/super.o
  CC [M]  net/wireless/pmsr.o
  CC [M]  net/ipv6/ila/ila_common.o
  CC [M]  fs/ntfs/logfile.o
  CC [M]  fs/nfsd/blocklayoutxdr.o
  CC      drivers/scsi/scsi_trace.o
  CC [M]  net/netfilter/xt_time.o
  CC      drivers/scsi/scsi_logging.o
  CC [M]  fs/nfsd/flexfilelayout.o
  CC [M]  fs/smb/client/smb2inode.o
  CC [M]  fs/ntfs/reparse.o
  CC [M]  net/wireless/of.o
  CC [M]  fs/ntfs3/upcase.o
  CC [M]  net/ipv6/ila/ila_lwt.o
  CC [M]  fs/nfsd/flexfilelayoutxdr.o
  CC [M]  net/netfilter/xt_u32.o
  CC [M]  fs/ntfs/compress.o
  CC [M]  net/ipv6/ila/ila_xlat.o
  CC      drivers/scsi/scsi_pm.o
  CC [M]  fs/nfsd/debugfs.o
  CC [M]  fs/ntfs3/xattr.o
  CC [M]  fs/smb/client/smb2file.o
  CC [M]  net/wireless/debugfs.o
  CC [M]  fs/ntfs/iomap.o
  LD [M]  fs/nfsd/nfsd.o
  CC [M]  fs/smb/client/cifsacl.o
  LD [M]  net/ipv6/ila/ila.o
  AR      net/ipv6/built-in.a
  CC      net/netlabel/netlabel_user.o
  CC      drivers/scsi/scsi_dh.o
  CC [M]  fs/ntfs/debug.o
  CC [M]  fs/smb/client/fs_context.o
  CC [M]  net/wireless/wext-compat.o
  CC [M]  fs/ntfs/sysctl.o
  CC [M]  fs/ntfs/object_id.o
  CC      drivers/scsi/scsi_bsg.o
  CC [M]  fs/ntfs3/lib/decompress_common.o
  CC      net/netlabel/netlabel_kapi.o
  CC [M]  fs/ntfs/bdev-io.o
  CC [M]  net/netfilter/ipset/ip_set_core.o
  CC [M]  fs/ntfs3/lib/lzx_decompress.o
  CC [M]  net/netfilter/ipvs/ip_vs_conn.o
  CC [M]  fs/smb/client/dns_resolve.o
  CC      net/netlabel/netlabel_domainhash.o
  CC [M]  fs/ntfs3/lib/xpress_decompress.o
  CC      drivers/scsi/scsi_common.o
  LD [M]  fs/ntfs/ntfs.o
  CC [M]  net/netfilter/ipset/ip_set_getport.o
  AR      drivers/nvme/common/built-in.a
  LD [M]  fs/ntfs3/ntfs3.o
  CC      drivers/nvme/host/core.o
  CC [M]  net/netfilter/ipset/pfxlen.o
  AR      drivers/scsi/device_handler/built-in.a
  CC [M]  drivers/scsi/device_handler/scsi_dh_rdac.o
  CC      net/netlabel/netlabel_addrlist.o
  CC [M]  net/wireless/wext-sme.o
  CC [M]  drivers/scsi/device_handler/scsi_dh_hp_sw.o
  CC [M]  net/netfilter/ipvs/ip_vs_core.o
  CC [M]  drivers/scsi/device_handler/scsi_dh_emc.o
  CC      net/netlabel/netlabel_mgmt.o
  ASN.1   fs/smb/client/cifs_spnego_negtokeninit.asn1.[ch]
  CC [M]  fs/smb/client/namespace.o
  CC [M]  net/netfilter/ipset/ip_set_bitmap_ip.o
  GEN     net/wireless/shipped-certs.c
  AR      net/wireless/built-in.a
  CC [M]  net/wireless/shipped-certs.o
  CC      drivers/scsi/virtio_scsi.o
  CC      net/netlabel/netlabel_unlabeled.o
  LD [M]  net/wireless/cfg80211.o
  CC [M]  fs/ufs/balloc.o
  CC [M]  drivers/scsi/device_handler/scsi_dh_alua.o
  CC [M]  fs/smb/client/reparse.o
  CC      net/netlabel/netlabel_cipso_v4.o
  CC [M]  net/netfilter/ipvs/ip_vs_ctl.o
  CC [M]  net/netfilter/ipset/ip_set_bitmap_ipmac.o
  CC      drivers/nvme/host/ioctl.o
  CC      drivers/scsi/sd.o
  CC      net/netlabel/netlabel_calipso.o
  CC [M]  fs/ufs/cylinder.o
  CC [M]  fs/ufs/dir.o
  CC [M]  net/netfilter/ipset/ip_set_bitmap_port.o
  AR      net/netlabel/built-in.a
  CC [M]  net/netfilter/ipset/ip_set_hash_ip.o
  CC [M]  net/netfilter/ipset/ip_set_hash_ipmac.o
  CC [M]  fs/ufs/file.o
  AR      net/netfilter/built-in.a
  CC      drivers/nvme/host/sysfs.o
  CC      drivers/nvme/host/pr.o
  CC [M]  fs/smb/client/xattr.o
  CC [M]  net/netfilter/ipvs/ip_vs_sched.o
  CC      drivers/scsi/sd_dif.o
  CC [M]  fs/ufs/ialloc.o
  CC      drivers/scsi/sd_zbc.o
  CC [M]  fs/smb/client/cifs_spnego.o
  CC [M]  net/netfilter/ipset/ip_set_hash_ipmark.o
  CC      drivers/nvme/host/constants.o
  CC      drivers/scsi/sr.o
  CC      drivers/mtd/mtdcore.o
  CC      net/dcb/dcbnl.o
  CC [M]  fs/ufs/inode.o
  CC [M]  fs/smb/client/dfs_cache.o
  CC [M]  net/netfilter/ipvs/ip_vs_xmit.o
  CC      drivers/nvme/host/trace.o
  CC [M]  fs/ufs/namei.o
  CC      net/dcb/dcbevent.o
  CC      drivers/scsi/sr_ioctl.o
  CC [M]  fs/ufs/super.o
  CC [M]  fs/smb/client/dfs.o
  AR      net/dcb/built-in.a
  AR      drivers/nvme/target/built-in.a
  CC [M]  fs/affs/super.o
  CC      drivers/nvme/host/multipath.o
  CC [M]  net/netfilter/ipset/ip_set_hash_ipport.o
  CC      drivers/mtd/mtdsuper.o
  CC      drivers/scsi/sr_vendor.o
  CC [M]  fs/ufs/util.o
  CC [M]  fs/smb/client/cifssmb.o
  CC [M]  fs/affs/namei.o
  LD [M]  fs/ufs/ufs.o
  CC [M]  fs/affs/inode.o
  CC [M]  net/netfilter/ipvs/ip_vs_app.o
  CC      drivers/nvme/host/zns.o
  CC      drivers/mtd/mtdconcat.o
  CC      drivers/spi/spi.o
  CC      drivers/scsi/sg.o
  CC [M]  net/netfilter/ipvs/ip_vs_sync.o
  CC      drivers/nvme/host/pci.o
  CC [M]  net/netfilter/ipset/ip_set_hash_ipportip.o
  CC [M]  fs/affs/file.o
  CC      drivers/mtd/mtdpart.o
  CC [M]  drivers/scsi/raid_class.o
  CC      drivers/spi/spi-mem.o
  CC      drivers/mtd/mtdchar.o
  CC [M]  net/netfilter/ipvs/ip_vs_est.o
  CC [M]  net/netfilter/ipset/ip_set_hash_ipportnet.o
  CC      drivers/nvme/host/apple.o
  CC [M]  drivers/scsi/scsi_transport_spi.o
  CC [M]  fs/smb/client/smb1debug.o
  CC [M]  fs/affs/dir.o
  CC      drivers/spi/spi-apple.o
  AR      drivers/mtd/parsers/built-in.a
  CC [M]  drivers/mtd/parsers/ofpart_core.o
  CC [M]  net/netfilter/ipvs/ip_vs_proto.o
  AR      drivers/nvme/host/built-in.a
  AR      drivers/nvme/built-in.a
  CC [M]  net/netfilter/ipset/ip_set_hash_mac.o
  LD [M]  drivers/mtd/parsers/ofpart.o
  CC      drivers/mtd/chips/chipreg.o
  CC [M]  fs/smb/client/smb1encrypt.o
  CC [M]  drivers/scsi/scsi_transport_fc.o
  CC [M]  fs/affs/amigaffs.o
  CC [M]  drivers/mtd/chips/cfi_probe.o
  CC [M]  net/netfilter/ipvs/ip_vs_pe.o
  CC [M]  drivers/spi/spidev.o
  GEN     fs/smb/client/smb1_mapping_table.c
  GEN     fs/smb/client/smb1_err_dos_map.c
  GEN     fs/smb/client/smb1_err_srv_map.c
  CC [M]  fs/smb/client/smb1misc.o
  CC [M]  fs/affs/bitmap.o
  CC [M]  net/netfilter/ipset/ip_set_hash_net.o
  CC [M]  net/netfilter/ipvs/ip_vs_proto_tcp.o
  CC [M]  drivers/mtd/chips/cfi_util.o
  CC [M]  drivers/spi/spi-virtio.o
  CC [M]  fs/smb/client/smb1ops.o
  CC [M]  drivers/mtd/chips/cfi_cmdset_0020.o
  LD [M]  net/netfilter/nf_conntrack.o
  CC [M]  fs/romfs/storage.o
  CC [M]  net/netfilter/ipvs/ip_vs_proto_udp.o
  CC [M]  fs/romfs/super.o
  CC [M]  fs/affs/symlink.o
  CC [M]  drivers/mtd/chips/cfi_cmdset_0002.o
  AR      drivers/spi/built-in.a
  CC      net/sysctl_net.o
  CC [M]  net/netfilter/ipvs/ip_vs_proto_ah_esp.o
  LD [M]  fs/romfs/romfs.o
  AR      drivers/mtd/lpddr/built-in.a
  CC [M]  fs/fuse/trace.o
  LD [M]  fs/affs/affs.o
  CC [M]  drivers/scsi/scsi_transport_iscsi.o
  CC [M]  fs/smb/client/smb1session.o
  CC [M]  net/netfilter/ipset/ip_set_hash_netport.o
  CC [M]  net/netfilter/ipset/ip_set_hash_netiface.o
  CC [M]  drivers/mtd/chips/cfi_cmdset_0001.o
  LD [M]  net/netfilter/nf_conntrack_h323.o
  CC      drivers/spmi/spmi.o
  CC [M]  fs/smb/client/smb1transport.o
  CC [M]  net/netfilter/ipvs/ip_vs_proto_sctp.o
  CC [M]  fs/fuse/dev.o
  CC [M]  fs/smb/client/smb2maperror.o
  CC [M]  drivers/mtd/chips/gen_probe.o
  CC [M]  net/netfilter/ipvs/ip_vs_nfct.o
  CC [M]  drivers/scsi/scsi_transport_sas.o
  CC [M]  drivers/scsi/scsi_transport_srp.o
  CC [M]  net/netfilter/ipset/ip_set_hash_netnet.o
  CC [M]  fs/smb/client/cifs_spnego_negtokeninit.asn1.o
  CC [M]  fs/smb/client/asn1.o
  CC [M]  net/netfilter/ipvs/ip_vs_rr.o
  AR      drivers/mtd/chips/built-in.a
  CC      drivers/spmi/spmi-devres.o
  AR      drivers/mtd/maps/built-in.a
  AR      drivers/mtd/devices/built-in.a
  AR      drivers/mtd/nand/onenand/built-in.a
  AR      drivers/mtd/nand/raw/ingenic/built-in.a
  AR      drivers/mtd/nand/raw/built-in.a
  AR      drivers/mtd/nand/spi/built-in.a
  AR      drivers/mtd/nand/built-in.a
  CC [M]  fs/smb/client/smb1maperror.o
  AR      drivers/mtd/tests/built-in.a
  CC [M]  drivers/mtd/mtd_blkdevs.o
  CC [M]  drivers/mtd/mtdblock.o
  CC [M]  net/netfilter/ipvs/ip_vs_wrr.o
  CC [M]  drivers/scsi/libiscsi.o
  CC      drivers/spmi/spmi-apple-controller.o
  CC      net/dns_resolver/dns_key.o
  LD [M]  fs/smb/client/cifs.o
  LD [M]  net/netfilter/nf_nat.o
  LD [M]  net/netfilter/nf_tables.o
  LD [M]  net/netfilter/nf_flow_table.o
  CC      drivers/net/loopback.o
  CC      net/dns_resolver/dns_query.o
  CC [M]  fs/fuse/dir.o
  CC [M]  net/netfilter/ipvs/ip_vs_lc.o
  AR      drivers/spmi/built-in.a
  CC [M]  net/netfilter/ipvs/ip_vs_wlc.o
  CC      drivers/net/phy/stubs.o
  CC [M]  drivers/mtd/spi-nor/core.o
  CC [M]  net/netfilter/ipset/ip_set_hash_netportnet.o
  AR      drivers/mtd/built-in.a
  AR      net/dns_resolver/built-in.a
  CC [M]  fs/overlayfs/super.o
  AR      net/mpls/built-in.a
  CC [M]  net/mpls/mpls_gso.o
  CC [M]  drivers/scsi/libiscsi_tcp.o
  CC [M]  fs/fuse/file.o
  CC [M]  net/netfilter/ipvs/ip_vs_fo.o
  CC      drivers/net/phy/mdio_bus.o
  CC [M]  net/mpls/af_mpls.o
  CC [M]  fs/overlayfs/namei.o
  CC [M]  drivers/mtd/spi-nor/sfdp.o
  CC [M]  fs/fuse/inode.o
  CC [M]  net/netfilter/ipvs/ip_vs_ovf.o
  CC      drivers/net/phy/phy.o
  CC [M]  drivers/mtd/spi-nor/swp.o
  CC [M]  net/netfilter/ipset/ip_set_list_set.o
  CC [M]  net/mpls/mpls_iptunnel.o
  CC [M]  drivers/scsi/iscsi_tcp.o
  CC [M]  fs/overlayfs/util.o
  CC [M]  drivers/mtd/spi-nor/otp.o
  CC [M]  fs/fuse/control.o
  CC      drivers/net/phy/phy-c45.o
  CC [M]  net/netfilter/ipvs/ip_vs_lblc.o
  CC [M]  drivers/mtd/spi-nor/sysfs.o
  CC [M]  drivers/scsi/iscsi_boot_sysfs.o
  LD [M]  net/mpls/mpls_router.o
  CC [M]  net/netfilter/ipvs/ip_vs_lblcr.o
  LD [M]  net/netfilter/ipset/ip_set.o
  CC [M]  fs/overlayfs/inode.o
  CC [M]  drivers/scsi/st.o
  CC [M]  fs/udf/balloc.o
  CC [M]  drivers/mtd/spi-nor/atmel.o
  AR      drivers/firewire/built-in.a
  CC      drivers/net/phy/phy-core.o
  CC [M]  fs/fuse/xattr.o
  CC      drivers/cdrom/cdrom.o
  CC [M]  net/netfilter/ipvs/ip_vs_dh.o
  CC [M]  fs/udf/dir.o
  CC [M]  fs/overlayfs/file.o
  CC      drivers/net/phy/phy_device.o
  CC [M]  drivers/mtd/spi-nor/eon.o
  CC [M]  net/netfilter/ipvs/ip_vs_sh.o
  CC [M]  fs/udf/file.o
  CC [M]  fs/fuse/acl.o
  CC [M]  fs/overlayfs/dir.o
  CC [M]  fs/udf/ialloc.o
  CC [M]  drivers/mtd/spi-nor/esmt.o
  CC [M]  net/netfilter/ipvs/ip_vs_mh.o
  AR      drivers/cdrom/built-in.a
  CC [M]  drivers/mtd/spi-nor/everspin.o
  CC [M]  fs/udf/inode.o
  CC [M]  fs/fuse/readdir.o
  CC [M]  fs/overlayfs/readdir.o
  AR      drivers/auxdisplay/built-in.a
  CC [M]  fs/fuse/ioctl.o
  CC [M]  net/netfilter/ipvs/ip_vs_sed.o
  CC [M]  drivers/mtd/spi-nor/gigadevice.o
  CC [M]  drivers/scsi/ch.o
  CC      net/switchdev/switchdev.o
  CC [M]  drivers/mtd/spi-nor/intel.o
  CC [M]  net/netfilter/ipvs/ip_vs_nq.o
  CC [M]  fs/udf/lowlevel.o
  CC [M]  drivers/scsi/ses.o
  CC [M]  net/netfilter/ipvs/ip_vs_twos.o
  CC [M]  fs/fuse/req_timeout.o
  CC [M]  fs/udf/namei.o
  AR      net/switchdev/built-in.a
  CC [M]  drivers/mtd/spi-nor/issi.o
  CC [M]  fs/jfs/super.o
  CC      drivers/net/phy/linkmode.o
  CC [M]  fs/overlayfs/copy_up.o
  CC [M]  net/netfilter/ipvs/ip_vs_ftp.o
  CC [M]  drivers/scsi/libsas/sas_init.o
  CC [M]  fs/fuse/req.o
  CC [M]  drivers/mtd/spi-nor/macronix.o
  CC [M]  fs/udf/partition.o
  CC [M]  fs/overlayfs/export.o
  CC [M]  fs/fuse/poll.o
  CC      drivers/net/phy/phy_link_topology.o
  CC [M]  drivers/scsi/libsas/sas_phy.o
  CC [M]  net/netfilter/ipvs/ip_vs_pe_sip.o
  CC [M]  fs/fuse/notify.o
  CC [M]  fs/overlayfs/params.o
  CC [M]  fs/udf/super.o
  CC [M]  drivers/mtd/spi-nor/micron-st.o
  CC [M]  fs/jfs/file.o
  CC      drivers/net/phy/phy_caps.o
  CC [M]  fs/fuse/iomode.o
  CC [M]  fs/overlayfs/xattrs.o
  LD [M]  net/netfilter/ipvs/ip_vs.o
  CC [M]  drivers/mtd/spi-nor/spansion.o
  CC      net/l3mdev/l3mdev.o
  CC [M]  drivers/scsi/libsas/sas_port.o
  CC      drivers/net/phy/mdio_bus_provider.o
  CC [M]  fs/fuse/passthrough.o
  CC [M]  fs/jfs/inode.o
  LD [M]  fs/overlayfs/overlay.o
  CC [M]  fs/jfs/namei.o
  CC [M]  drivers/scsi/libsas/sas_event.o
  CC [M]  fs/fuse/backing.o
  CC [M]  fs/udf/truncate.o
  CC [M]  drivers/mtd/spi-nor/sst.o
  CC [M]  drivers/scsi/libsas/sas_discover.o
  CC      drivers/net/phy/phy_port.o
  CC      drivers/scsi/scsi_sysfs.o
  CC [M]  fs/udf/symlink.o
  CC [M]  drivers/mtd/spi-nor/winbond.o
  AR      net/l3mdev/built-in.a
  CC [M]  fs/jfs/jfs_mount.o
  CC      net/mptcp/protocol.o
  CC [M]  fs/fuse/sysctl.o
  CC [M]  fs/udf/directory.o
  CC      drivers/net/phy/mdio_device.o
  CC [M]  fs/fuse/dev_uring.o
  CC [M]  drivers/scsi/libsas/sas_expander.o
  CC [M]  fs/jfs/jfs_umount.o
  CC [M]  fs/udf/misc.o
  CC [M]  drivers/mtd/spi-nor/xmc.o
  CC [M]  fs/xfs/xfs_trace.o
  CC [M]  fs/jfs/jfs_xtree.o
  CC [M]  fs/udf/udftime.o
  CC [M]  fs/fuse/cuse.o
  CC [M]  fs/udf/unicode.o
  CC      drivers/net/phy/swphy.o
  CC [M]  drivers/mtd/spi-nor/debugfs.o
  LD [M]  fs/fuse/fuse.o
  AR      drivers/scsi/built-in.a
  CC [M]  fs/xfs/libxfs/xfs_group.o
  LD [M]  fs/udf/udf.o
  CC [M]  fs/jfs/jfs_imap.o
  CC      drivers/usb/common/common.o
  CC [M]  drivers/scsi/libsas/sas_scsi_host.o
  LD [M]  drivers/mtd/spi-nor/spi-nor.o
  CC      net/mptcp/subflow.o
  CC      drivers/net/phy/phy_led_triggers.o
  CC      net/mptcp/options.o
  CC [M]  fs/jfs/jfs_debug.o
  CC [M]  drivers/scsi/libsas/sas_task.o
  CC      drivers/input/input.o
  CC      drivers/usb/common/debug.o
  CC [M]  fs/jfs/jfs_dmap.o
  CC      drivers/usb/common/led.o
  CC      drivers/net/phy/mdio_devres.o
  CC [M]  drivers/scsi/libsas/sas_host_smp.o
  CC      drivers/usb/common/usb-conn-gpio.o
  CC      drivers/net/phy/phy_package.o
  CC      drivers/usb/common/ulpi.o
  CC      net/mptcp/token.o
  CC [M]  fs/xfs/libxfs/xfs_ag.o
  CC      drivers/net/phy/mii_timestamper.o
  CC [M]  fs/jfs/jfs_unicode.o
  CC      drivers/net/phy/sfp-bus.o
  AR      drivers/usb/common/built-in.a
  CC [M]  fs/jfs/jfs_dtree.o
  CC      drivers/usb/core/usb.o
  LD [M]  drivers/scsi/libsas/libsas.o
  CC      net/mptcp/crypto.o
  CC      drivers/net/phy/fixed_phy.o
  CC      drivers/input/input-compat.o
  AR      drivers/net/pse-pd/built-in.a
  CC      net/handshake/alert.o
  CC      drivers/input/input-mt.o
  CC      net/mptcp/ctrl.o
  CC [M]  fs/9p/vfs_super.o
  CC      drivers/usb/core/hub.o
  CC      drivers/input/input-poller.o
  CC      net/handshake/genl.o
  CC [M]  fs/9p/vfs_inode.o
  CC      drivers/input/ff-core.o
  AR      drivers/net/phy/mediatek/built-in.a
  CC      drivers/net/phy/qcom/qcom-phy-lib.o
  CC      net/handshake/netlink.o
  CC      net/mptcp/pm.o
  CC      net/handshake/request.o
  CC      drivers/input/touchscreen.o
  CC      drivers/net/phy/qcom/at803x.o
  CC [M]  fs/9p/vfs_inode_dotl.o
  CC      drivers/input/touch-overlay.o
  CC [M]  fs/jfs/jfs_inode.o
  AR      drivers/net/phy/qcom/built-in.a
  CC      drivers/net/phy/realtek/realtek_main.o
  CC [M]  fs/9p/vfs_addr.o
  CC      net/mptcp/diag.o
  CC [M]  fs/jfs/jfs_discard.o
  CC      net/handshake/tlshd.o
  CC      drivers/input/input-leds.o
  CC [M]  fs/jfs/jfs_extent.o
  CC [M]  fs/9p/vfs_file.o
  CC [M]  fs/jfs/symlink.o
  CC      drivers/input/mousedev.o
  CC      net/handshake/trace.o
  CC      drivers/usb/core/hcd.o
  CC [M]  fs/jfs/jfs_metapage.o
  CC      net/mptcp/mib.o
  CC      drivers/net/phy/realtek/realtek_hwmon.o
  CC [M]  fs/9p/vfs_dir.o
  AR      net/handshake/built-in.a
  CC      drivers/usb/phy/phy.o
  CC      drivers/input/evdev.o
  CC      net/mptcp/pm_netlink.o
  CC      drivers/usb/core/urb.o
  AR      drivers/net/phy/realtek/built-in.a
  CC [M]  fs/jfs/jfs_logmgr.o
  CC      drivers/net/phy/rockchip.o
  CC [M]  fs/9p/vfs_dentry.o
  AR      drivers/input/keyboard/built-in.a
  CC      drivers/usb/phy/of.o
  CC [M]  drivers/input/keyboard/gpio_keys.o
  CC [M]  drivers/net/phy/phylink.o
  CC [M]  fs/xfs/libxfs/xfs_ag_resv.o
  CC      net/mptcp/sockopt.o
  CC [M]  fs/9p/v9fs.o
  CC [M]  fs/jfs/jfs_txnmgr.o
  CC      drivers/usb/core/message.o
  CC [M]  drivers/input/keyboard/gpio_keys_polled.o
  CC      drivers/usb/phy/phy-ulpi.o
  CC [M]  fs/xfs/libxfs/xfs_alloc.o
  AR      drivers/input/mouse/built-in.a
  CC [M]  drivers/input/mouse/appletouch.o
  CC [M]  fs/jfs/resize.o
  CC [M]  drivers/net/phy/sfp.o
  CC      drivers/usb/phy/phy-ulpi-viewport.o
  CC [M]  fs/9p/fid.o
  CC [M]  drivers/input/mouse/bcm5974.o
  CC      net/mptcp/pm_userspace.o
  CC [M]  fs/jfs/xattr.o
  CC      drivers/usb/core/driver.o
  CC [M]  drivers/usb/phy/phy-generic.o
  CC [M]  drivers/net/phy/amd.o
  CC [M]  fs/jfs/ioctl.o
  CC [M]  fs/9p/xattr.o
  CC [M]  fs/xfs/libxfs/xfs_alloc_btree.o
  CC      net/mptcp/fastopen.o
  AR      drivers/usb/phy/built-in.a
  CC [M]  fs/jfs/acl.o
  AR      drivers/input/joystick/built-in.a
  CC [M]  drivers/input/joystick/xpad.o
  CC [M]  drivers/input/mouse/synaptics_usb.o
  CC [M]  drivers/net/phy/ax88796b.o
  CC [M]  fs/9p/acl.o
  LD [M]  fs/jfs/jfs.o
  CC [M]  drivers/input/joystick/iforce/iforce-ff.o
  CC [M]  drivers/net/phy/bcm54140.o
  CC      drivers/usb/core/config.o
  CC [M]  fs/xfs/libxfs/xfs_attr.o
  LD [M]  fs/9p/9p.o
  CC [M]  fs/xfs/libxfs/xfs_attr_leaf.o
  CC [M]  fs/nilfs2/inode.o
  CC [M]  drivers/net/phy/bcm7xxx.o
  CC      net/mptcp/sched.o
  CC [M]  fs/xfs/libxfs/xfs_attr_remote.o
  CC [M]  drivers/input/joystick/iforce/iforce-main.o
  CC      drivers/usb/core/file.o
  CC      drivers/usb/core/buffer.o
  CC [M]  fs/nilfs2/file.o
  CC [M]  fs/nilfs2/dir.o
  CC [M]  drivers/input/joystick/iforce/iforce-packets.o
  CC      drivers/usb/core/sysfs.o
  CC      net/mptcp/mptcp_pm_gen.o
  CC [M]  drivers/net/phy/bcm87xx.o
  CC [M]  drivers/input/joystick/iforce/iforce-usb.o
  CC      net/mptcp/pm_kernel.o
  CC [M]  fs/xfs/libxfs/xfs_bit.o
  CC [M]  fs/nilfs2/super.o
  CC [M]  drivers/net/phy/bcm-phy-lib.o
  LD [M]  drivers/input/joystick/iforce/iforce.o
  AR      drivers/input/tablet/built-in.a
  CC [M]  drivers/input/tablet/acecad.o
  CC [M]  fs/xfs/libxfs/xfs_bmap.o
  CC      drivers/usb/isp1760/isp1760-core.o
  CC [M]  fs/befs/datastream.o
  CC [M]  drivers/input/tablet/aiptek.o
  CC [M]  fs/nilfs2/namei.o
  CC [M]  drivers/net/phy/bcm-phy-ptp.o
  CC      drivers/usb/core/endpoint.o
  CC      net/mptcp/syncookies.o
  CC      drivers/usb/isp1760/isp1760-if.o
  CC [M]  fs/befs/btree.o
  CC      drivers/usb/core/devio.o
  CC [M]  drivers/net/phy/broadcom.o
  CC [M]  fs/nilfs2/page.o
  CC      net/mptcp/bpf.o
  CC      drivers/usb/isp1760/isp1760-hcd.o
  CC [M]  drivers/input/tablet/hanwang.o
  CC [M]  fs/befs/super.o
  CC [M]  net/mptcp/mptcp_diag.o
  CC [M]  drivers/net/phy/cicada.o
  CC [M]  fs/befs/inode.o
  CC [M]  fs/befs/debug.o
  CC      drivers/usb/core/notify.o
  CC [M]  drivers/input/tablet/kbtab.o
  CC [M]  fs/nilfs2/mdt.o
  CC [M]  drivers/net/phy/davicom.o
  CC [M]  fs/xfs/libxfs/xfs_bmap_btree.o
  CC      drivers/usb/core/generic.o
  AR      net/mptcp/built-in.a
  CC [M]  net/llc/llc_core.o
  CC [M]  fs/befs/io.o
  CC [M]  fs/nilfs2/btnode.o
  CC      drivers/usb/core/quirks.o
  CC [M]  drivers/input/tablet/pegasus_notetaker.o
  CC [M]  net/llc/llc_input.o
  CC [M]  fs/befs/linuxvfs.o
  AR      drivers/usb/isp1760/built-in.a
  CC [M]  net/llc/llc_output.o
  CC      drivers/usb/core/devices.o
  CC [M]  fs/nilfs2/bmap.o
  CC [M]  drivers/net/phy/dp83848.o
  AR      drivers/input/touchscreen/built-in.a
  CC [M]  drivers/input/touchscreen/apple_z2.o
  CC      drivers/net/mdio/fwnode_mdio.o
  CC      drivers/usb/core/phy.o
  LD [M]  fs/befs/befs.o
  CC [M]  fs/xfs/libxfs/xfs_btree.o
  LD [M]  net/llc/llc.o
  CC [M]  net/tls/tls_main.o
  CC      drivers/input/misc/macsmc-input.o
  CC [M]  fs/nilfs2/btree.o
  CC      drivers/net/mdio/of_mdio.o
  CC [M]  net/tls/tls_sw.o
  CC [M]  drivers/input/misc/ati_remote2.o
  CC [M]  drivers/net/phy/dp83867.o
  CC      drivers/net/mdio/mdio-bcm-unimac.o
  CC      drivers/usb/core/port.o
  CC      drivers/usb/host/pci-quirks.o
  CC [M]  drivers/net/mdio/mdio-bitbang.o
  CC [M]  fs/nilfs2/direct.o
  CC [M]  drivers/usb/host/xhci.o
  CC [M]  drivers/net/phy/icplus.o
  CC      drivers/usb/core/trace.o
  CC [M]  drivers/input/misc/cm109.o
  CC [M]  drivers/net/mdio/mdio-i2c.o
  CC [M]  fs/xfs/libxfs/xfs_btree_staging.o
  CC      drivers/usb/core/of.o
  CC [M]  drivers/net/mdio/mdio-mux.o
  CC [M]  fs/nilfs2/dat.o
  CC      drivers/usb/core/hcd-pci.o
  CC [M]  fs/xfs/libxfs/xfs_da_btree.o
  CC [M]  drivers/input/misc/e3x0-button.o
  CC [M]  drivers/net/mdio/mdio-mux-gpio.o
  CC [M]  drivers/net/phy/et1011c.o
  AR      drivers/usb/core/built-in.a
  CC [M]  drivers/net/mdio/mdio-mux-mmioreg.o
  AR      drivers/usb/storage/built-in.a
  CC [M]  drivers/usb/storage/uas.o
  CC [M]  drivers/usb/host/xhci-mem.o
  CC [M]  net/tls/tls_proc.o
  AR      drivers/net/mdio/built-in.a
  CC [M]  drivers/usb/host/xhci-ext-caps.o
  CC [M]  fs/nilfs2/recovery.o
  CC [M]  drivers/input/misc/keyspan_remote.o
  CC [M]  net/tls/trace.o
  CC [M]  drivers/net/phy/lxt.o
  CC [M]  drivers/usb/storage/scsiglue.o
  CC [M]  drivers/input/misc/powermate.o
  CC [M]  fs/xfs/libxfs/xfs_defer.o
  CC [M]  drivers/usb/host/xhci-ring.o
  CC [M]  drivers/net/phy/marvell10g.o
  CC [M]  drivers/input/misc/pwm-beeper.o
  CC [M]  net/tls/tls_strp.o
  CC [M]  drivers/usb/storage/protocol.o
  CC [M]  fs/nilfs2/the_nilfs.o
  CC [M]  fs/cachefiles/cache.o
  CC [M]  drivers/net/phy/marvell.o
  CC [M]  drivers/input/misc/pwm-vibra.o
  CC [M]  drivers/usb/storage/transport.o
  CC [M]  fs/xfs/libxfs/xfs_dir2.o
  CC [M]  fs/cachefiles/daemon.o
  CC [M]  fs/nilfs2/segbuf.o
  CC [M]  drivers/input/misc/uinput.o
  CC [M]  drivers/usb/host/xhci-hub.o
  LD [M]  net/tls/tls.o
  CC [M]  net/key/af_key.o
  CC [M]  fs/cachefiles/interface.o
  CC [M]  drivers/net/phy/micrel.o
  CC [M]  fs/nilfs2/segment.o
  CC [M]  drivers/input/misc/yealink.o
  CC [M]  drivers/usb/storage/usb.o
  CC [M]  drivers/usb/host/xhci-dbg.o
  CC [M]  fs/cachefiles/io.o
  AR      drivers/input/misc/built-in.a
  CC [M]  drivers/input/ff-memless.o
  CC [M]  drivers/usb/host/xhci-trace.o
  CC [M]  fs/xfs/libxfs/xfs_dir2_block.o
  CC [M]  drivers/usb/storage/initializers.o
  CC [M]  drivers/usb/storage/sierra_ms.o
  CC [M]  fs/nilfs2/cpfile.o
  CC [M]  drivers/input/joydev.o
  CC [M]  drivers/net/phy/microchip.o
  CC [M]  drivers/usb/host/xhci-debugfs.o
  CC [M]  drivers/usb/storage/option_ms.o
  CC [M]  fs/nilfs2/sufile.o
  CC [M]  fs/cachefiles/key.o
  CC [M]  drivers/net/phy/national.o
  CC [M]  net/bridge/br.o
  CC [M]  fs/xfs/libxfs/xfs_dir2_data.o
  CC [M]  fs/cachefiles/main.o
  CC [M]  drivers/usb/storage/usual-tables.o
  CC [M]  drivers/net/phy/qsemi.o
  CC [M]  fs/nilfs2/ifile.o
  CC [M]  drivers/usb/host/xhci-pci-core.o
  AR      drivers/input/built-in.a
  CC [M]  fs/nilfs2/alloc.o
  CC [M]  drivers/usb/storage/alauda.o
  CC [M]  net/bridge/br_device.o
  CC      drivers/rtc/lib.o
  CC [M]  fs/nilfs2/gcinode.o
  CC [M]  fs/cachefiles/namei.o
  CC [M]  drivers/usb/host/xhci-pci-asmedia.o
  CC [M]  drivers/usb/storage/cypress_atacb.o
  CC [M]  fs/xfs/libxfs/xfs_dir2_leaf.o
  CC [M]  drivers/net/phy/smsc.o
  CC      drivers/rtc/class.o
  CC [M]  fs/nilfs2/ioctl.o
  CC [M]  drivers/usb/host/xhci-pci-renesas.o
  CC [M]  fs/cachefiles/security.o
  CC [M]  drivers/net/phy/ste10Xp.o
  CC [M]  drivers/usb/storage/datafab.o
  CC [M]  drivers/usb/host/xhci-plat.o
  CC [M]  fs/nilfs2/sysfs.o
  CC [M]  net/bridge/br_fdb.o
  CC [M]  fs/cachefiles/volume.o
  CC      drivers/rtc/interface.o
  CC [M]  drivers/net/phy/vitesse.o
  CC [M]  drivers/usb/storage/ene_ub6250.o
  CC [M]  fs/cachefiles/xattr.o
  CC [M]  fs/xfs/libxfs/xfs_dir2_node.o
  LD [M]  fs/nilfs2/nilfs2.o
  CC      drivers/i2c/i2c-boardinfo.o
  CC [M]  drivers/usb/storage/freecom.o
  AR      drivers/net/phy/built-in.a
  CC      drivers/i2c/i2c-core-base.o
  AR      drivers/net/pcs/built-in.a
  AR      drivers/net/dsa/b53/built-in.a
  AR      drivers/usb/host/built-in.a
  CC [M]  drivers/net/dsa/b53/b53_common.o
  LD [M]  drivers/usb/host/xhci-hcd.o
  LD [M]  drivers/usb/host/xhci-pci.o
  LD [M]  drivers/usb/host/xhci-plat-hcd.o
  CC [M]  fs/xfs/libxfs/xfs_dir2_sf.o
  CC [M]  fs/cachefiles/ondemand.o
  CC      drivers/rtc/nvmem.o
  CC [M]  drivers/usb/storage/isd200.o
  CC [M]  net/bridge/br_forward.o
  CC      drivers/rtc/dev.o
  LD [M]  fs/cachefiles/cachefiles.o
  CC [M]  fs/xfs/libxfs/xfs_dquot_buf.o
  CC [M]  drivers/usb/storage/jumpshot.o
  CC      drivers/i2c/i2c-core-smbus.o
  CC [M]  net/bridge/br_if.o
  CC [M]  drivers/usb/storage/karma.o
  AR      drivers/i3c/built-in.a
  AR      drivers/media/i2c/built-in.a
  CC [M]  net/can/af_can.o
  CC [M]  drivers/media/i2c/cs3308.o
  CC      drivers/rtc/proc.o
  CC [M]  fs/xfs/libxfs/xfs_exchmaps.o
  CC [M]  drivers/usb/storage/onetouch.o
  AR      drivers/net/dsa/hirschmann/built-in.a
  AR      drivers/net/dsa/lantiq/built-in.a
  AR      drivers/net/dsa/microchip/built-in.a
  AR      drivers/net/dsa/mv88e6xxx/built-in.a
  CC [M]  drivers/net/dsa/mv88e6xxx/chip.o
  CC [M]  drivers/usb/storage/realtek_cr.o
  CC      drivers/i2c/i2c-core-of.o
  CC      drivers/rtc/sysfs.o
  CC [M]  net/bridge/br_input.o
  CC [M]  drivers/media/i2c/cs5345.o
  CC      drivers/i2c/i2c-core-of-prober.o
  CC [M]  fs/xfs/libxfs/xfs_ialloc.o
  CC [M]  net/can/proc.o
  CC [M]  net/bridge/br_ioctl.o
  CC      drivers/rtc/rtc-macsmc.o
  CC [M]  drivers/usb/storage/sddr09.o
  CC      drivers/i2c/i2c-mux.o
  CC [M]  net/can/raw.o
  CC [M]  drivers/media/i2c/cs53l32a.o
  AR      drivers/i2c/algos/built-in.a
  CC [M]  drivers/i2c/algos/i2c-algo-bit.o
  CC [M]  drivers/net/dsa/mv88e6xxx/devlink.o
  AR      drivers/rtc/built-in.a
  CC [M]  drivers/net/dsa/mv88e6xxx/global1.o
  CC [M]  drivers/usb/storage/sddr55.o
  CC [M]  net/bridge/br_stp.o
  CC [M]  fs/xfs/libxfs/xfs_ialloc_btree.o
  CC [M]  drivers/media/i2c/ir-kbd-i2c.o
  CC      drivers/i2c/busses/i2c-pasemi-core.o
  CC [M]  net/can/bcm.o
  AR      drivers/net/dsa/mxl862xx/built-in.a
  CC      drivers/i2c/busses/i2c-pasemi-platform.o
  CC [M]  drivers/media/i2c/m52790.o
  CC [M]  net/bridge/br_stp_bpdu.o
  AR      drivers/i2c/busses/built-in.a
  CC      drivers/i2c/muxes/i2c-mux-pca954x.o
  CC [M]  drivers/usb/storage/shuttle_usbat.o
  CC [M]  fs/xfs/libxfs/xfs_iext_tree.o
  CC [M]  drivers/net/dsa/mv88e6xxx/global1_atu.o
  CC [M]  drivers/media/i2c/msp3400-driver.o
  CC      drivers/pps/pps.o
  CC [M]  net/bridge/br_stp_if.o
  CC [M]  net/can/gw.o
  CC [M]  drivers/i2c/muxes/i2c-arb-gpio-challenge.o
  LD [M]  drivers/usb/storage/usb-storage.o
  LD [M]  drivers/usb/storage/ums-alauda.o
  LD [M]  drivers/usb/storage/ums-cypress.o
  LD [M]  drivers/usb/storage/ums-datafab.o
  LD [M]  drivers/usb/storage/ums-eneub6250.o
  LD [M]  drivers/usb/storage/ums-freecom.o
  LD [M]  drivers/usb/storage/ums-isd200.o
  LD [M]  drivers/usb/storage/ums-jumpshot.o
  LD [M]  drivers/usb/storage/ums-karma.o
  LD [M]  drivers/usb/storage/ums-onetouch.o
  LD [M]  drivers/usb/storage/ums-realtek.o
  LD [M]  drivers/usb/storage/ums-sddr09.o
  LD [M]  drivers/usb/storage/ums-sddr55.o
  LD [M]  drivers/usb/storage/ums-usbat.o
  AR      drivers/usb/misc/built-in.a
  CC [M]  drivers/usb/misc/adutux.o
  CC [M]  drivers/net/dsa/mv88e6xxx/global1_vtu.o
  CC      drivers/pps/kapi.o
  CC [M]  drivers/i2c/muxes/i2c-demux-pinctrl.o
  LD [M]  net/can/can.o
  LD [M]  net/can/can-raw.o
  LD [M]  net/can/can-bcm.o
  LD [M]  net/can/can-gw.o
  CC [M]  fs/xfs/libxfs/xfs_inode_fork.o
  CC [M]  fs/xfs/libxfs/xfs_inode_buf.o
  CC [M]  net/bridge/br_stp_timer.o
  CC [M]  drivers/i2c/muxes/i2c-mux-gpio.o
  CC [M]  drivers/usb/misc/appledisplay.o
  CC [M]  drivers/media/i2c/msp3400-kthreads.o
  CC [M]  drivers/net/dsa/mv88e6xxx/global2.o
  CC      drivers/pps/sysfs.o
  CC [M]  drivers/i2c/muxes/i2c-mux-gpmux.o
  CC [M]  net/bridge/br_netlink.o
  CC [M]  drivers/usb/misc/emi26.o
  AR      drivers/pps/clients/built-in.a
  CC [M]  drivers/pps/clients/pps-ldisc.o
  CC [M]  drivers/usb/misc/emi62.o
  CC [M]  drivers/net/dsa/mv88e6xxx/global2_avb.o
  CC [M]  drivers/usb/misc/ezusb.o
  CC [M]  drivers/media/i2c/mt9v011.o
  CC [M]  fs/xfs/libxfs/xfs_inode_util.o
  CC [M]  fs/ocfs2/alloc.o
  CC [M]  drivers/i2c/muxes/i2c-mux-pca9541.o
  CC [M]  drivers/net/dsa/mv88e6xxx/global2_scratch.o
  CC [M]  drivers/pps/clients/pps-gpio.o
  CC [M]  net/bridge/br_netlink_tunnel.o
  CC [M]  drivers/usb/misc/apple-mfi-fastcharge.o
  CC [M]  drivers/media/i2c/ov2640.o
  AR      drivers/pps/built-in.a
  AR      drivers/media/tuners/built-in.a
  CC [M]  drivers/media/tuners/e4000.o
  CC [M]  drivers/usb/misc/idmouse.o
  CC [M]  drivers/i2c/muxes/i2c-mux-pinctrl.o
  CC [M]  drivers/net/dsa/mv88e6xxx/pcs-6185.o
  CC [M]  drivers/usb/misc/iowarrior.o
  CC [M]  drivers/i2c/muxes/i2c-mux-reg.o
  CC [M]  fs/xfs/libxfs/xfs_log_rlimit.o
  AR      drivers/i2c/muxes/built-in.a
  CC [M]  drivers/i2c/i2c-dev.o
  CC [M]  drivers/media/i2c/ov7640.o
  CC [M]  drivers/net/dsa/mv88e6xxx/pcs-6352.o
  CC [M]  net/bridge/br_arp_nd_proxy.o
  CC [M]  drivers/media/tuners/fc0011.o
  CC [M]  drivers/media/i2c/saa6588.o
  CC [M]  fs/xfs/libxfs/xfs_metadir.o
  CC [M]  drivers/net/dsa/mv88e6xxx/pcs-639x.o
  CC [M]  drivers/usb/misc/isight_firmware.o
  CC [M]  drivers/media/i2c/saa6752hs.o
  AR      drivers/i2c/built-in.a
  AR      drivers/net/ethernet/adi/built-in.a
  AR      drivers/net/ethernet/alibaba/built-in.a
  AR      drivers/net/ethernet/aquantia/built-in.a
  CC [M]  drivers/net/ethernet/aquantia/atlantic/aq_main.o
  CC [M]  drivers/media/tuners/fc0012.o
  CC [M]  net/bridge/br_sysfs_if.o
  CC [M]  drivers/media/i2c/saa7115.o
  CC [M]  drivers/usb/misc/usblcd.o
  CC [M]  fs/ocfs2/aops.o
  CC [M]  drivers/media/tuners/fc0013.o
  CC [M]  drivers/net/ethernet/aquantia/atlantic/aq_nic.o
  CC [M]  drivers/net/dsa/mv88e6xxx/phy.o
  CC [M]  drivers/usb/misc/ldusb.o
  CC [M]  drivers/media/i2c/saa717x.o
  CC [M]  net/bridge/br_sysfs_br.o
  CC [M]  drivers/media/tuners/fc2580.o
  CC [M]  drivers/usb/misc/legousbtower.o
  CC [M]  drivers/media/i2c/sony-btf-mpx.o
  CC [M]  drivers/media/tuners/it913x.o
  CC [M]  fs/xfs/libxfs/xfs_metafile.o
  CC [M]  fs/ocfs2/blockcheck.o
  CC [M]  drivers/usb/misc/trancevibrator.o
  CC [M]  drivers/media/i2c/tda7432.o
  CC [M]  drivers/net/dsa/mv88e6xxx/port.o
  CC [M]  drivers/media/tuners/m88rs6000t.o
  CC [M]  fs/ocfs2/buffer_head_io.o
  CC [M]  net/bridge/br_nf_core.o
  CC [M]  drivers/media/i2c/tda9840.o
  CC [M]  fs/xfs/libxfs/xfs_parent.o
  CC [M]  drivers/usb/misc/usbsevseg.o
  CC [M]  drivers/net/ethernet/aquantia/atlantic/aq_pci_func.o
  CC [M]  net/bridge/br_multicast.o
  CC [M]  drivers/media/tuners/max2165.o
  CC [M]  fs/ocfs2/dcache.o
  CC [M]  drivers/media/i2c/tea6415c.o
  CC [M]  drivers/net/dsa/mv88e6xxx/port_hidden.o
  CC [M]  drivers/net/ethernet/aquantia/atlantic/aq_vec.o
  CC [M]  drivers/usb/misc/yurex.o
  CC [M]  fs/xfs/libxfs/xfs_rmap.o
  CC [M]  drivers/net/dsa/mv88e6xxx/serdes.o
  CC [M]  drivers/media/tuners/mc44s803.o
  CC [M]  drivers/net/ethernet/aquantia/atlantic/aq_ring.o
  CC [M]  drivers/media/i2c/tea6420.o
  CC [M]  drivers/media/tuners/mt2060.o
  CC [M]  drivers/net/dsa/mv88e6xxx/smi.o
  CC [M]  fs/ocfs2/dir.o
  CC [M]  drivers/usb/misc/chaoskey.o
  CC [M]  drivers/media/tuners/mt2063.o
  CC [M]  drivers/media/i2c/tvaudio.o
  CC [M]  drivers/net/ethernet/aquantia/atlantic/aq_hw_utils.o
  CC [M]  net/bridge/br_mdb.o
  CC [M]  drivers/net/ethernet/aquantia/atlantic/aq_ethtool.o
  CC [M]  drivers/media/tuners/mt20xx.o
  CC [M]  drivers/net/dsa/mv88e6xxx/switchdev.o
  CC      drivers/usb/roles/class.o
  CC [M]  drivers/net/ethernet/aquantia/atlantic/aq_drvinfo.o
  CC [M]  drivers/media/tuners/mt2131.o
  CC [M]  net/bridge/br_multicast_eht.o
  AR      drivers/usb/roles/built-in.a
  CC [M]  drivers/media/i2c/tvp5150.o
  CC [M]  drivers/usb/dwc3/core.o
  CC [M]  drivers/net/ethernet/aquantia/atlantic/aq_filters.o
  CC [M]  fs/ocfs2/dlmglue.o
  CC [M]  drivers/media/tuners/mt2266.o
  CC [M]  fs/xfs/libxfs/xfs_rmap_btree.o
  CC [M]  net/bridge/br_vlan.o
  CC [M]  drivers/net/ethernet/aquantia/atlantic/aq_phy.o
  CC [M]  drivers/net/dsa/mv88e6xxx/trace.o
  CC [M]  drivers/media/tuners/mxl301rf.o
  CC [M]  drivers/media/tuners/mxl5005s.o
  CC [M]  fs/xfs/libxfs/xfs_refcount.o
  CC [M]  fs/ocfs2/export.o
  CC [M]  drivers/net/dsa/mv88e6xxx/tcflower.o
  CC [M]  drivers/media/i2c/tw2804.o
  CC [M]  drivers/net/ethernet/aquantia/atlantic/hw_atl/hw_atl_a0.o
  CC [M]  net/bridge/br_vlan_tunnel.o
  CC [M]  drivers/media/i2c/tw9903.o
  CC [M]  fs/ocfs2/extent_map.o
  CC [M]  drivers/usb/dwc3/trace.o
  CC [M]  drivers/net/dsa/mv88e6xxx/tcam.o
  CC [M]  drivers/media/i2c/tw9906.o
  CC [M]  drivers/net/ethernet/aquantia/atlantic/hw_atl/hw_atl_b0.o
  CC [M]  fs/xfs/libxfs/xfs_refcount_btree.o
  CC [M]  drivers/media/tuners/mxl5007t.o
  CC [M]  drivers/net/dsa/mv88e6xxx/hwtstamp.o
  CC [M]  net/bridge/br_vlan_options.o
  CC [M]  drivers/media/i2c/uda1342.o
  CC [M]  drivers/usb/dwc3/host.o
  CC [M]  drivers/net/ethernet/aquantia/atlantic/hw_atl/hw_atl_utils.o
  CC [M]  drivers/media/tuners/qm1d1b0004.o
  CC [M]  fs/ocfs2/file.o
  CC [M]  drivers/net/dsa/mv88e6xxx/leds.o
  CC [M]  drivers/usb/dwc3/gadget.o
  CC [M]  drivers/media/tuners/qm1d1c0042.o
  CC [M]  drivers/media/i2c/upd64031a.o
  CC [M]  fs/xfs/libxfs/xfs_rtrefcount_btree.o
  CC [M]  drivers/net/ethernet/aquantia/atlantic/hw_atl/hw_atl_utils_fw2x.o
  CC [M]  drivers/media/i2c/upd64083.o
  CC [M]  drivers/media/tuners/qt1010.o
  CC [M]  net/bridge/br_mst.o
  CC [M]  drivers/media/i2c/vp27smpx.o
  CC [M]  drivers/media/tuners/r820t.o
  CC [M]  drivers/net/dsa/mv88e6xxx/ptp.o
  CC [M]  drivers/net/ethernet/aquantia/atlantic/hw_atl/hw_atl_llh.o
  CC [M]  drivers/usb/dwc3/ep0.o
  CC [M]  fs/ocfs2/heartbeat.o
  LD [M]  drivers/net/dsa/mv88e6xxx/mv88e6xxx.o
  AR      drivers/net/dsa/netc/built-in.a
  AR      drivers/net/dsa/ocelot/built-in.a
  AR      drivers/net/dsa/qca/built-in.a
  CC [M]  fs/xfs/libxfs/xfs_rtrmap_btree.o
  CC [M]  drivers/net/dsa/qca/qca8k-common.o
  CC [M]  drivers/media/tuners/si2157.o
  CC [M]  drivers/media/i2c/wm8739.o
  CC [M]  net/bridge/br_switchdev.o
  CC [M]  drivers/media/i2c/wm8775.o
  CC [M]  drivers/usb/dwc3/drd.o
  CC [M]  drivers/net/ethernet/aquantia/atlantic/hw_atl2/hw_atl2.o
  CC [M]  drivers/media/tuners/tuner-simple.o
  CC [M]  drivers/usb/dwc3/ulpi.o
  CC [M]  fs/ocfs2/inode.o
  CC [M]  drivers/net/dsa/qca/qca8k-8xxx.o
  CC [M]  drivers/media/i2c/cx25840/cx25840-core.o
  CC [M]  net/bridge/br_netfilter_hooks.o
  CC [M]  drivers/media/tuners/tuner-types.o
  CC [M]  drivers/net/ethernet/aquantia/atlantic/hw_atl2/hw_atl2_utils.o
  CC [M]  drivers/media/tuners/tda18212.o
  CC [M]  fs/xfs/libxfs/xfs_sb.o
  CC [M]  drivers/usb/dwc3/debugfs.o
  CC [M]  drivers/net/ethernet/aquantia/atlantic/hw_atl2/hw_atl2_utils_fw.o
  CC [M]  drivers/media/i2c/cx25840/cx25840-audio.o
  CC [M]  net/bridge/br_netfilter_ipv6.o
  CC [M]  drivers/media/tuners/tda18218.o
  CC [M]  fs/xfs/libxfs/xfs_symlink_remote.o
  CC [M]  drivers/usb/dwc3/dwc3-apple.o
  CC [M]  drivers/net/ethernet/aquantia/atlantic/hw_atl2/hw_atl2_llh.o
  CC [M]  drivers/media/tuners/tda18250.o
  CC [M]  drivers/media/i2c/cx25840/cx25840-firmware.o
  LD [M]  drivers/net/dsa/qca/qca8k.o
  CC [M]  fs/xfs/libxfs/xfs_trans_inode.o
  AR      drivers/net/dsa/realtek/built-in.a
  AR      drivers/net/dsa/sja1105/built-in.a
  AR      drivers/net/dsa/xrs700x/built-in.a
  CC [M]  drivers/net/dsa/bcm_sf2.o
  CC [M]  drivers/usb/dwc3/dwc3-haps.o
  CC [M]  net/bridge/netfilter/nft_meta_bridge.o
  CC [M]  drivers/net/ethernet/aquantia/atlantic/macsec/macsec_api.o
  CC [M]  drivers/media/i2c/cx25840/cx25840-vbi.o
  CC [M]  drivers/usb/dwc3/dwc3-of-simple.o
  CC [M]  fs/ocfs2/ioctl.o
  CC [M]  drivers/media/i2c/cx25840/cx25840-ir.o
  CC [M]  drivers/usb/dwc3/dwc3-generic-plat.o
  CC [M]  net/bridge/netfilter/nft_reject_bridge.o
  CC [M]  fs/xfs/libxfs/xfs_trans_resv.o
  CC [M]  drivers/net/dsa/bcm_sf2_cfp.o
  CC [M]  drivers/media/tuners/tda18271-maps.o
  CC [M]  fs/ocfs2/journal.o
  CC [M]  net/bridge/netfilter/nf_conntrack_bridge.o
  CC [M]  drivers/net/ethernet/aquantia/atlantic/aq_ptp.o
  CC [M]  drivers/media/tuners/tda18271-common.o
  LD [M]  drivers/usb/dwc3/dwc3.o
  CC [M]  drivers/usb/mon/mon_main.o
  CC [M]  drivers/net/dsa/mv88e6060.o
  LD [M]  drivers/media/i2c/cx25840/cx25840.o
  LD [M]  drivers/media/i2c/msp3400.o
  CC [M]  drivers/usb/mon/mon_stat.o
  CC [M]  net/bridge/netfilter/ebtables.o
  CC [M]  fs/xfs/libxfs/xfs_trans_space.o
  CC [M]  drivers/media/tuners/tda18271-fe.o
  CC [M]  drivers/usb/mon/mon_text.o
  AR      drivers/ptp/built-in.a
  CC [M]  drivers/ptp/ptp_clock.o
  CC [M]  fs/xfs/libxfs/xfs_types.o
  CC [M]  fs/ocfs2/localalloc.o
  LD [M]  drivers/net/ethernet/aquantia/atlantic/atlantic.o
  AR      drivers/net/ethernet/broadcom/built-in.a
  CC [M]  drivers/net/ethernet/broadcom/tg3.o
  CC [M]  drivers/usb/mon/mon_bin.o
  AR      drivers/net/dsa/built-in.a
  CC [M]  net/bridge/netfilter/ebtable_broute.o
  LD [M]  drivers/net/dsa/bcm-sf2.o
  CC [M]  drivers/ptp/ptp_chardev.o
  CC      drivers/power/reset/macsmc-reboot.o
  CC [M]  fs/xfs/xfs_aops.o
  CC [M]  drivers/media/tuners/tda827x.o
  AR      drivers/power/reset/built-in.a
  CC      drivers/power/sequencing/core.o
  LD [M]  drivers/usb/mon/usbmon.o
  CC [M]  drivers/usb/class/cdc-acm.o
  CC [M]  net/bridge/netfilter/ebtable_filter.o
  AR      drivers/power/sequencing/built-in.a
  CC      drivers/power/supply/power_supply_core.o
  CC [M]  drivers/media/tuners/tda8290.o
  CC [M]  net/bridge/netfilter/ebtable_nat.o
  CC [M]  drivers/usb/class/usblp.o
  CC [M]  drivers/ptp/ptp_sysfs.o
  CC [M]  fs/ocfs2/locks.o
  CC      drivers/power/supply/power_supply_sysfs.o
  CC [M]  drivers/media/tuners/tda9887.o
  CC [M]  drivers/usb/class/cdc-wdm.o
  CC [M]  fs/xfs/xfs_attr_inactive.o
  CC      drivers/power/supply/power_supply_leds.o
  CC [M]  drivers/ptp/ptp_vclock.o
  CC [M]  net/bridge/netfilter/ebt_802_3.o
  CC      drivers/power/supply/power_supply_hwmon.o
  CC [M]  fs/xfs/xfs_attr_list.o
  CC [M]  fs/ocfs2/mmap.o
  CC [M]  drivers/usb/class/usbtmc.o
  CC      drivers/power/supply/macsmc-power.o
  CC [M]  net/bridge/netfilter/ebt_among.o
  CC [M]  drivers/media/tuners/tea5761.o
  CC [M]  fs/ocfs2/namei.o
  CC [M]  drivers/ptp/ptp_kvm_arm.o
  CC [M]  fs/xfs/xfs_bmap_util.o
  CC [M]  drivers/ptp/ptp_kvm_common.o
  CC [M]  drivers/usb/image/mdc800.o
  CC [M]  drivers/media/tuners/tea5767.o
  CC [M]  drivers/ptp/ptp_vmclock.o
  AR      drivers/power/supply/built-in.a
  AR      drivers/power/built-in.a
  LD [M]  net/bridge/bridge.o
  CC [M]  drivers/media/tuners/tua9001.o
  CC [M]  net/bridge/netfilter/ebt_arp.o
  CC [M]  drivers/usb/image/microtek.o
  CC [M]  fs/xfs/xfs_bio_io.o
  CC [M]  net/bridge/netfilter/ebt_ip.o
  CC [M]  drivers/usb/serial/usb-serial.o
  CC [M]  drivers/media/tuners/xc2028.o
  CC [M]  fs/ocfs2/refcounttree.o
  LD [M]  drivers/ptp/ptp.o
  LD [M]  drivers/ptp/ptp_kvm.o
  CC [M]  drivers/usb/atm/cxacru.o
  CC [M]  fs/btrfs/super.o
  CC [M]  fs/xfs/xfs_buf.o
  CC [M]  net/bridge/netfilter/ebt_ip6.o
  AR      drivers/net/ethernet/meta/built-in.a
  AR      drivers/net/ethernet/mucse/built-in.a
  AR      drivers/net/ethernet/built-in.a
  AR      drivers/net/wireless/ath/built-in.a
  CC [M]  drivers/net/wireless/ath/main.o
  CC [M]  drivers/usb/serial/generic.o
  CC [M]  net/bridge/netfilter/ebt_limit.o
  CC [M]  drivers/usb/atm/ueagle-atm.o
  CC [M]  drivers/media/tuners/xc4000.o
  CC [M]  net/bridge/netfilter/ebt_mark_m.o
  CC [M]  drivers/net/wireless/ath/regd.o
  CC [M]  drivers/usb/serial/bus.o
  CC [M]  net/bridge/netfilter/ebt_pkttype.o
  CC [M]  fs/xfs/xfs_dahash_test.o
  CC [M]  drivers/usb/atm/usbatm.o
  CC [M]  fs/xfs/xfs_dir2_readdir.o
  CC [M]  net/bridge/netfilter/ebt_stp.o
  CC [M]  drivers/media/tuners/xc5000.o
  CC [M]  drivers/usb/serial/aircable.o
  CC [M]  net/bridge/netfilter/ebt_vlan.o
  CC [M]  fs/ocfs2/reservations.o
  CC [M]  drivers/usb/atm/xusbatm.o
  CC [M]  drivers/net/wireless/ath/hw.o
  CC [M]  net/bridge/netfilter/ebt_arpreply.o
  CC [M]  drivers/usb/serial/ark3116.o
  LD [M]  drivers/media/tuners/tda18271.o
  AR      drivers/media/rc/keymaps/built-in.a
  CC [M]  drivers/media/rc/keymaps/rc-adstech-dvb-t-pci.o
  CC [M]  fs/ocfs2/move_extents.o
  CC [M]  fs/btrfs/ctree.o
  CC [M]  drivers/net/wireless/ath/key.o
  CC [M]  drivers/media/rc/keymaps/rc-alink-dtu-m.o
  CC [M]  drivers/usb/serial/belkin_sa.o
  CC [M]  net/bridge/netfilter/ebt_mark.o
  CC [M]  drivers/media/rc/keymaps/rc-anysee.o
  CC [M]  fs/ocfs2/resize.o
  CC [M]  drivers/net/wireless/ath/dfs_pattern_detector.o
  CC [M]  drivers/usb/serial/ch341.o
  CC [M]  fs/xfs/xfs_discard.o
  CC [M]  net/bridge/netfilter/ebt_dnat.o
  CC [M]  drivers/media/rc/keymaps/rc-apac-viewcomp.o
  CC [M]  drivers/net/wireless/ath/dfs_pri_detector.o
  CC [M]  drivers/usb/serial/cp210x.o
  CC [M]  drivers/media/rc/keymaps/rc-astrometa-t2hybrid.o
  CC [M]  fs/ocfs2/slot_map.o
  CC [M]  drivers/media/rc/keymaps/rc-asus-pc39.o
  CC [M]  fs/xfs/xfs_error.o
  CC [M]  drivers/net/wireless/ath/ath9k/ar9002_hw.o
  CC [M]  drivers/usb/serial/cyberjack.o
  CC [M]  fs/xfs/xfs_exchrange.o
  CC [M]  drivers/media/rc/keymaps/rc-asus-ps3-100.o
  CC [M]  net/bridge/netfilter/ebt_redirect.o
  CC [M]  fs/ocfs2/suballoc.o
  CC [M]  drivers/media/rc/keymaps/rc-ati-tv-wonder-hd-600.o
  CC [M]  drivers/usb/serial/cypress_m8.o
  CC [M]  drivers/net/wireless/ath/ath9k/ar9003_hw.o
  CC [M]  drivers/media/rc/keymaps/rc-ati-x10.o
  CC [M]  drivers/media/rc/keymaps/rc-avermedia-a16d.o
  CC [M]  net/bridge/netfilter/ebt_snat.o
  CC [M]  drivers/media/rc/keymaps/rc-avermedia-cardbus.o
  CC [M]  drivers/net/wireless/ath/ath9k/hw.o
  CC [M]  drivers/media/rc/keymaps/rc-avermedia-dvbt.o
  CC [M]  net/bridge/netfilter/ebt_log.o
  CC [M]  drivers/usb/serial/usb_debug.o
  CC [M]  drivers/media/rc/keymaps/rc-avermedia-m135a.o
  CC [M]  net/bluetooth/af_bluetooth.o
  CC [M]  fs/btrfs/extent-tree.o
  CC [M]  drivers/media/rc/keymaps/rc-avermedia-m733a-rm-k6.o
  CC [M]  net/bridge/netfilter/ebt_nflog.o
  CC [M]  fs/xfs/xfs_export.o
  CC [M]  drivers/usb/serial/digi_acceleport.o
  CC [M]  drivers/media/rc/keymaps/rc-avermedia.o
  CC [M]  fs/xfs/xfs_extent_busy.o
  CC [M]  drivers/net/wireless/ath/ath9k/ar9003_phy.o
  CC [M]  drivers/media/rc/keymaps/rc-avermedia-rm-ks.o
  LD [M]  net/bridge/br_netfilter.o
  CC [M]  net/atm/pvc.o
  CC [M]  drivers/media/rc/keymaps/rc-avertv-303.o
  CC [M]  fs/ocfs2/super.o
  CC [M]  drivers/usb/serial/io_edgeport.o
  CC [M]  fs/xfs/xfs_file.o
  CC [M]  net/atm/ioctl.o
  CC [M]  net/bluetooth/hci_core.o
  CC [M]  drivers/media/rc/keymaps/rc-azurewave-ad-tu700.o
  CC [M]  drivers/net/wireless/ath/ath9k/ar9002_phy.o
  CC [M]  net/atm/common.o
  CC [M]  drivers/media/rc/keymaps/rc-beelink-gs1.o
  CC [M]  fs/btrfs/print-tree.o
  CC [M]  drivers/net/wireless/ath/ath9k/ar5008_phy.o
  CC [M]  drivers/media/rc/keymaps/rc-beelink-mxiii.o
  CC [M]  fs/xfs/xfs_filestream.o
  CC [M]  net/atm/atm_misc.o
  CC [M]  drivers/media/rc/keymaps/rc-behold-columbus.o
  CC [M]  drivers/usb/serial/io_ti.o
  CC [M]  drivers/net/wireless/ath/ath9k/ar9002_calib.o
  CC [M]  fs/btrfs/root-tree.o
  CC [M]  fs/xfs/xfs_fsmap.o
  CC [M]  drivers/media/rc/keymaps/rc-behold.o
  CC [M]  net/atm/raw.o
  CC [M]  drivers/net/wireless/ath/ath9k/ar9003_calib.o
  CC [M]  drivers/usb/serial/empeg.o
  CC [M]  net/atm/resources.o
  CC [M]  drivers/media/rc/keymaps/rc-budget-ci-old.o
  CC [M]  drivers/usb/serial/f81232.o
  CC [M]  drivers/net/wireless/ath/ath9k/calib.o
  CC [M]  fs/xfs/xfs_fsops.o
  CC [M]  net/atm/atm_sysfs.o
  CC [M]  drivers/media/rc/keymaps/rc-cinergy-1400.o
  CC [M]  fs/btrfs/dir-item.o
  CC [M]  drivers/usb/serial/f81534.o
  CC [M]  drivers/media/rc/keymaps/rc-cinergy.o
  CC [M]  drivers/net/wireless/ath/ath9k/eeprom.o
  CC [M]  drivers/usb/serial/ftdi_sio.o
  CC [M]  drivers/media/rc/keymaps/rc-ct-90405.o
  CC [M]  fs/xfs/xfs_globals.o
  CC [M]  net/bluetooth/hci_conn.o
  CC [M]  net/atm/proc.o
  CC [M]  fs/xfs/xfs_handle.o
  CC [M]  drivers/usb/serial/garmin_gps.o
  CC [M]  drivers/media/rc/keymaps/rc-d680-dmb.o
  CC [M]  fs/btrfs/file-item.o
  CC [M]  drivers/net/wireless/ath/ath9k/eeprom_def.o
  CC [M]  net/atm/br2684.o
  CC [M]  drivers/media/rc/keymaps/rc-delock-61959.o
  CC [M]  drivers/usb/serial/ipaq.o
  CC [M]  net/atm/pppoatm.o
  CC [M]  fs/xfs/xfs_health.o
  CC [M]  drivers/media/rc/keymaps/rc-dib0700-nec.o
  CC [M]  drivers/net/wireless/ath/ath9k/eeprom_4k.o
  CC [M]  drivers/usb/serial/ipw.o
  CC [M]  fs/btrfs/inode-item.o
  LD [M]  net/atm/atm.o
  CC [M]  drivers/media/rc/keymaps/rc-dib0700-rc5.o
  CC [M]  net/bluetooth/hci_event.o
  CC [M]  fs/xfs/xfs_healthmon.o
  CC [M]  drivers/usb/serial/ir-usb.o
  CC [M]  drivers/media/rc/keymaps/rc-digitalnow-tinytwin.o
  CC [M]  drivers/net/wireless/ath/ath9k/eeprom_9287.o
  CC [M]  fs/ocfs2/symlink.o
  CC [M]  drivers/media/rc/keymaps/rc-digittrade.o
  CC [M]  drivers/usb/serial/iuu_phoenix.o
  CC [M]  drivers/media/rc/keymaps/rc-dm1105-nec.o
  CC [M]  fs/ocfs2/sysfile.o
  CC [M]  fs/btrfs/disk-io.o
  CC [M]  drivers/media/rc/keymaps/rc-dntv-live-dvb-t.o
  CC [M]  drivers/net/wireless/ath/ath9k/ani.o
  CC [M]  drivers/media/rc/keymaps/rc-dntv-live-dvbt-pro.o
  CC [M]  drivers/usb/serial/keyspan.o
  CC      drivers/hwmon/hwmon.o
  CC [M]  drivers/media/rc/keymaps/rc-dreambox.o
  CC [M]  fs/ocfs2/uptodate.o
  CC [M]  fs/xfs/xfs_icache.o
  CC [M]  drivers/media/rc/keymaps/rc-dtt200u.o
  CC [M]  drivers/usb/serial/keyspan_pda.o
  CC [M]  drivers/net/wireless/ath/ath9k/mac.o
  CC [M]  drivers/media/rc/keymaps/rc-dvbsky.o
  CC [M]  drivers/usb/serial/kl5kusb105.o
  CC [M]  drivers/media/rc/keymaps/rc-dvico-mce.o
  CC [M]  fs/btrfs/transaction.o
  CC [M]  drivers/media/rc/keymaps/rc-dvico-portable.o
  CC [M]  drivers/usb/serial/kobil_sct.o
  CC      drivers/hwmon/macsmc-hwmon.o
  CC [M]  drivers/media/rc/keymaps/rc-em-terratec.o
  CC [M]  fs/xfs/xfs_ioctl.o
  CC [M]  fs/ocfs2/quota_local.o
  CC [M]  drivers/usb/serial/mct_u232.o
  CC [M]  drivers/media/rc/keymaps/rc-encore-enltv2.o
  CC [M]  drivers/net/wireless/ath/ath9k/ar9002_mac.o
  CC [M]  drivers/media/rc/keymaps/rc-encore-enltv-fm53.o
  AR      drivers/hwmon/built-in.a
  AR      drivers/net/wireless/atmel/built-in.a
  CC [M]  drivers/net/wireless/atmel/at76c50x-usb.o
  CC [M]  net/bluetooth/mgmt.o
  CC [M]  drivers/usb/serial/metro-usb.o
  CC [M]  drivers/media/rc/keymaps/rc-encore-enltv.o
  CC [M]  drivers/net/wireless/ath/ath9k/ar9003_mac.o
  CC [M]  drivers/media/rc/keymaps/rc-evga-indtube.o
  CC [M]  fs/xfs/xfs_iomap.o
  CC [M]  fs/btrfs/inode.o
  CC [M]  drivers/usb/serial/mos7720.o
  CC [M]  drivers/media/rc/keymaps/rc-eztv.o
  CC [M]  drivers/net/wireless/ath/ath9k/ar9003_eeprom.o
  CC [M]  fs/ocfs2/quota_global.o
  CC [M]  drivers/media/rc/keymaps/rc-flydvb.o
  CC [M]  fs/xfs/xfs_iops.o
  CC [M]  drivers/media/rc/keymaps/rc-flyvideo.o
  CC [M]  drivers/net/wireless/ath/ath9k/ar9003_paprd.o
  CC [M]  fs/ocfs2/xattr.o
  CC [M]  drivers/usb/serial/mos7840.o
  CC [M]  fs/ocfs2/acl.o
  CC [M]  drivers/media/rc/keymaps/rc-fusionhdtv-mce.o
  CC [M]  drivers/net/wireless/ath/ath9k/btcoex.o
  CC [M]  drivers/usb/serial/mxuport.o
  CC [M]  fs/xfs/xfs_inode.o
  CC [M]  drivers/media/rc/keymaps/rc-gadmei-rm008z.o
  CC [M]  drivers/net/wireless/ath/ath9k/ar9003_mci.o
  AR      drivers/media/common/b2c2/built-in.a
  CC [M]  drivers/media/common/b2c2/flexcop.o
  CC [M]  drivers/usb/serial/navman.o
  CC [M]  drivers/media/rc/keymaps/rc-geekbox.o
  CC [M]  drivers/usb/serial/omninet.o
  CC [M]  drivers/usb/serial/opticon.o
  CC [M]  drivers/net/wireless/ath/ath9k/ar9003_aic.o
  CC [M]  drivers/media/rc/keymaps/rc-genius-tvgo-a11mce.o
  CC [M]  fs/btrfs/file.o
  CC [M]  drivers/media/common/b2c2/flexcop-fe-tuner.o
  CC [M]  drivers/usb/serial/option.o
  CC [M]  drivers/net/wireless/ath/ath9k/common.o
  CC [M]  drivers/media/rc/keymaps/rc-gotview7135.o
  CC [M]  drivers/usb/serial/oti6858.o
  CC [M]  fs/xfs/xfs_itable.o
  CC [M]  drivers/net/wireless/ath/ath9k/common-init.o
  CC [M]  drivers/media/rc/keymaps/rc-hauppauge.o
  CC [M]  drivers/usb/serial/pl2303.o
  CC [M]  fs/xfs/xfs_iwalk.o
  CC [M]  fs/ocfs2/filecheck.o
  CC [M]  drivers/media/common/b2c2/flexcop-i2c.o
  CC [M]  drivers/usb/serial/qcaux.o
  CC [M]  drivers/media/rc/keymaps/rc-hisi-poplar.o
  CC [M]  fs/ocfs2/stackglue.o
  CC [M]  drivers/usb/serial/qcserial.o
  CC [M]  drivers/media/rc/keymaps/rc-hisi-tv-demo.o
  CC [M]  drivers/media/common/b2c2/flexcop-sram.o
  CC [M]  drivers/net/wireless/ath/ath9k/common-beacon.o
  CC [M]  fs/xfs/xfs_message.o
  CC [M]  net/bluetooth/hci_sock.o
  CC [M]  drivers/usb/serial/quatech2.o
  CC [M]  drivers/media/common/b2c2/flexcop-eeprom.o
  CC [M]  drivers/media/rc/keymaps/rc-imon-mce.o
  CC [M]  fs/btrfs/defrag.o
  CC [M]  fs/ocfs2/stack_o2cb.o
  CC [M]  drivers/usb/serial/safe_serial.o
  CC [M]  drivers/media/common/b2c2/flexcop-misc.o
  CC [M]  drivers/media/rc/keymaps/rc-imon-pad.o
  CC [M]  fs/xfs/xfs_mount.o
  CC [M]  drivers/usb/serial/sierra.o
  CC [M]  fs/ocfs2/stack_user.o
  CC [M]  net/bluetooth/hci_sysfs.o
  CC [M]  drivers/net/wireless/ath/ath9k/htc_hst.o
  CC [M]  fs/btrfs/extent_map.o
  CC [M]  drivers/media/rc/keymaps/rc-imon-rsc.o
  CC [M]  fs/ocfs2/dlmfs/userdlm.o
  CC [M]  drivers/media/common/b2c2/flexcop-hw-filter.o
  CC [M]  net/bluetooth/l2cap_core.o
  CC [M]  fs/btrfs/sysfs.o
  CC [M]  drivers/media/rc/keymaps/rc-iodata-bctv7e.o
  LD [M]  drivers/media/common/b2c2/b2c2-flexcop.o
  CC [M]  fs/xfs/xfs_mru_cache.o
  AR      drivers/media/common/saa7146/built-in.a
  AR      drivers/media/common/siano/built-in.a
  CC [M]  drivers/media/common/siano/smscoreapi.o
  CC [M]  drivers/usb/serial/usb-serial-simple.o
  CC [M]  fs/ocfs2/dlmfs/dlmfs.o
  CC [M]  drivers/net/wireless/ath/ath9k/hif_usb.o
  CC [M]  drivers/media/rc/keymaps/rc-it913x-v1.o
  LD [M]  fs/ocfs2/dlmfs/ocfs2_dlmfs.o
  CC [M]  fs/ocfs2/cluster/heartbeat.o
  CC [M]  drivers/usb/serial/spcp8x5.o
  CC [M]  fs/btrfs/accessors.o
  CC [M]  drivers/media/rc/keymaps/rc-it913x-v2.o
  CC [M]  drivers/net/wireless/ath/ath9k/wmi.o
  CC [M]  fs/xfs/xfs_pwork.o
  CC [M]  drivers/media/rc/keymaps/rc-kaiomy.o
  CC [M]  drivers/usb/serial/ssu100.o
  CC [M]  fs/btrfs/xattr.o
  CC [M]  drivers/media/rc/keymaps/rc-khadas.o
  CC [M]  fs/ocfs2/cluster/masklog.o
  CC [M]  drivers/media/rc/keymaps/rc-khamsin.o
  CC [M]  drivers/media/common/siano/sms-cards.o
  CC [M]  drivers/usb/serial/symbolserial.o
  CC [M]  drivers/media/rc/keymaps/rc-kworld-315u.o
  CC [M]  drivers/usb/serial/usb_wwan.o
  CC [M]  drivers/media/rc/keymaps/rc-kworld-pc150u.o
  CC [M]  fs/xfs/xfs_reflink.o
  CC [M]  fs/ocfs2/cluster/sys.o
  CC [M]  drivers/net/wireless/ath/ath9k/htc_drv_txrx.o
  CC [M]  drivers/media/rc/keymaps/rc-kworld-plus-tv-analog.o
  CC [M]  fs/btrfs/ordered-data.o
  CC [M]  drivers/media/common/siano/smsendian.o
  CC [M]  net/bluetooth/l2cap_sock.o
  CC [M]  drivers/usb/serial/ti_usb_3410_5052.o
  CC [M]  fs/ocfs2/cluster/nodemanager.o
  CC [M]  drivers/media/rc/keymaps/rc-leadtek-y04g0051.o
  CC [M]  drivers/media/common/siano/smsir.o
  CC [M]  drivers/media/rc/keymaps/rc-lme2510.o
  CC [M]  drivers/media/rc/keymaps/rc-manli.o
  CC [M]  drivers/net/wireless/ath/ath9k/htc_drv_main.o
  CC [M]  drivers/usb/serial/upd78f0730.o
  CC [M]  fs/xfs/xfs_stats.o
  CC [M]  drivers/media/rc/keymaps/rc-mecool-kiii-pro.o
  CC [M]  drivers/media/common/siano/smsdvb-main.o
  CC [M]  fs/ocfs2/cluster/quorum.o
  CC [M]  fs/xfs/xfs_super.o
  CC [M]  fs/btrfs/extent_io.o
  CC [M]  drivers/usb/serial/visor.o
  CC [M]  drivers/media/rc/keymaps/rc-mecool-kii-pro.o
  CC [M]  fs/ocfs2/cluster/tcp.o
  LD [M]  drivers/media/common/siano/smsmdtv.o
  LD [M]  drivers/media/common/siano/smsdvb.o
  AR      drivers/media/common/v4l2-tpg/built-in.a
  CC [M]  drivers/usb/serial/wishbone-serial.o
  AR      drivers/media/common/videobuf2/built-in.a
  CC [M]  drivers/media/common/videobuf2/videobuf2-core.o
  CC [M]  drivers/media/rc/keymaps/rc-medion-x10-digitainer.o
  CC [M]  drivers/usb/serial/whiteheat.o
  CC [M]  drivers/net/wireless/ath/ath9k/htc_drv_beacon.o
  CC [M]  net/bluetooth/smp.o
  CC [M]  fs/xfs/xfs_symlink.o
  CC [M]  drivers/usb/serial/xr_serial.o
  CC [M]  drivers/media/rc/keymaps/rc-medion-x10.o
  CC [M]  drivers/usb/serial/xsens_mt.o
  CC [M]  drivers/media/common/videobuf2/frame_vector.o
  CC [M]  drivers/media/rc/keymaps/rc-medion-x10-or2x.o
  CC [M]  fs/xfs/xfs_sysfs.o
  CC [M]  drivers/net/wireless/ath/ath9k/htc_drv_init.o
  CC [M]  fs/btrfs/volumes.o
  CC [M]  drivers/media/rc/keymaps/rc-minix-neo.o
  CC [M]  drivers/media/common/videobuf2/vb2-trace.o
  CC [M]  drivers/media/rc/keymaps/rc-msi-digivox-iii.o
  CC [M]  fs/xfs/xfs_trans.o
  LD [M]  drivers/usb/serial/usbserial.o
  CC [M]  drivers/usb/chipidea/core.o
  CC [M]  fs/ocfs2/cluster/netdebug.o
  CC [M]  drivers/media/common/videobuf2/videobuf2-dma-contig.o
  CC [M]  drivers/media/rc/keymaps/rc-msi-digivox-ii.o
  CC [M]  drivers/net/wireless/ath/ath9k/htc_drv_gpio.o
  CC [M]  net/bluetooth/lib.o
  LD [M]  fs/ocfs2/cluster/ocfs2_nodemanager.o
  CC [M]  fs/ocfs2/dlm/dlmdomain.o
  CC [M]  drivers/media/common/videobuf2/videobuf2-dma-sg.o
  CC [M]  drivers/media/rc/keymaps/rc-msi-tvanywhere.o
  CC [M]  net/bluetooth/ecdh_helper.o
  CC [M]  fs/xfs/xfs_verify_media.o
  CC [M]  net/bluetooth/mgmt_util.o
  CC [M]  drivers/media/rc/keymaps/rc-msi-tvanywhere-plus.o
  CC [M]  drivers/usb/chipidea/otg.o
  LD [M]  drivers/net/wireless/ath/ath9k/ath9k_hw.o
  LD [M]  drivers/net/wireless/ath/ath9k/ath9k_common.o
  LD [M]  drivers/net/wireless/ath/ath9k/ath9k_htc.o
  CC [M]  fs/ocfs2/dlm/dlmdebug.o
  CC [M]  drivers/net/wireless/ath/carl9170/main.o
  CC [M]  drivers/media/rc/keymaps/rc-mygica-utv3.o
  CC [M]  drivers/media/common/videobuf2/videobuf2-memops.o
  CC [M]  drivers/usb/chipidea/debug.o
  CC [M]  net/bluetooth/mgmt_config.o
  CC [M]  fs/btrfs/async-thread.o
  CC [M]  fs/xfs/xfs_xattr.o
  CC [M]  drivers/media/rc/keymaps/rc-nebula.o
  CC [M]  drivers/usb/chipidea/ulpi.o
  CC [M]  net/bluetooth/hci_codec.o
  CC [M]  drivers/net/wireless/ath/carl9170/usb.o
  CC [M]  drivers/media/common/videobuf2/videobuf2-v4l2.o
  CC [M]  fs/btrfs/ioctl.o
  CC [M]  drivers/media/rc/keymaps/rc-nec-terratec-cinergy-xs.o
  CC [M]  drivers/usb/chipidea/udc.o
  CC [M]  drivers/media/rc/keymaps/rc-norwood.o
  CC [M]  fs/xfs/xfs_log.o
  CC [M]  net/bluetooth/eir.o
  CC [M]  drivers/media/rc/keymaps/rc-npgtech.o
  CC [M]  fs/ocfs2/dlm/dlmthread.o
  CC [M]  drivers/media/common/videobuf2/videobuf2-vmalloc.o
  CC [M]  drivers/media/rc/keymaps/rc-odroid.o
  CC [M]  drivers/media/rc/keymaps/rc-pctv-sedna.o
  CC [M]  drivers/usb/chipidea/trace.o
  CC [M]  net/bluetooth/hci_sync.o
  CC [M]  drivers/media/rc/keymaps/rc-pine64.o
  CC [M]  drivers/net/wireless/ath/carl9170/cmd.o
  CC [M]  drivers/media/rc/keymaps/rc-pinnacle-color.o
  CC [M]  drivers/usb/chipidea/ci_hdrc_usb2.o
  LD [M]  drivers/media/common/videobuf2/videobuf2-common.o
  CC [M]  drivers/media/common/cypress_firmware.o
  CC [M]  drivers/media/rc/keymaps/rc-pinnacle-grey.o
  CC [M]  drivers/net/wireless/ath/carl9170/mac.o
  CC [M]  drivers/usb/chipidea/ci_hdrc_msm.o
  CC [M]  fs/ocfs2/dlm/dlmrecovery.o
  CC [M]  drivers/media/rc/keymaps/rc-pinnacle-pctv-hd.o
  CC [M]  fs/xfs/xfs_log_cil.o
  CC [M]  drivers/usb/chipidea/ci_hdrc_npcm.o
  CC [M]  drivers/media/common/ttpci-eeprom.o
  CC [M]  drivers/net/wireless/ath/carl9170/phy.o
  CC [M]  drivers/media/rc/keymaps/rc-pixelview-002t.o
  CC [M]  drivers/usb/chipidea/ci_hdrc_pci.o
  CC [M]  drivers/usb/chipidea/usbmisc_imx.o
  CC [M]  fs/btrfs/locking.o
  CC [M]  drivers/media/rc/keymaps/rc-pixelview-mk12.o
  CC [M]  drivers/net/wireless/ath/carl9170/led.o
  CC [M]  drivers/media/common/uvc.o
  CC [M]  drivers/usb/chipidea/ci_hdrc_imx.o
  CC [M]  drivers/media/rc/keymaps/rc-pixelview-new.o
  CC [M]  fs/btrfs/orphan.o
  CC [M]  drivers/net/wireless/ath/carl9170/fw.o
  CC [M]  drivers/media/common/cx2341x.o
  CC [M]  fs/btrfs/export.o
  CC [M]  fs/ocfs2/dlm/dlmmaster.o
  CC [M]  drivers/media/rc/keymaps/rc-pixelview.o
  CC [M]  drivers/net/wireless/ath/carl9170/tx.o
  CC [M]  net/bluetooth/hci_drv.o
  CC [M]  fs/xfs/xfs_bmap_item.o
  CC [M]  drivers/media/common/tveeprom.o
  CC [M]  fs/btrfs/tree-log.o
  CC [M]  drivers/usb/chipidea/ci_hdrc_tegra.o
  CC [M]  drivers/media/rc/keymaps/rc-powercolor-real-angel.o
  CC [M]  net/bluetooth/coredump.o
  CC [M]  drivers/net/wireless/ath/carl9170/rx.o
  CC [M]  drivers/media/rc/keymaps/rc-proteus-2309.o
  CC [M]  net/bluetooth/sco.o
  AR      drivers/media/common/built-in.a
  CC [M]  drivers/usb/gadget/usbstring.o
  CC [M]  drivers/media/rc/keymaps/rc-purpletv.o
  LD [M]  drivers/usb/chipidea/ci_hdrc.o
  CC [M]  drivers/net/wireless/ath/ath6kl/debug.o
  CC [M]  fs/ocfs2/dlm/dlmast.o
  CC [M]  drivers/usb/gadget/config.o
  CC [M]  drivers/media/rc/keymaps/rc-pv951.o
  LD [M]  drivers/net/wireless/ath/carl9170/carl9170.o
  AR      drivers/net/wireless/broadcom/built-in.a
  CC [M]  drivers/net/wireless/broadcom/brcm80211/brcmutil/utils.o
  CC [M]  fs/xfs/xfs_buf_item.o
  CC [M]  fs/ocfs2/dlm/dlmconvert.o
  CC [M]  drivers/net/wireless/ath/ath6kl/hif.o
  CC [M]  drivers/media/rc/keymaps/rc-rc6-mce.o
  CC [M]  drivers/net/wireless/broadcom/brcm80211/brcmutil/d11.o
  CC [M]  drivers/usb/gadget/epautoconf.o
  CC [M]  drivers/net/wireless/ath/ath6kl/htc_mbox.o
  CC [M]  fs/btrfs/free-space-cache.o
  CC [M]  drivers/media/rc/keymaps/rc-real-audio-220-32-keys.o
  LD [M]  drivers/net/wireless/broadcom/brcm80211/brcmutil/brcmutil.o
  CC [M]  drivers/net/wireless/broadcom/brcm80211/brcmfmac/cfg80211.o
  CC [M]  drivers/usb/gadget/composite.o
  CC [M]  fs/xfs/xfs_buf_item_recover.o
  CC [M]  net/bluetooth/iso.o
  CC [M]  fs/ocfs2/dlm/dlmlock.o
  CC [M]  drivers/media/rc/keymaps/rc-reddo.o
  CC [M]  drivers/net/wireless/ath/ath6kl/htc_pipe.o
  CC [M]  drivers/media/rc/keymaps/rc-siemens-gigaset-rc20.o
  CC [M]  drivers/usb/gadget/functions.o
  CC [M]  fs/xfs/xfs_dquot_item_recover.o
  CC [M]  fs/ocfs2/dlm/dlmunlock.o
  CC [M]  fs/btrfs/zlib.o
  CC [M]  drivers/media/rc/keymaps/rc-snapstream-firefly.o
  CC [M]  drivers/usb/gadget/configfs.o
  CC [M]  fs/xfs/xfs_exchmaps_item.o
  CC [M]  net/bluetooth/msft.o
  CC [M]  drivers/net/wireless/ath/ath6kl/bmi.o
  CC [M]  drivers/media/rc/keymaps/rc-streamzap.o
  CC [M]  fs/btrfs/lzo.o
  CC [M]  drivers/usb/gadget/u_f.o
  CC [M]  drivers/media/rc/keymaps/rc-su3000.o
  CC [M]  drivers/media/rc/keymaps/rc-tanix-tx3mini.o
  CC [M]  drivers/usb/gadget/udc/core.o
  CC [M]  net/bluetooth/brcm.o
  CC [M]  drivers/media/rc/keymaps/rc-tanix-tx5max.o
  LD [M]  fs/ocfs2/dlm/ocfs2_dlm.o
  LD [M]  fs/ocfs2/ocfs2.o
  CC [M]  drivers/media/rc/keymaps/rc-tbs-nec.o
  LD [M]  fs/ocfs2/ocfs2_stackglue.o
  LD [M]  fs/ocfs2/ocfs2_stack_o2cb.o
  LD [M]  fs/ocfs2/ocfs2_stack_user.o
  AR      drivers/net/wireless/intel/built-in.a
  CC [M]  net/bluetooth/6lowpan.o
  CC [M]  fs/xfs/xfs_extfree_item.o
  CC [M]  drivers/media/rc/keymaps/rc-technisat-ts35.o
  CC [M]  fs/btrfs/zstd.o
  CC [M]  drivers/net/wireless/broadcom/brcm80211/brcmfmac/chip.o
  CC [M]  drivers/net/wireless/ath/ath6kl/cfg80211.o
  CC [M]  drivers/usb/gadget/udc/trace.o
  CC [M]  drivers/media/rc/keymaps/rc-technisat-usb2.o
  CC [M]  fs/gfs2/acl.o
  CC [M]  drivers/media/rc/keymaps/rc-terratec-cinergy-c-pci.o
  CC [M]  fs/xfs/xfs_attr_item.o
  LD [M]  drivers/usb/gadget/udc/udc-core.o
  CC [M]  drivers/usb/gadget/function/f_acm.o
  CC [M]  net/bluetooth/rfcomm/core.o
  CC [M]  fs/btrfs/compression.o
  CC [M]  drivers/net/wireless/broadcom/brcm80211/brcmfmac/fwil.o
  CC [M]  drivers/media/rc/keymaps/rc-terratec-cinergy-s2-hd.o
  CC [M]  drivers/net/wireless/ath/ath6kl/init.o
  CC [M]  fs/gfs2/bmap.o
  CC [M]  fs/xfs/xfs_icreate_item.o
  CC [M]  drivers/usb/gadget/function/u_serial.o
  CC [M]  drivers/media/rc/keymaps/rc-terratec-cinergy-xs.o
  CC [M]  fs/btrfs/delayed-ref.o
  CC [M]  drivers/net/wireless/ath/ath6kl/main.o
  CC [M]  drivers/media/rc/keymaps/rc-terratec-slim-2.o
  CC [M]  net/bluetooth/rfcomm/sock.o
  CC [M]  drivers/usb/gadget/function/f_serial.o
  CC [M]  drivers/net/wireless/broadcom/brcm80211/brcmfmac/fweh.o
  CC [M]  drivers/media/rc/keymaps/rc-terratec-slim.o
  CC [M]  drivers/media/rc/keymaps/rc-tevii-nec.o
  CC [M]  fs/btrfs/relocation.o
  CC [M]  drivers/net/wireless/broadcom/brcm80211/brcmfmac/p2p.o
  CC [M]  drivers/media/rc/keymaps/rc-tivo.o
  CC [M]  drivers/net/wireless/ath/ath6kl/txrx.o
  CC [M]  drivers/usb/gadget/function/f_obex.o
  CC [M]  drivers/media/rc/keymaps/rc-total-media-in-hand-02.o
  CC [M]  drivers/media/rc/keymaps/rc-total-media-in-hand.o
  CC [M]  net/bluetooth/rfcomm/tty.o
  CC [M]  fs/xfs/xfs_inode_item.o
  CC [M]  drivers/media/rc/keymaps/rc-trekstor.o
  CC [M]  drivers/usb/gadget/function/u_ether.o
  CC [M]  drivers/net/wireless/broadcom/brcm80211/brcmfmac/proto.o
  CC [M]  fs/gfs2/dir.o
  CC [M]  drivers/media/rc/keymaps/rc-tt-1500.o
  CC [M]  drivers/net/wireless/ath/ath6kl/wmi.o
  CC [M]  drivers/media/rc/keymaps/rc-twinhan1027.o
  CC [M]  fs/xfs/xfs_inode_item_recover.o
  CC [M]  fs/gfs2/xattr.o
  CC [M]  drivers/media/rc/keymaps/rc-twinhan-dtv-cab-ci.o
  CC [M]  drivers/media/rc/keymaps/rc-vega-s9x.o
  CC [M]  drivers/net/wireless/broadcom/brcm80211/brcmfmac/common.o
  CC [M]  drivers/net/wireless/ath/ath6kl/core.o
  CC [M]  drivers/media/rc/keymaps/rc-videomate-m1f.o
  CC [M]  fs/btrfs/delayed-inode.o
  CC [M]  drivers/media/rc/keymaps/rc-videomate-s350.o
  LD [M]  net/bluetooth/rfcomm/rfcomm.o
  CC [M]  fs/gfs2/glock.o
  CC [M]  net/bluetooth/bnep/core.o
  CC [M]  drivers/usb/gadget/function/f_ncm.o
  CC [M]  drivers/net/wireless/ath/ath6kl/recovery.o
  CC [M]  fs/xfs/xfs_iunlink_item.o
  CC [M]  drivers/media/rc/keymaps/rc-videomate-tv-pvr.o
  CC [M]  drivers/net/wireless/broadcom/brcm80211/brcmfmac/core.o
  CC [M]  drivers/net/wireless/ath/ath6kl/usb.o
  CC [M]  drivers/media/rc/keymaps/rc-videostrong-kii-pro.o
  CC [M]  fs/btrfs/scrub.o
  CC [M]  drivers/media/rc/keymaps/rc-wetek-hub.o
  CC [M]  drivers/usb/gadget/function/f_ecm.o
  CC [M]  drivers/media/rc/keymaps/rc-wetek-play2.o
  CC [M]  net/bluetooth/bnep/sock.o
  CC [M]  drivers/media/rc/keymaps/rc-winfast.o
  CC [M]  drivers/net/wireless/broadcom/brcm80211/brcmfmac/firmware.o
  CC [M]  drivers/media/rc/keymaps/rc-winfast-usbii-deluxe.o
  CC [M]  drivers/usb/gadget/function/f_eem.o
  CC [M]  drivers/media/rc/keymaps/rc-x96max.o
  CC [M]  drivers/media/rc/keymaps/rc-xbox-360.o
  CC [M]  fs/btrfs/backref.o
  LD [M]  drivers/net/wireless/ath/ath6kl/ath6kl_core.o
  LD [M]  drivers/net/wireless/ath/ath6kl/ath6kl_usb.o
  CC [M]  fs/xfs/xfs_refcount_item.o
  CC [M]  drivers/net/wireless/ath/ar5523/ar5523.o
  CC [M]  drivers/usb/gadget/function/f_subset.o
  CC [M]  net/bluetooth/bnep/netdev.o
  CC [M]  drivers/media/rc/keymaps/rc-xbox-dvd.o
  CC [M]  drivers/net/wireless/broadcom/brcm80211/brcmfmac/fwvid.o
  CC [M]  fs/gfs2/glops.o
  CC [M]  drivers/usb/gadget/function/f_rndis.o
  CC [M]  drivers/media/rc/keymaps/rc-zx-irdec.o
  LD [M]  net/bluetooth/bnep/bnep.o
  CC [M]  net/bluetooth/hidp/core.o
  CC [M]  fs/gfs2/log.o
  CC [M]  fs/btrfs/ulist.o
  CC [M]  fs/xfs/xfs_rmap_item.o
  CC [M]  drivers/net/wireless/broadcom/brcm80211/brcmfmac/feature.o
  CC [M]  fs/btrfs/qgroup.o
  CC [M]  drivers/net/wireless/ath/ath10k/mac.o
  CC [M]  net/bluetooth/hidp/sock.o
  CC [M]  drivers/usb/gadget/function/rndis.o
  CC [M]  drivers/media/rc/rc-main.o
  CC [M]  fs/gfs2/lops.o
  CC [M]  fs/xfs/xfs_log_recover.o
  CC [M]  drivers/net/wireless/broadcom/brcm80211/brcmfmac/btcoex.o
  CC [M]  drivers/media/rc/rc-ir-raw.o
  LD [M]  net/bluetooth/hidp/hidp.o
  LD [M]  net/bluetooth/bluetooth.o
  CC [M]  drivers/usb/gadget/function/f_mass_storage.o
  LD [M]  net/bluetooth/bluetooth_6lowpan.o
  CC [M]  net/l2tp/l2tp_core.o
  CC [M]  drivers/net/wireless/broadcom/brcm80211/brcmfmac/vendor.o
  CC [M]  fs/btrfs/send.o
  CC [M]  fs/xfs/xfs_trans_ail.o
  CC [M]  drivers/media/rc/lirc_dev.o
  CC [M]  fs/gfs2/main.o
  CC [M]  drivers/usb/gadget/function/storage_common.o
  CC [M]  drivers/net/wireless/broadcom/brcm80211/brcmfmac/pno.o
  CC [M]  drivers/usb/gadget/function/f_fs.o
  CC [M]  net/l2tp/l2tp_ppp.o
  CC [M]  fs/xfs/xfs_trans_buf.o
  CC [M]  drivers/media/rc/ir-imon-decoder.o
  CC [M]  fs/gfs2/meta_io.o
  CC [M]  drivers/net/wireless/broadcom/brcm80211/brcmfmac/join_param.o
  CC [M]  drivers/media/rc/ir-jvc-decoder.o
  CC [M]  drivers/net/wireless/ath/ath10k/debug.o
  CC [M]  net/l2tp/l2tp_ip.o
  CC [M]  fs/xfs/xfs_dquot.o
  CC [M]  fs/btrfs/dev-replace.o
  CC [M]  drivers/media/rc/ir-mce_kbd-decoder.o
  CC [M]  drivers/net/wireless/broadcom/brcm80211/brcmfmac/scan_param.o
  CC [M]  fs/gfs2/aops.o
  CC [M]  drivers/media/rc/ir-nec-decoder.o
  CC [M]  drivers/media/rc/ir-rc5-decoder.o
  CC [M]  net/l2tp/l2tp_netlink.o
  CC [M]  drivers/net/wireless/broadcom/brcm80211/brcmfmac/xtlv.o
  CC [M]  drivers/net/wireless/broadcom/brcm80211/brcmfmac/interface_create.o
  CC [M]  drivers/usb/gadget/function/u_audio.o
  CC [M]  fs/gfs2/dentry.o
  CC [M]  drivers/media/rc/ir-rc6-decoder.o
  CC [M]  fs/btrfs/raid56.o
  CC [M]  drivers/media/rc/ir-rcmm-decoder.o
  CC [M]  net/l2tp/l2tp_eth.o
  CC [M]  drivers/media/rc/ir-sanyo-decoder.o
  CC [M]  fs/xfs/xfs_dquot_item.o
  CC [M]  fs/gfs2/export.o
  CC [M]  drivers/media/rc/ir-sharp-decoder.o
  CC [M]  drivers/usb/gadget/function/f_uac1.o
  CC [M]  drivers/net/wireless/broadcom/brcm80211/brcmfmac/bcdc.o
  CC [M]  drivers/net/wireless/ath/ath10k/core.o
  CC [M]  net/l2tp/l2tp_debugfs.o
  CC [M]  fs/gfs2/file.o
  CC [M]  fs/xfs/xfs_trans_dquot.o
  CC [M]  fs/btrfs/uuid-tree.o
  CC [M]  drivers/media/rc/ir-sony-decoder.o
  CC [M]  net/l2tp/l2tp_ip6.o
  CC [M]  drivers/net/wireless/broadcom/brcm80211/brcmfmac/fwsignal.o
  CC [M]  fs/gfs2/ops_fstype.o
  CC [M]  drivers/usb/gadget/function/f_uac1_legacy.o
  CC [M]  drivers/media/rc/ir-xmp-decoder.o
  CC [M]  fs/btrfs/props.o
  CC [M]  fs/xfs/xfs_qm_syscalls.o
  CC [M]  net/sctp/sm_statetable.o
  CC [M]  fs/gfs2/inode.o
  CC [M]  fs/btrfs/free-space-tree.o
  CC [M]  drivers/media/rc/ir-hix5hd2.o
  CC [M]  fs/xfs/xfs_qm_bhv.o
  CC [M]  drivers/usb/gadget/function/u_uac1_legacy.o
  CC [M]  drivers/net/wireless/ath/ath10k/htc.o
  CC [M]  net/sctp/sm_statefuns.o
  CC [M]  drivers/media/rc/igorplugusb.o
  CC [M]  fs/xfs/xfs_qm.o
  CC [M]  fs/gfs2/quota.o
  CC [M]  drivers/usb/gadget/function/f_uac2.o
  CC [M]  fs/btrfs/tree-checker.o
  CC [M]  drivers/net/wireless/broadcom/brcm80211/brcmfmac/commonring.o
  CC [M]  drivers/media/rc/iguanair.o
  CC [M]  drivers/usb/gadget/function/f_uvc.o
  CC [M]  fs/xfs/xfs_quotaops.o
  CC [M]  drivers/net/wireless/ath/ath10k/htt.o
  CC [M]  fs/btrfs/space-info.o
  CC [M]  drivers/net/wireless/broadcom/brcm80211/brcmfmac/flowring.o
  CC [M]  fs/gfs2/recovery.o
  CC [M]  drivers/media/rc/imon.o
  CC [M]  drivers/usb/gadget/function/uvc_queue.o
  CC [M]  net/sctp/sm_sideeffect.o
  CC [M]  drivers/net/wireless/ath/ath10k/htt_rx.o
  CC [M]  fs/gfs2/rgrp.o
  CC [M]  fs/xfs/xfs_acl.o
  CC [M]  fs/btrfs/block-rsv.o
  CC [M]  drivers/usb/gadget/function/uvc_v4l2.o
  CC [M]  drivers/media/rc/imon_raw.o
  CC [M]  net/sctp/protocol.o
  CC [M]  drivers/net/wireless/broadcom/brcm80211/brcmfmac/msgbuf.o
  CC [M]  fs/xfs/xfs_sysctl.o
  CC [M]  drivers/media/rc/mceusb.o
  CC [M]  fs/btrfs/delalloc-space.o
  CC [M]  fs/gfs2/super.o
  CC [M]  fs/xfs/xfs_pnfs.o
  CC [M]  drivers/net/wireless/broadcom/brcm80211/brcmfmac/usb.o
  CC [M]  drivers/media/rc/redrat3.o
  CC [M]  drivers/usb/gadget/function/uvc_video.o
  CC [M]  fs/btrfs/block-group.o
  CC [M]  drivers/media/rc/streamzap.o
  CC [M]  fs/gfs2/sys.o
  CC [M]  drivers/usb/gadget/function/uvc_configfs.o
  CC [M]  drivers/media/rc/ir_toy.o
  LD [M]  fs/xfs/xfs.o
  CC [M]  net/sctp/endpointola.o
  LD [M]  drivers/net/wireless/ath/ath.o
  CC      drivers/thermal/thermal_core.o
  CC [M]  fs/gfs2/trans.o
  CC [M]  drivers/net/wireless/ath/ath10k/htt_tx.o
  CC [M]  net/sctp/associola.o
  CC [M]  drivers/net/wireless/broadcom/brcm80211/brcmfmac/pcie.o
  CC [M]  drivers/media/rc/ttusbir.o
  CC [M]  fs/gfs2/util.o
  CC [M]  fs/btrfs/discard.o
  CC      drivers/thermal/thermal_sysfs.o
  CC [M]  drivers/usb/gadget/function/uvc_trace.o
  CC [M]  fs/gfs2/lock_dlm.o
  CC [M]  drivers/net/wireless/ath/ath10k/txrx.o
  CC [M]  drivers/media/rc/ati_remote.o
  CC [M]  fs/btrfs/reflink.o
  CC [M]  drivers/net/wireless/broadcom/brcm80211/brcmfmac/of.o
  CC [M]  drivers/usb/gadget/function/f_midi.o
  CC [M]  drivers/media/rc/rc-loopback.o
  CC [M]  drivers/net/wireless/ath/ath10k/wmi.o
  CC      drivers/thermal/thermal_trip.o
  CC [M]  net/sctp/transport.o
  CC [M]  drivers/net/wireless/broadcom/brcm80211/brcmfmac/dmi.o
  AR      drivers/media/rc/built-in.a
  LD [M]  drivers/media/rc/rc-core.o
  AR      drivers/media/platform/allegro-dvt/built-in.a
  AR      drivers/media/platform/amd/isp4/built-in.a
  AR      drivers/media/platform/amd/built-in.a
  AR      drivers/media/platform/amlogic/c3/isp/built-in.a
  AR      drivers/media/platform/amlogic/c3/mipi-adapter/built-in.a
  AR      drivers/media/platform/amlogic/c3/mipi-csi2/built-in.a
  AR      drivers/media/platform/amlogic/c3/built-in.a
  CC [M]  drivers/usb/gadget/function/f_hid.o
  AR      drivers/media/platform/amlogic/meson-ge2d/built-in.a
  AR      drivers/media/platform/amlogic/built-in.a
  CC [M]  drivers/net/wireless/broadcom/brcm80211/brcmfmac/wcc/core.o
  AR      drivers/media/platform/amphion/built-in.a
  AR      drivers/media/platform/apple/isp/built-in.a
  CC [M]  drivers/media/platform/apple/isp/isp-cam.o
  CC      drivers/thermal/thermal_helpers.o
  LD [M]  fs/gfs2/gfs2.o
  CC [M]  fs/btrfs/subpage.o
  AR      drivers/media/platform/apple/avd/built-in.a
  CC [M]  drivers/media/platform/apple/avd/avd-drv.o
  CC [M]  net/sctp/chunk.o
  CC      drivers/thermal/thermal_thresholds.o
  CC [M]  drivers/usb/gadget/function/f_printer.o
  CC      drivers/thermal/thermal_hwmon.o
  CC [M]  drivers/media/platform/apple/isp/isp-cmd.o
  CC [M]  fs/btrfs/tree-mod-log.o
  CC [M]  drivers/net/wireless/broadcom/brcm80211/brcmfmac/wcc/module.o
  CC      drivers/thermal/thermal_of.o
  CC [M]  drivers/usb/gadget/function/f_tcm.o
  CC [M]  net/sctp/sm_make_chunk.o
  CC [M]  drivers/media/platform/apple/avd/avd-v4l2.o
  LD [M]  drivers/net/wireless/broadcom/brcm80211/brcmfmac/wcc/brcmfmac-wcc.o
  CC [M]  drivers/net/wireless/broadcom/brcm80211/brcmfmac/cyw/core.o
  CC [M]  drivers/net/wireless/ath/ath10k/wmi-tlv.o
  CC [M]  fs/btrfs/extent-io-tree.o
  CC      drivers/thermal/gov_fair_share.o
  CC [M]  drivers/media/platform/apple/isp/isp-drv.o
  CC [M]  drivers/net/wireless/broadcom/brcm80211/brcmfmac/cyw/module.o
  LD [M]  drivers/usb/gadget/function/usb_f_acm.o
  LD [M]  drivers/usb/gadget/function/usb_f_serial.o
  LD [M]  drivers/usb/gadget/function/usb_f_obex.o
  LD [M]  drivers/usb/gadget/function/usb_f_ncm.o
  LD [M]  drivers/usb/gadget/function/usb_f_ecm.o
  LD [M]  drivers/usb/gadget/function/usb_f_eem.o
  LD [M]  drivers/usb/gadget/function/usb_f_ecm_subset.o
  LD [M]  drivers/usb/gadget/function/usb_f_rndis.o
  LD [M]  drivers/usb/gadget/function/usb_f_mass_storage.o
  LD [M]  drivers/usb/gadget/function/usb_f_fs.o
  LD [M]  drivers/usb/gadget/function/usb_f_uac1.o
  LD [M]  drivers/usb/gadget/function/usb_f_uac1_legacy.o
  LD [M]  drivers/usb/gadget/function/usb_f_uac2.o
  LD [M]  drivers/usb/gadget/function/usb_f_uvc.o
  LD [M]  drivers/usb/gadget/function/usb_f_midi.o
  LD [M]  drivers/usb/gadget/function/usb_f_hid.o
  LD [M]  drivers/usb/gadget/function/usb_f_printer.o
  LD [M]  drivers/usb/gadget/function/usb_f_tcm.o
  CC [M]  drivers/usb/gadget/legacy/audio.o
  CC      drivers/thermal/gov_bang_bang.o
  LD [M]  drivers/net/wireless/broadcom/brcm80211/brcmfmac/cyw/brcmfmac-cyw.o
  CC [M]  drivers/net/wireless/broadcom/brcm80211/brcmfmac/bca/core.o
  CC [M]  net/sctp/ulpevent.o
  CC [M]  drivers/usb/gadget/legacy/ether.o
  CC      drivers/thermal/gov_step_wise.o
  CC [M]  drivers/media/platform/apple/avd/avd-hw.o
  CC [M]  fs/btrfs/fs.o
  CC      drivers/thermal/gov_user_space.o
  CC [M]  drivers/media/platform/apple/isp/isp-fw.o
  CC [M]  drivers/net/wireless/ath/ath10k/bmi.o
  CC [M]  drivers/usb/gadget/legacy/inode.o
  CC [M]  drivers/media/platform/apple/avd/avd-h264.o
  CC      drivers/thermal/gov_power_allocator.o
  CC [M]  net/sctp/inqueue.o
  CC [M]  drivers/net/wireless/broadcom/brcm80211/brcmfmac/bca/module.o
  CC [M]  drivers/net/wireless/ath/ath10k/hw.o
  CC [M]  fs/btrfs/messages.o
  CC      drivers/thermal/cpufreq_cooling.o
  CC [M]  drivers/media/platform/apple/avd/avd-vp9.o
  CC [M]  net/sctp/outqueue.o
  CC      drivers/thermal/devfreq_cooling.o
  LD [M]  drivers/net/wireless/broadcom/brcm80211/brcmfmac/bca/brcmfmac-bca.o
  LD [M]  drivers/net/wireless/broadcom/brcm80211/brcmfmac/brcmfmac.o
  CC [M]  drivers/net/wireless/ath/ath10k/p2p.o
  CC [M]  drivers/media/platform/apple/isp/isp-iommu.o
  AR      drivers/net/usb/built-in.a
  CC [M]  drivers/net/usb/catc.o
  CC [M]  fs/btrfs/bio.o
  AR      drivers/thermal/broadcom/built-in.a
  CC [M]  drivers/usb/gadget/legacy/g_ffs.o
  AR      drivers/thermal/renesas/built-in.a
  AR      drivers/thermal/samsung/built-in.a
  AR      drivers/thermal/intel/built-in.a
  AR      drivers/thermal/st/built-in.a
  AR      drivers/thermal/qcom/built-in.a
  AR      drivers/thermal/tegra/built-in.a
  AR      drivers/thermal/mediatek/built-in.a
  AR      drivers/thermal/spacemit/built-in.a
  AR      drivers/thermal/built-in.a
  CC [M]  drivers/net/usb/kaweth.o
  CC [M]  drivers/media/platform/apple/isp/isp-ipc.o
  CC [M]  net/sctp/ulpqueue.o
  CC [M]  drivers/usb/gadget/legacy/mass_storage.o
  CC      drivers/watchdog/watchdog_core.o
  CC [M]  drivers/media/platform/apple/avd/avd-hevc.o
  CC [M]  drivers/media/platform/apple/isp/isp-v4l2.o
  CC [M]  drivers/usb/gadget/legacy/serial.o
  CC [M]  drivers/net/wireless/ath/ath10k/swap.o
  CC [M]  fs/btrfs/lru_cache.o
  CC [M]  net/sctp/tsnmap.o
  CC [M]  drivers/net/usb/pegasus.o
  CC [M]  fs/btrfs/raid-stripe-tree.o
  CC      drivers/watchdog/watchdog_dev.o
  LD [M]  drivers/media/platform/apple/isp/apple-isp.o
  CC [M]  fs/btrfs/fiemap.o
  CC [M]  drivers/usb/gadget/legacy/printer.o
  CC [M]  drivers/net/wireless/ath/ath10k/thermal.o
  CC [M]  drivers/net/dummy.o
  CC [M]  drivers/net/usb/rtl8150.o
  CC [M]  net/sctp/bind_addr.o
  CC [M]  drivers/media/platform/apple/avd/avd-av1.o
  CC [M]  drivers/net/wireless/ath/ath10k/leds.o
  CC [M]  drivers/usb/gadget/legacy/gmidi.o
  CC [M]  drivers/net/wireless/ath/ath10k/debugfs_sta.o
  CC      drivers/watchdog/apple_wdt.o
  CC [M]  drivers/usb/gadget/legacy/cdc2.o
  CC [M]  drivers/net/usb/r8152.o
  CC [M]  drivers/watchdog/softdog.o
  CC [M]  fs/btrfs/direct-io.o
  CC [M]  net/sctp/socket.o
  CC [M]  drivers/usb/gadget/legacy/hid.o
  AR      drivers/watchdog/built-in.a
  CC [M]  drivers/media/platform/apple/avd/avd-av1-entropymode.o
  CC [M]  fs/btrfs/acl.o
  CC [M]  drivers/usb/gadget/legacy/multi.o
  CC [M]  fs/ceph/super.o
  CC [M]  drivers/usb/usbip/usbip_common.o
  CC [M]  drivers/net/wireless/ath/ath10k/wow.o
  LD [M]  drivers/media/platform/apple/avd/apple-avd.o
  AR      drivers/media/platform/apple/built-in.a
  AR      drivers/media/platform/arm/mali-c55/built-in.a
  AR      drivers/media/platform/arm/built-in.a
  AR      drivers/media/platform/aspeed/built-in.a
  AR      drivers/media/platform/atmel/built-in.a
  AR      drivers/media/platform/broadcom/built-in.a
  AR      drivers/media/platform/cadence/built-in.a
  AR      drivers/media/platform/chips-media/coda/built-in.a
  AR      drivers/media/platform/chips-media/wave5/built-in.a
  AR      drivers/media/platform/chips-media/built-in.a
  AR      drivers/media/platform/imagination/built-in.a
  AR      drivers/media/platform/intel/built-in.a
  AR      drivers/media/platform/marvell/built-in.a
  AR      drivers/media/platform/mediatek/jpeg/built-in.a
  AR      drivers/media/platform/mediatek/mdp/built-in.a
  AR      drivers/media/platform/mediatek/vcodec/common/built-in.a
  AR      drivers/media/platform/mediatek/vcodec/encoder/built-in.a
  AR      drivers/media/platform/mediatek/vcodec/decoder/built-in.a
  AR      drivers/media/platform/mediatek/vcodec/built-in.a
  AR      drivers/media/platform/mediatek/vpu/built-in.a
  AR      drivers/media/platform/mediatek/mdp3/built-in.a
  AR      drivers/media/platform/mediatek/built-in.a
  AR      drivers/media/platform/microchip/built-in.a
  AR      drivers/media/platform/nuvoton/built-in.a
  AR      drivers/media/platform/nvidia/tegra-vde/built-in.a
  AR      drivers/media/platform/nvidia/built-in.a
  AR      drivers/media/platform/nxp/dw100/built-in.a
  AR      drivers/media/platform/nxp/imx-jpeg/built-in.a
  CC [M]  fs/btrfs/zoned.o
  AR      drivers/media/platform/nxp/imx8-isi/built-in.a
  AR      drivers/media/platform/nxp/built-in.a
  AR      drivers/media/platform/qcom/camss/built-in.a
  AR      drivers/media/platform/qcom/iris/built-in.a
  CC [M]  drivers/net/wireless/ath/ath10k/coredump.o
  AR      drivers/media/platform/qcom/venus/built-in.a
  AR      drivers/media/platform/qcom/built-in.a
  AR      drivers/media/platform/raspberrypi/pisp_be/built-in.a
  CC [M]  drivers/usb/gadget/legacy/webcam.o
  AR      drivers/media/platform/raspberrypi/rp1-cfe/built-in.a
  AR      drivers/media/platform/raspberrypi/built-in.a
  CC [M]  drivers/usb/usbip/usbip_event.o
  AR      drivers/media/platform/renesas/rcar-isp/built-in.a
  AR      drivers/media/platform/renesas/rcar-vin/built-in.a
  AR      drivers/media/platform/renesas/rzg2l-cru/built-in.a
  AR      drivers/media/platform/renesas/rzv2h-ivc/built-in.a
  AR      drivers/media/platform/renesas/vsp1/built-in.a
  AR      drivers/media/platform/renesas/built-in.a
  AR      drivers/media/platform/rockchip/rga/built-in.a
  CC [M]  drivers/usb/gadget/legacy/ncm.o
  AR      drivers/media/platform/rockchip/rkcif/built-in.a
  AR      drivers/media/platform/rockchip/rkisp1/built-in.a
  AR      drivers/media/platform/rockchip/rkvdec/built-in.a
  AR      drivers/media/platform/rockchip/built-in.a
  AR      drivers/media/platform/samsung/exynos-gsc/built-in.a
  AR      drivers/media/platform/samsung/exynos4-is/built-in.a
  AR      drivers/media/platform/samsung/s3c-camif/built-in.a
  AR      drivers/media/platform/samsung/s5p-g2d/built-in.a
  AR      drivers/media/platform/samsung/s5p-jpeg/built-in.a
  AR      drivers/media/platform/samsung/s5p-mfc/built-in.a
  AR      drivers/media/platform/samsung/built-in.a
  AR      drivers/media/platform/st/sti/bdisp/built-in.a
  AR      drivers/media/platform/st/sti/delta/built-in.a
  AR      drivers/media/platform/st/sti/hva/built-in.a
  AR      drivers/media/platform/st/stm32/built-in.a
  AR      drivers/media/platform/st/built-in.a
  AR      drivers/media/platform/sunxi/sun4i-csi/built-in.a
  AR      drivers/media/platform/sunxi/sun6i-csi/built-in.a
  CC [M]  drivers/usb/gadget/legacy/acm_ms.o
  AR      drivers/media/platform/sunxi/sun6i-mipi-csi2/built-in.a
  AR      drivers/media/platform/sunxi/sun8i-a83t-mipi-csi2/built-in.a
  AR      drivers/media/platform/sunxi/sun8i-di/built-in.a
  AR      drivers/media/platform/sunxi/sun8i-rotate/built-in.a
  AR      drivers/media/platform/sunxi/built-in.a
  AR      drivers/media/platform/synopsys/hdmirx/built-in.a
  AR      drivers/media/platform/synopsys/built-in.a
  CC [M]  drivers/usb/usbip/vhci_sysfs.o
  AR      drivers/media/platform/ti/am437x/built-in.a
  AR      drivers/media/platform/ti/cal/built-in.a
  AR      drivers/media/platform/ti/vpe/built-in.a
  AR      drivers/media/platform/ti/davinci/built-in.a
  AR      drivers/media/platform/ti/j721e-csi2rx/built-in.a
  AR      drivers/media/platform/ti/omap/built-in.a
  AR      drivers/media/platform/ti/omap3isp/built-in.a
  AR      drivers/media/platform/ti/built-in.a
  AR      drivers/media/platform/verisilicon/built-in.a
  LD [M]  fs/btrfs/btrfs.o
  AR      drivers/media/platform/via/built-in.a
  AR      drivers/media/platform/xilinx/built-in.a
  AR      drivers/media/platform/built-in.a
  AR      drivers/media/pci/ttpci/built-in.a
  AR      drivers/media/pci/b2c2/built-in.a
  CC [M]  net/sctp/primitive.o
  CC [M]  drivers/net/wireless/ath/ath10k/ce.o
  AR      drivers/media/pci/pluto2/built-in.a
  CC [M]  fs/erofs/super.o
  CC [M]  fs/ceph/inode.o
  AR      drivers/media/pci/dm1105/built-in.a
  CC [M]  drivers/usb/gadget/legacy/tcm_usb_gadget.o
  AR      drivers/media/pci/pt1/built-in.a
  AR      drivers/media/pci/pt3/built-in.a
  AR      drivers/media/pci/mantis/built-in.a
  AR      drivers/media/pci/ngene/built-in.a
  AR      drivers/media/pci/ddbridge/built-in.a
  AR      drivers/media/pci/saa7146/built-in.a
  CC [M]  drivers/net/usb/hso.o
  AR      drivers/media/pci/smipcie/built-in.a
  AR      drivers/media/pci/netup_unidvb/built-in.a
  AR      drivers/media/pci/intel/ipu3/built-in.a
  AR      drivers/media/pci/intel/ivsc/built-in.a
  AR      drivers/media/pci/intel/built-in.a
  CC [M]  drivers/usb/usbip/vhci_tx.o
  AR      drivers/media/pci/built-in.a
  AR      drivers/media/usb/b2c2/built-in.a
  CC [M]  drivers/media/usb/b2c2/flexcop-usb.o
  CC [M]  net/sctp/output.o
  LD [M]  drivers/usb/gadget/legacy/g_audio.o
  LD [M]  drivers/usb/gadget/legacy/g_ether.o
  LD [M]  drivers/usb/gadget/legacy/gadgetfs.o
  LD [M]  drivers/usb/gadget/legacy/g_mass_storage.o
  LD [M]  drivers/usb/gadget/legacy/g_serial.o
  LD [M]  drivers/usb/gadget/legacy/g_printer.o
  LD [M]  drivers/usb/gadget/legacy/g_midi.o
  CC [M]  drivers/net/wireless/ath/ath10k/usb.o
  LD [M]  drivers/usb/gadget/legacy/g_cdc.o
  LD [M]  drivers/usb/gadget/legacy/g_hid.o
  LD [M]  drivers/usb/gadget/legacy/g_multi.o
  LD [M]  drivers/usb/gadget/legacy/g_webcam.o
  LD [M]  drivers/usb/gadget/legacy/g_ncm.o
  LD [M]  drivers/usb/gadget/legacy/g_acm_ms.o
  LD [M]  drivers/usb/gadget/libcomposite.o
  LD [M]  drivers/net/wireless/ath/ath10k/ath10k_core.o
  CC [M]  net/sctp/input.o
  CC [M]  drivers/net/usb/lan78xx.o
  CC [M]  drivers/usb/usbip/vhci_rx.o
  CC [M]  drivers/usb/typec/class.o
  CC [M]  fs/erofs/inode.o
  LD [M]  drivers/media/usb/b2c2/b2c2-flexcop-usb.o
  CC [M]  drivers/usb/usbip/vhci_hcd.o
  AR      drivers/media/usb/dvb-usb/built-in.a
  CC [M]  drivers/media/usb/dvb-usb/dvb-usb-firmware.o
  LD [M]  drivers/net/wireless/ath/ath10k/ath10k_usb.o
  AR      drivers/net/wireless/intersil/built-in.a
  CC [M]  drivers/net/wireless/intersil/p54/eeprom.o
  CC [M]  fs/ceph/dir.o
  CC [M]  drivers/media/usb/dvb-usb/dvb-usb-init.o
  CC [M]  drivers/usb/typec/mux.o
  CC [M]  net/sctp/debug.o
  CC [M]  drivers/usb/usbip/stub_dev.o
  CC [M]  fs/erofs/data.o
  CC [M]  drivers/media/usb/dvb-usb/dvb-usb-urb.o
  CC [M]  drivers/media/usb/dvb-usb/dvb-usb-i2c.o
  CC [M]  drivers/usb/typec/bus.o
  CC [M]  drivers/net/wireless/intersil/p54/fwio.o
  CC [M]  drivers/usb/usbip/stub_main.o
  CC [M]  fs/ceph/file.o
  CC [M]  fs/erofs/namei.o
  CC [M]  drivers/usb/typec/pd.o
  CC [M]  drivers/media/usb/dvb-usb/dvb-usb-dvb.o
  CC [M]  net/sctp/stream.o
  CC [M]  drivers/net/usb/asix_devices.o
  CC [M]  fs/erofs/dir.o
  CC [M]  drivers/net/wireless/intersil/p54/txrx.o
  CC [M]  drivers/media/usb/dvb-usb/dvb-usb-remote.o
  CC [M]  drivers/usb/typec/retimer.o
  CC [M]  drivers/usb/usbip/stub_rx.o
  CC [M]  drivers/media/usb/dvb-usb/usb-urb.o
  CC [M]  drivers/net/wireless/intersil/p54/main.o
  CC [M]  net/sctp/auth.o
  CC [M]  drivers/usb/typec/mode_selection.o
  CC [M]  fs/erofs/sysfs.o
  CC [M]  drivers/media/usb/dvb-usb/vp7045.o
  CC [M]  drivers/usb/usbip/stub_tx.o
  CC [M]  fs/ceph/locks.o
  CC [M]  drivers/usb/typec/altmodes/displayport.o
  CC [M]  drivers/net/wireless/intersil/p54/led.o
  CC [M]  fs/erofs/xattr.o
  CC [M]  drivers/net/usb/asix_common.o
  CC [M]  drivers/media/usb/dvb-usb/vp7045-fe.o
  CC [M]  fs/ceph/addr.o
  CC [M]  drivers/usb/usbip/vudc_dev.o
  CC [M]  drivers/net/wireless/intersil/p54/p54usb.o
  CC [M]  drivers/media/usb/dvb-usb/vp702x.o
  CC [M]  net/sctp/offload.o
  CC [M]  fs/erofs/decompressor.o
  CC [M]  drivers/media/usb/dvb-usb/vp702x-fe.o
  LD [M]  drivers/usb/typec/altmodes/typec_displayport.o
  CC [M]  drivers/usb/typec/tcpm/tcpm.o
  CC [M]  fs/erofs/zmap.o
  LD [M]  drivers/net/wireless/intersil/p54/p54common.o
  AR      drivers/net/wireless/marvell/built-in.a
  CC [M]  drivers/net/wireless/marvell/libertas/cfg.o
  CC [M]  drivers/usb/usbip/vudc_sysfs.o
  CC [M]  drivers/media/usb/dvb-usb/gp8psk.o
  CC [M]  drivers/net/usb/ax88172a.o
  CC [M]  fs/erofs/zdata.o
  CC [M]  drivers/usb/usbip/vudc_tx.o
  CC [M]  net/sctp/stream_sched.o
  CC [M]  drivers/media/usb/dvb-usb/dtt200u.o
  CC [M]  fs/ceph/ioctl.o
  CC [M]  drivers/net/wireless/marvell/libertas/cmd.o
  CC [M]  drivers/media/usb/dvb-usb/dtt200u-fe.o
  CC [M]  drivers/usb/usbip/vudc_rx.o
  CC [M]  drivers/net/usb/ax88179_178a.o
  CC [M]  fs/erofs/zutil.o
  CC [M]  drivers/net/wireless/marvell/libertas/cmdresp.o
  CC [M]  drivers/media/usb/dvb-usb/dibusb-common.o
  CC [M]  fs/ceph/export.o
  CC [M]  net/sctp/stream_sched_prio.o
  CC [M]  drivers/media/usb/dvb-usb/dibusb-mc-common.o
  CC [M]  drivers/net/wireless/marvell/libertas/debugfs.o
  CC [M]  drivers/net/usb/cdc_ether.o
  CC [M]  drivers/usb/usbip/vudc_transfer.o
  CC [M]  net/sctp/stream_sched_rr.o
  CC [M]  fs/erofs/decompressor_lzma.o
  CC [M]  drivers/media/usb/dvb-usb/a800.o
  CC [M]  drivers/usb/usbip/vudc_main.o
  CC [M]  drivers/net/usb/cdc_eem.o
  CC [M]  net/sctp/stream_sched_fc.o
  CC [M]  drivers/usb/typec/tcpm/tcpci.o
  CC [M]  fs/erofs/decompressor_deflate.o
  LD [M]  drivers/usb/usbip/usbip-core.o
  CC [M]  fs/ceph/caps.o
  LD [M]  drivers/usb/usbip/vhci-hcd.o
  LD [M]  drivers/usb/usbip/usbip-host.o
  LD [M]  drivers/usb/usbip/usbip-vudc.o
  CC [M]  net/rds/af_rds.o
  CC [M]  drivers/net/wireless/marvell/libertas/ethtool.o
  CC [M]  drivers/net/usb/dm9601.o
  CC [M]  drivers/media/usb/dvb-usb/dibusb-mb.o
  CC [M]  net/sctp/stream_interleave.o
  CC [M]  fs/erofs/decompressor_zstd.o
  CC [M]  drivers/usb/typec/ucsi/ucsi.o
  CC [M]  drivers/net/wireless/marvell/libertas/main.o
  CC [M]  fs/erofs/fileio.o
  CC [M]  net/rds/bind.o
  CC [M]  drivers/media/usb/dvb-usb/dibusb-mc.o
  CC [M]  net/sctp/proc.o
  LD [M]  fs/erofs/erofs.o
  CC [M]  net/sctp/sysctl.o
  CC [M]  drivers/usb/typec/ucsi/debugfs.o
  CC [M]  drivers/net/usb/sr9700.o
  CC [M]  drivers/media/usb/dvb-usb/nova-t-usb2.o
  CC [M]  drivers/net/wireless/marvell/libertas/rx.o
  CC [M]  net/mac80211/main.o
  CC [M]  net/sctp/ipv6.o
  CC [M]  drivers/media/usb/dvb-usb/umt-010.o
  CC [M]  drivers/usb/typec/ucsi/trace.o
  CC [M]  drivers/net/wireless/marvell/libertas/tx.o
  CC [M]  drivers/usb/typec/ucsi/psy.o
  CC [M]  drivers/net/usb/sr9800.o
  CC [M]  net/sctp/diag.o
  CC [M]  net/rds/cong.o
  CC [M]  drivers/net/wireless/marvell/libertas/firmware.o
  CC [M]  drivers/media/usb/dvb-usb/m920x.o
  CC [M]  drivers/usb/typec/ucsi/displayport.o
  CC [M]  drivers/net/wireless/marvell/libertas/mesh.o
  CC [M]  fs/ceph/snap.o
  LD [M]  net/sctp/sctp.o
  CC [M]  drivers/net/usb/smsc75xx.o
  LD [M]  net/sctp/sctp_diag.o
  CC      drivers/md/md.o
  CC [M]  net/mac80211/status.o
  CC [M]  drivers/media/usb/dvb-usb/digitv.o
  LD [M]  drivers/usb/typec/ucsi/typec_ucsi.o
  CC [M]  drivers/usb/typec/tipd/core.o
  CC [M]  drivers/net/wireless/marvell/libertas/if_usb.o
  CC [M]  net/rds/connection.o
  CC [M]  drivers/net/usb/smsc95xx.o
  CC [M]  net/mac80211/driver-ops.o
  CC [M]  drivers/media/usb/dvb-usb/cxusb.o
  LD [M]  drivers/net/wireless/marvell/libertas/libertas.o
  LD [M]  drivers/net/wireless/marvell/libertas/usb8xxx.o
  CC [M]  drivers/net/wireless/marvell/libertas_tf/main.o
  CC [M]  fs/ceph/xattr.o
  CC [M]  drivers/net/wireless/marvell/libertas_tf/cmd.o
  CC [M]  drivers/net/usb/gl620a.o
  CC [M]  fs/ceph/quota.o
  CC [M]  drivers/net/wireless/marvell/libertas_tf/if_usb.o
  CC [M]  drivers/usb/typec/tipd/trace.o
  CC [M]  drivers/net/usb/net1080.o
  CC [M]  net/rds/info.o
  CC [M]  net/mac80211/sta_info.o
  CC [M]  drivers/media/usb/dvb-usb/ttusb2.o
  LD [M]  drivers/net/wireless/marvell/libertas_tf/libertas_tf.o
  LD [M]  drivers/net/wireless/marvell/libertas_tf/libertas_tf_usb.o
  CC [M]  drivers/net/wireless/marvell/mwifiex/main.o
  CC [M]  drivers/net/usb/plusb.o
  CC [M]  fs/ceph/io.o
  CC      drivers/md/md-bitmap.o
  CC [M]  drivers/net/usb/rndis_host.o
  CC [M]  net/rds/message.o
  CC [M]  drivers/usb/typec/tipd/i2c.o
  CC [M]  drivers/net/wireless/marvell/mwifiex/init.o
  CC [M]  drivers/media/usb/dvb-usb/dib0700_core.o
  CC [M]  drivers/net/usb/cdc_subset.o
  CC [M]  net/rds/recv.o
  CC [M]  fs/ceph/mds_client.o
  LD [M]  drivers/usb/typec/tipd/tps6598x-core.o
  LD [M]  drivers/usb/typec/tipd/tps6598x.o
  LD [M]  drivers/usb/typec/typec.o
  AR      drivers/usb/built-in.a
  CC [M]  drivers/net/wireless/marvell/mwifiex/cfp.o
  CC [M]  drivers/net/usb/zaurus.o
  CC      drivers/md/md-autodetect.o
  CC [M]  net/mac80211/wep.o
  CC [M]  drivers/media/usb/dvb-usb/dib0700_devices.o
  CC      drivers/md/dm-init.o
  CC [M]  net/rds/send.o
  CC [M]  drivers/net/usb/mcs7830.o
  CC [M]  drivers/net/eql.o
  CC [M]  net/mac80211/aead_api.o
  CC [M]  net/mac80211/wpa.o
  CC [M]  drivers/media/usb/dvb-usb/opera1.o
  CC      drivers/md/dm-uevent.o
  CC [M]  drivers/net/wireless/marvell/mwifiex/cmdevt.o
  CC [M]  net/rds/stats.o
  CC [M]  drivers/net/usb/usbnet.o
  CC      drivers/md/dm-zone.o
  AR      fs/built-in.a
  CC [M]  net/mac80211/scan.o
  CC [M]  net/rds/sysctl.o
  CC [M]  net/mac80211/offchannel.o
  CC [M]  drivers/media/usb/dvb-usb/af9005.o
  CC      drivers/md/dm-audit.o
  CC [M]  fs/ceph/mdsmap.o
  CC      drivers/md/dm.o
  CC [M]  drivers/media/usb/dvb-usb/af9005-fe.o
  CC [M]  drivers/net/wireless/marvell/mwifiex/util.o
  CC [M]  drivers/net/usb/int51x1.o
  CC [M]  net/rds/threads.o
  CC [M]  fs/ceph/strings.o
  CC [M]  fs/ceph/ceph_frag.o
  CC [M]  drivers/media/usb/dvb-usb/af9005-remote.o
  CC [M]  net/rds/transport.o
  CC [M]  drivers/net/usb/kalmia.o
  CC [M]  fs/ceph/debugfs.o
  CC      drivers/md/dm-table.o
  CC [M]  drivers/net/usb/ipheth.o
  CC [M]  fs/ceph/util.o
  CC [M]  drivers/net/wireless/marvell/mwifiex/txrx.o
  CC [M]  fs/ceph/metric.o
  CC [M]  net/mac80211/ht.o
  CC [M]  drivers/media/usb/dvb-usb/pctv452e.o
  CC [M]  net/rds/loop.o
  CC [M]  drivers/net/usb/sierra_net.o
  CC [M]  net/rds/page.o
  CC      drivers/md/dm-target.o
  CC [M]  drivers/net/wireless/marvell/mwifiex/wmm.o
  AR      drivers/media/mmc/siano/built-in.a
  AR      drivers/media/mmc/built-in.a
  AR      drivers/net/wireless/mediatek/built-in.a
  CC [M]  drivers/net/wireless/mediatek/mt7601u/usb.o
  CC [M]  net/mac80211/agg-tx.o
  CC [M]  drivers/net/usb/cx82310_eth.o
  CC [M]  drivers/media/usb/dvb-usb/dw2102.o
  CC [M]  fs/ceph/subvolume_metrics.o
  CC      drivers/md/dm-linear.o
  CC [M]  drivers/net/wireless/marvell/mwifiex/11n.o
  CC [M]  drivers/net/wireless/mediatek/mt7601u/init.o
  CC [M]  net/rds/rdma.o
  CC [M]  fs/ceph/acl.o
  CC      drivers/md/dm-stripe.o
  CC [M]  drivers/media/usb/dvb-usb/dtv5100.o
  CC [M]  drivers/net/wireless/mediatek/mt7601u/main.o
  CC [M]  drivers/net/wireless/marvell/mwifiex/11ac.o
  CC [M]  drivers/net/usb/cdc_ncm.o
  CC      drivers/md/dm-ioctl.o
  CC [M]  fs/ceph/crypto.o
  CC [M]  net/mac80211/agg-rx.o
  CC [M]  drivers/net/wireless/mediatek/mt7601u/mcu.o
  CC [M]  drivers/media/usb/dvb-usb/cinergyT2-core.o
  CC      drivers/md/dm-io.o
  CC [M]  drivers/net/usb/huawei_cdc_ncm.o
  CC [M]  net/mac80211/vht.o
  CC [M]  drivers/net/wireless/mediatek/mt7601u/trace.o
  CC [M]  drivers/media/usb/dvb-usb/cinergyT2-fe.o
  CC [M]  drivers/net/wireless/marvell/mwifiex/11n_aggr.o
  CC [M]  net/rds/tcp.o
  CC      drivers/md/dm-kcopyd.o
  CC [M]  drivers/net/usb/lg-vl600.o
  LD [M]  fs/ceph/ceph.o
  CC [M]  net/mac80211/he.o
  CC [M]  drivers/net/wireless/mediatek/mt76/mmio.o
  CC      drivers/md/dm-sysfs.o
  CC [M]  drivers/net/usb/qmi_wwan.o
  CC [M]  net/rds/tcp_connect.o
  CC      drivers/md/dm-stats.o
  CC [M]  drivers/media/usb/dvb-usb/az6027.o
  CC [M]  net/mac80211/s1g.o
  CC [M]  drivers/net/wireless/mediatek/mt7601u/dma.o
  CC [M]  drivers/net/wireless/marvell/mwifiex/11n_rxreorder.o
  CC [M]  net/rds/tcp_listen.o
  CC      drivers/md/dm-rq.o
  CC [M]  drivers/net/wireless/mediatek/mt76/util.o
  CC [M]  net/mac80211/ibss.o
  CC [M]  drivers/net/wireless/mediatek/mt7601u/core.o
  CC      drivers/md/dm-io-rewind.o
  CC [M]  net/rds/tcp_recv.o
  CC [M]  drivers/net/usb/cdc_mbim.o
  CC [M]  drivers/media/usb/dvb-usb/technisat-usb2.o
  CC [M]  drivers/net/wireless/mediatek/mt7601u/eeprom.o
  CC [M]  drivers/net/wireless/marvell/mwifiex/scan.o
  CC      drivers/md/dm-builtin.o
  CC [M]  net/rds/tcp_send.o
  CC [M]  net/mac80211/iface.o
  CC [M]  drivers/net/wireless/mediatek/mt76/trace.o
  CC [M]  drivers/net/wireless/mediatek/mt7601u/phy.o
  LD [M]  drivers/media/usb/dvb-usb/dvb-usb.o
  LD [M]  drivers/media/usb/dvb-usb/dvb-usb-vp7045.o
  LD [M]  drivers/media/usb/dvb-usb/dvb-usb-vp702x.o
  LD [M]  drivers/media/usb/dvb-usb/dvb-usb-gp8psk.o
  LD [M]  drivers/media/usb/dvb-usb/dvb-usb-dtt200u.o
  LD [M]  drivers/media/usb/dvb-usb/dvb-usb-dibusb-common.o
  LD [M]  drivers/media/usb/dvb-usb/dvb-usb-dibusb-mc-common.o
  LD [M]  drivers/media/usb/dvb-usb/dvb-usb-a800.o
  LD [M]  drivers/media/usb/dvb-usb/dvb-usb-dibusb-mb.o
  CC [M]  net/rds/tcp_stats.o
  CC      drivers/md/dm-bufio.o
  LD [M]  drivers/media/usb/dvb-usb/dvb-usb-dibusb-mc.o
  LD [M]  drivers/media/usb/dvb-usb/dvb-usb-nova-t-usb2.o
  LD [M]  drivers/media/usb/dvb-usb/dvb-usb-umt-010.o
  LD [M]  drivers/media/usb/dvb-usb/dvb-usb-m920x.o
  LD [M]  drivers/media/usb/dvb-usb/dvb-usb-digitv.o
  CC [M]  drivers/net/usb/ch9200.o
  LD [M]  drivers/media/usb/dvb-usb/dvb-usb-cxusb.o
  LD [M]  drivers/media/usb/dvb-usb/dvb-usb-ttusb2.o
  CC [M]  drivers/net/wireless/marvell/mwifiex/join.o
  LD [M]  drivers/media/usb/dvb-usb/dvb-usb-dib0700.o
  LD [M]  drivers/media/usb/dvb-usb/dvb-usb-opera.o
  LD [M]  drivers/media/usb/dvb-usb/dvb-usb-af9005.o
  LD [M]  drivers/media/usb/dvb-usb/dvb-usb-af9005-remote.o
  LD [M]  drivers/media/usb/dvb-usb/dvb-usb-pctv452e.o
  LD [M]  drivers/media/usb/dvb-usb/dvb-usb-dw2102.o
  LD [M]  drivers/media/usb/dvb-usb/dvb-usb-dtv5100.o
  LD [M]  drivers/media/usb/dvb-usb/dvb-usb-cinergyT2.o
  LD [M]  drivers/media/usb/dvb-usb/dvb-usb-az6027.o
  LD [M]  drivers/media/usb/dvb-usb/dvb-usb-technisat-usb2.o
  AR      drivers/media/usb/dvb-usb-v2/built-in.a
  CC [M]  drivers/media/usb/dvb-usb-v2/dvb_usb_core.o
  CC [M]  drivers/net/wireless/mediatek/mt76/dma.o
  CC [M]  drivers/net/usb/aqc111.o
  CC [M]  drivers/net/wireless/mediatek/mt7601u/mac.o
  CC [M]  net/mac80211/link.o
  LD [M]  net/rds/rds.o
  LD [M]  net/rds/rds_tcp.o
  CC [M]  drivers/media/usb/dvb-usb-v2/dvb_usb_urb.o
  CC [M]  drivers/net/wireless/marvell/mwifiex/sta_ioctl.o
  CC [M]  drivers/net/wireless/mediatek/mt76/mac80211.o
  CC [M]  drivers/net/usb/r8153_ecm.o
  CC [M]  drivers/net/wireless/mediatek/mt7601u/util.o
  CC [M]  net/mac80211/rate.o
  CC [M]  net/mac80211/tkip.o
  CC [M]  drivers/media/usb/dvb-usb-v2/usb_urb.o
  CC [M]  drivers/net/wireless/mediatek/mt7601u/debugfs.o
  CC      drivers/md/dm-snap.o
  LD [M]  drivers/net/usb/asix.o
  CC [M]  drivers/net/wireless/mediatek/mt76/debugfs.o
  CC [M]  drivers/net/wireless/marvell/mwifiex/sta_cmd.o
  CC      drivers/accessibility/braille/braille_console.o
  AR      drivers/net/wireless/ralink/built-in.a
  CC [M]  drivers/net/wireless/ralink/rt2x00/rt2x00dev.o
  CC [M]  drivers/net/wireless/mediatek/mt7601u/tx.o
  CC [M]  net/mac80211/aes_cmac.o
  AR      drivers/accessibility/braille/built-in.a
  CC [M]  drivers/accessibility/speakup/speakup_acntsa.o
  CC [M]  drivers/media/usb/dvb-usb-v2/af9015.o
  CC [M]  drivers/net/wireless/mediatek/mt76/eeprom.o
  CC [M]  drivers/net/wireless/marvell/mwifiex/uap_cmd.o
  CC [M]  drivers/net/wireless/ralink/rt2x00/rt2x00mac.o
  CC [M]  drivers/net/wireless/mediatek/mt76/tx.o
  CC [M]  drivers/accessibility/speakup/speakup_apollo.o
  LD [M]  drivers/net/wireless/mediatek/mt7601u/mt7601u.o
  CC [M]  drivers/net/wireless/mediatek/mt76/agg-rx.o
  CC [M]  drivers/media/usb/dvb-usb-v2/af9035.o
  CC [M]  net/mac80211/aes_gmac.o
  CC [M]  drivers/accessibility/speakup/speakup_audptr.o
  CC      drivers/md/dm-exception-store.o
  CC [M]  drivers/net/wireless/marvell/mwifiex/ie.o
  CC [M]  net/mac80211/fils_aead.o
  CC [M]  drivers/accessibility/speakup/speakup_bns.o
  CC      drivers/opp/core.o
  CC [M]  drivers/accessibility/speakup/speakup_dectlk.o
  CC      drivers/md/dm-snap-transient.o
  CC [M]  drivers/net/wireless/marvell/mwifiex/sta_cmdresp.o
  CC [M]  net/mac80211/cfg.o
  CC [M]  drivers/accessibility/speakup/speakup_decext.o
  CC      drivers/md/dm-snap-persistent.o
  CC [M]  drivers/net/wireless/ralink/rt2x00/rt2x00config.o
  CC [M]  drivers/net/wireless/mediatek/mt76/mcu.o
  CC [M]  drivers/media/usb/dvb-usb-v2/anysee.o
  CC [M]  drivers/net/wireless/marvell/mwifiex/sta_event.o
  CC      drivers/md/dm-raid1.o
  CC [M]  drivers/accessibility/speakup/speakup_ltlk.o
  CC [M]  drivers/net/wireless/mediatek/mt76/wed.o
  CC [M]  drivers/media/usb/dvb-usb-v2/au6610.o
  CC      drivers/opp/cpu.o
  CC [M]  drivers/net/wireless/ralink/rt2x00/rt2x00queue.o
  CC [M]  drivers/net/wireless/mediatek/mt76/scan.o
  CC [M]  drivers/accessibility/speakup/speakup_soft.o
  CC [M]  drivers/media/usb/dvb-usb-v2/az6007.o
  CC [M]  drivers/net/wireless/marvell/mwifiex/uap_event.o
  CC      drivers/opp/of.o
  CC [M]  drivers/accessibility/speakup/speakup_spkout.o
  CC [M]  drivers/net/wireless/mediatek/mt76/channel.o
  CC [M]  net/mac80211/ethtool.o
  CC      drivers/md/dm-log.o
  CC      drivers/opp/debugfs.o
  CC [M]  drivers/net/wireless/ralink/rt2x00/rt2x00link.o
  CC [M]  drivers/accessibility/speakup/speakup_txprt.o
  CC [M]  drivers/media/usb/dvb-usb-v2/ce6230.o
  CC [M]  drivers/net/wireless/mediatek/mt76/pci.o
  CC      drivers/md/dm-region-hash.o
  CC [M]  drivers/net/wireless/ralink/rt2x00/rt2x00debug.o
  CC [M]  drivers/media/usb/dvb-usb-v2/ec168.o
  CC [M]  drivers/net/wireless/marvell/mwifiex/sta_tx.o
  CC [M]  net/mac80211/rx.o
  AR      drivers/opp/built-in.a
  CC      drivers/cpufreq/cpufreq.o
  CC [M]  drivers/accessibility/speakup/buffers.o
  CC      drivers/md/dm-zero.o
  CC [M]  drivers/net/wireless/ralink/rt2x00/rt2x00crypto.o
  CC [M]  drivers/media/usb/dvb-usb-v2/lmedm04.o
  CC [M]  drivers/md/raid0.o
  CC [M]  drivers/net/wireless/mediatek/mt76/usb.o
  CC [M]  drivers/accessibility/speakup/devsynth.o
  CC [M]  drivers/net/wireless/ralink/rt2x00/rt2x00firmware.o
  CC      drivers/cpufreq/freq_table.o
  CC [M]  drivers/net/wireless/marvell/mwifiex/sta_rx.o
  CC [M]  drivers/md/raid1.o
  CC      drivers/cpufreq/cpufreq_stats.o
  CC [M]  drivers/media/usb/dvb-usb-v2/gl861.o
  CC [M]  drivers/accessibility/speakup/i18n.o
  CC [M]  drivers/net/wireless/ralink/rt2x00/rt2x00leds.o
  CC      drivers/cpufreq/cpufreq_performance.o
  CC [M]  net/mac80211/spectmgmt.o
  CC [M]  drivers/net/wireless/marvell/mwifiex/uap_txrx.o
  CC [M]  drivers/net/wireless/ralink/rt2x00/rt2x00usb.o
  CC [M]  drivers/accessibility/speakup/fakekey.o
  CC      drivers/cpufreq/cpufreq_powersave.o
  CC [M]  drivers/media/usb/dvb-usb-v2/mxl111sf.o
  CC [M]  net/mac80211/tx.o
  CC [M]  drivers/net/wireless/marvell/mwifiex/cfg80211.o
  HOSTCC  drivers/accessibility/speakup/makemapdata.o
  CC [M]  drivers/net/wireless/mediatek/mt76/usb_trace.o
  CC      drivers/cpufreq/cpufreq_userspace.o
  CC [M]  drivers/md/raid10.o
  CC [M]  drivers/accessibility/speakup/keyhelp.o
  CC [M]  drivers/net/wireless/ralink/rt2x00/rt2800lib.o
  CC      drivers/cpufreq/cpufreq_ondemand.o
  CC [M]  drivers/media/usb/dvb-usb-v2/mxl111sf-phy.o
  CC [M]  drivers/accessibility/speakup/kobjects.o
  CC [M]  drivers/net/wireless/marvell/mwifiex/ethtool.o
  CC [M]  drivers/net/wireless/mediatek/mt76/mt76x02_util.o
  CC      drivers/cpufreq/cpufreq_conservative.o
  CC [M]  drivers/net/wireless/marvell/mwifiex/11h.o
  CC [M]  drivers/media/usb/dvb-usb-v2/mxl111sf-i2c.o
  CC      drivers/cpufreq/cpufreq_governor.o
  CC [M]  drivers/md/raid5.o
  CC [M]  drivers/accessibility/speakup/selection.o
  CC [M]  net/mac80211/key.o
  CC      drivers/cpufreq/cpufreq_governor_attr_set.o
  CC [M]  drivers/net/wireless/marvell/mwifiex/tdls.o
  CC [M]  drivers/media/usb/dvb-usb-v2/mxl111sf-gpio.o
  CC      drivers/cpufreq/cpufreq-dt.o
  CC [M]  drivers/accessibility/speakup/spk_ttyio.o
  CC [M]  drivers/net/wireless/mediatek/mt76/mt76x02_mac.o
  CC [M]  drivers/media/usb/dvb-usb-v2/mxl111sf-demod.o
  CC [M]  drivers/net/wireless/marvell/mwifiex/debugfs.o
  CC [M]  net/mac80211/util.o
  CC [M]  drivers/accessibility/speakup/synth.o
  CC [M]  drivers/media/usb/dvb-usb-v2/mxl111sf-tuner.o
  CC      drivers/cpufreq/cpufreq-dt-platdev.o
  CC [M]  drivers/accessibility/speakup/thread.o
  CC [M]  drivers/net/wireless/marvell/mwifiex/usb.o
  CC      drivers/cpufreq/apple-soc-cpufreq.o
  CC [M]  drivers/accessibility/speakup/varhandlers.o
  AR      drivers/cpufreq/built-in.a
  LD [M]  drivers/net/wireless/marvell/mwifiex/mwifiex.o
  CC [M]  drivers/net/wireless/ralink/rt2x00/rt2500usb.o
  CC [M]  drivers/media/usb/dvb-usb-v2/rtl28xxu.o
  CC [M]  net/tipc/addr.o
  CC [M]  drivers/net/wireless/mediatek/mt76/mt76x02_mcu.o
  HOSTLD  drivers/accessibility/speakup/makemapdata
  MKMAP   drivers/accessibility/speakup/mapdata.h
  HOSTCC  drivers/accessibility/speakup/genmap.o
  HOSTLD  drivers/accessibility/speakup/genmap
  GENMAP  drivers/accessibility/speakup/speakupmap.h
  CC [M]  drivers/accessibility/speakup/main.o
  CC [M]  net/mac80211/parse.o
  CC [M]  drivers/net/wireless/ralink/rt2x00/rt73usb.o
  CC [M]  drivers/media/usb/dvb-usb-v2/dvbsky.o
  CC [M]  net/tipc/bcast.o
  LD [M]  drivers/net/wireless/marvell/mwifiex/mwifiex_usb.o
  CC [M]  net/mac80211/wme.o
  CC [M]  drivers/net/wireless/mediatek/mt76/mt76x02_eeprom.o
  AR      drivers/net/wireless/realtek/built-in.a
  LD [M]  drivers/accessibility/speakup/speakup.o
  AR      drivers/accessibility/built-in.a
  CC [M]  drivers/net/wireless/realtek/rtl818x/rtl8187/dev.o
  AR      drivers/media/firewire/built-in.a
  CC [M]  drivers/net/wireless/mediatek/mt76/mt76x02_phy.o
  CC [M]  drivers/net/wireless/ralink/rt2x00/rt2800usb.o
  CC [M]  drivers/media/usb/dvb-usb-v2/zd1301.o
  CC [M]  drivers/md/raid5-cache.o
  CC [M]  drivers/md/raid5-ppl.o
  CC [M]  net/tipc/bearer.o
  LD [M]  drivers/media/usb/dvb-usb-v2/dvb_usb_v2.o
  LD [M]  drivers/media/usb/dvb-usb-v2/dvb-usb-af9015.o
  LD [M]  drivers/net/wireless/ralink/rt2x00/rt2x00lib.o
  LD [M]  drivers/media/usb/dvb-usb-v2/dvb-usb-af9035.o
  LD [M]  drivers/media/usb/dvb-usb-v2/dvb-usb-anysee.o
  LD [M]  drivers/media/usb/dvb-usb-v2/dvb-usb-au6610.o
  CC [M]  net/tipc/core.o
  LD [M]  drivers/media/usb/dvb-usb-v2/dvb-usb-az6007.o
  LD [M]  drivers/media/usb/dvb-usb-v2/dvb-usb-ce6230.o
  LD [M]  drivers/media/usb/dvb-usb-v2/dvb-usb-ec168.o
  LD [M]  drivers/media/usb/dvb-usb-v2/dvb-usb-lmedm04.o
  LD [M]  drivers/media/usb/dvb-usb-v2/dvb-usb-gl861.o
  LD [M]  drivers/media/usb/dvb-usb-v2/dvb-usb-mxl111sf.o
  LD [M]  drivers/media/usb/dvb-usb-v2/dvb-usb-rtl28xxu.o
  LD [M]  drivers/media/usb/dvb-usb-v2/dvb-usb-dvbsky.o
  AR      drivers/media/usb/s2255/built-in.a
  CC [M]  drivers/media/usb/s2255/s2255drv.o
  CC [M]  drivers/net/wireless/mediatek/mt76/mt76x02_mmio.o
  CC [M]  net/tipc/link.o
  CC [M]  net/mac80211/chan.o
  CC      drivers/cpuidle/cpuidle.o
  CC [M]  drivers/net/wireless/realtek/rtl818x/rtl8187/rtl8225.o
  CC [M]  drivers/md/md-cluster.o
  CC [M]  drivers/net/wireless/mediatek/mt76/mt76x02_txrx.o
  AR      drivers/media/spi/built-in.a
  CC [M]  net/tipc/discover.o
  CC [M]  drivers/net/wireless/realtek/rtl818x/rtl8187/leds.o
  CC [M]  net/mac80211/ap.o
  CC [M]  drivers/md/dm-bio-prison-v1.o
  CC [M]  drivers/net/wireless/realtek/rtl818x/rtl8187/rfkill.o
  CC      drivers/cpuidle/driver.o
  CC [M]  net/mac80211/trace.o
  CC [M]  drivers/net/wireless/mediatek/mt76/mt76x02_trace.o
  CC [M]  net/tipc/msg.o
  CC [M]  drivers/md/dm-bio-prison-v2.o
  AR      drivers/media/usb/siano/built-in.a
  CC [M]  drivers/media/usb/siano/smsusb.o
  LD [M]  drivers/net/wireless/realtek/rtl818x/rtl8187/rtl8187.o
  CC [M]  drivers/net/wireless/realtek/rtlwifi/base.o
  CC [M]  drivers/md/dm-crypt.o
  CC [M]  drivers/net/wireless/mediatek/mt76/mt76x02_debugfs.o
  CC      drivers/cpuidle/governor.o
  CC [M]  drivers/net/wireless/mediatek/mt76/mt76x02_dfs.o
  CC [M]  net/tipc/name_distr.o
  CC [M]  drivers/net/wireless/realtek/rtlwifi/cam.o
  CC      drivers/cpuidle/sysfs.o
  AR      drivers/media/usb/ttusb-budget/built-in.a
  CC [M]  drivers/media/usb/ttusb-budget/dvb-ttusb-budget.o
  AR      drivers/mmc/host/built-in.a
  CC [M]  drivers/mmc/host/sdhci.o
  CC [M]  net/tipc/subscr.o
  CC [M]  drivers/net/wireless/mediatek/mt76/mt76x02_beacon.o
  CC [M]  drivers/md/dm-delay.o
  CC      drivers/cpuidle/governors/ladder.o
  CC [M]  drivers/md/dm-dust.o
  CC [M]  net/tipc/monitor.o
  CC [M]  drivers/net/wireless/realtek/rtlwifi/core.o
  CC      drivers/cpuidle/governors/menu.o
  CC [M]  net/tipc/name_table.o
  AR      drivers/media/usb/ttusb-dec/built-in.a
  CC [M]  drivers/media/usb/ttusb-dec/ttusb_dec.o
  CC [M]  drivers/net/wireless/mediatek/mt76/mt76x02_usb_mcu.o
  CC [M]  drivers/mmc/host/sdhci-uhs2.o
  CC [M]  drivers/net/wireless/realtek/rtlwifi/debug.o
  CC [M]  drivers/md/dm-flakey.o
  CC      drivers/cpuidle/governors/teo.o
  CC [M]  drivers/media/usb/ttusb-dec/ttusbdecfe.o
  CC [M]  drivers/md/dm-path-selector.o
  CC [M]  drivers/mmc/host/sdhci-pci-core.o
  AR      drivers/cpuidle/governors/built-in.a
  CC      drivers/cpuidle/dt_idle_states.o
  CC [M]  drivers/md/dm-mpath.o
  CC [M]  drivers/media/usb/as102/as102_drv.o
  CC [M]  net/tipc/net.o
  CC [M]  drivers/net/wireless/realtek/rtlwifi/efuse.o
  CC [M]  drivers/net/wireless/mediatek/mt76/mt76x02_usb_core.o
  CC [M]  drivers/media/usb/as102/as102_fw.o
  CC      drivers/cpuidle/dt_idle_genpd.o
  CC [M]  drivers/mmc/host/sdhci-pci-o2micro.o
  CC [M]  net/tipc/netlink.o
  CC [M]  net/mac80211/mlme.o
  CC [M]  drivers/media/usb/as102/as10x_cmd.o
  CC [M]  drivers/net/wireless/realtek/rtlwifi/ps.o
  CC      drivers/cpuidle/cpuidle-psci.o
  CC [M]  drivers/md/dm-ps-round-robin.o
  CC [M]  net/tipc/netlink_compat.o
  CC [M]  drivers/mmc/host/sdhci-pci-arasan.o
  CC [M]  drivers/net/wireless/mediatek/mt76/mt76_connac_mcu.o
  CC [M]  drivers/net/wireless/realtek/rtlwifi/rc.o
  CC [M]  drivers/mmc/host/sdhci-pci-dwc-mshc.o
  CC      drivers/cpuidle/cpuidle-psci-domain.o
  CC [M]  drivers/media/usb/as102/as10x_cmd_stream.o
  CC [M]  drivers/md/dm-ps-queue-length.o
  CC      drivers/cpuidle/cpuidle-apple.o
  CC [M]  net/tipc/node.o
  CC [M]  drivers/net/wireless/realtek/rtlwifi/regd.o
  CC [M]  drivers/mmc/host/sdhci-pci-gli.o
  CC [M]  drivers/md/dm-ps-service-time.o
  AR      drivers/cpuidle/built-in.a
  CC [M]  drivers/media/usb/airspy/airspy.o
  CC [M]  drivers/media/usb/as102/as102_usb_drv.o
  CC [M]  drivers/md/dm-switch.o
  CC [M]  drivers/mmc/host/cqhci-core.o
  CC [M]  drivers/net/wireless/mediatek/mt76/mt76_connac_mac.o
  CC [M]  drivers/net/wireless/realtek/rtlwifi/stats.o
  CC [M]  drivers/media/usb/as102/as10x_cmd_cfg.o
  CC [M]  drivers/md/dm-log-userspace-base.o
  CC [M]  net/tipc/socket.o
  LD [M]  drivers/mmc/host/sdhci-pci.o
  LD [M]  drivers/mmc/host/cqhci.o
  LD [M]  drivers/media/usb/as102/dvb-as102.o
  CC [M]  drivers/mmc/core/core.o
  CC [M]  drivers/media/usb/gspca/gspca.o
  CC [M]  net/mac80211/tdls.o
  CC [M]  drivers/md/dm-log-userspace-transfer.o
  CC [M]  net/mac80211/ocb.o
  CC [M]  drivers/net/wireless/realtek/rtlwifi/usb.o
  CC [M]  drivers/md/dm-raid.o
  CC [M]  drivers/mmc/core/bus.o
  CC [M]  drivers/net/wireless/realtek/rtlwifi/rtl8192c/main.o
  CC [M]  drivers/media/usb/gspca/autogain_functions.o
  CC [M]  drivers/mmc/core/host.o
  CC [M]  drivers/net/wireless/mediatek/mt76/mt76_connac3_mac.o
  CC [M]  drivers/net/wireless/realtek/rtlwifi/rtl8192c/dm_common.o
  CC [M]  net/tipc/eth_media.o
  AR      drivers/media/test-drivers/built-in.a
  CC [M]  drivers/mmc/core/mmc.o
  AR      drivers/mmc/built-in.a
  CC [M]  drivers/net/ifb.o
  CC [M]  drivers/net/wireless/mediatek/mt76/mt76x0/usb.o
  CC [M]  drivers/media/usb/gspca/benq.o
  CC [M]  drivers/md/dm-thin.o
  CC [M]  drivers/md/dm-thin-metadata.o
  CC [M]  net/tipc/topsrv.o
  CC [M]  drivers/mmc/core/mmc_ops.o
  CC [M]  drivers/net/wireless/realtek/rtlwifi/rtl8192c/fw_common.o
  CC [M]  drivers/media/usb/gspca/conex.o
  CC [M]  net/mac80211/airtime.o
  CC [M]  net/tipc/group.o
  CC [M]  drivers/mmc/core/sd.o
  CC [M]  drivers/net/wireless/mediatek/mt76/mt76x0/usb_mcu.o
  CC [M]  drivers/media/usb/gspca/cpia1.o
  CC [M]  net/tipc/trace.o
  CC [M]  drivers/md/dm-verity-fec.o
  CC [M]  drivers/mmc/core/sd_ops.o
  CC [M]  net/rfkill/core.o
  CC [M]  drivers/net/wireless/realtek/rtlwifi/rtl8192c/phy_common.o
  CC [M]  drivers/media/usb/gspca/dtcs033.o
  CC [M]  drivers/net/wireless/mediatek/mt76/mt76x0/init.o
  CC [M]  drivers/mmc/core/sdio.o
  CC [M]  net/rfkill/input.o
  CC [M]  drivers/media/usb/gspca/etoms.o
  CC [M]  drivers/md/dm-verity-target.o
  CC [M]  drivers/net/wireless/mediatek/mt76/mt76x0/main.o
  CC [M]  net/rfkill/rfkill-gpio.o
  CC [M]  drivers/mmc/core/sdio_ops.o
  CC [M]  drivers/media/usb/gspca/finepix.o
  CC [M]  drivers/net/wireless/mediatek/mt76/mt76x0/eeprom.o
  CC [M]  net/tipc/udp_media.o
  LD [M]  net/rfkill/rfkill.o
  CC [M]  drivers/net/wireless/realtek/rtl8xxxu/core.o
  CC [M]  net/mac80211/eht.o
  CC [M]  drivers/md/dm-cache-target.o
  CC [M]  drivers/media/usb/gspca/jeilinj.o
  CC [M]  drivers/mmc/core/sdio_bus.o
  CC [M]  drivers/net/wireless/mediatek/mt76/mt76x0/phy.o
  LD [M]  drivers/net/wireless/realtek/rtlwifi/rtl8192c/rtl8192c-common.o
  CC [M]  net/tipc/sysctl.o
  CC [M]  drivers/net/wireless/realtek/rtlwifi/rtl8192cu/dm.o
  CC [M]  drivers/mmc/core/sdio_cis.o
  CC [M]  net/mac80211/uhr.o
  CC [M]  drivers/mmc/core/sdio_io.o
  CC [M]  drivers/media/usb/gspca/jl2005bcd.o
  LD [M]  drivers/net/wireless/mediatek/mt76/mt76x0/mt76x0u.o
  LD [M]  drivers/net/wireless/mediatek/mt76/mt76x0/mt76x0-common.o
  CC [M]  drivers/net/wireless/mediatek/mt76/mt76x2/eeprom.o
  CC [M]  net/mac80211/nan.o
  CC [M]  drivers/mmc/core/sdio_irq.o
  CC [M]  net/tipc/crypto.o
  CC [M]  drivers/net/wireless/realtek/rtlwifi/rtl8192cu/hw.o
  CC [M]  drivers/mmc/core/sd_uhs2.o
  CC [M]  drivers/net/wireless/mediatek/mt76/mt76x2/mac.o
  CC [M]  drivers/net/wireless/realtek/rtl8xxxu/8192e.o
  CC [M]  drivers/media/usb/gspca/kinect.o
  CC [M]  drivers/md/dm-cache-metadata.o
  CC [M]  drivers/net/wireless/realtek/rtlwifi/rtl8192cu/led.o
  CC [M]  drivers/net/wireless/mediatek/mt76/mt76x2/init.o
  CC [M]  drivers/mmc/core/slot-gpio.o
  CC [M]  drivers/net/wireless/realtek/rtl8xxxu/8723b.o
  CC [M]  net/tipc/diag.o
  CC [M]  drivers/media/usb/gspca/konica.o
  CC [M]  drivers/md/dm-cache-policy.o
  CC [M]  drivers/mmc/core/regulator.o
  CC [M]  drivers/net/wireless/realtek/rtlwifi/rtl8192cu/mac.o
  CC [M]  net/mac80211/led.o
  CC [M]  drivers/net/wireless/mediatek/mt76/mt76x2/phy.o
  CC [M]  drivers/md/dm-cache-background-tracker.o
  CC [M]  drivers/media/usb/gspca/mars.o
  CC [M]  drivers/net/wireless/realtek/rtl8xxxu/8723a.o
  CC [M]  drivers/md/dm-cache-policy-smq.o
  LD [M]  net/tipc/tipc.o
  LD [M]  net/tipc/tipc_diag.o
  CC [M]  drivers/net/wireless/realtek/rtlwifi/rtl8192cu/phy.o
  CC [M]  net/mac80211/debugfs.o
  CC [M]  drivers/mmc/core/pwrseq.o
  CC [M]  drivers/mmc/core/debugfs.o
  CC [M]  drivers/media/usb/gspca/mr97310a.o
  CC [M]  drivers/media/usb/hackrf/hackrf.o
  CC [M]  drivers/md/dm-log-writes.o
  CC [M]  drivers/net/wireless/realtek/rtlwifi/rtl8192cu/rf.o
  CC [M]  drivers/net/wireless/mediatek/mt76/mt76x2/mcu.o
  CC [M]  drivers/net/wireless/realtek/rtl8xxxu/8192c.o
  CC [M]  net/mac80211/debugfs_sta.o
  CC [M]  drivers/mmc/core/pwrseq_simple.o
  CC [M]  drivers/net/wireless/realtek/rtl8xxxu/8188f.o
  CC [M]  drivers/net/wireless/mediatek/mt76/mt76x2/usb.o
  CC [M]  drivers/media/dvb-frontends/a8293.o
  CC [M]  drivers/media/usb/gspca/nw80x.o
  CC [M]  drivers/mmc/core/pwrseq_sd8787.o
  CC [M]  drivers/net/wireless/mediatek/mt76/mt76x2/usb_init.o
  CC [M]  net/mac80211/debugfs_netdev.o
  CC [M]  drivers/net/wireless/realtek/rtl8xxxu/8188e.o
  CC [M]  drivers/md/dm-integrity.o
  CC [M]  drivers/media/dvb-frontends/af9013.o
  CC [M]  drivers/net/wireless/realtek/rtlwifi/rtl8192cu/sw.o
  CC [M]  drivers/net/wireless/mediatek/mt76/mt76x2/usb_main.o
  CC [M]  drivers/mmc/core/pwrseq_emmc.o
  CC [M]  drivers/net/wireless/realtek/rtl8xxxu/8710b.o
  CC [M]  drivers/media/dvb-frontends/af9033.o
  CC [M]  drivers/media/usb/gspca/ov519.o
  CC [M]  drivers/net/wireless/mediatek/mt76/mt76x2/usb_mac.o
  CC [M]  drivers/net/wireless/realtek/rtlwifi/rtl8192cu/table.o
  CC [M]  drivers/net/wireless/realtek/rtlwifi/rtl8192cu/trx.o
  CC [M]  drivers/mmc/core/block.o
  CC [M]  drivers/media/dvb-frontends/as102_fe.o
  CC [M]  drivers/net/wireless/realtek/rtl8xxxu/8192f.o
  CC [M]  drivers/net/wireless/mediatek/mt76/mt76x2/usb_mcu.o
  CC [M]  net/mac80211/debugfs_key.o
  CC [M]  drivers/md/dm-zoned-target.o
  CC [M]  net/mac80211/mesh.o
  LD [M]  drivers/net/wireless/realtek/rtl8xxxu/rtl8xxxu.o
  CC [M]  drivers/media/dvb-frontends/atbm8830.o
  CC [M]  drivers/mmc/core/queue.o
  LD [M]  drivers/net/wireless/realtek/rtlwifi/rtlwifi.o
  CC [M]  drivers/md/dm-zoned-metadata.o
  CC [M]  drivers/net/wireless/mediatek/mt76/mt7615/main.o
  LD [M]  drivers/net/wireless/realtek/rtlwifi/rtl8192cu/rtl8192cu.o
  LD [M]  drivers/net/wireless/realtek/rtlwifi/rtl_usb.o
  CC [M]  net/9p/mod.o
  LD [M]  drivers/mmc/core/mmc_core.o
  LD [M]  drivers/mmc/core/mmc_block.o
  AR      drivers/ufs/built-in.a
  CC [M]  drivers/net/wireless/mediatek/mt76/mt76x2/usb_phy.o
  CC [M]  net/9p/client.o
  CC [M]  drivers/media/mc/mc-device.o
  CC [M]  net/mac80211/mesh_pathtbl.o
  CC [M]  drivers/media/dvb-frontends/au8522_common.o
  CC [M]  drivers/net/wireless/mediatek/mt76/mt7615/init.o
  CC [M]  drivers/md/dm-zoned-reclaim.o
  CC [M]  drivers/media/mc/mc-devnode.o
  CC [M]  drivers/media/usb/gspca/ov534.o
  CC [M]  drivers/media/dvb-frontends/au8522_dig.o
  LD [M]  drivers/net/wireless/mediatek/mt76/mt76x2/mt76x2-common.o
  LD [M]  drivers/net/wireless/mediatek/mt76/mt76x2/mt76x2u.o
  CC [M]  net/6lowpan/core.o
  CC [M]  drivers/media/mc/mc-entity.o
  CC [M]  net/9p/error.o
  CC [M]  drivers/media/dvb-frontends/au8522_decoder.o
  CC [M]  net/mac80211/mesh_plink.o
  CC [M]  net/9p/protocol.o
  CC [M]  drivers/net/wireless/mediatek/mt76/mt7615/mcu.o
  CC [M]  drivers/md/dm-writecache.o
  CC [M]  drivers/media/usb/gspca/ov534_9.o
  CC [M]  drivers/media/mc/mc-request.o
  CC [M]  net/6lowpan/iphc.o
  CC [M]  drivers/media/usb/gspca/pac207.o
  CC [M]  drivers/media/dvb-frontends/bcm3510.o
  CC [M]  drivers/media/mc/mc-dev-allocator.o
  CC [M]  net/mac80211/mesh_hwmp.o
  CC [M]  net/9p/trans_common.o
  CC [M]  drivers/md/bcache/alloc.o
  CC [M]  net/9p/trans_fd.o
  CC [M]  drivers/media/dvb-frontends/cx22700.o
  CC [M]  drivers/media/usb/gspca/pac7302.o
  LD [M]  drivers/media/mc/mc.o
  CC [M]  net/ieee802154/netlink.o
  CC [M]  drivers/net/wireless/mediatek/mt76/mt7615/eeprom.o
  CC [M]  drivers/md/bcache/bset.o
  CC [M]  net/ieee802154/nl-mac.o
  CC [M]  net/9p/trans_virtio.o
  CC [M]  drivers/media/dvb-frontends/cx22702.o
  CC [M]  net/mac80211/mesh_sync.o
  CC [M]  net/6lowpan/nhc.o
  CC [M]  drivers/net/wireless/mediatek/mt76/mt7615/mac.o
  CC [M]  drivers/media/dvb-frontends/cx24110.o
  CC [M]  drivers/media/usb/gspca/pac7311.o
  LD [M]  net/9p/9pnet.o
  LD [M]  net/9p/9pnet_fd.o
  LD [M]  net/9p/9pnet_virtio.o
  CC [M]  drivers/net/wireless/mediatek/mt76/mt7615/debugfs.o
  CC [M]  net/mac80211/mesh_ps.o
  CC [M]  drivers/media/dvb-frontends/cx24116.o
  CC [M]  drivers/media/usb/gspca/se401.o
  CC [M]  net/6lowpan/ndisc.o
  CC [M]  drivers/net/macvlan.o
  CC [M]  drivers/media/dvb-frontends/cx24117.o
  CC [M]  drivers/md/bcache/btree.o
  CC [M]  net/ieee802154/nl-phy.o
  CC [M]  drivers/media/usb/gspca/sn9c2028.o
  CC [M]  drivers/net/wireless/mediatek/mt76/mt7615/trace.o
  CC [M]  net/ieee802154/nl_policy.o
  CC [M]  drivers/media/usb/gspca/sn9c20x.o
  CC [M]  net/mac80211/pm.o
  CC [M]  net/6lowpan/nhc_dest.o
  CC [M]  net/mac80211/rc80211_minstrel_ht.o
  CC [M]  drivers/media/dvb-frontends/cx24120.o
  CC [M]  net/ieee802154/core.o
  CC [M]  drivers/media/usb/gspca/sonixb.o
  CC [M]  drivers/md/bcache/debug.o
  CC [M]  drivers/media/dvb-frontends/cx24123.o
  CC [M]  drivers/net/wireless/mediatek/mt76/mt7615/usb_sdio.o
  CC [M]  drivers/net/macvtap.o
  CC [M]  net/ieee802154/header_ops.o
  CC [M]  net/6lowpan/nhc_fragment.o
  CC [M]  net/mac80211/rc80211_minstrel_ht_debugfs.o
  CC [M]  drivers/md/bcache/extents.o
  CC [M]  drivers/media/dvb-frontends/cxd2099.o
  CC [M]  drivers/media/usb/gspca/sonixj.o
  CC [M]  net/6lowpan/nhc_hop.o
  CC [M]  drivers/media/usb/pwc/pwc-if.o
  CC [M]  drivers/media/dvb-frontends/cxd2820r_core.o
  CC [M]  net/mac80211/wbrf.o
  CC [M]  drivers/net/wireless/mediatek/mt76/mt7615/usb.o
  CC [M]  net/6lowpan/nhc_ipv6.o
  CC [M]  net/ieee802154/sysfs.o
  CC [M]  drivers/media/usb/gspca/spca500.o
  LD [M]  net/mac80211/mac80211.o
  CC [M]  drivers/md/bcache/io.o
  CC [M]  net/6lowpan/nhc_mobility.o
  CC [M]  drivers/md/persistent-data/dm-array.o
  CC [M]  drivers/media/usb/pwc/pwc-misc.o
  CC [M]  drivers/media/usb/gspca/spca501.o
  CC [M]  drivers/net/wireless/mediatek/mt76/mt7615/usb_mcu.o
  CC [M]  drivers/media/dvb-frontends/cxd2820r_c.o
  CC [M]  drivers/media/usb/pwc/pwc-ctrl.o
  CC [M]  net/6lowpan/nhc_routing.o
  CC [M]  drivers/media/usb/gspca/spca505.o
  CC [M]  drivers/md/persistent-data/dm-bitset.o
  CC [M]  net/ieee802154/nl802154.o
  CC [M]  drivers/md/bcache/journal.o
  CC [M]  drivers/media/dvb-frontends/cxd2820r_t.o
  CC [M]  drivers/media/usb/pwc/pwc-v4l.o
  CC [M]  net/6lowpan/nhc_udp.o
  CC [M]  drivers/media/usb/gspca/spca506.o
  LD [M]  drivers/net/wireless/mediatek/mt76/mt7615/mt7615-common.o
  LD [M]  drivers/net/wireless/mediatek/mt76/mt7615/mt7663-usb-sdio-common.o
  LD [M]  drivers/net/wireless/mediatek/mt76/mt7615/mt7663u.o
  LD [M]  drivers/net/wireless/mediatek/mt76/mt76.o
  CC [M]  drivers/media/dvb-frontends/cxd2820r_t2.o
  LD [M]  drivers/net/wireless/mediatek/mt76/mt76-usb.o
  LD [M]  drivers/net/wireless/mediatek/mt76/mt76x02-lib.o
  LD [M]  drivers/net/wireless/mediatek/mt76/mt76x02-usb.o
  CC [M]  drivers/md/persistent-data/dm-block-manager.o
  LD [M]  drivers/net/wireless/mediatek/mt76/mt76-connac-lib.o
  AR      drivers/net/wireless/rsi/built-in.a
  CC [M]  drivers/net/wireless/rsi/rsi_91x_main.o
  CC [M]  drivers/media/usb/gspca/spca508.o
  CC [M]  drivers/media/usb/pwc/pwc-uncompress.o
  CC [M]  drivers/media/dvb-frontends/cxd2841er.o
  CC [M]  drivers/md/persistent-data/dm-space-map-common.o
  CC [M]  drivers/md/bcache/movinggc.o
  CC [M]  drivers/media/usb/gspca/spca561.o
  CC [M]  net/6lowpan/nhc_ghc_ext_hop.o
  CC [M]  net/ieee802154/trace.o
  CC [M]  drivers/net/wireless/rsi/rsi_91x_core.o
  CC [M]  drivers/media/usb/gspca/spca1528.o
  CC [M]  net/6lowpan/nhc_ghc_udp.o
  CC [M]  drivers/media/usb/pwc/pwc-dec1.o
  CC [M]  drivers/md/persistent-data/dm-space-map-disk.o
  CC [M]  drivers/media/dvb-frontends/dib3000mb.o
  CC [M]  net/6lowpan/nhc_ghc_icmpv6.o
  CC [M]  drivers/md/bcache/request.o
  CC [M]  drivers/media/usb/pwc/pwc-dec23.o
  CC [M]  drivers/media/usb/gspca/sq905.o
  CC [M]  net/ieee802154/pan.o
  CC [M]  drivers/md/persistent-data/dm-space-map-metadata.o
  CC [M]  drivers/net/wireless/rsi/rsi_91x_mac80211.o
  CC [M]  net/6lowpan/nhc_ghc_ext_dest.o
  CC [M]  drivers/media/usb/pwc/pwc-kiara.o
  CC [M]  drivers/media/usb/gspca/sq905c.o
  CC [M]  drivers/md/bcache/stats.o
  CC [M]  net/6lowpan/nhc_ghc_ext_frag.o
  CC [M]  net/ieee802154/socket.o
  CC [M]  drivers/media/usb/pwc/pwc-timon.o
  CC [M]  drivers/md/persistent-data/dm-transaction-manager.o
  CC [M]  drivers/md/bcache/super.o
  CC [M]  drivers/media/dvb-frontends/dib3000mc.o
  CC [M]  drivers/media/usb/gspca/sq930x.o
  CC [M]  net/6lowpan/nhc_ghc_ext_route.o
  CC [M]  drivers/md/persistent-data/dm-btree.o
  LD [M]  drivers/media/usb/pwc/pwc.o
  CC [M]  drivers/media/dvb-frontends/dibx000_common.o
  CC [M]  net/ieee802154/6lowpan/core.o
  CC [M]  drivers/media/usb/uvc/uvc_driver.o
  CC [M]  drivers/net/wireless/rsi/rsi_91x_mgmt.o
  CC [M]  drivers/media/usb/gspca/sunplus.o
  CC [M]  drivers/md/persistent-data/dm-btree-remove.o
  CC [M]  drivers/media/dvb-frontends/dib7000m.o
  LD [M]  net/6lowpan/6lowpan.o
  CC [M]  drivers/media/dvb-frontends/dib7000p.o
  CC [M]  drivers/md/persistent-data/dm-btree-spine.o
  CC [M]  drivers/media/usb/gspca/stk014.o
  CC [M]  net/ieee802154/6lowpan/rx.o
  CC [M]  drivers/net/wireless/rsi/rsi_91x_hal.o
  LD [M]  drivers/md/persistent-data/dm-persistent-data.o
  CC [M]  drivers/media/v4l2-core/v4l2-async.o
  CC [M]  drivers/media/v4l2-core/v4l2-fwnode.o
  CC [M]  net/ieee802154/6lowpan/reassembly.o
  CC [M]  drivers/md/bcache/sysfs.o
  CC [M]  drivers/net/wireless/rsi/rsi_91x_ps.o
  CC [M]  drivers/media/usb/gspca/stk1135.o
  CC [M]  net/ieee802154/6lowpan/tx.o
  CC [M]  drivers/media/v4l2-core/v4l2-h264.o
  CC [M]  drivers/net/wireless/rsi/rsi_91x_coex.o
  CC [M]  drivers/media/usb/gspca/stv0680.o
  CC      drivers/firmware/dmi_scan.o
  CC [M]  drivers/media/v4l2-core/v4l2-mem2mem.o
  CC [M]  drivers/media/dvb-frontends/dib8000.o
  CC [M]  drivers/media/usb/uvc/uvc_queue.o
  CC [M]  drivers/md/bcache/trace.o
  CC [M]  drivers/net/wireless/rsi/rsi_91x_debugfs.o
  CC [M]  drivers/media/usb/gspca/t613.o
  LD [M]  net/ieee802154/6lowpan/ieee802154_6lowpan.o
  LD [M]  net/ieee802154/ieee802154.o
  LD [M]  net/ieee802154/ieee802154_socket.o
  CC [M]  drivers/media/usb/uvc/uvc_v4l2.o
  CC [M]  net/mac802154/main.o
  CC      drivers/firmware/dmi-sysfs.o
  CC [M]  drivers/media/v4l2-core/v4l2-vp9.o
  CC [M]  drivers/md/bcache/util.o
  CC [M]  drivers/media/usb/uvc/uvc_video.o
  CC [M]  drivers/net/wireless/rsi/rsi_91x_usb.o
  CC      drivers/firmware/dmi-id.o
  CC [M]  drivers/md/bcache/writeback.o
  AR      drivers/firmware/arm_ffa/built-in.a
  CC [M]  drivers/media/usb/gspca/topro.o
  AR      drivers/firmware/arm_scmi/built-in.a
  CC [M]  net/mac802154/rx.o
  AR      drivers/firmware/broadcom/built-in.a
  AR      drivers/firmware/cirrus/test/built-in.a
  CC [M]  drivers/firmware/cirrus/cs_dsp.o
  CC [M]  drivers/media/dvb-frontends/drxd_firm.o
  CC [M]  drivers/net/wireless/rsi/rsi_91x_usb_ops.o
  CC [M]  drivers/media/dvb-frontends/drxd_hard.o
  CC [M]  drivers/md/bcache/features.o
  CC [M]  net/mac802154/tx.o
  CC [M]  drivers/media/usb/uvc/uvc_ctrl.o
  CC [M]  drivers/media/v4l2-core/tuner-core.o
  CC [M]  drivers/media/usb/gspca/touptek.o
  AR      drivers/firmware/cirrus/built-in.a
  CC [M]  net/mac802154/mac_cmd.o
  AR      drivers/firmware/meson/built-in.a
  AR      drivers/firmware/microchip/built-in.a
  LD [M]  drivers/net/wireless/rsi/rsi_91x.o
  CC      drivers/firmware/efi/efi.o
  LD [M]  drivers/net/wireless/rsi/rsi_usb.o
  AR      drivers/net/wireless/silabs/built-in.a
  AR      drivers/net/wireless/zydas/built-in.a
  CC [M]  drivers/net/wireless/zydas/zd1211rw/zd_chip.o
  LD [M]  drivers/md/bcache/bcache.o
  CC [M]  drivers/media/dvb-frontends/drxk_hard.o
  AR      drivers/md/built-in.a
  LD [M]  drivers/md/raid456.o
  LD [M]  drivers/md/dm-bio-prison.o
  LD [M]  drivers/md/dm-multipath.o
  LD [M]  drivers/md/dm-round-robin.o
  LD [M]  drivers/md/dm-queue-length.o
  LD [M]  drivers/md/dm-service-time.o
  LD [M]  drivers/md/dm-log-userspace.o
  LD [M]  drivers/md/dm-thin-pool.o
  LD [M]  drivers/md/dm-verity.o
  LD [M]  drivers/md/dm-cache.o
  CC [M]  drivers/media/v4l2-core/v4l2-dv-timings.o
  LD [M]  drivers/md/dm-cache-smq.o
  LD [M]  drivers/md/dm-zoned.o
  CC [M]  net/mac802154/mib.o
  CC [M]  net/ceph/ceph_common.o
  CC [M]  drivers/media/usb/uvc/uvc_status.o
  CC [M]  drivers/media/usb/gspca/tv8532.o
  CC [M]  net/mac802154/iface.o
  CC [M]  drivers/net/wireless/zydas/zd1211rw/zd_mac.o
  CC [M]  drivers/media/v4l2-core/v4l2-dev.o
  CC      drivers/firmware/efi/vars.o
  CC [M]  net/ceph/messenger.o
  CC [M]  drivers/media/usb/uvc/uvc_isight.o
  CC      drivers/firmware/efi/reboot.o
  CC [M]  drivers/media/dvb-frontends/ds3000.o
  CC [M]  drivers/media/v4l2-core/v4l2-ioctl.o
  CC [M]  drivers/media/usb/uvc/uvc_debugfs.o
  CC [M]  drivers/media/usb/gspca/vc032x.o
  CC [M]  drivers/net/wireless/zydas/zd1211rw/zd_rf_al2230.o
  CC [M]  drivers/media/dvb-frontends/ec100.o
  CC      drivers/firmware/efi/memattr.o
  CC [M]  net/mac802154/llsec.o
  CC [M]  drivers/media/usb/gspca/vicam.o
  CC [M]  drivers/net/wireless/zydas/zd1211rw/zd_rf_rf2959.o
  CC      drivers/firmware/efi/tpm.o
  CC [M]  drivers/media/usb/uvc/uvc_metadata.o
  CC [M]  net/ceph/msgpool.o
  CC [M]  drivers/media/usb/gspca/xirlink_cit.o
  CC [M]  drivers/media/usb/uvc/uvc_entity.o
  CC [M]  net/ceph/buffer.o
  CC [M]  drivers/media/dvb-frontends/gp8psk-fe.o
  CC [M]  net/mac802154/util.o
  CC      drivers/firmware/efi/memmap.o
  CC [M]  drivers/net/wireless/zydas/zd1211rw/zd_rf_al7230b.o
  LD [M]  drivers/media/usb/uvc/uvcvideo.o
  CC      drivers/firmware/efi/fdtparams.o
  CC [M]  drivers/media/v4l2-core/v4l2-device.o
  CC [M]  drivers/media/dvb-core/dvbdev.o
  CC [M]  drivers/media/dvb-frontends/isl6405.o
  CC [M]  net/ceph/pagelist.o
  CC [M]  net/mac802154/cfg.o
  CC [M]  drivers/media/dvb-frontends/isl6421.o
  CC      drivers/firmware/efi/esrt.o
  CC [M]  drivers/net/wireless/zydas/zd1211rw/zd_rf_uw2453.o
  CC [M]  net/ceph/mon_client.o
  CC [M]  drivers/media/dvb-core/dmxdev.o
  CC [M]  drivers/media/v4l2-core/v4l2-fh.o
  CC [M]  drivers/media/usb/gspca/zc3xx.o
  CC [M]  drivers/net/wireless/zydas/zd1211rw/zd_rf.o
  CC [M]  net/mac802154/scan.o
  CC [M]  drivers/media/v4l2-core/v4l2-event.o
  CC      drivers/firmware/efi/efi-pstore.o
  CC [M]  drivers/media/dvb-frontends/isl6423.o
  CC      drivers/firmware/efi/runtime-wrappers.o
  CC [M]  drivers/net/wireless/zydas/zd1211rw/zd_usb.o
  CC [M]  drivers/media/usb/gspca/m5602/m5602_core.o
  CC [M]  drivers/media/dvb-core/dvb_demux.o
  CC [M]  drivers/media/dvb-frontends/ix2505v.o
  CC [M]  net/ceph/decode.o
  CC [M]  net/mac802154/trace.o
  CC      drivers/firmware/efi/efibc.o
  CC [M]  drivers/media/v4l2-core/v4l2-subdev.o
  CC [M]  drivers/media/usb/gspca/m5602/m5602_ov9650.o
  CC      drivers/firmware/efi/efi-init.o
  CC [M]  drivers/media/dvb-frontends/l64781.o
  CC [M]  net/ceph/cls_lock_client.o
  CC [M]  drivers/media/dvb-core/dvb_ca_en50221.o
  CC      drivers/firmware/efi/arm-runtime.o
  CC [M]  drivers/media/dvb-frontends/lg2160.o
  CC [M]  net/ceph/osd_client.o
  CC      drivers/firmware/efi/earlycon.o
  CC [M]  drivers/media/v4l2-core/v4l2-common.o
  CC [M]  drivers/media/dvb-core/dvb_frontend.o
  CC [M]  drivers/media/usb/gspca/m5602/m5602_ov7660.o
  LD [M]  drivers/net/wireless/zydas/zd1211rw/zd1211rw.o
  AR      drivers/net/wireless/virtual/built-in.a
  AR      drivers/net/wireless/built-in.a
  CC      drivers/firmware/efi/libstub/alignedmem.o
  CC [M]  drivers/media/dvb-frontends/lgdt3305.o
  CC [M]  drivers/net/mii.o
  LD [M]  net/mac802154/mac802154.o
  CC      drivers/firmware/efi/libstub/arm64-stub.o
  CC [M]  drivers/media/usb/gspca/stv06xx/stv06xx.o
  CC [M]  drivers/media/v4l2-core/v4l2-ctrls-core.o
  CC [M]  drivers/media/dvb-frontends/lgdt3306a.o
  CC [M]  drivers/media/dvb-core/dvb_net.o
  CC [M]  drivers/media/usb/gspca/m5602/m5602_mt9m111.o
  CC [M]  drivers/net/netconsole.o
  CC      drivers/firmware/efi/libstub/arm64.o
  CC [M]  drivers/media/usb/gspca/stv06xx/stv06xx_vv6410.o
  CC [M]  drivers/media/usb/gspca/m5602/m5602_po1030.o
  CC [M]  drivers/media/dvb-core/dvb_ringbuffer.o
  CC      drivers/firmware/efi/libstub/efi-stub-entry.o
  CC [M]  drivers/media/usb/gspca/m5602/m5602_s5k83a.o
  CC [M]  drivers/net/tun.o
  LD [M]  drivers/media/dvb-core/dvb-core.o
  CC [M]  drivers/net/tap.o
  CC [M]  drivers/media/usb/gspca/stv06xx/stv06xx_hdcs.o
  CC      drivers/firmware/efi/libstub/efi-stub-helper.o
  CC [M]  drivers/media/usb/gspca/m5602/m5602_s5k4aa.o
  CC [M]  net/ceph/osdmap.o
  CC [M]  drivers/media/dvb-frontends/lgdt330x.o
  CC      drivers/firmware/efi/libstub/efi-stub.o
  CC [M]  drivers/media/v4l2-core/v4l2-ctrls-api.o
  LD [M]  drivers/media/usb/gspca/m5602/gspca_m5602.o
  AR      drivers/firmware/imx/built-in.a
  AR      drivers/crypto/stm32/built-in.a
  AR      drivers/crypto/inside-secure/eip93/built-in.a
  AR      drivers/crypto/inside-secure/built-in.a
  CC [M]  drivers/media/usb/gspca/stv06xx/stv06xx_pb0100.o
  AR      drivers/crypto/xilinx/built-in.a
  AR      drivers/crypto/hisilicon/built-in.a
  AR      drivers/crypto/intel/keembay/built-in.a
  AR      drivers/crypto/intel/ixp4xx/built-in.a
  AR      drivers/crypto/intel/built-in.a
  CC      drivers/firmware/efi/libstub/fdt.o
  AR      drivers/crypto/starfive/built-in.a
  CC      drivers/firmware/efi/libstub/file.o
  AR      drivers/crypto/cavium/built-in.a
  AR      drivers/crypto/ti/built-in.a
  CC [M]  drivers/crypto/virtio/virtio_crypto_skcipher_algs.o
  CC [M]  drivers/media/usb/gspca/stv06xx/stv06xx_st6422.o
  CC [M]  drivers/media/dvb-frontends/lgs8gxx.o
  CC [M]  drivers/media/cec/core/cec-core.o
  CC [M]  drivers/crypto/virtio/virtio_crypto_akcipher_algs.o
  CC [M]  net/ceph/crush/crush.o
  CC [M]  drivers/media/cec/core/cec-adap.o
  CC      drivers/firmware/efi/libstub/gop.o
  LD [M]  drivers/media/usb/gspca/stv06xx/gspca_stv06xx.o
  CC [M]  drivers/media/usb/gspca/gl860/gl860.o
  CC [M]  drivers/media/dvb-frontends/lnbh25.o
  CC [M]  drivers/media/v4l2-core/v4l2-ctrls-request.o
  CC [M]  net/ceph/crush/mapper.o
  CC      drivers/firmware/efi/libstub/intrinsics.o
  CC [M]  drivers/media/dvb-frontends/lnbp21.o
  CC [M]  drivers/media/usb/gspca/gl860/gl860-mi1320.o
  CC [M]  drivers/crypto/virtio/virtio_crypto_mgr.o
  CC      drivers/firmware/efi/libstub/kaslr.o
  CC [M]  drivers/media/cec/core/cec-api.o
  CC [M]  drivers/media/dvb-frontends/lnbp22.o
  CC [M]  net/ceph/crush/hash.o
  CC [M]  drivers/media/usb/gspca/gl860/gl860-ov2640.o
  CC      drivers/firmware/efi/libstub/lib-cmdline.o
  CC [M]  drivers/media/v4l2-core/v4l2-ctrls-defs.o
  CC [M]  net/ceph/striper.o
  CC      drivers/firmware/efi/libstub/lib-ctype.o
  CC      drivers/firmware/efi/libstub/lib-fdt.o
  CC      drivers/firmware/efi/libstub/lib-fdt_empty_tree.o
  CC      drivers/firmware/efi/libstub/lib-fdt_ro.o
  CC [M]  drivers/media/dvb-frontends/m88ds3103.o
  CC [M]  drivers/net/veth.o
  LD [M]  drivers/media/cec/core/cec.o
  CC [M]  drivers/crypto/virtio/virtio_crypto_core.o
  CC [M]  net/ceph/debugfs.o
  CC [M]  drivers/net/virtio_net.o
  CC [M]  drivers/media/usb/gspca/gl860/gl860-ov9655.o
  CC      drivers/firmware/efi/libstub/lib-fdt_rw.o
  CC [M]  drivers/media/v4l2-core/v4l2-mc.o
  CC      drivers/firmware/efi/libstub/lib-fdt_sw.o
  CC      drivers/firmware/efi/libstub/lib-fdt_wip.o
  CC      drivers/firmware/efi/libstub/mem.o
  CC [M]  drivers/media/usb/gspca/gl860/gl860-mi2020.o
  CC [M]  drivers/media/dvb-frontends/m88rs2000.o
  CC      drivers/firmware/efi/libstub/pci.o
  CC [M]  drivers/media/v4l2-core/v4l2-spi.o
  LD [M]  drivers/media/usb/gspca/gl860/gspca_gl860.o
  LD [M]  drivers/media/usb/gspca/gspca_main.o
  LD [M]  drivers/media/usb/gspca/gspca_benq.o
  LD [M]  drivers/media/usb/gspca/gspca_conex.o
  LD [M]  drivers/crypto/virtio/virtio_crypto.o
  CC      drivers/firmware/efi/libstub/primary_display.o
  LD [M]  drivers/media/usb/gspca/gspca_cpia1.o
  AR      drivers/crypto/built-in.a
  LD [M]  drivers/media/usb/gspca/gspca_dtcs033.o
  LD [M]  drivers/media/usb/gspca/gspca_etoms.o
  LD [M]  drivers/media/usb/gspca/gspca_finepix.o
  LD [M]  drivers/media/usb/gspca/gspca_jeilinj.o
  LD [M]  drivers/media/usb/gspca/gspca_jl2005bcd.o
  AR      drivers/firmware/efi/built-in.a
  LD [M]  drivers/media/usb/gspca/gspca_kinect.o
  LD [M]  drivers/media/usb/gspca/gspca_konica.o
  LD [M]  drivers/media/usb/gspca/gspca_mars.o
  LD [M]  drivers/media/usb/gspca/gspca_mr97310a.o
  CC      drivers/firmware/psci/psci.o
  LD [M]  drivers/media/usb/gspca/gspca_nw80x.o
  CC [M]  drivers/media/dvb-frontends/mb86a16.o
  LD [M]  drivers/media/usb/gspca/gspca_ov519.o
  CC [M]  net/ceph/auth.o
  LD [M]  drivers/media/usb/gspca/gspca_ov534.o
  LD [M]  drivers/media/usb/gspca/gspca_ov534_9.o
  LD [M]  drivers/media/usb/gspca/gspca_pac207.o
  LD [M]  drivers/media/usb/gspca/gspca_pac7302.o
  LD [M]  drivers/media/usb/gspca/gspca_pac7311.o
  LD [M]  drivers/media/usb/gspca/gspca_se401.o
  LD [M]  drivers/media/usb/gspca/gspca_sn9c2028.o
  LD [M]  drivers/media/usb/gspca/gspca_sn9c20x.o
  LD [M]  drivers/media/usb/gspca/gspca_sonixb.o
  LD [M]  drivers/media/usb/gspca/gspca_sonixj.o
  LD [M]  drivers/media/usb/gspca/gspca_spca500.o
  LD [M]  drivers/media/usb/gspca/gspca_spca501.o
  LD [M]  drivers/media/usb/gspca/gspca_spca505.o
  LD [M]  drivers/media/usb/gspca/gspca_spca506.o
  LD [M]  drivers/media/usb/gspca/gspca_spca508.o
  LD [M]  drivers/media/usb/gspca/gspca_spca561.o
  LD [M]  drivers/media/usb/gspca/gspca_spca1528.o
  LD [M]  drivers/media/usb/gspca/gspca_sq905.o
  LD [M]  drivers/media/usb/gspca/gspca_sq905c.o
  LD [M]  drivers/media/usb/gspca/gspca_sq930x.o
  LD [M]  drivers/media/usb/gspca/gspca_sunplus.o
  CC [M]  drivers/media/v4l2-core/v4l2-trace.o
  LD [M]  drivers/media/usb/gspca/gspca_stk014.o
  LD [M]  drivers/media/usb/gspca/gspca_stk1135.o
  LD [M]  drivers/media/usb/gspca/gspca_stv0680.o
  LD [M]  drivers/media/usb/gspca/gspca_t613.o
  LD [M]  drivers/media/usb/gspca/gspca_topro.o
  LD [M]  drivers/media/usb/gspca/gspca_touptek.o
  LD [M]  drivers/media/usb/gspca/gspca_tv8532.o
  LD [M]  drivers/media/usb/gspca/gspca_vc032x.o
  LD [M]  drivers/media/usb/gspca/gspca_vicam.o
  LD [M]  drivers/media/usb/gspca/gspca_xirlink_cit.o
  CC      drivers/firmware/efi/libstub/printk.o
  LD [M]  drivers/media/usb/gspca/gspca_zc3xx.o
  CC [M]  drivers/media/usb/au0828/au0828-core.o
  CC      drivers/firmware/efi/libstub/random.o
  AR      drivers/firmware/psci/built-in.a
  CC [M]  drivers/media/radio/radio-maxiradio.o
  CC [M]  net/batman-adv/bat_algo.o
  CC [M]  drivers/media/usb/au0828/au0828-i2c.o
  CC [M]  net/ceph/auth_none.o
  CC [M]  net/batman-adv/bat_iv_ogm.o
  CC      drivers/firmware/efi/libstub/randomalloc.o
  CC [M]  drivers/media/v4l2-core/v4l2-i2c.o
  CC      drivers/firmware/efi/libstub/secureboot.o
  CC [M]  drivers/media/dvb-frontends/mb86a20s.o
  CC [M]  drivers/media/usb/au0828/au0828-cards.o
  CC [M]  drivers/media/radio/radio-shark2.o
  CC [M]  net/ceph/crypto.o
  CC      drivers/firmware/efi/libstub/skip_spaces.o
  CC      drivers/firmware/efi/libstub/smbios.o
  LD [M]  drivers/media/v4l2-core/tuner.o
  LD [M]  drivers/media/v4l2-core/videodev.o
  CC [M]  drivers/media/dvb-frontends/mn88472.o
  CC [M]  drivers/media/radio/radio-tea5777.o
  CC [M]  drivers/media/usb/au0828/au0828-dvb.o
  CC [M]  net/batman-adv/bitarray.o
  CC [M]  net/ceph/armor.o
  CC      drivers/firmware/efi/libstub/string.o
  CC [M]  net/ceph/auth_x.o
  CC      drivers/firmware/efi/libstub/systable.o
  CC [M]  drivers/net/geneve.o
  CC [M]  drivers/media/usb/au0828/au0828-video.o
  CC [M]  drivers/media/radio/radio-shark.o
  CC [M]  drivers/media/dvb-frontends/mn88473.o
  CC      drivers/firmware/efi/libstub/tpm.o
  CC      drivers/firmware/efi/libstub/vsprintf.o
  CC [M]  drivers/media/radio/tea575x.o
  STUBCPY drivers/firmware/efi/libstub/alignedmem.stub.o
  STUBCPY drivers/firmware/efi/libstub/arm64-stub.stub.o
  STUBCPY drivers/firmware/efi/libstub/arm64.stub.o
  STUBCPY drivers/firmware/efi/libstub/efi-stub-entry.stub.o
  STUBCPY drivers/firmware/efi/libstub/efi-stub-helper.stub.o
  STUBCPY drivers/firmware/efi/libstub/efi-stub.stub.o
  STUBCPY drivers/firmware/efi/libstub/fdt.stub.o
  STUBCPY drivers/firmware/efi/libstub/file.stub.o
  STUBCPY drivers/firmware/efi/libstub/gop.stub.o
  STUBCPY drivers/firmware/efi/libstub/intrinsics.stub.o
  STUBCPY drivers/firmware/efi/libstub/kaslr.stub.o
  CC [M]  net/batman-adv/bridge_loop_avoidance.o
  STUBCPY drivers/firmware/efi/libstub/lib-cmdline.stub.o
  STUBCPY drivers/firmware/efi/libstub/lib-ctype.stub.o
  STUBCPY drivers/firmware/efi/libstub/lib-fdt.stub.o
  CC [M]  drivers/media/dvb-frontends/mt312.o
  STUBCPY drivers/firmware/efi/libstub/lib-fdt_empty_tree.stub.o
  STUBCPY drivers/firmware/efi/libstub/lib-fdt_ro.stub.o
  STUBCPY drivers/firmware/efi/libstub/lib-fdt_rw.stub.o
  STUBCPY drivers/firmware/efi/libstub/lib-fdt_sw.stub.o
  STUBCPY drivers/firmware/efi/libstub/lib-fdt_wip.stub.o
  CC      drivers/clocksource/timer-of.o
  STUBCPY drivers/firmware/efi/libstub/mem.stub.o
  STUBCPY drivers/firmware/efi/libstub/pci.stub.o
  STUBCPY drivers/firmware/efi/libstub/primary_display.stub.o
  STUBCPY drivers/firmware/efi/libstub/printk.stub.o
  STUBCPY drivers/firmware/efi/libstub/random.stub.o
  STUBCPY drivers/firmware/efi/libstub/randomalloc.stub.o
  STUBCPY drivers/firmware/efi/libstub/secureboot.stub.o
  STUBCPY drivers/firmware/efi/libstub/skip_spaces.stub.o
  STUBCPY drivers/firmware/efi/libstub/smbios.stub.o
  CC [M]  drivers/media/radio/dsbr100.o
  STUBCPY drivers/firmware/efi/libstub/string.stub.o
  STUBCPY drivers/firmware/efi/libstub/systable.stub.o
  STUBCPY drivers/firmware/efi/libstub/tpm.stub.o
  STUBCPY drivers/firmware/efi/libstub/vsprintf.stub.o
  AR      drivers/firmware/efi/libstub/lib.a
  AR      drivers/firmware/qcom/built-in.a
  AR      drivers/firmware/samsung/built-in.a
  CC [M]  net/ceph/ceph_strings.o
  CC      drivers/firmware/smccc/smccc.o
  CC [M]  drivers/net/nlmon.o
  CC [M]  net/ceph/ceph_hash.o
  CC [M]  drivers/media/dvb-frontends/mt352.o
  CC [M]  drivers/media/usb/au0828/au0828-vbi.o
  CC [M]  drivers/media/radio/radio-keene.o
  CC      drivers/clocksource/timer-probe.o
  CC [M]  net/ceph/pagevec.o
  CC      drivers/firmware/smccc/kvm_guest.o
  CC [M]  drivers/media/usb/au0828/au0828-input.o
  CC [M]  drivers/media/dvb-frontends/mxl5xx.o
  CC      drivers/clocksource/arm_arch_timer.o
  CC [M]  net/ceph/snapshot.o
  CC [M]  drivers/net/vrf.o
  AR      drivers/firmware/smccc/built-in.a
  AR      drivers/firmware/tegra/built-in.a
  AR      drivers/firmware/xilinx/built-in.a
  AR      drivers/firmware/built-in.a
  CC      drivers/hid/hid-core.o
  CC [M]  net/batman-adv/distributed-arp-table.o
  CC [M]  drivers/media/radio/radio-ma901.o
  CC [M]  net/ceph/string_table.o
  CC      drivers/clocksource/arm_arch_timer_mmio.o
  LD [M]  drivers/media/usb/au0828/au0828.o
  CC [M]  drivers/media/usb/cx231xx/cx231xx-video.o
  CC [M]  net/ceph/messenger_v1.o
  CC [M]  drivers/media/radio/radio-mr800.o
  CC [M]  drivers/media/dvb-frontends/mxl692.o
  CC      drivers/clocksource/dummy_timer.o
  CC [M]  drivers/media/radio/radio-raremono.o
  CC [M]  drivers/media/dvb-frontends/nxt200x.o
  CC [M]  net/ceph/messenger_v2.o
  CC      drivers/hid/hid-input.o
  AR      drivers/clocksource/built-in.a
  CC [M]  drivers/net/net_failover.o
  CC [M]  drivers/media/usb/cx231xx/cx231xx-i2c.o
  CC [M]  drivers/media/radio/si470x/radio-si470x-common.o
  CC [M]  net/batman-adv/fragmentation.o
  CC [M]  drivers/media/usb/em28xx/em28xx-core.o
  CC [M]  drivers/media/radio/si470x/radio-si470x-usb.o
  CC [M]  drivers/net/bonding/bond_main.o
  CC [M]  drivers/media/dvb-frontends/nxt6000.o
  CC      drivers/hid/hid-quirks.o
  CC [M]  drivers/media/usb/cx231xx/cx231xx-cards.o
  CC [M]  drivers/media/radio/si4713/si4713.o
  CC [M]  drivers/media/usb/em28xx/em28xx-i2c.o
  LD [M]  net/ceph/libceph.o
  CC [M]  drivers/media/radio/si4713/radio-usb-si4713.o
  CC      drivers/hid/hid-debug.o
  CC [M]  drivers/media/dvb-frontends/or51132.o
  CC [M]  net/batman-adv/gateway_client.o
  CC [M]  drivers/media/usb/cx231xx/cx231xx-core.o
  CC      drivers/hid/hid-haptic.o
  CC      drivers/of/base.o
  CC [M]  drivers/media/dvb-frontends/or51211.o
  LD [M]  drivers/media/radio/shark2.o
  AR      drivers/staging/media/built-in.a
  CC [M]  net/batman-adv/gateway_common.o
  AR      drivers/staging/iio/accel/built-in.a
  AR      drivers/staging/iio/adc/built-in.a
  AR      drivers/staging/iio/addac/built-in.a
  CC [M]  drivers/media/usb/em28xx/em28xx-cards.o
  AR      drivers/staging/iio/frequency/built-in.a
  CC [M]  drivers/media/usb/cx231xx/cx231xx-avcore.o
  AR      drivers/staging/iio/impedance-analyzer/built-in.a
  AR      drivers/staging/iio/built-in.a
  AR      drivers/staging/built-in.a
  CC [M]  net/batman-adv/hard-interface.o
  CC      drivers/hid/hidraw.o
  CC [M]  drivers/media/dvb-frontends/dvb-pll.o
  CC      drivers/of/cpu.o
  CC [M]  drivers/media/usb/cx231xx/cx231xx-417.o
  CC      drivers/of/device.o
  CC [M]  drivers/media/usb/em28xx/em28xx-camera.o
  CC      drivers/of/module.o
  CC [M]  net/batman-adv/hash.o
  CC [M]  drivers/media/usb/em28xx/em28xx-video.o
  CC      drivers/hid/hid-generic.o
  CC      drivers/of/platform.o
  CC [M]  drivers/net/bonding/bond_3ad.o
  CC [M]  drivers/media/dvb-frontends/rtl2830.o
  CC      drivers/hid/spi-hid/spi-hid-apple-core.o
  CC [M]  net/batman-adv/main.o
  CC [M]  drivers/media/usb/cx231xx/cx231xx-pcb-cfg.o
  CC [M]  drivers/media/dvb-frontends/rtl2832.o
  CC [M]  drivers/media/usb/em28xx/em28xx-vbi.o
  CC [M]  net/batman-adv/mesh-interface.o
  CC [M]  drivers/media/dvb-frontends/rtl2832_sdr.o
  CC [M]  net/batman-adv/multicast.o
  CC      drivers/hid/spi-hid/spi-hid-apple-of.o
  CC      drivers/of/property.o
  CC [M]  drivers/net/bonding/bond_alb.o
  CC [M]  drivers/media/usb/cx231xx/cx231xx-vbi.o
  AR      drivers/hid/spi-hid/built-in.a
  CC [M]  net/nfc/core.o
  CC [M]  drivers/hid/uhid.o
  CC [M]  drivers/media/usb/em28xx/em28xx-audio.o
  CC      drivers/of/kobj.o
  CC [M]  drivers/media/dvb-frontends/s5h1409.o
  CC      drivers/of/dynamic.o
  CC [M]  net/nfc/netlink.o
  CC [M]  drivers/net/bonding/bond_sysfs.o
  CC [M]  net/batman-adv/multicast_forw.o
  CC [M]  drivers/media/usb/em28xx/em28xx-dvb.o
  CC [M]  drivers/media/usb/cx231xx/cx231xx-input.o
  CC [M]  drivers/media/dvb-frontends/s5h1411.o
  CC      drivers/of/fdt.o
  CC [M]  drivers/hid/hid-a4tech.o
  CC [M]  net/batman-adv/netlink.o
  CC [M]  drivers/media/dvb-frontends/s5h1420.o
  CC [M]  drivers/media/usb/em28xx/em28xx-input.o
  DTC     drivers/of/empty_root.dtb
  CC [M]  drivers/media/usb/cx231xx/cx231xx-audio.o
  CC      drivers/of/fdt_address.o
  CC [M]  drivers/hid/hid-accutouch.o
  CC [M]  drivers/media/dvb-frontends/s921.o
  CC      drivers/of/address.o
  CC [M]  drivers/net/bonding/bond_sysfs_slave.o
  CC [M]  net/batman-adv/originator.o
  CC [M]  drivers/hid/hid-alps.o
  CC [M]  drivers/media/usb/cx231xx/cx231xx-dvb.o
  LD [M]  drivers/media/usb/em28xx/em28xx.o
  LD [M]  drivers/media/usb/em28xx/em28xx-v4l.o
  LD [M]  drivers/media/usb/em28xx/em28xx-alsa.o
  LD [M]  drivers/media/usb/em28xx/em28xx-rc.o
  CC [M]  drivers/hid/hid-axff.o
  CC      drivers/of/irq.o
  CC [M]  net/nfc/af_nfc.o
  CC [M]  drivers/net/bonding/bond_debugfs.o
  CC [M]  drivers/media/dvb-frontends/si2165.o
  AR      drivers/platform/arm64/built-in.a
  AR      drivers/platform/built-in.a
  CC [M]  drivers/net/ipvlan/ipvlan_core.o
  LD [M]  drivers/media/usb/cx231xx/cx231xx.o
  LD [M]  drivers/media/usb/cx231xx/cx231xx-alsa.o
  CC [M]  net/nfc/rawsock.o
  CC [M]  drivers/media/usb/go7007/go7007-v4l2.o
  CC [M]  net/batman-adv/routing.o
  CC [M]  drivers/media/dvb-frontends/si2168.o
  CC [M]  drivers/hid/hid-apple.o
  CC [M]  drivers/net/ipvlan/ipvlan_main.o
  CC      drivers/of/of_reserved_mem.o
  CC [M]  net/nfc/llcp_core.o
  CC [M]  drivers/net/bonding/bond_netlink.o
  CC [M]  drivers/hid/hid-appleir.o
  CC [M]  drivers/media/usb/go7007/go7007-driver.o
  CC [M]  net/batman-adv/send.o
  CC [M]  drivers/hid/hid-aureal.o
  CC      drivers/of/resolver.o
  CC [M]  drivers/net/ipvlan/ipvlan_l3s.o
  CC [M]  drivers/hid/hid-belkin.o
  CC [M]  drivers/media/dvb-frontends/si21xx.o
  CC [M]  drivers/media/usb/go7007/go7007-i2c.o
  CC [M]  drivers/net/ipvlan/ipvtap.o
  CC [M]  drivers/hid/hid-betopff.o
  CC [M]  net/nfc/llcp_commands.o
  CC      drivers/of/overlay.o
  CC [M]  net/batman-adv/tp_meter.o
  CC [M]  drivers/media/usb/go7007/go7007-fw.o
  CC [M]  drivers/net/bonding/bond_options.o
  CC [M]  drivers/hid/hid-cherry.o
  LD [M]  drivers/net/ipvlan/ipvlan.o
  CC [M]  drivers/media/usb/go7007/snd-go7007.o
  CC [M]  drivers/media/dvb-frontends/sp2.o
  CC [M]  drivers/hid/hid-chicony.o
  CC [M]  net/batman-adv/translation-table.o
  CC      drivers/of/kexec.o
  CC [M]  drivers/media/dvb-frontends/sp887x.o
  CC [M]  drivers/hid/hid-cmedia.o
  CC [M]  net/batman-adv/tvlv.o
  CC [M]  drivers/media/usb/go7007/go7007-usb.o
  CC [M]  net/nfc/llcp_sock.o
  CC [M]  drivers/hid/hid-corsair.o
  CC [M]  drivers/media/dvb-frontends/stb0899_drv.o
  CC [M]  drivers/net/bonding/bond_procfs.o
  WRAP    drivers/of/empty_root.dtb.S
  AS      drivers/of/empty_root.dtb.o
  AR      drivers/of/built-in.a
  CC [M]  drivers/media/dvb-frontends/stb0899_algo.o
  CC [M]  drivers/hid/hid-corsair-void.o
  CC [M]  net/nfc/digital_core.o
  CC [M]  net/nfc/digital_technology.o
  LD [M]  drivers/net/bonding/bonding.o
  CC [M]  drivers/net/wireguard/main.o
  CC [M]  drivers/media/usb/go7007/go7007-loader.o
  CC [M]  drivers/hid/hid-cougar.o
  CC [M]  net/batman-adv/version.o
  CC [M]  drivers/media/dvb-frontends/stb6000.o
  CC [M]  drivers/hid/hid-cp2112.o
  LD [M]  net/batman-adv/batman-adv.o
  CC [M]  net/psample/psample.o
  AR      drivers/virt/vboxguest/built-in.a
  AR      drivers/virt/coco/built-in.a
  AR      drivers/virt/built-in.a
  CC [M]  net/ife/ife.o
  CC [M]  drivers/net/wireguard/noise.o
  CC [M]  drivers/media/dvb-frontends/stb6100.o
  CC [M]  drivers/media/usb/go7007/s2250-board.o
  CC [M]  net/nfc/digital_dep.o
  CC      drivers/devfreq/devfreq.o
  CC [M]  drivers/media/dvb-frontends/stv0288.o
  CC [M]  drivers/hid/hid-cypress.o
  CC [M]  drivers/media/dvb-frontends/stv0297.o
  CC [M]  net/nfc/nci/core.o
  CC [M]  drivers/net/wireguard/device.o
  CC [M]  drivers/media/usb/hdpvr/hdpvr-control.o
  LD [M]  drivers/media/usb/go7007/go7007.o
  LD [M]  drivers/media/usb/go7007/s2250.o
  CC [M]  drivers/media/usb/hdpvr/hdpvr-core.o
  CC [M]  drivers/net/team/team_core.o
  CC [M]  drivers/hid/hid-dr.o
  CC      drivers/devfreq/devfreq-event.o
  CC [M]  drivers/net/wireguard/peer.o
  CC [M]  drivers/hid/hid-emsff.o
  CC [M]  net/nfc/nci/data.o
  CC [M]  drivers/media/dvb-frontends/stv0299.o
  CC [M]  drivers/media/dvb-frontends/stv0367.o
  CC      drivers/devfreq/governor_simpleondemand.o
  CC [M]  drivers/media/usb/hdpvr/hdpvr-video.o
  CC [M]  drivers/hid/hid-elecom.o
  CC [M]  drivers/net/wireguard/timers.o
  CC [M]  drivers/net/vxlan/vxlan_core.o
  CC      drivers/devfreq/governor_performance.o
  CC [M]  drivers/net/team/team_nl.o
  CC [M]  drivers/hid/hid-elo.o
  CC      drivers/devfreq/governor_powersave.o
  CC [M]  net/nfc/nci/lib.o
  CC [M]  drivers/media/usb/hdpvr/hdpvr-i2c.o
  CC [M]  drivers/net/team/team_mode_broadcast.o
  CC [M]  drivers/hid/hid-ezkey.o
  CC      drivers/devfreq/governor_userspace.o
  CC [M]  drivers/net/wireguard/queueing.o
  CC [M]  net/nfc/nci/ntf.o
  CC [M]  drivers/media/dvb-frontends/stv0900_core.o
  CC [M]  drivers/hid/hid-ft260.o
  LD [M]  drivers/media/usb/hdpvr/hdpvr.o
  CC [M]  drivers/media/usb/pvrusb2/pvrusb2-i2c-core.o
  CC      drivers/devfreq/governor_passive.o
  CC [M]  drivers/net/wireguard/send.o
  CC [M]  net/nfc/nci/rsp.o
  CC [M]  drivers/hid/hid-gembird.o
  CC [M]  drivers/net/team/team_mode_roundrobin.o
  AR      drivers/devfreq/event/built-in.a
  AR      drivers/devfreq/built-in.a
  CC [M]  net/nfc/hci/core.o
  CC [M]  drivers/media/dvb-frontends/stv0900_sw.o
  CC [M]  drivers/net/team/team_mode_random.o
  CC [M]  drivers/net/wireguard/receive.o
  CC [M]  drivers/media/usb/pvrusb2/pvrusb2-audio.o
  CC [M]  drivers/hid/hid-gfrm.o
  CC [M]  drivers/net/vxlan/vxlan_multicast.o
  CC [M]  net/nfc/nci/hci.o
  CC [M]  drivers/hid/hid-glorious.o
  CC [M]  drivers/net/vxlan/vxlan_vnifilter.o
  CC [M]  drivers/hid/hid-gt683r.o
  LD [M]  net/nfc/nci/nci.o
  CC [M]  drivers/net/vxlan/vxlan_mdb.o
  CC [M]  drivers/media/usb/pvrusb2/pvrusb2-encoder.o
  CC [M]  drivers/media/dvb-frontends/stv090x.o
  CC [M]  drivers/net/team/team_mode_activebackup.o
  CC [M]  drivers/hid/hid-gyration.o
  CC [M]  net/nfc/hci/hcp.o
  CC [M]  net/nfc/hci/command.o
  CC [M]  net/openvswitch/actions.o
  CC [M]  drivers/net/wireguard/socket.o
  LD [M]  drivers/net/vxlan/vxlan.o
  CC [M]  net/nfc/hci/llc.o
  CC [M]  drivers/net/can/vcan.o
  CC [M]  drivers/media/usb/pvrusb2/pvrusb2-video-v4l.o
  CC [M]  drivers/net/team/team_mode_loadbalance.o
  CC [M]  drivers/hid/hid-holtek-kbd.o
  CC [M]  net/nfc/hci/llc_nop.o
  CC [M]  drivers/media/usb/pvrusb2/pvrusb2-eeprom.o
  CC [M]  net/nfc/hci/llc_shdlc.o
  CC [M]  net/openvswitch/datapath.o
  CC [M]  drivers/media/dvb-frontends/stv0910.o
  CC [M]  drivers/media/usb/pvrusb2/pvrusb2-main.o
  CC [M]  drivers/net/wireguard/peerlookup.o
  LD [M]  drivers/net/team/team.o
  CC [M]  drivers/net/wireguard/allowedips.o
  CC [M]  drivers/hid/hid-holtek-mouse.o
  CC [M]  drivers/net/can/vxcan.o
  LD [M]  net/nfc/hci/hci.o
  LD [M]  net/nfc/nfc.o
  LD [M]  net/nfc/nfc_digital.o
  CC [M]  drivers/media/usb/pvrusb2/pvrusb2-hdw.o
  CC [M]  net/vmw_vsock/af_vsock.o
  CC [M]  drivers/hid/hid-holtekff.o
  CC [M]  drivers/media/usb/stk1160/stk1160-core.o
  CC [M]  drivers/media/dvb-frontends/stv6110.o
  CC [M]  net/openvswitch/dp_notify.o
  CC [M]  drivers/net/can/dev/skb.o
  CC [M]  drivers/net/wireguard/ratelimiter.o
  CC [M]  drivers/media/dvb-frontends/stv6110x.o
  CC [M]  drivers/media/usb/stk1160/stk1160-v4l.o
  CC [M]  drivers/hid/hid-icade.o
  CC [M]  net/openvswitch/flow.o
  LD [M]  drivers/net/can/dev/can-dev.o
  CC [M]  net/vmw_vsock/af_vsock_tap.o
  CC [M]  drivers/net/wireguard/cookie.o
  CC [M]  net/openvswitch/flow_netlink.o
  CC [M]  drivers/media/usb/stk1160/stk1160-video.o
  CC [M]  drivers/media/dvb-frontends/stv6111.o
  CC [M]  drivers/net/wireguard/netlink.o
  CC [M]  drivers/hid/hid-ite.o
  CC [M]  drivers/media/usb/stk1160/stk1160-i2c.o
  CC [M]  drivers/media/dvb-frontends/tc90522.o
  CC [M]  net/vmw_vsock/vsock_addr.o
  CC [M]  net/vmw_vsock/vsock_bpf.o
  CC [M]  drivers/net/wireguard/generated/netlink.o
  CC [M]  drivers/media/dvb-frontends/tda10021.o
  CC [M]  drivers/media/usb/pvrusb2/pvrusb2-v4l2.o
  CC [M]  drivers/hid/hid-jabra.o
  CC      drivers/extcon/extcon.o
  CC [M]  drivers/media/usb/stk1160/stk1160-ac97.o
  CC [M]  drivers/hid/hid-kensington.o
  LD [M]  drivers/net/wireguard/wireguard.o
  CC [M]  drivers/media/usb/pvrusb2/pvrusb2-ctrl.o
  CC [M]  drivers/net/ppp/ppp_generic.o
  CC [M]  net/openvswitch/flow_table.o
  CC      drivers/extcon/devres.o
  LD [M]  drivers/media/usb/stk1160/stk1160.o
  CC [M]  drivers/media/usb/usbtv/usbtv-core.o
  CC [M]  net/vmw_vsock/diag.o
  CC      drivers/extcon/extcon-gpio.o
  CC [M]  drivers/media/dvb-frontends/tda10023.o
  CC [M]  drivers/media/usb/pvrusb2/pvrusb2-std.o
  CC      drivers/extcon/extcon-usb-gpio.o
  CC [M]  drivers/hid/hid-keytouch.o
  CC [M]  net/vmw_vsock/virtio_transport.o
  CC [M]  drivers/media/usb/usbtv/usbtv-video.o
  AR      drivers/extcon/built-in.a
  CC [M]  drivers/net/ppp/ppp_async.o
  CC [M]  drivers/media/usb/pvrusb2/pvrusb2-devattr.o
  CC [M]  drivers/hid/hid-kye.o
  CC [M]  drivers/media/dvb-frontends/tda10048.o
  CC [M]  drivers/media/usb/usbtv/usbtv-audio.o
  CC [M]  drivers/media/usb/pvrusb2/pvrusb2-context.o
  CC [M]  net/vmw_vsock/virtio_transport_common.o
  CC [M]  drivers/hid/hid-lcpower.o
  LD [M]  drivers/media/usb/usbtv/usbtv.o
  CC [M]  drivers/media/usb/pvrusb2/pvrusb2-io.o
  CC [M]  net/vmw_vsock/vsock_loopback.o
  CC [M]  net/openvswitch/meter.o
  CC [M]  drivers/media/dvb-frontends/tda1004x.o
  CC [M]  drivers/hid/hid-letsketch.o
  CC [M]  drivers/net/ppp/bsd_comp.o
  CC [M]  drivers/net/slip/slip.o
  CC [M]  drivers/media/usb/pvrusb2/pvrusb2-ioread.o
  CC [M]  drivers/media/dvb-frontends/tda10071.o
  CC [M]  drivers/net/ppp/ppp_deflate.o
  CC [M]  net/openvswitch/openvswitch_trace.o
  CC [M]  drivers/media/dvb-frontends/tda10086.o
  LD [M]  net/vmw_vsock/vsock.o
  LD [M]  net/vmw_vsock/vsock_diag.o
  LD [M]  net/vmw_vsock/vmw_vsock_virtio_transport.o
  LD [M]  net/vmw_vsock/vmw_vsock_virtio_transport_common.o
  CC      drivers/iio/industrialio-core.o
  CC [M]  drivers/media/usb/pvrusb2/pvrusb2-cx2584x-v4l.o
  CC [M]  drivers/hid/hid-lg.o
  CC [M]  drivers/media/dvb-frontends/tda18271c2dd.o
  CC [M]  drivers/net/ppp/ppp_mppe.o
  CC [M]  drivers/net/slip/slhc.o
  CC      drivers/iio/industrialio-event.o
  CC [M]  net/openvswitch/vport.o
  CC [M]  drivers/media/dvb-frontends/tda665x.o
  CC [M]  drivers/net/ppp/ppp_synctty.o
  CC [M]  drivers/media/usb/pvrusb2/pvrusb2-wm8775.o
  CC      drivers/iio/inkern.o
  AR      drivers/iio/accel/built-in.a
  CC [M]  drivers/media/dvb-frontends/tda8083.o
  CC [M]  drivers/hid/hid-lgff.o
  CC [M]  net/openvswitch/vport-internal_dev.o
  AR      drivers/media/usb/built-in.a
  CC      drivers/powercap/powercap_sys.o
  CC [M]  net/nsh/nsh.o
  CC [M]  drivers/hid/hid-lg2ff.o
  AR      drivers/iio/adc/built-in.a
  AR      drivers/iio/addac/built-in.a
  AR      drivers/iio/afe/built-in.a
  AR      drivers/iio/amplifiers/built-in.a
  AR      drivers/powercap/built-in.a
  AR      drivers/iio/buffer/built-in.a
  CC [M]  drivers/net/ieee802154/fakelb.o
  CC [M]  drivers/hid/hid-lg3ff.o
  CC [M]  drivers/net/ppp/pppox.o
  AR      drivers/iio/cdc/built-in.a
  AR      drivers/iio/chemical/built-in.a
  AR      drivers/iio/common/aop_sensors/built-in.a
  CC [M]  drivers/media/usb/pvrusb2/pvrusb2-cs53l32a.o
  RUSTC [M] drivers/iio/common/aop_sensors/aop_las.o
  CC [M]  drivers/net/ieee802154/atusb.o
  CC [M]  drivers/media/dvb-frontends/tda8261.o
  CC [M]  drivers/hid/hid-lg4ff.o
  CC [M]  net/openvswitch/vport-netdev.o
  CC [M]  drivers/net/ppp/pppoe.o
  CC [M]  drivers/hid/hid-lg-g15.o
  RUSTC [M] drivers/iio/common/aop_sensors/aop_als.o
  CC [M]  net/openvswitch/conntrack.o
  CC [M]  drivers/media/usb/pvrusb2/pvrusb2-dvb.o
  CC [M]  drivers/media/dvb-frontends/tda826x.o
  CC [M]  drivers/hid/hid-logitech-dj.o
  CC      drivers/perf/arm_pmu.o
  AR      drivers/iio/common/cros_ec_sensors/built-in.a
  CC [M]  drivers/net/ppp/pptp.o
  AR      drivers/iio/common/hid-sensors/built-in.a
  AR      drivers/iio/common/inv_sensors/built-in.a
  AR      drivers/iio/common/ms_sensors/built-in.a
  AR      drivers/iio/common/scmi_sensors/built-in.a
  CC [M]  drivers/media/dvb-frontends/ts2020.o
  AR      drivers/iio/common/ssp_sensors/built-in.a
  AR      drivers/iio/common/st_sensors/built-in.a
  CC [M]  drivers/media/usb/pvrusb2/pvrusb2-sysfs.o
  AR      drivers/iio/common/built-in.a
  AR      drivers/iio/dac/built-in.a
  AR      drivers/iio/dummy/built-in.a
  AR      drivers/iio/gyro/built-in.a
  AR      drivers/iio/filter/built-in.a
  AR      drivers/iio/frequency/built-in.a
  AR      drivers/iio/health/built-in.a
  AR      drivers/iio/humidity/built-in.a
  AR      drivers/iio/imu/bmi160/built-in.a
  AR      drivers/iio/imu/bmi270/built-in.a
  AR      drivers/iio/imu/bmi323/built-in.a
  CC [M]  drivers/hid/hid-logitech-hidpp.o
  AR      drivers/iio/imu/bno055/built-in.a
  AR      drivers/net/built-in.a
  CC [M]  drivers/hid/hid-macally.o
  AR      drivers/iio/imu/inv_icm42600/built-in.a
  AR      drivers/iio/imu/inv_icm45600/built-in.a
  AR      drivers/iio/imu/inv_mpu6050/built-in.a
  AR      drivers/iio/imu/smi330/built-in.a
  AR      drivers/iio/imu/st_lsm6dsx/built-in.a
  LD [M]  drivers/media/usb/pvrusb2/pvrusb2.o
  AR      drivers/iio/imu/st_lsm9ds0/built-in.a
  AR      drivers/iio/imu/built-in.a
  AR      drivers/iio/light/built-in.a
  CC [M]  net/openvswitch/vport-vxlan.o
  AR      drivers/iio/magnetometer/built-in.a
  AR      drivers/iio/multiplexer/built-in.a
  CC [M]  net/qrtr/af_qrtr.o
  AR      drivers/iio/orientation/built-in.a
  AR      drivers/iio/position/built-in.a
  AR      drivers/iio/potentiometer/built-in.a
  CC      drivers/perf/arm_pmu_platform.o
  AR      drivers/iio/potentiostat/built-in.a
  AR      drivers/iio/pressure/built-in.a
  AR      drivers/iio/proximity/built-in.a
  CC [M]  drivers/media/dvb-frontends/tua6100.o
  AR      drivers/iio/resolver/built-in.a
  AR      drivers/iio/temperature/built-in.a
  AR      drivers/iio/test/built-in.a
  CC [M]  drivers/hid/hid-magicmouse.o
  AR      drivers/iio/trigger/built-in.a
  AR      drivers/iio/built-in.a
  AR      drivers/media/built-in.a
  CC [M]  net/openvswitch/vport-geneve.o
  CC      drivers/perf/arm_pmuv3.o
  CC [M]  drivers/media/dvb-frontends/cx24113.o
  CC      drivers/perf/arm_brbe.o
  CC      drivers/perf/apple_m1_cpu_pmu.o
  CC [M]  net/qrtr/ns.o
  AR      net/built-in.a
  CC [M]  net/openvswitch/vport-gre.o
  CC [M]  drivers/hid/hid-maltron.o
  CC [M]  drivers/media/dvb-frontends/dib0070.o
  CC [M]  drivers/media/dvb-frontends/dib0090.o
  CC [M]  net/qrtr/tun.o
  CC      drivers/ras/ras.o
  CC      drivers/ras/debugfs.o
  CC [M]  drivers/media/dvb-frontends/itd1000.o
  CC [M]  drivers/hid/hid-mcp2221.o
  AR      drivers/perf/built-in.a
  AR      drivers/hwtracing/intel_th/built-in.a
  AR      drivers/ras/amd/atl/built-in.a
  AR      drivers/android/built-in.a
  LD [M]  net/qrtr/qrtr.o
  CC [M]  drivers/hid/hid-mf.o
  CC      drivers/nvmem/core.o
  CC      drivers/mux/core.o
  LD [M]  net/qrtr/qrtr-tun.o
  LD [M]  net/openvswitch/openvswitch.o
  CC [M]  drivers/media/dvb-frontends/ves1820.o
  CC      drivers/nvmem/layouts.o
  AR      drivers/ras/built-in.a
  CC      drivers/nvmem/layouts/fixed-layout.o
  CC [M]  drivers/media/dvb-frontends/ves1x93.o
  CC      drivers/nvmem/apple-efuses.o
  CC [M]  drivers/mux/apple-display-crossbar.o
  CC [M]  drivers/hid/hid-microsoft.o
  AR      drivers/accel/built-in.a
  AR      drivers/resctrl/built-in.a
  CC      drivers/nvmem/apple-spmi-nvmem.o
  CC [M]  drivers/target/target_core_configfs.o
  CC [M]  drivers/hid/hid-monterey.o
  AR      drivers/nvmem/layouts/built-in.a
  AR      drivers/mux/built-in.a
  CC [M]  drivers/hid/hid-multitouch.o
  CC [M]  drivers/media/dvb-frontends/zd1301_demod.o
  CC [M]  drivers/target/target_core_device.o
  LD [M]  drivers/mux/mux-apple-display-crossbar.o
  CC [M]  drivers/target/target_core_fabric_configfs.o
  CC [M]  drivers/hid/hid-nintendo.o
  AR      drivers/nvmem/built-in.a
  CC [M]  drivers/media/dvb-frontends/zl10036.o
  CC [M]  drivers/target/target_core_fabric_lib.o
  CC [M]  drivers/media/dvb-frontends/zl10039.o
  CC [M]  drivers/hid/hid-nti.o
  CC [M]  drivers/target/target_core_hba.o
  CC [M]  drivers/media/dvb-frontends/zl10353.o
  CC [M]  drivers/hid/hid-ntrig.o
  CC [M]  drivers/target/target_core_pr.o
  CC [M]  drivers/hid/hid-ortek.o
  CC [M]  drivers/target/target_core_alua.o
  CC [M]  drivers/hid/hid-prodikeys.o
  CC [M]  drivers/target/target_core_tmr.o
  CC [M]  drivers/vfio/vfio_main.o
  CC [M]  drivers/hid/hid-pl.o
  CC [M]  drivers/block/aoe/aoeblk.o
  CC [M]  drivers/bluetooth/hci_vhci.o
  CC [M]  drivers/vhost/net.o
  CC [M]  drivers/target/target_core_tpg.o
  CC [M]  drivers/vfio/group.o
  CC [M]  drivers/media/dvb-frontends/drx39xyj/drxj.o
  CC [M]  drivers/hid/hid-penmount.o
  CC [M]  drivers/thunderbolt/nhi.o
  CC [M]  drivers/bluetooth/hci_ldisc.o
  CC [M]  drivers/block/aoe/aoechr.o
  CC [M]  drivers/vfio/container.o
  CC [M]  drivers/thunderbolt/ctl.o
  CC [M]  drivers/hid/hid-petalynx.o
  CC [M]  drivers/vfio/virqfd.o
  CC [M]  drivers/bluetooth/hci_serdev.o
  CC [M]  drivers/block/aoe/aoecmd.o
  CC [M]  drivers/target/target_core_transport.o
  CC [M]  drivers/vfio/vfio_iommu_type1.o
  CC [M]  drivers/thunderbolt/tb.o
  CC [M]  drivers/vhost/scsi.o
  CC [M]  drivers/hid/hid-picolcd_core.o
  CC [M]  drivers/bluetooth/hci_h4.o
  LD [M]  drivers/media/dvb-frontends/drx39xyj/drx39xyj.o
  LD [M]  drivers/media/dvb-frontends/cxd2820r.o
  LD [M]  drivers/media/dvb-frontends/drxd.o
  LD [M]  drivers/media/dvb-frontends/drxk.o
  LD [M]  drivers/media/dvb-frontends/stb0899.o
  LD [M]  drivers/media/dvb-frontends/stv0900.o
  CC [M]  drivers/block/aoe/aoedev.o
  CC [M]  drivers/hid/hid-picolcd_fb.o
  CC [M]  drivers/bluetooth/hci_bcsp.o
  CC [M]  drivers/vfio/pci/vfio_pci_core.o
  CC [M]  drivers/thunderbolt/switch.o
  CC [M]  drivers/hid/hid-picolcd_backlight.o
  CC [M]  drivers/vfio/platform/vfio_platform_common.o
  CC [M]  drivers/block/aoe/aoemain.o
  CC [M]  drivers/hid/hid-picolcd_lcd.o
  CC [M]  drivers/vhost/vsock.o
  CC [M]  drivers/hid/hid-picolcd_leds.o
  CC [M]  drivers/bluetooth/hci_ll.o
  CC [M]  drivers/block/aoe/aoenet.o
  CC [M]  drivers/target/target_core_sbc.o
  CC [M]  drivers/vfio/platform/vfio_platform_irq.o
  CC [M]  drivers/vfio/pci/vfio_pci_intrs.o
  CC [M]  drivers/vfio/platform/vfio_platform.o
  CC [M]  drivers/thunderbolt/cap.o
  CC [M]  drivers/bluetooth/hci_ath.o
  CC [M]  drivers/vfio/pci/vfio_pci_rdwr.o
  CC [M]  drivers/hid/hid-picolcd_cir.o
  CC [M]  drivers/target/target_core_spc.o
  CC [M]  drivers/thunderbolt/pci.o
  CC [M]  drivers/vhost/vhost.o
  LD [M]  drivers/block/aoe/aoe.o
  LD [M]  drivers/vfio/vfio.o
  CC [M]  drivers/gnss/core.o
  LD [M]  drivers/vfio/platform/vfio-platform-base.o
  LD [M]  drivers/vfio/platform/vfio-platform.o
  CC [M]  drivers/vfio/pci/vfio_pci_config.o
  CC [M]  drivers/bluetooth/hci_h5.o
  CC [M]  drivers/hid/hid-picolcd_debugfs.o
  CC [M]  drivers/gnss/serial.o
  CC [M]  drivers/thunderbolt/path.o
  CC [M]  drivers/target/target_core_ua.o
  CC [M]  drivers/target/target_core_rd.o
  CC [M]  drivers/bluetooth/hci_intel.o
  CC [M]  drivers/gnss/mtk.o
  CC [M]  drivers/thunderbolt/tunnel.o
  CC [M]  drivers/vhost/iotlb.o
  CC [M]  drivers/target/target_core_stat.o
  CC [M]  drivers/hid/hid-plantronics.o
  CC [M]  drivers/gnss/sirf.o
  CC [M]  drivers/bluetooth/hci_bcm.o
  CC [M]  drivers/vfio/pci/vfio_pci.o
  LD [M]  drivers/vhost/vhost_net.o
  LD [M]  drivers/vhost/vhost_scsi.o
  LD [M]  drivers/vhost/vhost_vsock.o
  LD [M]  drivers/vhost/vhost_iotlb.o
  LD [M]  drivers/vfio/pci/vfio-pci-core.o
  CC [M]  drivers/thunderbolt/eeprom.o
  CC [M]  drivers/target/target_core_xcopy.o
  LD [M]  drivers/vfio/pci/vfio-pci.o
  CC [M]  drivers/thunderbolt/domain.o
  CC [M]  drivers/gnss/ubx.o
  CC [M]  drivers/hid/hid-playstation.o
  CC [M]  drivers/thunderbolt/dma_port.o
  CC [M]  drivers/target/target_core_iblock.o
  CC [M]  drivers/bluetooth/hci_qca.o
  CC [M]  drivers/target/target_core_file.o
  CC [M]  drivers/target/target_core_pscsi.o
  CC [M]  drivers/gnss/usb.o
  CC [M]  drivers/thunderbolt/icm.o
  CC [M]  drivers/hid/hid-primax.o
  CC [M]  drivers/thunderbolt/property.o
  CC [M]  drivers/thunderbolt/xdomain.o
  LD [M]  drivers/gnss/gnss.o
  LD [M]  drivers/gnss/gnss-serial.o
  LD [M]  drivers/gnss/gnss-mtk.o
  LD [M]  drivers/gnss/gnss-sirf.o
  LD [M]  drivers/gnss/gnss-ubx.o
  LD [M]  drivers/gnss/gnss-usb.o
  CC [M]  drivers/thunderbolt/lc.o
  CC [M]  drivers/target/loopback/tcm_loop.o
  CC [M]  drivers/hid/hid-redragon.o
  CC [M]  drivers/target/iscsi/iscsi_target_parameters.o
  CC [M]  drivers/thunderbolt/tmu.o
  CC [M]  drivers/bluetooth/hci_mrvl.o
  CC [M]  drivers/hid/hid-retrode.o
  LD [M]  drivers/target/target_core_mod.o
  CC [M]  drivers/target/iscsi/iscsi_target_seq_pdu_list.o
  CC [M]  drivers/bluetooth/bcm203x.o
  CC [M]  drivers/thunderbolt/usb4.o
  CC [M]  drivers/hid/hid-roccat.o
  CC [M]  drivers/bluetooth/hci_bcm4377.o
  CC [M]  drivers/target/iscsi/iscsi_target_auth.o
  CC [M]  drivers/hid/hid-roccat-common.o
  CC [M]  drivers/bluetooth/bpa10x.o
  CC [M]  drivers/bluetooth/bfusb.o
  CC [M]  drivers/hid/hid-roccat-arvo.o
  CC [M]  drivers/thunderbolt/usb4_port.o
  CC [M]  drivers/target/iscsi/iscsi_target_datain_values.o
  CC [M]  drivers/target/iscsi/iscsi_target_device.o
  CC [M]  drivers/thunderbolt/nvm.o
  CC [M]  drivers/hid/hid-roccat-isku.o
  CC [M]  drivers/bluetooth/btusb.o
  CC [M]  drivers/target/iscsi/iscsi_target_erl0.o
  CC [M]  drivers/bluetooth/btsdio.o
  CC [M]  drivers/hid/hid-roccat-kone.o
  CC [M]  drivers/bluetooth/btintel.o
  CC [M]  drivers/target/iscsi/iscsi_target_erl1.o
  CC [M]  drivers/thunderbolt/retimer.o
  CC [M]  drivers/hid/hid-roccat-koneplus.o
  CC [M]  drivers/target/iscsi/iscsi_target_erl2.o
  CC [M]  drivers/bluetooth/ath3k.o
  CC [M]  drivers/thunderbolt/quirks.o
  CC [M]  drivers/target/iscsi/iscsi_target_login.o
  CC [M]  drivers/thunderbolt/clx.o
  CC [M]  drivers/hid/hid-roccat-konepure.o
  CC [M]  drivers/bluetooth/btmrvl_main.o
  CC [M]  drivers/target/iscsi/iscsi_target_nego.o
  CC [M]  drivers/target/iscsi/iscsi_target_nodeattrib.o
  CC [M]  drivers/bluetooth/btmrvl_debugfs.o
  CC [M]  drivers/hid/hid-roccat-kovaplus.o
  CC [M]  drivers/bluetooth/btmrvl_sdio.o
  CC [M]  drivers/target/iscsi/iscsi_target_tmr.o
  CC [M]  drivers/target/iscsi/iscsi_target_tpg.o
  CC [M]  drivers/thunderbolt/debugfs.o
  CC [M]  drivers/thunderbolt/configfs.o
  CC [M]  drivers/hid/hid-roccat-lua.o
  CC [M]  drivers/thunderbolt/apple.o
  CC [M]  drivers/bluetooth/btbcm.o
  CC [M]  drivers/target/iscsi/iscsi_target_util.o
  CC [M]  drivers/bluetooth/btrtl.o
  CC [M]  drivers/target/iscsi/iscsi_target.o
  CC [M]  drivers/target/iscsi/iscsi_target_configfs.o
  CC [M]  drivers/hid/hid-roccat-pyra.o
  CC [M]  drivers/bluetooth/btqca.o
  LD [M]  drivers/thunderbolt/thunderbolt_apple.o
  CC [M]  drivers/hid/hid-roccat-ryos.o
  CC [M]  drivers/target/iscsi/iscsi_target_stat.o
  LD [M]  drivers/thunderbolt/thunderbolt.o
  CC [M]  drivers/hid/hid-roccat-savu.o
  CC [M]  drivers/target/iscsi/iscsi_target_transport.o
  CC [M]  drivers/bluetooth/btrsi.o
  CC [M]  drivers/hid/hid-saitek.o
  CC [M]  drivers/hid/hid-samsung.o
  CC [M]  drivers/hid/hid-semitek.o
  CC [M]  drivers/hid/hid-sjoy.o
  CC [M]  drivers/hid/hid-sony.o
  CC [M]  drivers/hid/hid-speedlink.o
  LD [M]  drivers/bluetooth/hci_uart.o
  LD [M]  drivers/bluetooth/btmrvl.o
  CC [M]  drivers/hid/hid-steam.o
  CC [M]  drivers/hid/hid-steelseries.o
  CC [M]  drivers/hid/hid-sunplus.o
  CC [M]  drivers/hid/hid-gaff.o
  CC [M]  drivers/hid/hid-tmff.o
  CC [M]  drivers/hid/hid-thrustmaster.o
  CC [M]  drivers/hid/hid-tivo.o
  CC [M]  drivers/hid/hid-topseed.o
  CC [M]  drivers/hid/hid-twinhan.o
  LD [M]  drivers/target/iscsi/iscsi_target_mod.o
  CC [M]  drivers/hid/hid-u2fzero.o
  CC [M]  drivers/hid/hid-uclogic-core.o
  CC [M]  drivers/hid/hid-uclogic-rdesc.o
  CC [M]  drivers/hid/hid-uclogic-params.o
  CC [M]  drivers/hid/hid-udraw-ps3.o
  CC [M]  drivers/hid/hid-led.o
  CC [M]  drivers/hid/hid-xiaomi.o
  CC [M]  drivers/hid/hid-xinmo.o
  CC [M]  drivers/hid/hid-zpff.o
  CC [M]  drivers/hid/hid-zydacron.o
  CC [M]  drivers/hid/hid-viewsonic.o
  CC [M]  drivers/hid/wacom_wac.o
  CC [M]  drivers/hid/wacom_sys.o
  CC [M]  drivers/hid/hid-waltop.o
  CC [M]  drivers/hid/hid-wiimote-core.o
  CC [M]  drivers/hid/hid-wiimote-modules.o
  CC [M]  drivers/hid/hid-wiimote-debug.o
  CC [M]  drivers/hid/hid-sensor-hub.o
  CC [M]  drivers/hid/hid-sensor-custom.o
  AR      drivers/hid/built-in.a
  CC [M]  drivers/hid/usbhid/hid-core.o
  CC [M]  drivers/hid/usbhid/hiddev.o
  CC [M]  drivers/hid/usbhid/hid-pidff.o
  CC [M]  drivers/hid/dockchannel-hid/dockchannel-hid.o
  LD [M]  drivers/hid/hid-logitech.o
  LD [M]  drivers/hid/hid-picolcd.o
  LD [M]  drivers/hid/hid-uclogic.o
  LD [M]  drivers/hid/hid-wiimote.o
  LD [M]  drivers/hid/wacom.o
  LD [M]  drivers/hid/usbhid/usbhid.o
  AR      drivers/built-in.a
  AR      built-in.a
  AR      built-in-fixup.a
  COPY    vmlinux.a
  LD      vmlinux.o
  MODPOST Module.symvers
  CC      .vmlinux.export.o
  UPD     include/generated/utsversion.h
  CC      init/version-timestamp.o
  KSYMS   .tmp_vmlinux0.kallsyms.S
  AS      .tmp_vmlinux0.kallsyms.o
  LD      .tmp_vmlinux1
  BTF     .tmp_vmlinux1
  NM      .tmp_vmlinux1.syms
  KSYMS   .tmp_vmlinux1.kallsyms.S
  AS      .tmp_vmlinux1.kallsyms.o
  LD      .tmp_vmlinux2
  NM      .tmp_vmlinux2.syms
  KSYMS   .tmp_vmlinux2.kallsyms.S
  AS      .tmp_vmlinux2.kallsyms.o
  LD      vmlinux.unstripped
  BTFIDS  vmlinux.unstripped
  NM      System.map
  SORTTAB vmlinux.unstripped
  GEN     modules.builtin.modinfo
  OBJCOPY vmlinux
  GEN     modules.builtin
  OBJCOPY arch/arm64/boot/Image
  CC [M]  kernel/rcu/rcutorture.mod.o
  CC [M]  fs/fat/msdos.mod.o
  CC [M]  .module-common.o
  CC [M]  kernel/torture.mod.o
  CC [M]  fs/nls/nls_cp775.mod.o
  CC [M]  fs/nls/nls_cp737.mod.o
  CC [M]  fs/nls/nls_cp850.mod.o
  CC [M]  fs/nls/nls_cp852.mod.o
  CC [M]  fs/nls/nls_cp855.mod.o
  CC [M]  fs/nls/nls_cp857.mod.o
  CC [M]  fs/nls/nls_cp860.mod.o
  CC [M]  fs/nls/nls_cp861.mod.o
  CC [M]  fs/nls/nls_cp862.mod.o
  CC [M]  fs/nls/nls_cp863.mod.o
  CC [M]  fs/nls/nls_cp864.mod.o
  CC [M]  fs/nls/nls_cp865.mod.o
  CC [M]  fs/nls/nls_cp866.mod.o
  CC [M]  fs/nls/nls_cp869.mod.o
  CC [M]  fs/nls/nls_cp874.mod.o
  CC [M]  fs/nls/nls_cp932.mod.o
  CC [M]  fs/nls/nls_euc-jp.mod.o
  CC [M]  fs/nls/nls_cp936.mod.o
  CC [M]  fs/nls/nls_cp949.mod.o
  CC [M]  fs/nls/nls_cp950.mod.o
  CC [M]  fs/nls/nls_cp1250.mod.o
  CC [M]  fs/nls/nls_cp1251.mod.o
  CC [M]  fs/nls/nls_iso8859-1.mod.o
  CC [M]  fs/nls/nls_iso8859-2.mod.o
  CC [M]  fs/nls/nls_iso8859-3.mod.o
  CC [M]  fs/nls/nls_iso8859-4.mod.o
  CC [M]  fs/nls/nls_iso8859-5.mod.o
  CC [M]  fs/nls/nls_iso8859-6.mod.o
  CC [M]  fs/nls/nls_iso8859-7.mod.o
  CC [M]  fs/nls/nls_cp1255.mod.o
  CC [M]  fs/nls/nls_iso8859-9.mod.o
  CC [M]  fs/nls/nls_iso8859-13.mod.o
  CC [M]  fs/nls/nls_iso8859-14.mod.o
  CC [M]  fs/nls/nls_iso8859-15.mod.o
  CC [M]  fs/nls/nls_koi8-r.mod.o
  CC [M]  fs/nls/nls_koi8-u.mod.o
  CC [M]  fs/nls/nls_koi8-ru.mod.o
  CC [M]  fs/nls/mac-celtic.mod.o
  CC [M]  fs/nls/mac-centeuro.mod.o
  CC [M]  fs/nls/mac-croatian.mod.o
  CC [M]  fs/nls/mac-cyrillic.mod.o
  CC [M]  fs/nls/mac-gaelic.mod.o
  CC [M]  fs/nls/mac-greek.mod.o
  CC [M]  fs/nls/mac-iceland.mod.o
  CC [M]  fs/nls/mac-inuit.mod.o
  CC [M]  fs/nls/mac-romanian.mod.o
  CC [M]  fs/nls/mac-roman.mod.o
  CC [M]  fs/nls/mac-turkish.mod.o
  CC [M]  fs/nls/nls_ucs2_utils.mod.o
  CC [M]  fs/unicode/utf8data.mod.o
  CC [M]  fs/pstore/ramoops.mod.o
  CC [M]  fs/dlm/dlm.mod.o
  CC [M]  fs/netfs/netfs.mod.o
  CC [M]  fs/cramfs/cramfs.mod.o
  CC [M]  fs/squashfs/squashfs.mod.o
  CC [M]  fs/coda/coda.mod.o
  CC [M]  fs/minix/minix.mod.o
  CC [M]  fs/exfat/exfat.mod.o
  CC [M]  fs/isofs/isofs.mod.o
  CC [M]  fs/hfsplus/hfsplus.mod.o
  CC [M]  fs/hfs/hfs.mod.o
  CC [M]  fs/ecryptfs/ecryptfs.mod.o
  CC [M]  fs/nfsd/nfsd.mod.o
  CC [M]  fs/smb/common/cifs_md4.mod.o
  CC [M]  fs/smb/common/smb_compress.mod.o
  CC [M]  fs/smb/client/cifs.mod.o
  CC [M]  fs/ntfs/ntfs.mod.o
  CC [M]  fs/ntfs3/ntfs3.mod.o
  CC [M]  fs/ufs/ufs.mod.o
  CC [M]  fs/affs/affs.mod.o
  CC [M]  fs/romfs/romfs.mod.o
  CC [M]  fs/fuse/fuse.mod.o
  CC [M]  fs/fuse/cuse.mod.o
  CC [M]  fs/overlayfs/overlay.mod.o
  CC [M]  fs/udf/udf.mod.o
  CC [M]  fs/jfs/jfs.mod.o
  CC [M]  fs/xfs/xfs.mod.o
  CC [M]  fs/9p/9p.mod.o
  CC [M]  fs/nilfs2/nilfs2.mod.o
  CC [M]  fs/befs/befs.mod.o
  CC [M]  fs/cachefiles/cachefiles.mod.o
  CC [M]  fs/ocfs2/ocfs2.mod.o
  CC [M]  fs/ocfs2/ocfs2_stackglue.mod.o
  CC [M]  fs/ocfs2/ocfs2_stack_o2cb.mod.o
  CC [M]  fs/ocfs2/ocfs2_stack_user.mod.o
  CC [M]  fs/ocfs2/dlmfs/ocfs2_dlmfs.mod.o
  CC [M]  fs/ocfs2/cluster/ocfs2_nodemanager.mod.o
  CC [M]  fs/ocfs2/dlm/ocfs2_dlm.mod.o
  CC [M]  fs/btrfs/btrfs.mod.o
  CC [M]  fs/gfs2/gfs2.mod.o
  CC [M]  fs/ceph/ceph.mod.o
  CC [M]  fs/erofs/erofs.mod.o
  CC [M]  crypto/crypto_engine.mod.o
  CC [M]  crypto/echainiv.mod.o
  CC [M]  crypto/crypto_user.mod.o
  CC [M]  crypto/cmac.mod.o
  CC [M]  crypto/xcbc.mod.o
  CC [M]  crypto/md4.mod.o
  CC [M]  crypto/rmd160.mod.o
  CC [M]  crypto/sm3.mod.o
  CC [M]  crypto/wp512.mod.o
  CC [M]  crypto/lrw.mod.o
  CC [M]  crypto/adiantum.mod.o
  CC [M]  crypto/ccm.mod.o
  CC [M]  crypto/chacha20poly1305.mod.o
  CC [M]  crypto/aegis128.mod.o
  CC [M]  crypto/pcrypt.mod.o
  CC [M]  crypto/des_generic.mod.o
  CC [M]  crypto/blowfish_generic.mod.o
  CC [M]  crypto/blowfish_common.mod.o
  CC [M]  crypto/twofish_generic.mod.o
  CC [M]  crypto/twofish_common.mod.o
  CC [M]  crypto/serpent_generic.mod.o
  CC [M]  crypto/sm4_generic.mod.o
  CC [M]  crypto/camellia_generic.mod.o
  CC [M]  crypto/cast_common.mod.o
  CC [M]  crypto/cast5_generic.mod.o
  CC [M]  crypto/cast6_generic.mod.o
  CC [M]  crypto/arc4.mod.o
  CC [M]  crypto/tea.mod.o
  CC [M]  crypto/khazad.mod.o
  CC [M]  crypto/anubis.mod.o
  CC [M]  crypto/seed.mod.o
  CC [M]  crypto/aria_generic.mod.o
  CC [M]  crypto/authenc.mod.o
  CC [M]  crypto/authencesn.mod.o
  CC [M]  crypto/krb5enc.mod.o
  CC [M]  crypto/lz4.mod.o
  CC [M]  crypto/lz4hc.mod.o
  CC [M]  crypto/842.mod.o
  CC [M]  crypto/zstd.mod.o
  CC [M]  crypto/ecc.mod.o
  CC [M]  crypto/essiv.mod.o
  CC [M]  crypto/ecdh_generic.mod.o
  CC [M]  crypto/async_tx/async_tx.mod.o
  CC [M]  crypto/async_tx/async_memcpy.mod.o
  CC [M]  crypto/async_tx/async_xor.mod.o
  CC [M]  crypto/async_tx/async_pq.mod.o
  CC [M]  crypto/async_tx/async_raid6_recov.mod.o
  CC [M]  crypto/krb5/krb5.mod.o
  CC [M]  lib/math/cordic.mod.o
  CC [M]  lib/crc/crc-itu-t.mod.o
  CC [M]  lib/crypto/libarc4.mod.o
  CC [M]  lib/crypto/libchacha20poly1305.mod.o
  CC [M]  lib/crypto/libcurve25519.mod.o
  CC [M]  lib/crypto/libdes.mod.o
  CC [M]  lib/crypto/libnh.mod.o
  CC [M]  lib/crypto/libpoly1305.mod.o
  CC [M]  lib/crypto/libsm3.mod.o
  CC [M]  lib/raid/xor/xor.mod.o
  CC [M]  lib/raid/raid6/raid6_pq.mod.o
  CC [M]  lib/lz4/lz4_compress.mod.o
  CC [M]  lib/lz4/lz4hc_compress.mod.o
  CC [M]  lib/842/842_compress.mod.o
  CC [M]  lib/reed_solomon/reed_solomon.mod.o
  CC [M]  lib/842/842_decompress.mod.o
  CC [M]  lib/ts_kmp.mod.o
  CC [M]  lib/ts_fsm.mod.o
  CC [M]  lib/ts_bm.mod.o
  CC [M]  lib/lru_cache.mod.o
  CC [M]  drivers/phy/apple/phy-apple-atc.mod.o
  CC [M]  drivers/phy/apple/phy-apple-dptx.mod.o
  CC [M]  drivers/gpio/gpio-shared-proxy.mod.o
  CC [M]  drivers/leds/trigger/ledtrig-pattern.mod.o
  CC [M]  drivers/leds/trigger/ledtrig-tty.mod.o
  CC [M]  drivers/leds/led-class-flash.mod.o
  CC [M]  drivers/leds/led-class-multicolor.mod.o
  CC [M]  drivers/leds/leds-gpio.mod.o
  CC [M]  drivers/leds/uleds.mod.o
  CC [M]  drivers/pci/pcie/aer_inject.mod.o
  CC [M]  drivers/pci/pci-stub.mod.o
  CC [M]  drivers/video/backlight/lcd.mod.o
  CC [M]  drivers/video/backlight/platform_lcd.mod.o
  CC [M]  drivers/video/backlight/gpio_backlight.mod.o
  CC [M]  drivers/video/fbdev/udlfb.mod.o
  CC [M]  drivers/dma/apple-sio.mod.o
  CC [M]  drivers/soc/apple/apple-tunable.mod.o
  CC [M]  drivers/soc/apple/aop.mod.o
  CC [M]  drivers/virtio/virtio_pci_modern_dev.mod.o
  CC [M]  drivers/virtio/virtio_pci_legacy_dev.mod.o
  CC [M]  drivers/virtio/virtio_mmio.mod.o
  CC [M]  drivers/virtio/virtio_pci.mod.o
  CC [M]  drivers/virtio/virtio_balloon.mod.o
  CC [M]  drivers/virtio/virtio_input.mod.o
  CC [M]  drivers/virtio/virtio_dma_buf.mod.o
  CC [M]  drivers/tty/nozomi.mod.o
  CC [M]  drivers/char/hw_random/virtio-rng.mod.o
  CC [M]  drivers/gpu/drm/display/drm_display_helper.mod.o
  CC [M]  drivers/gpu/drm/panel/panel-simple.mod.o
  CC [M]  drivers/gpu/drm/panel/panel-summit.mod.o
  CC [M]  drivers/gpu/drm/drm_dma_helper.mod.o
  CC [M]  drivers/gpu/drm/virtio/virtio-gpu.mod.o
  CC [M]  drivers/gpu/drm/adp/adpdrm.mod.o
  CC [M]  drivers/gpu/drm/adp/adpdrm-mipi.mod.o
  CC [M]  drivers/gpu/drm/apple/appledrm.mod.o
  CC [M]  drivers/block/brd.mod.o
  CC [M]  drivers/block/loop.mod.o
  CC [M]  drivers/block/nbd.mod.o
  CC [M]  drivers/block/drbd/drbd.mod.o
  CC [M]  drivers/block/rbd.mod.o
  CC [M]  drivers/block/zram/zram.mod.o
  CC [M]  drivers/block/null_blk/null_blk.mod.o
  CC [M]  drivers/misc/eeprom/at24.mod.o
  CC [M]  drivers/misc/eeprom/eeprom_93cx6.mod.o
  CC [M]  drivers/misc/enclosure.mod.o
  CC [M]  drivers/misc/uacce/uacce.mod.o
  CC [M]  drivers/nfc/pn544/pn544.mod.o
  CC [M]  drivers/nfc/pn544/pn544_i2c.mod.o
  CC [M]  drivers/nfc/microread/microread.mod.o
  CC [M]  drivers/nfc/microread/microread_i2c.mod.o
  CC [M]  drivers/nfc/nfcsim.mod.o
  CC [M]  drivers/nfc/port100.mod.o
  CC [M]  drivers/nfc/nfcmrvl/nfcmrvl.mod.o
  CC [M]  drivers/nfc/nfcmrvl/nfcmrvl_usb.mod.o
  CC [M]  drivers/nfc/st21nfca/st21nfca_hci.mod.o
  CC [M]  drivers/nfc/st21nfca/st21nfca_i2c.mod.o
  CC [M]  drivers/nfc/s3fwrn5/s3fwrn5.mod.o
  CC [M]  drivers/nfc/s3fwrn5/s3fwrn5_i2c.mod.o
  CC [M]  drivers/scsi/device_handler/scsi_dh_rdac.mod.o
  CC [M]  drivers/scsi/device_handler/scsi_dh_hp_sw.mod.o
  CC [M]  drivers/scsi/device_handler/scsi_dh_emc.mod.o
  CC [M]  drivers/scsi/device_handler/scsi_dh_alua.mod.o
  CC [M]  drivers/scsi/raid_class.mod.o
  CC [M]  drivers/scsi/scsi_transport_spi.mod.o
  CC [M]  drivers/scsi/scsi_transport_fc.mod.o
  CC [M]  drivers/scsi/scsi_transport_iscsi.mod.o
  CC [M]  drivers/scsi/scsi_transport_sas.mod.o
  CC [M]  drivers/scsi/libsas/libsas.mod.o
  CC [M]  drivers/scsi/scsi_transport_srp.mod.o
  CC [M]  drivers/scsi/libiscsi.mod.o
  CC [M]  drivers/scsi/libiscsi_tcp.mod.o
  CC [M]  drivers/scsi/iscsi_tcp.mod.o
  CC [M]  drivers/scsi/iscsi_boot_sysfs.mod.o
  CC [M]  drivers/scsi/st.mod.o
  CC [M]  drivers/scsi/ch.mod.o
  CC [M]  drivers/scsi/ses.mod.o
  CC [M]  drivers/mtd/parsers/ofpart.mod.o
  CC [M]  drivers/mtd/chips/cfi_probe.mod.o
  CC [M]  drivers/mtd/chips/cfi_util.mod.o
  CC [M]  drivers/mtd/chips/cfi_cmdset_0020.mod.o
  CC [M]  drivers/mtd/chips/cfi_cmdset_0002.mod.o
  CC [M]  drivers/mtd/chips/cfi_cmdset_0001.mod.o
  CC [M]  drivers/mtd/chips/gen_probe.mod.o
  CC [M]  drivers/mtd/mtd_blkdevs.mod.o
  CC [M]  drivers/mtd/mtdblock.mod.o
  CC [M]  drivers/mtd/spi-nor/spi-nor.mod.o
  CC [M]  drivers/spi/spidev.mod.o
  CC [M]  drivers/spi/spi-virtio.mod.o
  CC [M]  drivers/net/phy/phylink.mod.o
  CC [M]  drivers/net/phy/sfp.mod.o
  CC [M]  drivers/net/phy/amd.mod.o
  CC [M]  drivers/net/phy/ax88796b.mod.o
  CC [M]  drivers/net/phy/bcm54140.mod.o
  CC [M]  drivers/net/phy/bcm7xxx.mod.o
  CC [M]  drivers/net/phy/bcm87xx.mod.o
  CC [M]  drivers/net/phy/bcm-phy-lib.mod.o
  CC [M]  drivers/net/phy/bcm-phy-ptp.mod.o
  CC [M]  drivers/net/phy/broadcom.mod.o
  CC [M]  drivers/net/phy/cicada.mod.o
  CC [M]  drivers/net/phy/davicom.mod.o
  CC [M]  drivers/net/phy/dp83848.mod.o
  CC [M]  drivers/net/phy/dp83867.mod.o
  CC [M]  drivers/net/phy/icplus.mod.o
  CC [M]  drivers/net/phy/et1011c.mod.o
  CC [M]  drivers/net/phy/lxt.mod.o
  CC [M]  drivers/net/phy/marvell10g.mod.o
  CC [M]  drivers/net/phy/marvell.mod.o
  CC [M]  drivers/net/phy/micrel.mod.o
  CC [M]  drivers/net/phy/microchip.mod.o
  CC [M]  drivers/net/phy/national.mod.o
  CC [M]  drivers/net/phy/qsemi.mod.o
  CC [M]  drivers/net/phy/smsc.mod.o
  CC [M]  drivers/net/phy/ste10Xp.mod.o
  CC [M]  drivers/net/phy/vitesse.mod.o
  CC [M]  drivers/net/mdio/mdio-bitbang.mod.o
  CC [M]  drivers/net/mdio/mdio-i2c.mod.o
  CC [M]  drivers/net/mdio/mdio-mux.mod.o
  CC [M]  drivers/net/mdio/mdio-mux-gpio.mod.o
  CC [M]  drivers/net/mdio/mdio-mux-mmioreg.mod.o
  CC [M]  drivers/net/dsa/b53/b53_common.mod.o
  CC [M]  drivers/net/dsa/mv88e6xxx/mv88e6xxx.mod.o
  CC [M]  drivers/net/dsa/qca/qca8k.mod.o
  CC [M]  drivers/net/dsa/bcm-sf2.mod.o
  CC [M]  drivers/net/dsa/mv88e6060.mod.o
  CC [M]  drivers/net/ethernet/aquantia/atlantic/atlantic.mod.o
  CC [M]  drivers/net/ethernet/broadcom/tg3.mod.o
  CC [M]  drivers/net/wireless/ath/ath9k/ath9k_hw.mod.o
  CC [M]  drivers/net/wireless/ath/ath9k/ath9k_common.mod.o
  CC [M]  drivers/net/wireless/ath/ath9k/ath9k_htc.mod.o
  CC [M]  drivers/net/wireless/ath/carl9170/carl9170.mod.o
  CC [M]  drivers/net/wireless/ath/ath6kl/ath6kl_core.mod.o
  CC [M]  drivers/net/wireless/ath/ath6kl/ath6kl_usb.mod.o
  CC [M]  drivers/net/wireless/ath/ar5523/ar5523.mod.o
  CC [M]  drivers/net/wireless/ath/ath10k/ath10k_core.mod.o
  CC [M]  drivers/net/wireless/ath/ath10k/ath10k_usb.mod.o
  CC [M]  drivers/net/wireless/ath/ath.mod.o
  CC [M]  drivers/net/wireless/atmel/at76c50x-usb.mod.o
  CC [M]  drivers/net/wireless/broadcom/brcm80211/brcmutil/brcmutil.mod.o
  CC [M]  drivers/net/wireless/broadcom/brcm80211/brcmfmac/brcmfmac.mod.o
  CC [M]  drivers/net/wireless/broadcom/brcm80211/brcmfmac/wcc/brcmfmac-wcc.mod.o
  CC [M]  drivers/net/wireless/broadcom/brcm80211/brcmfmac/cyw/brcmfmac-cyw.mod.o
  CC [M]  drivers/net/wireless/broadcom/brcm80211/brcmfmac/bca/brcmfmac-bca.mod.o
  CC [M]  drivers/net/wireless/intersil/p54/p54common.mod.o
  CC [M]  drivers/net/wireless/intersil/p54/p54usb.mod.o
  CC [M]  drivers/net/wireless/marvell/libertas/libertas.mod.o
  CC [M]  drivers/net/wireless/marvell/libertas/usb8xxx.mod.o
  CC [M]  drivers/net/wireless/marvell/libertas_tf/libertas_tf.mod.o
  CC [M]  drivers/net/wireless/marvell/libertas_tf/libertas_tf_usb.mod.o
  CC [M]  drivers/net/wireless/marvell/mwifiex/mwifiex.mod.o
  CC [M]  drivers/net/wireless/marvell/mwifiex/mwifiex_usb.mod.o
  CC [M]  drivers/net/wireless/mediatek/mt7601u/mt7601u.mod.o
  CC [M]  drivers/net/wireless/mediatek/mt76/mt76.mod.o
  CC [M]  drivers/net/wireless/mediatek/mt76/mt76-usb.mod.o
  CC [M]  drivers/net/wireless/mediatek/mt76/mt76x02-lib.mod.o
  CC [M]  drivers/net/wireless/mediatek/mt76/mt76x02-usb.mod.o
  CC [M]  drivers/net/wireless/mediatek/mt76/mt76-connac-lib.mod.o
  CC [M]  drivers/net/wireless/mediatek/mt76/mt76x0/mt76x0u.mod.o
  CC [M]  drivers/net/wireless/mediatek/mt76/mt76x0/mt76x0-common.mod.o
  CC [M]  drivers/net/wireless/mediatek/mt76/mt76x2/mt76x2u.mod.o
  CC [M]  drivers/net/wireless/mediatek/mt76/mt76x2/mt76x2-common.mod.o
  CC [M]  drivers/net/wireless/mediatek/mt76/mt7615/mt7615-common.mod.o
  CC [M]  drivers/net/wireless/mediatek/mt76/mt7615/mt7663-usb-sdio-common.mod.o
  CC [M]  drivers/net/wireless/mediatek/mt76/mt7615/mt7663u.mod.o
  CC [M]  drivers/net/wireless/ralink/rt2x00/rt2x00lib.mod.o
  CC [M]  drivers/net/wireless/ralink/rt2x00/rt2x00usb.mod.o
  CC [M]  drivers/net/wireless/ralink/rt2x00/rt2800lib.mod.o
  CC [M]  drivers/net/wireless/ralink/rt2x00/rt2500usb.mod.o
  CC [M]  drivers/net/wireless/ralink/rt2x00/rt73usb.mod.o
  CC [M]  drivers/net/wireless/ralink/rt2x00/rt2800usb.mod.o
  CC [M]  drivers/net/wireless/realtek/rtl818x/rtl8187/rtl8187.mod.o
  CC [M]  drivers/net/wireless/realtek/rtlwifi/rtlwifi.mod.o
  CC [M]  drivers/net/wireless/realtek/rtlwifi/rtl_usb.mod.o
  CC [M]  drivers/net/wireless/realtek/rtlwifi/rtl8192c/rtl8192c-common.mod.o
  CC [M]  drivers/net/wireless/realtek/rtlwifi/rtl8192cu/rtl8192cu.mod.o
  CC [M]  drivers/net/wireless/realtek/rtl8xxxu/rtl8xxxu.mod.o
  CC [M]  drivers/net/wireless/rsi/rsi_91x.mod.o
  CC [M]  drivers/net/wireless/rsi/rsi_usb.mod.o
  CC [M]  drivers/net/wireless/zydas/zd1211rw/zd1211rw.mod.o
  CC [M]  drivers/net/usb/catc.mod.o
  CC [M]  drivers/net/usb/kaweth.mod.o
  CC [M]  drivers/net/usb/pegasus.mod.o
  CC [M]  drivers/net/usb/rtl8150.mod.o
  CC [M]  drivers/net/usb/r8152.mod.o
  CC [M]  drivers/net/usb/hso.mod.o
  CC [M]  drivers/net/usb/lan78xx.mod.o
  CC [M]  drivers/net/usb/asix.mod.o
  CC [M]  drivers/net/usb/ax88179_178a.mod.o
  CC [M]  drivers/net/usb/cdc_ether.mod.o
  CC [M]  drivers/net/usb/cdc_eem.mod.o
  CC [M]  drivers/net/usb/dm9601.mod.o
  CC [M]  drivers/net/usb/sr9700.mod.o
  CC [M]  drivers/net/usb/sr9800.mod.o
  CC [M]  drivers/net/usb/smsc75xx.mod.o
  CC [M]  drivers/net/usb/smsc95xx.mod.o
  CC [M]  drivers/net/usb/gl620a.mod.o
  CC [M]  drivers/net/usb/net1080.mod.o
  CC [M]  drivers/net/usb/plusb.mod.o
  CC [M]  drivers/net/usb/rndis_host.mod.o
  CC [M]  drivers/net/usb/cdc_subset.mod.o
  CC [M]  drivers/net/usb/zaurus.mod.o
  CC [M]  drivers/net/usb/mcs7830.mod.o
  CC [M]  drivers/net/usb/usbnet.mod.o
  CC [M]  drivers/net/usb/int51x1.mod.o
  CC [M]  drivers/net/usb/kalmia.mod.o
  CC [M]  drivers/net/usb/ipheth.mod.o
  CC [M]  drivers/net/usb/sierra_net.mod.o
  CC [M]  drivers/net/usb/cx82310_eth.mod.o
  CC [M]  drivers/net/usb/cdc_ncm.mod.o
  CC [M]  drivers/net/usb/huawei_cdc_ncm.mod.o
  CC [M]  drivers/net/usb/lg-vl600.mod.o
  CC [M]  drivers/net/usb/qmi_wwan.mod.o
  CC [M]  drivers/net/usb/cdc_mbim.mod.o
  CC [M]  drivers/net/usb/ch9200.mod.o
  CC [M]  drivers/net/usb/aqc111.mod.o
  CC [M]  drivers/net/usb/r8153_ecm.mod.o
  CC [M]  drivers/net/bonding/bonding.mod.o
  CC [M]  drivers/net/ipvlan/ipvlan.mod.o
  CC [M]  drivers/net/ipvlan/ipvtap.mod.o
  CC [M]  drivers/net/dummy.mod.o
  CC [M]  drivers/net/wireguard/wireguard.mod.o
  CC [M]  drivers/net/eql.mod.o
  CC [M]  drivers/net/ifb.mod.o
  CC [M]  drivers/net/macvlan.mod.o
  CC [M]  drivers/net/macvtap.mod.o
  CC [M]  drivers/net/mii.mod.o
  CC [M]  drivers/net/netconsole.mod.o
  CC [M]  drivers/net/team/team.mod.o
  CC [M]  drivers/net/team/team_mode_broadcast.mod.o
  CC [M]  drivers/net/team/team_mode_roundrobin.mod.o
  CC [M]  drivers/net/team/team_mode_random.mod.o
  CC [M]  drivers/net/team/team_mode_activebackup.mod.o
  CC [M]  drivers/net/team/team_mode_loadbalance.mod.o
  CC [M]  drivers/net/tun.mod.o
  CC [M]  drivers/net/tap.mod.o
  CC [M]  drivers/net/veth.mod.o
  CC [M]  drivers/net/virtio_net.mod.o
  CC [M]  drivers/net/vxlan/vxlan.mod.o
  CC [M]  drivers/net/geneve.mod.o
  CC [M]  drivers/net/nlmon.mod.o
  CC [M]  drivers/net/vrf.mod.o
  CC [M]  drivers/net/can/dev/can-dev.mod.o
  CC [M]  drivers/net/can/vcan.mod.o
  CC [M]  drivers/net/can/vxcan.mod.o
  CC [M]  drivers/net/ppp/ppp_generic.mod.o
  CC [M]  drivers/net/ppp/ppp_async.mod.o
  CC [M]  drivers/net/ppp/bsd_comp.mod.o
  CC [M]  drivers/net/ppp/ppp_deflate.mod.o
  CC [M]  drivers/net/ppp/ppp_mppe.mod.o
  CC [M]  drivers/net/ppp/ppp_synctty.mod.o
  CC [M]  drivers/net/ppp/pppox.mod.o
  CC [M]  drivers/net/ppp/pppoe.mod.o
  CC [M]  drivers/net/ppp/pptp.mod.o
  CC [M]  drivers/net/slip/slip.mod.o
  CC [M]  drivers/net/slip/slhc.mod.o
  CC [M]  drivers/net/ieee802154/fakelb.mod.o
  CC [M]  drivers/net/ieee802154/atusb.mod.o
  CC [M]  drivers/net/net_failover.mod.o
  CC [M]  drivers/usb/phy/phy-generic.mod.o
  CC [M]  drivers/usb/host/xhci-hcd.mod.o
  CC [M]  drivers/usb/host/xhci-pci.mod.o
  CC [M]  drivers/usb/host/xhci-pci-renesas.mod.o
  CC [M]  drivers/usb/host/xhci-plat-hcd.mod.o
  CC [M]  drivers/usb/storage/uas.mod.o
  CC [M]  drivers/usb/storage/usb-storage.mod.o
  CC [M]  drivers/usb/storage/ums-alauda.mod.o
  CC [M]  drivers/usb/storage/ums-cypress.mod.o
  CC [M]  drivers/usb/storage/ums-datafab.mod.o
  CC [M]  drivers/usb/storage/ums-eneub6250.mod.o
  CC [M]  drivers/usb/storage/ums-freecom.mod.o
  CC [M]  drivers/usb/storage/ums-isd200.mod.o
  CC [M]  drivers/usb/storage/ums-jumpshot.mod.o
  CC [M]  drivers/usb/storage/ums-karma.mod.o
  CC [M]  drivers/usb/storage/ums-onetouch.mod.o
  CC [M]  drivers/usb/storage/ums-realtek.mod.o
  CC [M]  drivers/usb/storage/ums-sddr09.mod.o
  CC [M]  drivers/usb/storage/ums-sddr55.mod.o
  CC [M]  drivers/usb/storage/ums-usbat.mod.o
  CC [M]  drivers/usb/misc/adutux.mod.o
  CC [M]  drivers/usb/misc/appledisplay.mod.o
  CC [M]  drivers/usb/misc/emi26.mod.o
  CC [M]  drivers/usb/misc/emi62.mod.o
  CC [M]  drivers/usb/misc/ezusb.mod.o
  CC [M]  drivers/usb/misc/apple-mfi-fastcharge.mod.o
  CC [M]  drivers/usb/misc/idmouse.mod.o
  CC [M]  drivers/usb/misc/iowarrior.mod.o
  CC [M]  drivers/usb/misc/isight_firmware.mod.o
  CC [M]  drivers/usb/misc/usblcd.mod.o
  CC [M]  drivers/usb/misc/ldusb.mod.o
  CC [M]  drivers/usb/misc/legousbtower.mod.o
  CC [M]  drivers/usb/misc/trancevibrator.mod.o
  CC [M]  drivers/usb/misc/usbsevseg.mod.o
  CC [M]  drivers/usb/misc/yurex.mod.o
  CC [M]  drivers/usb/misc/chaoskey.mod.o
  CC [M]  drivers/usb/dwc3/dwc3.mod.o
  CC [M]  drivers/usb/dwc3/dwc3-apple.mod.o
  CC [M]  drivers/usb/dwc3/dwc3-haps.mod.o
  CC [M]  drivers/usb/dwc3/dwc3-of-simple.mod.o
  CC [M]  drivers/usb/dwc3/dwc3-generic-plat.mod.o
  CC [M]  drivers/usb/mon/usbmon.mod.o
  CC [M]  drivers/usb/class/cdc-acm.mod.o
  CC [M]  drivers/usb/class/usblp.mod.o
  CC [M]  drivers/usb/class/cdc-wdm.mod.o
  CC [M]  drivers/usb/class/usbtmc.mod.o
  CC [M]  drivers/usb/image/mdc800.mod.o
  CC [M]  drivers/usb/image/microtek.mod.o
  CC [M]  drivers/usb/serial/usbserial.mod.o
  CC [M]  drivers/usb/serial/aircable.mod.o
  CC [M]  drivers/usb/serial/ark3116.mod.o
  CC [M]  drivers/usb/serial/belkin_sa.mod.o
  CC [M]  drivers/usb/serial/ch341.mod.o
  CC [M]  drivers/usb/serial/cp210x.mod.o
  CC [M]  drivers/usb/serial/cyberjack.mod.o
  CC [M]  drivers/usb/serial/cypress_m8.mod.o
  CC [M]  drivers/usb/serial/usb_debug.mod.o
  CC [M]  drivers/usb/serial/digi_acceleport.mod.o
  CC [M]  drivers/usb/serial/io_edgeport.mod.o
  CC [M]  drivers/usb/serial/io_ti.mod.o
  CC [M]  drivers/usb/serial/empeg.mod.o
  CC [M]  drivers/usb/serial/f81232.mod.o
  CC [M]  drivers/usb/serial/f81534.mod.o
  CC [M]  drivers/usb/serial/ftdi_sio.mod.o
  CC [M]  drivers/usb/serial/garmin_gps.mod.o
  CC [M]  drivers/usb/serial/ipaq.mod.o
  CC [M]  drivers/usb/serial/ipw.mod.o
  CC [M]  drivers/usb/serial/ir-usb.mod.o
  CC [M]  drivers/usb/serial/iuu_phoenix.mod.o
  CC [M]  drivers/usb/serial/keyspan.mod.o
  CC [M]  drivers/usb/serial/keyspan_pda.mod.o
  CC [M]  drivers/usb/serial/kl5kusb105.mod.o
  CC [M]  drivers/usb/serial/kobil_sct.mod.o
  CC [M]  drivers/usb/serial/mct_u232.mod.o
  CC [M]  drivers/usb/serial/metro-usb.mod.o
  CC [M]  drivers/usb/serial/mos7720.mod.o
  CC [M]  drivers/usb/serial/mos7840.mod.o
  CC [M]  drivers/usb/serial/mxuport.mod.o
  CC [M]  drivers/usb/serial/navman.mod.o
  CC [M]  drivers/usb/serial/omninet.mod.o
  CC [M]  drivers/usb/serial/opticon.mod.o
  CC [M]  drivers/usb/serial/option.mod.o
  CC [M]  drivers/usb/serial/oti6858.mod.o
  CC [M]  drivers/usb/serial/pl2303.mod.o
  CC [M]  drivers/usb/serial/qcaux.mod.o
  CC [M]  drivers/usb/serial/qcserial.mod.o
  CC [M]  drivers/usb/serial/quatech2.mod.o
  CC [M]  drivers/usb/serial/safe_serial.mod.o
  CC [M]  drivers/usb/serial/sierra.mod.o
  CC [M]  drivers/usb/serial/usb-serial-simple.mod.o
  CC [M]  drivers/usb/serial/spcp8x5.mod.o
  CC [M]  drivers/usb/serial/ssu100.mod.o
  CC [M]  drivers/usb/serial/symbolserial.mod.o
  CC [M]  drivers/usb/serial/usb_wwan.mod.o
  CC [M]  drivers/usb/serial/ti_usb_3410_5052.mod.o
  CC [M]  drivers/usb/serial/upd78f0730.mod.o
  CC [M]  drivers/usb/serial/visor.mod.o
  CC [M]  drivers/usb/serial/wishbone-serial.mod.o
  CC [M]  drivers/usb/serial/whiteheat.mod.o
  CC [M]  drivers/usb/serial/xr_serial.mod.o
  CC [M]  drivers/usb/serial/xsens_mt.mod.o
  CC [M]  drivers/usb/atm/cxacru.mod.o
  CC [M]  drivers/usb/atm/ueagle-atm.mod.o
  CC [M]  drivers/usb/atm/usbatm.mod.o
  CC [M]  drivers/usb/atm/xusbatm.mod.o
  CC [M]  drivers/usb/chipidea/ci_hdrc.mod.o
  CC [M]  drivers/usb/chipidea/ci_hdrc_usb2.mod.o
  CC [M]  drivers/usb/chipidea/ci_hdrc_msm.mod.o
  CC [M]  drivers/usb/chipidea/ci_hdrc_npcm.mod.o
  CC [M]  drivers/usb/chipidea/ci_hdrc_pci.mod.o
  CC [M]  drivers/usb/chipidea/usbmisc_imx.mod.o
  CC [M]  drivers/usb/chipidea/ci_hdrc_imx.mod.o
  CC [M]  drivers/usb/chipidea/ci_hdrc_tegra.mod.o
  CC [M]  drivers/usb/gadget/libcomposite.mod.o
  CC [M]  drivers/usb/gadget/udc/udc-core.mod.o
  CC [M]  drivers/usb/gadget/function/usb_f_acm.mod.o
  CC [M]  drivers/usb/gadget/function/u_serial.mod.o
  CC [M]  drivers/usb/gadget/function/usb_f_serial.mod.o
  CC [M]  drivers/usb/gadget/function/usb_f_obex.mod.o
  CC [M]  drivers/usb/gadget/function/u_ether.mod.o
  CC [M]  drivers/usb/gadget/function/usb_f_ncm.mod.o
  CC [M]  drivers/usb/gadget/function/usb_f_ecm.mod.o
  CC [M]  drivers/usb/gadget/function/usb_f_eem.mod.o
  CC [M]  drivers/usb/gadget/function/usb_f_ecm_subset.mod.o
  CC [M]  drivers/usb/gadget/function/usb_f_rndis.mod.o
  CC [M]  drivers/usb/gadget/function/usb_f_mass_storage.mod.o
  CC [M]  drivers/usb/gadget/function/usb_f_fs.mod.o
  CC [M]  drivers/usb/gadget/function/u_audio.mod.o
  CC [M]  drivers/usb/gadget/function/usb_f_uac1.mod.o
  CC [M]  drivers/usb/gadget/function/usb_f_uac1_legacy.mod.o
  CC [M]  drivers/usb/gadget/function/usb_f_uac2.mod.o
  CC [M]  drivers/usb/gadget/function/usb_f_uvc.mod.o
  CC [M]  drivers/usb/gadget/function/usb_f_midi.mod.o
  CC [M]  drivers/usb/gadget/function/usb_f_hid.mod.o
  CC [M]  drivers/usb/gadget/function/usb_f_printer.mod.o
  CC [M]  drivers/usb/gadget/function/usb_f_tcm.mod.o
  CC [M]  drivers/usb/gadget/legacy/g_audio.mod.o
  CC [M]  drivers/usb/gadget/legacy/g_ether.mod.o
  CC [M]  drivers/usb/gadget/legacy/gadgetfs.mod.o
  CC [M]  drivers/usb/gadget/legacy/g_ffs.mod.o
  CC [M]  drivers/usb/gadget/legacy/g_mass_storage.mod.o
  CC [M]  drivers/usb/gadget/legacy/g_serial.mod.o
  CC [M]  drivers/usb/gadget/legacy/g_printer.mod.o
  CC [M]  drivers/usb/gadget/legacy/g_midi.mod.o
  CC [M]  drivers/usb/gadget/legacy/g_cdc.mod.o
  CC [M]  drivers/usb/gadget/legacy/g_hid.mod.o
  CC [M]  drivers/usb/gadget/legacy/g_multi.mod.o
  CC [M]  drivers/usb/gadget/legacy/g_webcam.mod.o
  CC [M]  drivers/usb/gadget/legacy/g_ncm.mod.o
  CC [M]  drivers/usb/gadget/legacy/g_acm_ms.mod.o
  CC [M]  drivers/usb/gadget/legacy/tcm_usb_gadget.mod.o
  CC [M]  drivers/usb/usbip/usbip-core.mod.o
  CC [M]  drivers/usb/usbip/vhci-hcd.mod.o
  CC [M]  drivers/usb/usbip/usbip-host.mod.o
  CC [M]  drivers/usb/usbip/usbip-vudc.mod.o
  CC [M]  drivers/usb/typec/typec.mod.o
  CC [M]  drivers/usb/typec/altmodes/typec_displayport.mod.o
  CC [M]  drivers/usb/typec/tcpm/tcpm.mod.o
  CC [M]  drivers/usb/typec/tcpm/tcpci.mod.o
  CC [M]  drivers/usb/typec/ucsi/typec_ucsi.mod.o
  CC [M]  drivers/usb/typec/tipd/tps6598x-core.mod.o
  CC [M]  drivers/usb/typec/tipd/tps6598x.mod.o
  CC [M]  drivers/input/keyboard/gpio_keys.mod.o
  CC [M]  drivers/input/keyboard/gpio_keys_polled.mod.o
  CC [M]  drivers/input/mouse/appletouch.mod.o
  CC [M]  drivers/input/mouse/bcm5974.mod.o
  CC [M]  drivers/input/mouse/synaptics_usb.mod.o
  CC [M]  drivers/input/joystick/iforce/iforce.mod.o
  CC [M]  drivers/input/joystick/iforce/iforce-usb.mod.o
  CC [M]  drivers/input/joystick/xpad.mod.o
  CC [M]  drivers/input/tablet/acecad.mod.o
  CC [M]  drivers/input/tablet/aiptek.mod.o
  CC [M]  drivers/input/tablet/hanwang.mod.o
  CC [M]  drivers/input/tablet/kbtab.mod.o
  CC [M]  drivers/input/tablet/pegasus_notetaker.mod.o
  CC [M]  drivers/input/touchscreen/apple_z2.mod.o
  CC [M]  drivers/input/misc/ati_remote2.mod.o
  CC [M]  drivers/input/misc/cm109.mod.o
  CC [M]  drivers/input/misc/e3x0-button.mod.o
  CC [M]  drivers/input/misc/keyspan_remote.mod.o
  CC [M]  drivers/input/misc/powermate.mod.o
  CC [M]  drivers/input/misc/pwm-beeper.mod.o
  CC [M]  drivers/input/misc/pwm-vibra.mod.o
  CC [M]  drivers/input/misc/uinput.mod.o
  CC [M]  drivers/input/misc/yealink.mod.o
  CC [M]  drivers/input/ff-memless.mod.o
  CC [M]  drivers/input/joydev.mod.o
  CC [M]  drivers/i2c/algos/i2c-algo-bit.mod.o
  CC [M]  drivers/i2c/muxes/i2c-arb-gpio-challenge.mod.o
  CC [M]  drivers/i2c/muxes/i2c-demux-pinctrl.mod.o
  CC [M]  drivers/i2c/muxes/i2c-mux-gpio.mod.o
  CC [M]  drivers/i2c/muxes/i2c-mux-gpmux.mod.o
  CC [M]  drivers/i2c/muxes/i2c-mux-pca9541.mod.o
  CC [M]  drivers/i2c/muxes/i2c-mux-pinctrl.mod.o
  CC [M]  drivers/i2c/muxes/i2c-mux-reg.mod.o
  CC [M]  drivers/i2c/i2c-dev.mod.o
  CC [M]  drivers/media/i2c/cs3308.mod.o
  CC [M]  drivers/media/i2c/cs5345.mod.o
  CC [M]  drivers/media/i2c/cs53l32a.mod.o
  CC [M]  drivers/media/i2c/cx25840/cx25840.mod.o
  CC [M]  drivers/media/i2c/ir-kbd-i2c.mod.o
  CC [M]  drivers/media/i2c/m52790.mod.o
  CC [M]  drivers/media/i2c/msp3400.mod.o
  CC [M]  drivers/media/i2c/mt9v011.mod.o
  CC [M]  drivers/media/i2c/ov7640.mod.o
  CC [M]  drivers/media/i2c/ov2640.mod.o
  CC [M]  drivers/media/i2c/saa6588.mod.o
  CC [M]  drivers/media/i2c/saa6752hs.mod.o
  CC [M]  drivers/media/i2c/saa7115.mod.o
  CC [M]  drivers/media/i2c/saa717x.mod.o
  CC [M]  drivers/media/i2c/sony-btf-mpx.mod.o
  CC [M]  drivers/media/i2c/tda7432.mod.o
  CC [M]  drivers/media/i2c/tda9840.mod.o
  CC [M]  drivers/media/i2c/tea6415c.mod.o
  CC [M]  drivers/media/i2c/tea6420.mod.o
  CC [M]  drivers/media/i2c/tvaudio.mod.o
  CC [M]  drivers/media/i2c/tvp5150.mod.o
  CC [M]  drivers/media/i2c/tw2804.mod.o
  CC [M]  drivers/media/i2c/tw9903.mod.o
  CC [M]  drivers/media/i2c/tw9906.mod.o
  CC [M]  drivers/media/i2c/uda1342.mod.o
  CC [M]  drivers/media/i2c/upd64031a.mod.o
  CC [M]  drivers/media/i2c/upd64083.mod.o
  CC [M]  drivers/media/i2c/vp27smpx.mod.o
  CC [M]  drivers/media/i2c/wm8739.mod.o
  CC [M]  drivers/media/i2c/wm8775.mod.o
  CC [M]  drivers/media/tuners/e4000.mod.o
  CC [M]  drivers/media/tuners/fc0011.mod.o
  CC [M]  drivers/media/tuners/fc0012.mod.o
  CC [M]  drivers/media/tuners/fc0013.mod.o
  CC [M]  drivers/media/tuners/fc2580.mod.o
  CC [M]  drivers/media/tuners/it913x.mod.o
  CC [M]  drivers/media/tuners/m88rs6000t.mod.o
  CC [M]  drivers/media/tuners/max2165.mod.o
  CC [M]  drivers/media/tuners/mc44s803.mod.o
  CC [M]  drivers/media/tuners/mt2060.mod.o
  CC [M]  drivers/media/tuners/mt2063.mod.o
  CC [M]  drivers/media/tuners/mt20xx.mod.o
  CC [M]  drivers/media/tuners/mt2131.mod.o
  CC [M]  drivers/media/tuners/mt2266.mod.o
  CC [M]  drivers/media/tuners/mxl301rf.mod.o
  CC [M]  drivers/media/tuners/mxl5005s.mod.o
  CC [M]  drivers/media/tuners/mxl5007t.mod.o
  CC [M]  drivers/media/tuners/qm1d1b0004.mod.o
  CC [M]  drivers/media/tuners/qm1d1c0042.mod.o
  CC [M]  drivers/media/tuners/qt1010.mod.o
  CC [M]  drivers/media/tuners/r820t.mod.o
  CC [M]  drivers/media/tuners/si2157.mod.o
  CC [M]  drivers/media/tuners/tuner-simple.mod.o
  CC [M]  drivers/media/tuners/tuner-types.mod.o
  CC [M]  drivers/media/tuners/tda18212.mod.o
  CC [M]  drivers/media/tuners/tda18218.mod.o
  CC [M]  drivers/media/tuners/tda18250.mod.o
  CC [M]  drivers/media/tuners/tda18271.mod.o
  CC [M]  drivers/media/tuners/tda827x.mod.o
  CC [M]  drivers/media/tuners/tda8290.mod.o
  CC [M]  drivers/media/tuners/tda9887.mod.o
  CC [M]  drivers/media/tuners/tea5761.mod.o
  CC [M]  drivers/media/tuners/tea5767.mod.o
  CC [M]  drivers/media/tuners/tua9001.mod.o
  CC [M]  drivers/media/tuners/xc2028.mod.o
  CC [M]  drivers/media/tuners/xc4000.mod.o
  CC [M]  drivers/media/tuners/xc5000.mod.o
  CC [M]  drivers/media/rc/keymaps/rc-adstech-dvb-t-pci.mod.o
  CC [M]  drivers/media/rc/keymaps/rc-alink-dtu-m.mod.o
  CC [M]  drivers/media/rc/keymaps/rc-anysee.mod.o
  CC [M]  drivers/media/rc/keymaps/rc-apac-viewcomp.mod.o
  CC [M]  drivers/media/rc/keymaps/rc-astrometa-t2hybrid.mod.o
  CC [M]  drivers/media/rc/keymaps/rc-asus-pc39.mod.o
  CC [M]  drivers/media/rc/keymaps/rc-asus-ps3-100.mod.o
  CC [M]  drivers/media/rc/keymaps/rc-ati-tv-wonder-hd-600.mod.o
  CC [M]  drivers/media/rc/keymaps/rc-ati-x10.mod.o
  CC [M]  drivers/media/rc/keymaps/rc-avermedia-a16d.mod.o
  CC [M]  drivers/media/rc/keymaps/rc-avermedia-cardbus.mod.o
  CC [M]  drivers/media/rc/keymaps/rc-avermedia-dvbt.mod.o
  CC [M]  drivers/media/rc/keymaps/rc-avermedia-m135a.mod.o
  CC [M]  drivers/media/rc/keymaps/rc-avermedia-m733a-rm-k6.mod.o
  CC [M]  drivers/media/rc/keymaps/rc-avermedia.mod.o
  CC [M]  drivers/media/rc/keymaps/rc-avermedia-rm-ks.mod.o
  CC [M]  drivers/media/rc/keymaps/rc-avertv-303.mod.o
  CC [M]  drivers/media/rc/keymaps/rc-azurewave-ad-tu700.mod.o
  CC [M]  drivers/media/rc/keymaps/rc-beelink-gs1.mod.o
  CC [M]  drivers/media/rc/keymaps/rc-beelink-mxiii.mod.o
  CC [M]  drivers/media/rc/keymaps/rc-behold-columbus.mod.o
  CC [M]  drivers/media/rc/keymaps/rc-behold.mod.o
  CC [M]  drivers/media/rc/keymaps/rc-budget-ci-old.mod.o
  CC [M]  drivers/media/rc/keymaps/rc-cinergy-1400.mod.o
  CC [M]  drivers/media/rc/keymaps/rc-cinergy.mod.o
  CC [M]  drivers/media/rc/keymaps/rc-ct-90405.mod.o
  CC [M]  drivers/media/rc/keymaps/rc-d680-dmb.mod.o
  CC [M]  drivers/media/rc/keymaps/rc-delock-61959.mod.o
  CC [M]  drivers/media/rc/keymaps/rc-dib0700-nec.mod.o
  CC [M]  drivers/media/rc/keymaps/rc-dib0700-rc5.mod.o
  CC [M]  drivers/media/rc/keymaps/rc-digitalnow-tinytwin.mod.o
  CC [M]  drivers/media/rc/keymaps/rc-digittrade.mod.o
  CC [M]  drivers/media/rc/keymaps/rc-dm1105-nec.mod.o
  CC [M]  drivers/media/rc/keymaps/rc-dntv-live-dvb-t.mod.o
  CC [M]  drivers/media/rc/keymaps/rc-dntv-live-dvbt-pro.mod.o
  CC [M]  drivers/media/rc/keymaps/rc-dreambox.mod.o
  CC [M]  drivers/media/rc/keymaps/rc-dtt200u.mod.o
  CC [M]  drivers/media/rc/keymaps/rc-dvbsky.mod.o
  CC [M]  drivers/media/rc/keymaps/rc-dvico-mce.mod.o
  CC [M]  drivers/media/rc/keymaps/rc-dvico-portable.mod.o
  CC [M]  drivers/media/rc/keymaps/rc-em-terratec.mod.o
  CC [M]  drivers/media/rc/keymaps/rc-encore-enltv2.mod.o
  CC [M]  drivers/media/rc/keymaps/rc-encore-enltv-fm53.mod.o
  CC [M]  drivers/media/rc/keymaps/rc-encore-enltv.mod.o
  CC [M]  drivers/media/rc/keymaps/rc-evga-indtube.mod.o
  CC [M]  drivers/media/rc/keymaps/rc-eztv.mod.o
  CC [M]  drivers/media/rc/keymaps/rc-flydvb.mod.o
  CC [M]  drivers/media/rc/keymaps/rc-flyvideo.mod.o
  CC [M]  drivers/media/rc/keymaps/rc-fusionhdtv-mce.mod.o
  CC [M]  drivers/media/rc/keymaps/rc-gadmei-rm008z.mod.o
  CC [M]  drivers/media/rc/keymaps/rc-geekbox.mod.o
  CC [M]  drivers/media/rc/keymaps/rc-genius-tvgo-a11mce.mod.o
  CC [M]  drivers/media/rc/keymaps/rc-gotview7135.mod.o
  CC [M]  drivers/media/rc/keymaps/rc-hauppauge.mod.o
  CC [M]  drivers/media/rc/keymaps/rc-hisi-poplar.mod.o
  CC [M]  drivers/media/rc/keymaps/rc-hisi-tv-demo.mod.o
  CC [M]  drivers/media/rc/keymaps/rc-imon-mce.mod.o
  CC [M]  drivers/media/rc/keymaps/rc-imon-pad.mod.o
  CC [M]  drivers/media/rc/keymaps/rc-imon-rsc.mod.o
  CC [M]  drivers/media/rc/keymaps/rc-iodata-bctv7e.mod.o
  CC [M]  drivers/media/rc/keymaps/rc-it913x-v2.mod.o
  CC [M]  drivers/media/rc/keymaps/rc-it913x-v1.mod.o
  CC [M]  drivers/media/rc/keymaps/rc-kaiomy.mod.o
  CC [M]  drivers/media/rc/keymaps/rc-khadas.mod.o
  CC [M]  drivers/media/rc/keymaps/rc-khamsin.mod.o
  CC [M]  drivers/media/rc/keymaps/rc-kworld-315u.mod.o
  CC [M]  drivers/media/rc/keymaps/rc-kworld-pc150u.mod.o
  CC [M]  drivers/media/rc/keymaps/rc-kworld-plus-tv-analog.mod.o
  CC [M]  drivers/media/rc/keymaps/rc-leadtek-y04g0051.mod.o
  CC [M]  drivers/media/rc/keymaps/rc-lme2510.mod.o
  CC [M]  drivers/media/rc/keymaps/rc-manli.mod.o
  CC [M]  drivers/media/rc/keymaps/rc-mecool-kiii-pro.mod.o
  CC [M]  drivers/media/rc/keymaps/rc-mecool-kii-pro.mod.o
  CC [M]  drivers/media/rc/keymaps/rc-medion-x10-digitainer.mod.o
  CC [M]  drivers/media/rc/keymaps/rc-medion-x10.mod.o
  CC [M]  drivers/media/rc/keymaps/rc-medion-x10-or2x.mod.o
  CC [M]  drivers/media/rc/keymaps/rc-minix-neo.mod.o
  CC [M]  drivers/media/rc/keymaps/rc-msi-digivox-iii.mod.o
  CC [M]  drivers/media/rc/keymaps/rc-msi-digivox-ii.mod.o
  CC [M]  drivers/media/rc/keymaps/rc-msi-tvanywhere.mod.o
  CC [M]  drivers/media/rc/keymaps/rc-msi-tvanywhere-plus.mod.o
  CC [M]  drivers/media/rc/keymaps/rc-mygica-utv3.mod.o
  CC [M]  drivers/media/rc/keymaps/rc-nebula.mod.o
  CC [M]  drivers/media/rc/keymaps/rc-nec-terratec-cinergy-xs.mod.o
  CC [M]  drivers/media/rc/keymaps/rc-norwood.mod.o
  CC [M]  drivers/media/rc/keymaps/rc-npgtech.mod.o
  CC [M]  drivers/media/rc/keymaps/rc-odroid.mod.o
  CC [M]  drivers/media/rc/keymaps/rc-pctv-sedna.mod.o
  CC [M]  drivers/media/rc/keymaps/rc-pine64.mod.o
  CC [M]  drivers/media/rc/keymaps/rc-pinnacle-color.mod.o
  CC [M]  drivers/media/rc/keymaps/rc-pinnacle-grey.mod.o
  CC [M]  drivers/media/rc/keymaps/rc-pinnacle-pctv-hd.mod.o
  CC [M]  drivers/media/rc/keymaps/rc-pixelview-002t.mod.o
  CC [M]  drivers/media/rc/keymaps/rc-pixelview-mk12.mod.o
  CC [M]  drivers/media/rc/keymaps/rc-pixelview-new.mod.o
  CC [M]  drivers/media/rc/keymaps/rc-pixelview.mod.o
  CC [M]  drivers/media/rc/keymaps/rc-powercolor-real-angel.mod.o
  CC [M]  drivers/media/rc/keymaps/rc-proteus-2309.mod.o
  CC [M]  drivers/media/rc/keymaps/rc-purpletv.mod.o
  CC [M]  drivers/media/rc/keymaps/rc-pv951.mod.o
  CC [M]  drivers/media/rc/keymaps/rc-rc6-mce.mod.o
  CC [M]  drivers/media/rc/keymaps/rc-real-audio-220-32-keys.mod.o
  CC [M]  drivers/media/rc/keymaps/rc-reddo.mod.o
  CC [M]  drivers/media/rc/keymaps/rc-siemens-gigaset-rc20.mod.o
  CC [M]  drivers/media/rc/keymaps/rc-snapstream-firefly.mod.o
  CC [M]  drivers/media/rc/keymaps/rc-streamzap.mod.o
  CC [M]  drivers/media/rc/keymaps/rc-su3000.mod.o
  CC [M]  drivers/media/rc/keymaps/rc-tanix-tx3mini.mod.o
  CC [M]  drivers/media/rc/keymaps/rc-tanix-tx5max.mod.o
  CC [M]  drivers/media/rc/keymaps/rc-tbs-nec.mod.o
  CC [M]  drivers/media/rc/keymaps/rc-technisat-ts35.mod.o
  CC [M]  drivers/media/rc/keymaps/rc-technisat-usb2.mod.o
  CC [M]  drivers/media/rc/keymaps/rc-terratec-cinergy-c-pci.mod.o
  CC [M]  drivers/media/rc/keymaps/rc-terratec-cinergy-s2-hd.mod.o
  CC [M]  drivers/media/rc/keymaps/rc-terratec-cinergy-xs.mod.o
  CC [M]  drivers/media/rc/keymaps/rc-terratec-slim-2.mod.o
  CC [M]  drivers/media/rc/keymaps/rc-terratec-slim.mod.o
  CC [M]  drivers/media/rc/keymaps/rc-tevii-nec.mod.o
  CC [M]  drivers/media/rc/keymaps/rc-tivo.mod.o
  CC [M]  drivers/media/rc/keymaps/rc-total-media-in-hand-02.mod.o
  CC [M]  drivers/media/rc/keymaps/rc-total-media-in-hand.mod.o
  CC [M]  drivers/media/rc/keymaps/rc-trekstor.mod.o
  CC [M]  drivers/media/rc/keymaps/rc-tt-1500.mod.o
  CC [M]  drivers/media/rc/keymaps/rc-twinhan1027.mod.o
  CC [M]  drivers/media/rc/keymaps/rc-twinhan-dtv-cab-ci.mod.o
  CC [M]  drivers/media/rc/keymaps/rc-vega-s9x.mod.o
  CC [M]  drivers/media/rc/keymaps/rc-videomate-m1f.mod.o
  CC [M]  drivers/media/rc/keymaps/rc-videomate-s350.mod.o
  CC [M]  drivers/media/rc/keymaps/rc-videomate-tv-pvr.mod.o
  CC [M]  drivers/media/rc/keymaps/rc-videostrong-kii-pro.mod.o
  CC [M]  drivers/media/rc/keymaps/rc-wetek-hub.mod.o
  CC [M]  drivers/media/rc/keymaps/rc-wetek-play2.mod.o
  CC [M]  drivers/media/rc/keymaps/rc-winfast.mod.o
  CC [M]  drivers/media/rc/keymaps/rc-winfast-usbii-deluxe.mod.o
  CC [M]  drivers/media/rc/keymaps/rc-x96max.mod.o
  CC [M]  drivers/media/rc/keymaps/rc-xbox-360.mod.o
  CC [M]  drivers/media/rc/keymaps/rc-xbox-dvd.mod.o
  CC [M]  drivers/media/rc/keymaps/rc-zx-irdec.mod.o
  CC [M]  drivers/media/rc/rc-core.mod.o
  CC [M]  drivers/media/rc/ir-imon-decoder.mod.o
  CC [M]  drivers/media/rc/ir-jvc-decoder.mod.o
  CC [M]  drivers/media/rc/ir-mce_kbd-decoder.mod.o
  CC [M]  drivers/media/rc/ir-nec-decoder.mod.o
  CC [M]  drivers/media/rc/ir-rc5-decoder.mod.o
  CC [M]  drivers/media/rc/ir-rc6-decoder.mod.o
  CC [M]  drivers/media/rc/ir-rcmm-decoder.mod.o
  CC [M]  drivers/media/rc/ir-sanyo-decoder.mod.o
  CC [M]  drivers/media/rc/ir-sharp-decoder.mod.o
  CC [M]  drivers/media/rc/ir-sony-decoder.mod.o
  CC [M]  drivers/media/rc/ir-xmp-decoder.mod.o
  CC [M]  drivers/media/rc/ir-hix5hd2.mod.o
  CC [M]  drivers/media/rc/igorplugusb.mod.o
  CC [M]  drivers/media/rc/iguanair.mod.o
  CC [M]  drivers/media/rc/imon.mod.o
  CC [M]  drivers/media/rc/imon_raw.mod.o
  CC [M]  drivers/media/rc/mceusb.mod.o
  CC [M]  drivers/media/rc/redrat3.mod.o
  CC [M]  drivers/media/rc/streamzap.mod.o
  CC [M]  drivers/media/rc/ir_toy.mod.o
  CC [M]  drivers/media/rc/ttusbir.mod.o
  CC [M]  drivers/media/rc/ati_remote.mod.o
  CC [M]  drivers/media/rc/rc-loopback.mod.o
  CC [M]  drivers/media/common/b2c2/b2c2-flexcop.mod.o
  CC [M]  drivers/media/common/siano/smsmdtv.mod.o
  CC [M]  drivers/media/common/siano/smsdvb.mod.o
  CC [M]  drivers/media/common/videobuf2/videobuf2-common.mod.o
  CC [M]  drivers/media/common/videobuf2/videobuf2-dma-contig.mod.o
  CC [M]  drivers/media/common/videobuf2/videobuf2-dma-sg.mod.o
  CC [M]  drivers/media/common/videobuf2/videobuf2-memops.mod.o
  CC [M]  drivers/media/common/videobuf2/videobuf2-v4l2.mod.o
  CC [M]  drivers/media/common/videobuf2/videobuf2-vmalloc.mod.o
  CC [M]  drivers/media/common/cypress_firmware.mod.o
  CC [M]  drivers/media/common/ttpci-eeprom.mod.o
  CC [M]  drivers/media/common/uvc.mod.o
  CC [M]  drivers/media/common/cx2341x.mod.o
  CC [M]  drivers/media/common/tveeprom.mod.o
  CC [M]  drivers/media/platform/apple/isp/apple-isp.mod.o
  CC [M]  drivers/media/platform/apple/avd/apple-avd.mod.o
  CC [M]  drivers/media/usb/b2c2/b2c2-flexcop-usb.mod.o
  CC [M]  drivers/media/usb/dvb-usb/dvb-usb.mod.o
  CC [M]  drivers/media/usb/dvb-usb/dvb-usb-vp7045.mod.o
  CC [M]  drivers/media/usb/dvb-usb/dvb-usb-gp8psk.mod.o
  CC [M]  drivers/media/usb/dvb-usb/dvb-usb-vp702x.mod.o
  CC [M]  drivers/media/usb/dvb-usb/dvb-usb-dtt200u.mod.o
  CC [M]  drivers/media/usb/dvb-usb/dvb-usb-dibusb-common.mod.o
  CC [M]  drivers/media/usb/dvb-usb/dvb-usb-dibusb-mc-common.mod.o
  CC [M]  drivers/media/usb/dvb-usb/dvb-usb-a800.mod.o
  CC [M]  drivers/media/usb/dvb-usb/dvb-usb-dibusb-mb.mod.o
  CC [M]  drivers/media/usb/dvb-usb/dvb-usb-dibusb-mc.mod.o
  CC [M]  drivers/media/usb/dvb-usb/dvb-usb-nova-t-usb2.mod.o
  CC [M]  drivers/media/usb/dvb-usb/dvb-usb-umt-010.mod.o
  CC [M]  drivers/media/usb/dvb-usb/dvb-usb-m920x.mod.o
  CC [M]  drivers/media/usb/dvb-usb/dvb-usb-digitv.mod.o
  CC [M]  drivers/media/usb/dvb-usb/dvb-usb-cxusb.mod.o
  CC [M]  drivers/media/usb/dvb-usb/dvb-usb-ttusb2.mod.o
  CC [M]  drivers/media/usb/dvb-usb/dvb-usb-dib0700.mod.o
  CC [M]  drivers/media/usb/dvb-usb/dvb-usb-opera.mod.o
  CC [M]  drivers/media/usb/dvb-usb/dvb-usb-af9005.mod.o
  CC [M]  drivers/media/usb/dvb-usb/dvb-usb-af9005-remote.mod.o
  CC [M]  drivers/media/usb/dvb-usb/dvb-usb-pctv452e.mod.o
  CC [M]  drivers/media/usb/dvb-usb/dvb-usb-dw2102.mod.o
  CC [M]  drivers/media/usb/dvb-usb/dvb-usb-dtv5100.mod.o
  CC [M]  drivers/media/usb/dvb-usb/dvb-usb-cinergyT2.mod.o
  CC [M]  drivers/media/usb/dvb-usb/dvb-usb-az6027.mod.o
  CC [M]  drivers/media/usb/dvb-usb/dvb-usb-technisat-usb2.mod.o
  CC [M]  drivers/media/usb/dvb-usb-v2/dvb_usb_v2.mod.o
  CC [M]  drivers/media/usb/dvb-usb-v2/dvb-usb-af9015.mod.o
  CC [M]  drivers/media/usb/dvb-usb-v2/dvb-usb-af9035.mod.o
  CC [M]  drivers/media/usb/dvb-usb-v2/dvb-usb-anysee.mod.o
  CC [M]  drivers/media/usb/dvb-usb-v2/dvb-usb-au6610.mod.o
  CC [M]  drivers/media/usb/dvb-usb-v2/dvb-usb-az6007.mod.o
  CC [M]  drivers/media/usb/dvb-usb-v2/dvb-usb-ce6230.mod.o
  CC [M]  drivers/media/usb/dvb-usb-v2/dvb-usb-ec168.mod.o
  CC [M]  drivers/media/usb/dvb-usb-v2/dvb-usb-lmedm04.mod.o
  CC [M]  drivers/media/usb/dvb-usb-v2/dvb-usb-gl861.mod.o
  CC [M]  drivers/media/usb/dvb-usb-v2/dvb-usb-mxl111sf.mod.o
  CC [M]  drivers/media/usb/dvb-usb-v2/mxl111sf-demod.mod.o
  CC [M]  drivers/media/usb/dvb-usb-v2/mxl111sf-tuner.mod.o
  CC [M]  drivers/media/usb/dvb-usb-v2/dvb-usb-rtl28xxu.mod.o
  CC [M]  drivers/media/usb/dvb-usb-v2/dvb-usb-dvbsky.mod.o
  CC [M]  drivers/media/usb/dvb-usb-v2/zd1301.mod.o
  CC [M]  drivers/media/usb/s2255/s2255drv.mod.o
  CC [M]  drivers/media/usb/siano/smsusb.mod.o
  CC [M]  drivers/media/usb/ttusb-budget/dvb-ttusb-budget.mod.o
  CC [M]  drivers/media/usb/ttusb-dec/ttusb_dec.mod.o
  CC [M]  drivers/media/usb/ttusb-dec/ttusbdecfe.mod.o
  CC [M]  drivers/media/usb/as102/dvb-as102.mod.o
  CC [M]  drivers/media/usb/airspy/airspy.mod.o
  CC [M]  drivers/media/usb/gspca/gspca_main.mod.o
  CC [M]  drivers/media/usb/gspca/gspca_benq.mod.o
  CC [M]  drivers/media/usb/gspca/gspca_conex.mod.o
  CC [M]  drivers/media/usb/gspca/gspca_cpia1.mod.o
  CC [M]  drivers/media/usb/gspca/gspca_dtcs033.mod.o
  CC [M]  drivers/media/usb/gspca/gspca_etoms.mod.o
  CC [M]  drivers/media/usb/gspca/gspca_finepix.mod.o
  CC [M]  drivers/media/usb/gspca/gspca_jeilinj.mod.o
  CC [M]  drivers/media/usb/gspca/gspca_jl2005bcd.mod.o
  CC [M]  drivers/media/usb/gspca/gspca_kinect.mod.o
  CC [M]  drivers/media/usb/gspca/gspca_konica.mod.o
  CC [M]  drivers/media/usb/gspca/gspca_mars.mod.o
  CC [M]  drivers/media/usb/gspca/gspca_mr97310a.mod.o
  CC [M]  drivers/media/usb/gspca/gspca_nw80x.mod.o
  CC [M]  drivers/media/usb/gspca/gspca_ov519.mod.o
  CC [M]  drivers/media/usb/gspca/gspca_ov534.mod.o
  CC [M]  drivers/media/usb/gspca/gspca_ov534_9.mod.o
  CC [M]  drivers/media/usb/gspca/gspca_pac207.mod.o
  CC [M]  drivers/media/usb/gspca/gspca_pac7302.mod.o
  CC [M]  drivers/media/usb/gspca/gspca_pac7311.mod.o
  CC [M]  drivers/media/usb/gspca/gspca_se401.mod.o
  CC [M]  drivers/media/usb/gspca/gspca_sn9c2028.mod.o
  CC [M]  drivers/media/usb/gspca/gspca_sn9c20x.mod.o
  CC [M]  drivers/media/usb/gspca/gspca_sonixb.mod.o
  CC [M]  drivers/media/usb/gspca/gspca_sonixj.mod.o
  CC [M]  drivers/media/usb/gspca/gspca_spca500.mod.o
  CC [M]  drivers/media/usb/gspca/gspca_spca501.mod.o
  CC [M]  drivers/media/usb/gspca/gspca_spca505.mod.o
  CC [M]  drivers/media/usb/gspca/gspca_spca506.mod.o
  CC [M]  drivers/media/usb/gspca/gspca_spca508.mod.o
  CC [M]  drivers/media/usb/gspca/gspca_spca561.mod.o
  CC [M]  drivers/media/usb/gspca/gspca_spca1528.mod.o
  CC [M]  drivers/media/usb/gspca/gspca_sq905.mod.o
  CC [M]  drivers/media/usb/gspca/gspca_sq905c.mod.o
  CC [M]  drivers/media/usb/gspca/gspca_sq930x.mod.o
  CC [M]  drivers/media/usb/gspca/gspca_sunplus.mod.o
  CC [M]  drivers/media/usb/gspca/gspca_stk014.mod.o
  CC [M]  drivers/media/usb/gspca/gspca_stk1135.mod.o
  CC [M]  drivers/media/usb/gspca/gspca_stv0680.mod.o
  CC [M]  drivers/media/usb/gspca/gspca_t613.mod.o
  CC [M]  drivers/media/usb/gspca/gspca_topro.mod.o
  CC [M]  drivers/media/usb/gspca/gspca_touptek.mod.o
  CC [M]  drivers/media/usb/gspca/gspca_tv8532.mod.o
  CC [M]  drivers/media/usb/gspca/gspca_vc032x.mod.o
  CC [M]  drivers/media/usb/gspca/gspca_vicam.mod.o
  CC [M]  drivers/media/usb/gspca/gspca_xirlink_cit.mod.o
  CC [M]  drivers/media/usb/gspca/gspca_zc3xx.mod.o
  CC [M]  drivers/media/usb/gspca/m5602/gspca_m5602.mod.o
  CC [M]  drivers/media/usb/gspca/stv06xx/gspca_stv06xx.mod.o
  CC [M]  drivers/media/usb/gspca/gl860/gspca_gl860.mod.o
  CC [M]  drivers/media/usb/hackrf/hackrf.mod.o
  CC [M]  drivers/media/usb/pwc/pwc.mod.o
  CC [M]  drivers/media/usb/uvc/uvcvideo.mod.o
  CC [M]  drivers/media/usb/au0828/au0828.mod.o
  CC [M]  drivers/media/usb/cx231xx/cx231xx.mod.o
  CC [M]  drivers/media/usb/cx231xx/cx231xx-alsa.mod.o
  CC [M]  drivers/media/usb/cx231xx/cx231xx-dvb.mod.o
  CC [M]  drivers/media/usb/em28xx/em28xx.mod.o
  CC [M]  drivers/media/usb/em28xx/em28xx-v4l.mod.o
  CC [M]  drivers/media/usb/em28xx/em28xx-alsa.mod.o
  CC [M]  drivers/media/usb/em28xx/em28xx-rc.mod.o
  CC [M]  drivers/media/usb/em28xx/em28xx-dvb.mod.o
  CC [M]  drivers/media/usb/go7007/go7007.mod.o
  CC [M]  drivers/media/usb/go7007/go7007-usb.mod.o
  CC [M]  drivers/media/usb/go7007/go7007-loader.mod.o
  CC [M]  drivers/media/usb/go7007/s2250.mod.o
  CC [M]  drivers/media/usb/hdpvr/hdpvr.mod.o
  CC [M]  drivers/media/usb/pvrusb2/pvrusb2.mod.o
  CC [M]  drivers/media/usb/stk1160/stk1160.mod.o
  CC [M]  drivers/media/usb/usbtv/usbtv.mod.o
  CC [M]  drivers/media/dvb-frontends/a8293.mod.o
  CC [M]  drivers/media/dvb-frontends/af9013.mod.o
  CC [M]  drivers/media/dvb-frontends/af9033.mod.o
  CC [M]  drivers/media/dvb-frontends/as102_fe.mod.o
  CC [M]  drivers/media/dvb-frontends/atbm8830.mod.o
  CC [M]  drivers/media/dvb-frontends/au8522_common.mod.o
  CC [M]  drivers/media/dvb-frontends/au8522_dig.mod.o
  CC [M]  drivers/media/dvb-frontends/au8522_decoder.mod.o
  CC [M]  drivers/media/dvb-frontends/bcm3510.mod.o
  CC [M]  drivers/media/dvb-frontends/cx22700.mod.o
  CC [M]  drivers/media/dvb-frontends/cx22702.mod.o
  CC [M]  drivers/media/dvb-frontends/cx24110.mod.o
  CC [M]  drivers/media/dvb-frontends/cx24116.mod.o
  CC [M]  drivers/media/dvb-frontends/cx24117.mod.o
  CC [M]  drivers/media/dvb-frontends/cx24120.mod.o
  CC [M]  drivers/media/dvb-frontends/cx24123.mod.o
  CC [M]  drivers/media/dvb-frontends/cxd2099.mod.o
  CC [M]  drivers/media/dvb-frontends/cxd2820r.mod.o
  CC [M]  drivers/media/dvb-frontends/cxd2841er.mod.o
  CC [M]  drivers/media/dvb-frontends/dib3000mb.mod.o
  CC [M]  drivers/media/dvb-frontends/dib3000mc.mod.o
  CC [M]  drivers/media/dvb-frontends/dibx000_common.mod.o
  CC [M]  drivers/media/dvb-frontends/dib7000m.mod.o
  CC [M]  drivers/media/dvb-frontends/dib7000p.mod.o
  CC [M]  drivers/media/dvb-frontends/dib8000.mod.o
  CC [M]  drivers/media/dvb-frontends/drx39xyj/drx39xyj.mod.o
  CC [M]  drivers/media/dvb-frontends/drxd.mod.o
  CC [M]  drivers/media/dvb-frontends/drxk.mod.o
  CC [M]  drivers/media/dvb-frontends/ds3000.mod.o
  CC [M]  drivers/media/dvb-frontends/ec100.mod.o
  CC [M]  drivers/media/dvb-frontends/gp8psk-fe.mod.o
  CC [M]  drivers/media/dvb-frontends/isl6405.mod.o
  CC [M]  drivers/media/dvb-frontends/isl6421.mod.o
  CC [M]  drivers/media/dvb-frontends/isl6423.mod.o
  CC [M]  drivers/media/dvb-frontends/ix2505v.mod.o
  CC [M]  drivers/media/dvb-frontends/l64781.mod.o
  CC [M]  drivers/media/dvb-frontends/lg2160.mod.o
  CC [M]  drivers/media/dvb-frontends/lgdt3305.mod.o
  CC [M]  drivers/media/dvb-frontends/lgdt3306a.mod.o
  CC [M]  drivers/media/dvb-frontends/lgdt330x.mod.o
  CC [M]  drivers/media/dvb-frontends/lgs8gxx.mod.o
  CC [M]  drivers/media/dvb-frontends/lnbh25.mod.o
  CC [M]  drivers/media/dvb-frontends/lnbp21.mod.o
  CC [M]  drivers/media/dvb-frontends/lnbp22.mod.o
  CC [M]  drivers/media/dvb-frontends/m88ds3103.mod.o
  CC [M]  drivers/media/dvb-frontends/m88rs2000.mod.o
  CC [M]  drivers/media/dvb-frontends/mb86a16.mod.o
  CC [M]  drivers/media/dvb-frontends/mb86a20s.mod.o
  CC [M]  drivers/media/dvb-frontends/mn88472.mod.o
  CC [M]  drivers/media/dvb-frontends/mn88473.mod.o
  CC [M]  drivers/media/dvb-frontends/mt312.mod.o
  CC [M]  drivers/media/dvb-frontends/mt352.mod.o
  CC [M]  drivers/media/dvb-frontends/mxl5xx.mod.o
  CC [M]  drivers/media/dvb-frontends/mxl692.mod.o
  CC [M]  drivers/media/dvb-frontends/nxt200x.mod.o
  CC [M]  drivers/media/dvb-frontends/nxt6000.mod.o
  CC [M]  drivers/media/dvb-frontends/or51132.mod.o
  CC [M]  drivers/media/dvb-frontends/or51211.mod.o
  CC [M]  drivers/media/dvb-frontends/dvb-pll.mod.o
  CC [M]  drivers/media/dvb-frontends/rtl2830.mod.o
  CC [M]  drivers/media/dvb-frontends/rtl2832.mod.o
  CC [M]  drivers/media/dvb-frontends/rtl2832_sdr.mod.o
  CC [M]  drivers/media/dvb-frontends/s5h1409.mod.o
  CC [M]  drivers/media/dvb-frontends/s5h1411.mod.o
  CC [M]  drivers/media/dvb-frontends/s5h1420.mod.o
  CC [M]  drivers/media/dvb-frontends/s921.mod.o
  CC [M]  drivers/media/dvb-frontends/si2165.mod.o
  CC [M]  drivers/media/dvb-frontends/si2168.mod.o
  CC [M]  drivers/media/dvb-frontends/si21xx.mod.o
  CC [M]  drivers/media/dvb-frontends/sp2.mod.o
  CC [M]  drivers/media/dvb-frontends/sp887x.mod.o
  CC [M]  drivers/media/dvb-frontends/stb0899.mod.o
  CC [M]  drivers/media/dvb-frontends/stb6000.mod.o
  CC [M]  drivers/media/dvb-frontends/stb6100.mod.o
  CC [M]  drivers/media/dvb-frontends/stv0288.mod.o
  CC [M]  drivers/media/dvb-frontends/stv0297.mod.o
  CC [M]  drivers/media/dvb-frontends/stv0299.mod.o
  CC [M]  drivers/media/dvb-frontends/stv0367.mod.o
  CC [M]  drivers/media/dvb-frontends/stv0900.mod.o
  CC [M]  drivers/media/dvb-frontends/stv090x.mod.o
  CC [M]  drivers/media/dvb-frontends/stv0910.mod.o
  CC [M]  drivers/media/dvb-frontends/stv6110.mod.o
  CC [M]  drivers/media/dvb-frontends/stv6110x.mod.o
  CC [M]  drivers/media/dvb-frontends/stv6111.mod.o
  CC [M]  drivers/media/dvb-frontends/tc90522.mod.o
  CC [M]  drivers/media/dvb-frontends/tda10021.mod.o
  CC [M]  drivers/media/dvb-frontends/tda10023.mod.o
  CC [M]  drivers/media/dvb-frontends/tda10048.mod.o
  CC [M]  drivers/media/dvb-frontends/tda1004x.mod.o
  CC [M]  drivers/media/dvb-frontends/tda10071.mod.o
  CC [M]  drivers/media/dvb-frontends/tda10086.mod.o
  CC [M]  drivers/media/dvb-frontends/tda18271c2dd.mod.o
  CC [M]  drivers/media/dvb-frontends/tda665x.mod.o
  CC [M]  drivers/media/dvb-frontends/tda8083.mod.o
  CC [M]  drivers/media/dvb-frontends/tda8261.mod.o
  CC [M]  drivers/media/dvb-frontends/tda826x.mod.o
  CC [M]  drivers/media/dvb-frontends/ts2020.mod.o
  CC [M]  drivers/media/dvb-frontends/tua6100.mod.o
  CC [M]  drivers/media/dvb-frontends/cx24113.mod.o
  CC [M]  drivers/media/dvb-frontends/dib0070.mod.o
  CC [M]  drivers/media/dvb-frontends/dib0090.mod.o
  CC [M]  drivers/media/dvb-frontends/itd1000.mod.o
  CC [M]  drivers/media/dvb-frontends/ves1820.mod.o
  CC [M]  drivers/media/dvb-frontends/ves1x93.mod.o
  CC [M]  drivers/media/dvb-frontends/zd1301_demod.mod.o
  CC [M]  drivers/media/dvb-frontends/zl10036.mod.o
  CC [M]  drivers/media/dvb-frontends/zl10039.mod.o
  CC [M]  drivers/media/dvb-frontends/zl10353.mod.o
  CC [M]  drivers/media/mc/mc.mod.o
  CC [M]  drivers/media/v4l2-core/v4l2-async.mod.o
  CC [M]  drivers/media/v4l2-core/v4l2-fwnode.mod.o
  CC [M]  drivers/media/v4l2-core/v4l2-h264.mod.o
  CC [M]  drivers/media/v4l2-core/v4l2-mem2mem.mod.o
  CC [M]  drivers/media/v4l2-core/v4l2-vp9.mod.o
  CC [M]  drivers/media/v4l2-core/tuner.mod.o
  CC [M]  drivers/media/v4l2-core/v4l2-dv-timings.mod.o
  CC [M]  drivers/media/v4l2-core/videodev.mod.o
  CC [M]  drivers/media/dvb-core/dvb-core.mod.o
  CC [M]  drivers/media/cec/core/cec.mod.o
  CC [M]  drivers/media/radio/radio-maxiradio.mod.o
  CC [M]  drivers/media/radio/shark2.mod.o
  CC [M]  drivers/media/radio/radio-shark.mod.o
  CC [M]  drivers/media/radio/si470x/radio-si470x-common.mod.o
  CC [M]  drivers/media/radio/si470x/radio-si470x-usb.mod.o
  CC [M]  drivers/media/radio/si4713/si4713.mod.o
  CC [M]  drivers/media/radio/si4713/radio-usb-si4713.mod.o
  CC [M]  drivers/media/radio/tea575x.mod.o
  CC [M]  drivers/media/radio/dsbr100.mod.o
  CC [M]  drivers/media/radio/radio-keene.mod.o
  CC [M]  drivers/media/radio/radio-ma901.mod.o
  CC [M]  drivers/media/radio/radio-mr800.mod.o
  CC [M]  drivers/media/radio/radio-raremono.mod.o
  CC [M]  drivers/pps/clients/pps-ldisc.mod.o
  CC [M]  drivers/pps/clients/pps-gpio.mod.o
  CC [M]  drivers/ptp/ptp.mod.o
  CC [M]  drivers/ptp/ptp_kvm.mod.o
  CC [M]  drivers/ptp/ptp_vmclock.mod.o
  CC [M]  drivers/watchdog/softdog.mod.o
  CC [M]  drivers/md/raid0.mod.o
  CC [M]  drivers/md/raid1.mod.o
  CC [M]  drivers/md/raid10.mod.o
  CC [M]  drivers/md/raid456.mod.o
  CC [M]  drivers/md/md-cluster.mod.o
  CC [M]  drivers/md/bcache/bcache.mod.o
  CC [M]  drivers/md/dm-bio-prison.mod.o
  CC [M]  drivers/md/dm-crypt.mod.o
  CC [M]  drivers/md/dm-delay.mod.o
  CC [M]  drivers/md/dm-dust.mod.o
  CC [M]  drivers/md/dm-flakey.mod.o
  CC [M]  drivers/md/dm-multipath.mod.o
  CC [M]  drivers/md/dm-round-robin.mod.o
  CC [M]  drivers/md/dm-queue-length.mod.o
  CC [M]  drivers/md/dm-service-time.mod.o
  CC [M]  drivers/md/dm-switch.mod.o
  CC [M]  drivers/md/persistent-data/dm-persistent-data.mod.o
  CC [M]  drivers/md/dm-log-userspace.mod.o
  CC [M]  drivers/md/dm-raid.mod.o
  CC [M]  drivers/md/dm-thin-pool.mod.o
  CC [M]  drivers/md/dm-verity.mod.o
  CC [M]  drivers/md/dm-cache.mod.o
  CC [M]  drivers/md/dm-cache-smq.mod.o
  CC [M]  drivers/md/dm-log-writes.mod.o
  CC [M]  drivers/md/dm-integrity.mod.o
  CC [M]  drivers/md/dm-zoned.mod.o
  CC [M]  drivers/md/dm-writecache.mod.o
  CC [M]  drivers/accessibility/speakup/speakup_acntsa.mod.o
  CC [M]  drivers/accessibility/speakup/speakup_apollo.mod.o
  CC [M]  drivers/accessibility/speakup/speakup_audptr.mod.o
  CC [M]  drivers/accessibility/speakup/speakup_bns.mod.o
  CC [M]  drivers/accessibility/speakup/speakup_dectlk.mod.o
  CC [M]  drivers/accessibility/speakup/speakup_decext.mod.o
  CC [M]  drivers/accessibility/speakup/speakup_ltlk.mod.o
  CC [M]  drivers/accessibility/speakup/speakup_soft.mod.o
  CC [M]  drivers/accessibility/speakup/speakup_spkout.mod.o
  CC [M]  drivers/accessibility/speakup/speakup_txprt.mod.o
  CC [M]  drivers/accessibility/speakup/speakup.mod.o
  CC [M]  drivers/mmc/host/sdhci.mod.o
  CC [M]  drivers/mmc/host/sdhci-uhs2.mod.o
  CC [M]  drivers/mmc/host/sdhci-pci.mod.o
  CC [M]  drivers/mmc/host/cqhci.mod.o
  CC [M]  drivers/mmc/core/mmc_core.mod.o
  CC [M]  drivers/mmc/core/pwrseq_simple.mod.o
  CC [M]  drivers/mmc/core/pwrseq_sd8787.mod.o
  CC [M]  drivers/mmc/core/pwrseq_emmc.mod.o
  CC [M]  drivers/mmc/core/mmc_block.mod.o
  CC [M]  drivers/firmware/cirrus/cs_dsp.mod.o
  CC [M]  drivers/crypto/virtio/virtio_crypto.mod.o
  CC [M]  drivers/hid/uhid.mod.o
  CC [M]  drivers/hid/hid-a4tech.mod.o
  CC [M]  drivers/hid/hid-accutouch.mod.o
  CC [M]  drivers/hid/hid-alps.mod.o
  CC [M]  drivers/hid/hid-axff.mod.o
  CC [M]  drivers/hid/hid-apple.mod.o
  CC [M]  drivers/hid/hid-appleir.mod.o
  CC [M]  drivers/hid/hid-aureal.mod.o
  CC [M]  drivers/hid/hid-belkin.mod.o
  CC [M]  drivers/hid/hid-betopff.mod.o
  CC [M]  drivers/hid/hid-cherry.mod.o
  CC [M]  drivers/hid/hid-chicony.mod.o
  CC [M]  drivers/hid/hid-cmedia.mod.o
  CC [M]  drivers/hid/hid-corsair.mod.o
  CC [M]  drivers/hid/hid-corsair-void.mod.o
  CC [M]  drivers/hid/hid-cougar.mod.o
  CC [M]  drivers/hid/hid-cp2112.mod.o
  CC [M]  drivers/hid/hid-cypress.mod.o
  CC [M]  drivers/hid/hid-dr.mod.o
  CC [M]  drivers/hid/hid-emsff.mod.o
  CC [M]  drivers/hid/hid-elecom.mod.o
  CC [M]  drivers/hid/hid-elo.mod.o
  CC [M]  drivers/hid/hid-ezkey.mod.o
  CC [M]  drivers/hid/hid-ft260.mod.o
  CC [M]  drivers/hid/hid-gembird.mod.o
  CC [M]  drivers/hid/hid-gfrm.mod.o
  CC [M]  drivers/hid/hid-glorious.mod.o
  CC [M]  drivers/hid/hid-gt683r.mod.o
  CC [M]  drivers/hid/hid-gyration.mod.o
  CC [M]  drivers/hid/hid-holtek-kbd.mod.o
  CC [M]  drivers/hid/hid-holtek-mouse.mod.o
  CC [M]  drivers/hid/hid-holtekff.mod.o
  CC [M]  drivers/hid/hid-icade.mod.o
  CC [M]  drivers/hid/hid-ite.mod.o
  CC [M]  drivers/hid/hid-jabra.mod.o
  CC [M]  drivers/hid/hid-kensington.mod.o
  CC [M]  drivers/hid/hid-keytouch.mod.o
  CC [M]  drivers/hid/hid-kye.mod.o
  CC [M]  drivers/hid/hid-lcpower.mod.o
  CC [M]  drivers/hid/hid-letsketch.mod.o
  CC [M]  drivers/hid/hid-logitech.mod.o
  CC [M]  drivers/hid/hid-lg-g15.mod.o
  CC [M]  drivers/hid/hid-logitech-dj.mod.o
  CC [M]  drivers/hid/hid-logitech-hidpp.mod.o
  CC [M]  drivers/hid/hid-macally.mod.o
  CC [M]  drivers/hid/hid-magicmouse.mod.o
  CC [M]  drivers/hid/hid-maltron.mod.o
  CC [M]  drivers/hid/hid-mcp2221.mod.o
  CC [M]  drivers/hid/hid-mf.mod.o
  CC [M]  drivers/hid/hid-microsoft.mod.o
  CC [M]  drivers/hid/hid-monterey.mod.o
  CC [M]  drivers/hid/hid-multitouch.mod.o
  CC [M]  drivers/hid/hid-nintendo.mod.o
  CC [M]  drivers/hid/hid-nti.mod.o
  CC [M]  drivers/hid/hid-ntrig.mod.o
  CC [M]  drivers/hid/hid-ortek.mod.o
  CC [M]  drivers/hid/hid-prodikeys.mod.o
  CC [M]  drivers/hid/hid-pl.mod.o
  CC [M]  drivers/hid/hid-penmount.mod.o
  CC [M]  drivers/hid/hid-petalynx.mod.o
  CC [M]  drivers/hid/hid-picolcd.mod.o
  CC [M]  drivers/hid/hid-plantronics.mod.o
  CC [M]  drivers/hid/hid-playstation.mod.o
  CC [M]  drivers/hid/hid-primax.mod.o
  CC [M]  drivers/hid/hid-redragon.mod.o
  CC [M]  drivers/hid/hid-retrode.mod.o
  CC [M]  drivers/hid/hid-roccat.mod.o
  CC [M]  drivers/hid/hid-roccat-common.mod.o
  CC [M]  drivers/hid/hid-roccat-arvo.mod.o
  CC [M]  drivers/hid/hid-roccat-isku.mod.o
  CC [M]  drivers/hid/hid-roccat-kone.mod.o
  CC [M]  drivers/hid/hid-roccat-koneplus.mod.o
  CC [M]  drivers/hid/hid-roccat-konepure.mod.o
  CC [M]  drivers/hid/hid-roccat-kovaplus.mod.o
  CC [M]  drivers/hid/hid-roccat-lua.mod.o
  CC [M]  drivers/hid/hid-roccat-pyra.mod.o
  CC [M]  drivers/hid/hid-roccat-ryos.mod.o
  CC [M]  drivers/hid/hid-roccat-savu.mod.o
  CC [M]  drivers/hid/hid-saitek.mod.o
  CC [M]  drivers/hid/hid-samsung.mod.o
  CC [M]  drivers/hid/hid-semitek.mod.o
  CC [M]  drivers/hid/hid-sjoy.mod.o
  CC [M]  drivers/hid/hid-sony.mod.o
  CC [M]  drivers/hid/hid-speedlink.mod.o
  CC [M]  drivers/hid/hid-steam.mod.o
  CC [M]  drivers/hid/hid-steelseries.mod.o
  CC [M]  drivers/hid/hid-sunplus.mod.o
  CC [M]  drivers/hid/hid-gaff.mod.o
  CC [M]  drivers/hid/hid-tmff.mod.o
  CC [M]  drivers/hid/hid-thrustmaster.mod.o
  CC [M]  drivers/hid/hid-tivo.mod.o
  CC [M]  drivers/hid/hid-topseed.mod.o
  CC [M]  drivers/hid/hid-twinhan.mod.o
  CC [M]  drivers/hid/hid-u2fzero.mod.o
  CC [M]  drivers/hid/hid-uclogic.mod.o
  CC [M]  drivers/hid/hid-udraw-ps3.mod.o
  CC [M]  drivers/hid/hid-led.mod.o
  CC [M]  drivers/hid/hid-xiaomi.mod.o
  CC [M]  drivers/hid/hid-xinmo.mod.o
  CC [M]  drivers/hid/hid-zpff.mod.o
  CC [M]  drivers/hid/hid-zydacron.mod.o
  CC [M]  drivers/hid/hid-viewsonic.mod.o
  CC [M]  drivers/hid/wacom.mod.o
  CC [M]  drivers/hid/hid-waltop.mod.o
  CC [M]  drivers/hid/hid-wiimote.mod.o
  CC [M]  drivers/hid/hid-sensor-hub.mod.o
  CC [M]  drivers/hid/hid-sensor-custom.mod.o
  CC [M]  drivers/hid/usbhid/usbhid.mod.o
  CC [M]  drivers/hid/dockchannel-hid/dockchannel-hid.mod.o
  CC [M]  drivers/iio/common/aop_sensors/aop_las.mod.o
  CC [M]  drivers/iio/common/aop_sensors/aop_als.mod.o
  CC [M]  drivers/mux/mux-apple-display-crossbar.mod.o
  CC [M]  drivers/target/target_core_mod.mod.o
  CC [M]  drivers/target/target_core_iblock.mod.o
  CC [M]  drivers/target/target_core_file.mod.o
  CC [M]  drivers/target/target_core_pscsi.mod.o
  CC [M]  drivers/target/loopback/tcm_loop.mod.o
  CC [M]  drivers/target/iscsi/iscsi_target_mod.mod.o
  CC [M]  drivers/vfio/vfio.mod.o
  CC [M]  drivers/vfio/vfio_iommu_type1.mod.o
  CC [M]  drivers/vfio/pci/vfio-pci-core.mod.o
  CC [M]  drivers/vfio/pci/vfio-pci.mod.o
  CC [M]  drivers/vfio/platform/vfio-platform-base.mod.o
  CC [M]  drivers/vfio/platform/vfio-platform.mod.o
  CC [M]  drivers/block/aoe/aoe.mod.o
  CC [M]  drivers/bluetooth/hci_vhci.mod.o
  CC [M]  drivers/bluetooth/hci_uart.mod.o
  CC [M]  drivers/bluetooth/bcm203x.mod.o
  CC [M]  drivers/bluetooth/hci_bcm4377.mod.o
  CC [M]  drivers/bluetooth/bpa10x.mod.o
  CC [M]  drivers/bluetooth/bfusb.mod.o
  CC [M]  drivers/bluetooth/btusb.mod.o
  CC [M]  drivers/bluetooth/btsdio.mod.o
  CC [M]  drivers/bluetooth/btintel.mod.o
  CC [M]  drivers/bluetooth/ath3k.mod.o
  CC [M]  drivers/bluetooth/btmrvl.mod.o
  CC [M]  drivers/bluetooth/btmrvl_sdio.mod.o
  CC [M]  drivers/bluetooth/btbcm.mod.o
  CC [M]  drivers/bluetooth/btrtl.mod.o
  CC [M]  drivers/bluetooth/btqca.mod.o
  CC [M]  drivers/bluetooth/btrsi.mod.o
  CC [M]  drivers/vhost/vhost_net.mod.o
  CC [M]  drivers/vhost/vhost_scsi.mod.o
  CC [M]  drivers/vhost/vhost_vsock.mod.o
  CC [M]  drivers/vhost/vhost.mod.o
  CC [M]  drivers/vhost/vhost_iotlb.mod.o
  CC [M]  drivers/thunderbolt/thunderbolt.mod.o
  CC [M]  drivers/thunderbolt/thunderbolt_apple.mod.o
  CC [M]  drivers/gnss/gnss.mod.o
  CC [M]  drivers/gnss/gnss-serial.mod.o
  CC [M]  drivers/gnss/gnss-mtk.mod.o
  CC [M]  drivers/gnss/gnss-sirf.mod.o
  CC [M]  drivers/gnss/gnss-ubx.mod.o
  CC [M]  drivers/gnss/gnss-usb.mod.o
  CC [M]  sound/core/oss/snd-mixer-oss.mod.o
  CC [M]  sound/core/oss/snd-pcm-oss.mod.o
  CC [M]  sound/core/snd-hwdep.mod.o
  CC [M]  sound/core/snd-hrtimer.mod.o
  CC [M]  sound/core/snd-seq-device.mod.o
  CC [M]  sound/core/snd-rawmidi.mod.o
  CC [M]  sound/core/seq/snd-seq.mod.o
  CC [M]  sound/core/seq/oss/snd-seq-oss.mod.o
  CC [M]  sound/core/seq/snd-seq-dummy.mod.o
  CC [M]  sound/core/seq/snd-seq-midi.mod.o
  CC [M]  sound/core/seq/snd-seq-midi-event.mod.o
  CC [M]  sound/core/seq/snd-seq-virmidi.mod.o
  CC [M]  sound/drivers/mpu401/snd-mpu401-uart.mod.o
  CC [M]  sound/drivers/mpu401/snd-mpu401.mod.o
  CC [M]  sound/drivers/snd-dummy.mod.o
  CC [M]  sound/drivers/snd-aloop.mod.o
  CC [M]  sound/drivers/snd-virmidi.mod.o
  CC [M]  sound/drivers/snd-serial-u16550.mod.o
  CC [M]  sound/drivers/snd-mtpav.mod.o
  CC [M]  sound/usb/misc/snd-ua101.mod.o
  CC [M]  sound/usb/caiaq/snd-usb-caiaq.mod.o
  CC [M]  sound/usb/6fire/snd-usb-6fire.mod.o
  CC [M]  sound/usb/hiface/snd-usb-hiface.mod.o
  CC [M]  sound/usb/snd-usb-audio.mod.o
  CC [M]  sound/usb/snd-usbmidi-lib.mod.o
  CC [M]  sound/usb/line6/snd-usb-pod.mod.o
  CC [M]  sound/usb/line6/snd-usb-line6.mod.o
  CC [M]  sound/usb/line6/snd-usb-podhd.mod.o
  CC [M]  sound/usb/line6/snd-usb-toneport.mod.o
  CC [M]  sound/usb/line6/snd-usb-variax.mod.o
  CC [M]  sound/soc/codecs/snd-soc-bt-sco.mod.o
  CC [M]  sound/soc/codecs/snd-soc-cs35l32.mod.o
  CC [M]  sound/soc/codecs/snd-soc-cs35l33.mod.o
  CC [M]  sound/soc/codecs/snd-soc-cs35l34.mod.o
  CC [M]  sound/soc/codecs/snd-soc-cs35l35.mod.o
  CC [M]  sound/soc/codecs/snd-soc-cs35l36.mod.o
  CC [M]  sound/soc/codecs/snd-soc-cs35l41.mod.o
  CC [M]  sound/soc/codecs/snd-soc-cs35l41-lib.mod.o
  CC [M]  sound/soc/codecs/snd-soc-cs35l41-spi.mod.o
  CC [M]  sound/soc/codecs/snd-soc-cs35l41-i2c.mod.o
  CC [M]  sound/soc/codecs/snd-soc-cs35l45.mod.o
  CC [M]  sound/soc/codecs/snd-soc-cs35l45-spi.mod.o
  CC [M]  sound/soc/codecs/snd-soc-cs35l45-i2c.mod.o
  CC [M]  sound/soc/codecs/snd-soc-cs42l42.mod.o
  CC [M]  sound/soc/codecs/snd-soc-cs42l42-i2c.mod.o
  CC [M]  sound/soc/codecs/snd-soc-cs42l51.mod.o
  CC [M]  sound/soc/codecs/snd-soc-cs42l51-i2c.mod.o
  CC [M]  sound/soc/codecs/snd-soc-cs42l52.mod.o
  CC [M]  sound/soc/codecs/snd-soc-cs42l56.mod.o
  CC [M]  sound/soc/codecs/snd-soc-cs42l73.mod.o
  CC [M]  sound/soc/codecs/snd-soc-cs42l83-i2c.mod.o
  CC [M]  sound/soc/codecs/snd-soc-cs42l84.mod.o
  CC [M]  sound/soc/codecs/snd-soc-cs4234.mod.o
  CC [M]  sound/soc/codecs/snd-soc-cs4265.mod.o
  CC [M]  sound/soc/codecs/snd-soc-cs4270.mod.o
  CC [M]  sound/soc/codecs/snd-soc-cs4271.mod.o
  CC [M]  sound/soc/codecs/snd-soc-cs4271-i2c.mod.o
  CC [M]  sound/soc/codecs/snd-soc-cs4271-spi.mod.o
  CC [M]  sound/soc/codecs/snd-soc-cs42xx8.mod.o
  CC [M]  sound/soc/codecs/snd-soc-cs42xx8-i2c.mod.o
  CC [M]  sound/soc/codecs/snd-soc-cs43130.mod.o
  CC [M]  sound/soc/codecs/snd-soc-cs4341.mod.o
  CC [M]  sound/soc/codecs/snd-soc-cs4349.mod.o
  CC [M]  sound/soc/codecs/snd-soc-cs53l30.mod.o
  CC [M]  sound/soc/codecs/snd-soc-tas2552.mod.o
  CC [M]  sound/soc/codecs/snd-soc-tas2562.mod.o
  CC [M]  sound/soc/codecs/snd-soc-tas2764.mod.o
  CC [M]  sound/soc/codecs/snd-soc-tas2780.mod.o
  CC [M]  sound/soc/codecs/snd-soc-tas5086.mod.o
  CC [M]  sound/soc/codecs/snd-soc-tas571x.mod.o
  CC [M]  sound/soc/codecs/snd-soc-tas5720.mod.o
  CC [M]  sound/soc/codecs/snd-soc-tas5805m.mod.o
  CC [M]  sound/soc/codecs/snd-soc-tas6424.mod.o
  CC [M]  sound/soc/codecs/snd-soc-tas2770.mod.o
  CC [M]  sound/soc/codecs/snd-soc-wm-adsp.mod.o
  CC [M]  sound/soc/generic/snd-soc-simple-card-utils.mod.o
  CC [M]  sound/soc/generic/snd-soc-simple-card.mod.o
  CC [M]  sound/soc/generic/snd-soc-audio-graph-card.mod.o
  CC [M]  sound/soc/generic/snd-soc-audio-graph-card2.mod.o
  CC [M]  sound/soc/apple/snd-soc-aop.mod.o
  CC [M]  sound/soc/apple/snd-soc-apple-mca.mod.o
  CC [M]  sound/soc/apple/snd-soc-macaudio.mod.o
  CC [M]  sound/soc/fsl/snd-soc-fsl-audmix.mod.o
  CC [M]  sound/soc/fsl/snd-soc-fsl-asrc.mod.o
  CC [M]  sound/soc/fsl/snd-soc-fsl-sai.mod.o
  CC [M]  sound/soc/fsl/snd-soc-fsl-ssi.mod.o
  CC [M]  sound/soc/fsl/snd-soc-fsl-spdif.mod.o
  CC [M]  sound/soc/fsl/snd-soc-fsl-esai.mod.o
  CC [M]  sound/soc/fsl/snd-soc-fsl-micfil.mod.o
  CC [M]  sound/soc/fsl/snd-soc-fsl-utils.mod.o
  CC [M]  sound/soc/fsl/snd-soc-fsl-easrc.mod.o
  CC [M]  sound/soc/fsl/snd-soc-imx-audmux.mod.o
  CC [M]  sound/virtio/virtio_snd.mod.o
  CC [M]  net/core/pktgen.mod.o
  CC [M]  net/core/failover.mod.o
  CC [M]  net/802/psnap.mod.o
  CC [M]  net/802/stp.mod.o
  CC [M]  net/802/garp.mod.o
  CC [M]  net/802/mrp.mod.o
  CC [M]  net/sched/act_police.mod.o
  CC [M]  net/sched/act_gact.mod.o
  CC [M]  net/sched/act_mirred.mod.o
  CC [M]  net/sched/act_sample.mod.o
  CC [M]  net/sched/act_nat.mod.o
  CC [M]  net/sched/act_pedit.mod.o
  CC [M]  net/sched/act_simple.mod.o
  CC [M]  net/sched/act_skbedit.mod.o
  CC [M]  net/sched/act_csum.mod.o
  CC [M]  net/sched/act_vlan.mod.o
  CC [M]  net/sched/act_bpf.mod.o
  CC [M]  net/sched/act_connmark.mod.o
  CC [M]  net/sched/act_ctinfo.mod.o
  CC [M]  net/sched/act_skbmod.mod.o
  CC [M]  net/sched/act_ife.mod.o
  CC [M]  net/sched/act_meta_mark.mod.o
  CC [M]  net/sched/act_meta_skbprio.mod.o
  CC [M]  net/sched/act_meta_skbtcindex.mod.o
  CC [M]  net/sched/act_tunnel_key.mod.o
  CC [M]  net/sched/act_ct.mod.o
  CC [M]  net/sched/act_gate.mod.o
  CC [M]  net/sched/sch_htb.mod.o
  CC [M]  net/sched/sch_hfsc.mod.o
  CC [M]  net/sched/sch_red.mod.o
  CC [M]  net/sched/sch_gred.mod.o
  CC [M]  net/sched/sch_ingress.mod.o
  CC [M]  net/sched/sch_sfb.mod.o
  CC [M]  net/sched/sch_sfq.mod.o
  CC [M]  net/sched/sch_tbf.mod.o
  CC [M]  net/sched/sch_teql.mod.o
  CC [M]  net/sched/sch_prio.mod.o
  CC [M]  net/sched/sch_multiq.mod.o
  CC [M]  net/sched/sch_netem.mod.o
  CC [M]  net/sched/sch_drr.mod.o
  CC [M]  net/sched/sch_plug.mod.o
  CC [M]  net/sched/sch_ets.mod.o
  CC [M]  net/sched/sch_mqprio.mod.o
  CC [M]  net/sched/sch_mqprio_lib.mod.o
  CC [M]  net/sched/sch_skbprio.mod.o
  CC [M]  net/sched/sch_choke.mod.o
  CC [M]  net/sched/sch_qfq.mod.o
  CC [M]  net/sched/sch_codel.mod.o
  CC [M]  net/sched/sch_cake.mod.o
  CC [M]  net/sched/sch_fq.mod.o
  CC [M]  net/sched/sch_hhf.mod.o
  CC [M]  net/sched/sch_pie.mod.o
  CC [M]  net/sched/sch_fq_pie.mod.o
  CC [M]  net/sched/sch_cbs.mod.o
  CC [M]  net/sched/sch_etf.mod.o
  CC [M]  net/sched/sch_taprio.mod.o
  CC [M]  net/sched/cls_u32.mod.o
  CC [M]  net/sched/cls_route.mod.o
  CC [M]  net/sched/cls_fw.mod.o
  CC [M]  net/sched/cls_basic.mod.o
  CC [M]  net/sched/cls_flow.mod.o
  CC [M]  net/sched/cls_bpf.mod.o
  CC [M]  net/sched/cls_flower.mod.o
  CC [M]  net/sched/cls_matchall.mod.o
  CC [M]  net/sched/em_cmp.mod.o
  CC [M]  net/sched/em_nbyte.mod.o
  CC [M]  net/sched/em_u32.mod.o
  CC [M]  net/sched/em_meta.mod.o
  CC [M]  net/sched/em_text.mod.o
  CC [M]  net/sched/em_canid.mod.o
  CC [M]  net/sched/em_ipset.mod.o
  CC [M]  net/sched/em_ipt.mod.o
  CC [M]  net/netlink/netlink_diag.mod.o
  CC [M]  net/netfilter/nfnetlink_acct.mod.o
  CC [M]  net/netfilter/nfnetlink_queue.mod.o
  CC [M]  net/netfilter/nfnetlink_log.mod.o
  CC [M]  net/netfilter/nfnetlink_osf.mod.o
  CC [M]  net/netfilter/nfnetlink_hook.mod.o
  CC [M]  net/netfilter/nf_conntrack.mod.o
  CC [M]  net/netfilter/nf_conntrack_netlink.mod.o
  CC [M]  net/netfilter/nfnetlink_cttimeout.mod.o
  CC [M]  net/netfilter/nfnetlink_cthelper.mod.o
  CC [M]  net/netfilter/nf_conntrack_amanda.mod.o
  CC [M]  net/netfilter/nf_conntrack_ftp.mod.o
  CC [M]  net/netfilter/nf_conntrack_irc.mod.o
  CC [M]  net/netfilter/nf_conntrack_h323.mod.o
  CC [M]  net/netfilter/nf_conntrack_broadcast.mod.o
  CC [M]  net/netfilter/nf_conntrack_netbios_ns.mod.o
  CC [M]  net/netfilter/nf_conntrack_snmp.mod.o
  CC [M]  net/netfilter/nf_conntrack_pptp.mod.o
  CC [M]  net/netfilter/nf_conntrack_sane.mod.o
  CC [M]  net/netfilter/nf_conntrack_sip.mod.o
  CC [M]  net/netfilter/nf_conntrack_tftp.mod.o
  CC [M]  net/netfilter/nf_log_syslog.mod.o
  CC [M]  net/netfilter/nf_nat.mod.o
  CC [M]  net/netfilter/nf_nat_amanda.mod.o
  CC [M]  net/netfilter/nf_nat_ftp.mod.o
  CC [M]  net/netfilter/nf_nat_irc.mod.o
  CC [M]  net/netfilter/nf_nat_sip.mod.o
  CC [M]  net/netfilter/nf_nat_tftp.mod.o
  CC [M]  net/netfilter/nf_synproxy_core.mod.o
  CC [M]  net/netfilter/nf_conncount.mod.o
  CC [M]  net/netfilter/nf_dup_netdev.mod.o
  CC [M]  net/netfilter/nf_tables.mod.o
  CC [M]  net/netfilter/nft_compat.mod.o
  CC [M]  net/netfilter/nft_connlimit.mod.o
  CC [M]  net/netfilter/nft_numgen.mod.o
  CC [M]  net/netfilter/nft_ct.mod.o
  CC [M]  net/netfilter/nft_flow_offload.mod.o
  CC [M]  net/netfilter/nft_limit.mod.o
  CC [M]  net/netfilter/nft_nat.mod.o
  CC [M]  net/netfilter/nft_queue.mod.o
  CC [M]  net/netfilter/nft_quota.mod.o
  CC [M]  net/netfilter/nft_reject.mod.o
  CC [M]  net/netfilter/nft_reject_inet.mod.o
  CC [M]  net/netfilter/nft_reject_netdev.mod.o
  CC [M]  net/netfilter/nft_tunnel.mod.o
  CC [M]  net/netfilter/nft_log.mod.o
  CC [M]  net/netfilter/nft_masq.mod.o
  CC [M]  net/netfilter/nft_redir.mod.o
  CC [M]  net/netfilter/nft_hash.mod.o
  CC [M]  net/netfilter/nft_fib.mod.o
  CC [M]  net/netfilter/nft_fib_inet.mod.o
  CC [M]  net/netfilter/nft_fib_netdev.mod.o
  CC [M]  net/netfilter/nft_socket.mod.o
  CC [M]  net/netfilter/nft_osf.mod.o
  CC [M]  net/netfilter/nft_tproxy.mod.o
  CC [M]  net/netfilter/nft_xfrm.mod.o
  CC [M]  net/netfilter/nft_synproxy.mod.o
  CC [M]  net/netfilter/nft_chain_nat.mod.o
  CC [M]  net/netfilter/nft_dup_netdev.mod.o
  CC [M]  net/netfilter/nft_fwd_netdev.mod.o
  CC [M]  net/netfilter/nf_flow_table.mod.o
  CC [M]  net/netfilter/nf_flow_table_inet.mod.o
  CC [M]  net/netfilter/xt_mark.mod.o
  CC [M]  net/netfilter/xt_connmark.mod.o
  CC [M]  net/netfilter/xt_set.mod.o
  CC [M]  net/netfilter/xt_nat.mod.o
  CC [M]  net/netfilter/xt_AUDIT.mod.o
  CC [M]  net/netfilter/xt_CHECKSUM.mod.o
  CC [M]  net/netfilter/xt_CLASSIFY.mod.o
  CC [M]  net/netfilter/xt_CT.mod.o
  CC [M]  net/netfilter/xt_DSCP.mod.o
  CC [M]  net/netfilter/xt_HL.mod.o
  CC [M]  net/netfilter/xt_HMARK.mod.o
  CC [M]  net/netfilter/xt_LED.mod.o
  CC [M]  net/netfilter/xt_LOG.mod.o
  CC [M]  net/netfilter/xt_NETMAP.mod.o
  CC [M]  net/netfilter/xt_NFLOG.mod.o
  CC [M]  net/netfilter/xt_NFQUEUE.mod.o
  CC [M]  net/netfilter/xt_RATEEST.mod.o
  CC [M]  net/netfilter/xt_REDIRECT.mod.o
  CC [M]  net/netfilter/xt_MASQUERADE.mod.o
  CC [M]  net/netfilter/xt_TPROXY.mod.o
  CC [M]  net/netfilter/xt_TCPMSS.mod.o
  CC [M]  net/netfilter/xt_TCPOPTSTRIP.mod.o
  CC [M]  net/netfilter/xt_TEE.mod.o
  CC [M]  net/netfilter/xt_TRACE.mod.o
  CC [M]  net/netfilter/xt_IDLETIMER.mod.o
  CC [M]  net/netfilter/xt_addrtype.mod.o
  CC [M]  net/netfilter/xt_bpf.mod.o
  CC [M]  net/netfilter/xt_cluster.mod.o
  CC [M]  net/netfilter/xt_comment.mod.o
  CC [M]  net/netfilter/xt_connbytes.mod.o
  CC [M]  net/netfilter/xt_connlabel.mod.o
  CC [M]  net/netfilter/xt_connlimit.mod.o
  CC [M]  net/netfilter/xt_conntrack.mod.o
  CC [M]  net/netfilter/xt_cpu.mod.o
  CC [M]  net/netfilter/xt_dccp.mod.o
  CC [M]  net/netfilter/xt_devgroup.mod.o
  CC [M]  net/netfilter/xt_dscp.mod.o
  CC [M]  net/netfilter/xt_ecn.mod.o
  CC [M]  net/netfilter/xt_esp.mod.o
  CC [M]  net/netfilter/xt_hashlimit.mod.o
  CC [M]  net/netfilter/xt_helper.mod.o
  CC [M]  net/netfilter/xt_hl.mod.o
  CC [M]  net/netfilter/xt_ipcomp.mod.o
  CC [M]  net/netfilter/xt_iprange.mod.o
  CC [M]  net/netfilter/xt_ipvs.mod.o
  CC [M]  net/netfilter/xt_l2tp.mod.o
  CC [M]  net/netfilter/xt_length.mod.o
  CC [M]  net/netfilter/xt_limit.mod.o
  CC [M]  net/netfilter/xt_mac.mod.o
  CC [M]  net/netfilter/xt_multiport.mod.o
  CC [M]  net/netfilter/xt_nfacct.mod.o
  CC [M]  net/netfilter/xt_osf.mod.o
  CC [M]  net/netfilter/xt_owner.mod.o
  CC [M]  net/netfilter/xt_cgroup.mod.o
  CC [M]  net/netfilter/xt_physdev.mod.o
  CC [M]  net/netfilter/xt_pkttype.mod.o
  CC [M]  net/netfilter/xt_policy.mod.o
  CC [M]  net/netfilter/xt_quota.mod.o
  CC [M]  net/netfilter/xt_rateest.mod.o
  CC [M]  net/netfilter/xt_realm.mod.o
  CC [M]  net/netfilter/xt_recent.mod.o
  CC [M]  net/netfilter/xt_sctp.mod.o
  CC [M]  net/netfilter/xt_socket.mod.o
  CC [M]  net/netfilter/xt_state.mod.o
  CC [M]  net/netfilter/xt_statistic.mod.o
  CC [M]  net/netfilter/xt_string.mod.o
  CC [M]  net/netfilter/xt_tcpmss.mod.o
  CC [M]  net/netfilter/xt_time.mod.o
  CC [M]  net/netfilter/xt_u32.mod.o
  CC [M]  net/netfilter/ipset/ip_set.mod.o
  CC [M]  net/netfilter/ipset/ip_set_bitmap_ip.mod.o
  CC [M]  net/netfilter/ipset/ip_set_bitmap_ipmac.mod.o
  CC [M]  net/netfilter/ipset/ip_set_bitmap_port.mod.o
  CC [M]  net/netfilter/ipset/ip_set_hash_ip.mod.o
  CC [M]  net/netfilter/ipset/ip_set_hash_ipmac.mod.o
  CC [M]  net/netfilter/ipset/ip_set_hash_ipmark.mod.o
  CC [M]  net/netfilter/ipset/ip_set_hash_ipport.mod.o
  CC [M]  net/netfilter/ipset/ip_set_hash_ipportip.mod.o
  CC [M]  net/netfilter/ipset/ip_set_hash_ipportnet.mod.o
  CC [M]  net/netfilter/ipset/ip_set_hash_mac.mod.o
  CC [M]  net/netfilter/ipset/ip_set_hash_net.mod.o
  CC [M]  net/netfilter/ipset/ip_set_hash_netport.mod.o
  CC [M]  net/netfilter/ipset/ip_set_hash_netiface.mod.o
  CC [M]  net/netfilter/ipset/ip_set_hash_netnet.mod.o
  CC [M]  net/netfilter/ipset/ip_set_hash_netportnet.mod.o
  CC [M]  net/netfilter/ipset/ip_set_list_set.mod.o
  CC [M]  net/netfilter/ipvs/ip_vs.mod.o
  CC [M]  net/netfilter/ipvs/ip_vs_rr.mod.o
  CC [M]  net/netfilter/ipvs/ip_vs_wrr.mod.o
  CC [M]  net/netfilter/ipvs/ip_vs_lc.mod.o
  CC [M]  net/netfilter/ipvs/ip_vs_wlc.mod.o
  CC [M]  net/netfilter/ipvs/ip_vs_fo.mod.o
  CC [M]  net/netfilter/ipvs/ip_vs_ovf.mod.o
  CC [M]  net/netfilter/ipvs/ip_vs_lblc.mod.o
  CC [M]  net/netfilter/ipvs/ip_vs_lblcr.mod.o
  CC [M]  net/netfilter/ipvs/ip_vs_dh.mod.o
  CC [M]  net/netfilter/ipvs/ip_vs_sh.mod.o
  CC [M]  net/netfilter/ipvs/ip_vs_mh.mod.o
  CC [M]  net/netfilter/ipvs/ip_vs_sed.mod.o
  CC [M]  net/netfilter/ipvs/ip_vs_nq.mod.o
  CC [M]  net/netfilter/ipvs/ip_vs_twos.mod.o
  CC [M]  net/netfilter/ipvs/ip_vs_ftp.mod.o
  CC [M]  net/netfilter/ipvs/ip_vs_pe_sip.mod.o
  CC [M]  net/ipv4/netfilter/nf_defrag_ipv4.mod.o
  CC [M]  net/ipv4/netfilter/nf_socket_ipv4.mod.o
  CC [M]  net/ipv4/netfilter/nf_tproxy_ipv4.mod.o
  CC [M]  net/ipv4/netfilter/nf_nat_h323.mod.o
  CC [M]  net/ipv4/netfilter/nf_nat_pptp.mod.o
  CC [M]  net/ipv4/netfilter/nf_nat_snmp_basic.mod.o
  CC [M]  net/ipv4/netfilter/nft_reject_ipv4.mod.o
  CC [M]  net/ipv4/netfilter/nft_fib_ipv4.mod.o
  CC [M]  net/ipv4/netfilter/nft_dup_ipv4.mod.o
  CC [M]  net/ipv4/netfilter/ip_tables.mod.o
  CC [M]  net/ipv4/netfilter/iptable_filter.mod.o
  CC [M]  net/ipv4/netfilter/iptable_mangle.mod.o
  CC [M]  net/ipv4/netfilter/iptable_nat.mod.o
  CC [M]  net/ipv4/netfilter/iptable_raw.mod.o
  CC [M]  net/ipv4/netfilter/iptable_security.mod.o
  CC [M]  net/ipv4/netfilter/ipt_ah.mod.o
  CC [M]  net/ipv4/netfilter/ipt_rpfilter.mod.o
  CC [M]  net/ipv4/netfilter/ipt_ECN.mod.o
  CC [M]  net/ipv4/netfilter/ipt_REJECT.mod.o
  CC [M]  net/ipv4/netfilter/ipt_SYNPROXY.mod.o
  CC [M]  net/ipv4/netfilter/arp_tables.mod.o
  CC [M]  net/ipv4/netfilter/arpt_mangle.mod.o
  CC [M]  net/ipv4/netfilter/arptable_filter.mod.o
  CC [M]  net/ipv4/netfilter/nf_dup_ipv4.mod.o
  CC [M]  net/ipv4/ip_tunnel.mod.o
  CC [M]  net/ipv4/ipip.mod.o
  CC [M]  net/ipv4/fou.mod.o
  CC [M]  net/ipv4/gre.mod.o
  CC [M]  net/ipv4/ip_gre.mod.o
  CC [M]  net/ipv4/udp_tunnel.mod.o
  CC [M]  net/ipv4/ip_vti.mod.o
  CC [M]  net/ipv4/ah4.mod.o
  CC [M]  net/ipv4/esp4.mod.o
  CC [M]  net/ipv4/ipcomp.mod.o
  CC [M]  net/ipv4/xfrm4_tunnel.mod.o
  CC [M]  net/ipv4/tunnel4.mod.o
  CC [M]  net/ipv4/inet_diag.mod.o
  CC [M]  net/ipv4/tcp_diag.mod.o
  CC [M]  net/ipv4/udp_diag.mod.o
  CC [M]  net/ipv4/raw_diag.mod.o
  CC [M]  net/ipv4/tcp_bbr.mod.o
  CC [M]  net/ipv4/tcp_bic.mod.o
  CC [M]  net/ipv4/tcp_cdg.mod.o
  CC [M]  net/ipv4/tcp_dctcp.mod.o
  CC [M]  net/ipv4/tcp_westwood.mod.o
  CC [M]  net/ipv4/tcp_highspeed.mod.o
  CC [M]  net/ipv4/tcp_hybla.mod.o
  CC [M]  net/ipv4/tcp_htcp.mod.o
  CC [M]  net/ipv4/tcp_vegas.mod.o
  CC [M]  net/ipv4/tcp_nv.mod.o
  CC [M]  net/ipv4/tcp_veno.mod.o
  CC [M]  net/ipv4/tcp_scalable.mod.o
  CC [M]  net/ipv4/tcp_lp.mod.o
  CC [M]  net/ipv4/tcp_yeah.mod.o
  CC [M]  net/ipv4/tcp_illinois.mod.o
  CC [M]  net/xfrm/xfrm_ipcomp.mod.o
  CC [M]  net/xfrm/xfrm_iptfs.mod.o
  CC [M]  net/unix/unix_diag.mod.o
  CC [M]  net/ipv6/netfilter/ip6_tables.mod.o
  CC [M]  net/ipv6/netfilter/ip6table_filter.mod.o
  CC [M]  net/ipv6/netfilter/ip6table_mangle.mod.o
  CC [M]  net/ipv6/netfilter/ip6table_security.mod.o
  CC [M]  net/ipv6/netfilter/ip6table_raw.mod.o
  CC [M]  net/ipv6/netfilter/ip6table_nat.mod.o
  CC [M]  net/ipv6/netfilter/nf_defrag_ipv6.mod.o
  CC [M]  net/ipv6/netfilter/nf_socket_ipv6.mod.o
  CC [M]  net/ipv6/netfilter/nf_tproxy_ipv6.mod.o
  CC [M]  net/ipv6/netfilter/nf_reject_ipv6.mod.o
  CC [M]  net/ipv6/netfilter/nf_dup_ipv6.mod.o
  CC [M]  net/ipv6/netfilter/nft_reject_ipv6.mod.o
  CC [M]  net/ipv6/netfilter/nft_dup_ipv6.mod.o
  CC [M]  net/ipv6/netfilter/nft_fib_ipv6.mod.o
  CC [M]  net/ipv6/netfilter/ip6t_ah.mod.o
  CC [M]  net/ipv6/netfilter/ip6t_eui64.mod.o
  CC [M]  net/ipv6/netfilter/ip6t_frag.mod.o
  CC [M]  net/ipv6/netfilter/ip6t_ipv6header.mod.o
  CC [M]  net/ipv6/netfilter/ip6t_mh.mod.o
  CC [M]  net/ipv6/netfilter/ip6t_hbh.mod.o
  CC [M]  net/ipv6/netfilter/ip6t_rpfilter.mod.o
  CC [M]  net/ipv6/netfilter/ip6t_rt.mod.o
  CC [M]  net/ipv6/netfilter/ip6t_srh.mod.o
  CC [M]  net/ipv6/netfilter/ip6t_NPT.mod.o
  CC [M]  net/ipv6/netfilter/ip6t_REJECT.mod.o
  CC [M]  net/ipv6/netfilter/ip6t_SYNPROXY.mod.o
  CC [M]  net/ipv6/ah6.mod.o
  CC [M]  net/ipv6/esp6.mod.o
  CC [M]  net/ipv6/ipcomp6.mod.o
  CC [M]  net/ipv6/xfrm6_tunnel.mod.o
  CC [M]  net/ipv6/tunnel6.mod.o
  CC [M]  net/ipv6/ila/ila.mod.o
  CC [M]  net/ipv6/ip6_vti.mod.o
  CC [M]  net/ipv6/sit.mod.o
  CC [M]  net/ipv6/ip6_tunnel.mod.o
  CC [M]  net/ipv6/ip6_gre.mod.o
  CC [M]  net/ipv6/fou6.mod.o
  CC [M]  net/ipv6/ip6_udp_tunnel.mod.o
  CC [M]  net/packet/af_packet_diag.mod.o
  CC [M]  net/dsa/dsa_core.mod.o
  CC [M]  net/dsa/tag_brcm.mod.o
  CC [M]  net/dsa/tag_dsa.mod.o
  CC [M]  net/dsa/tag_none.mod.o
  CC [M]  net/dsa/tag_qca.mod.o
  CC [M]  net/dsa/tag_trailer.mod.o
  CC [M]  net/sunrpc/auth_gss/auth_rpcgss.mod.o
  CC [M]  net/sunrpc/auth_gss/rpcsec_gss_krb5.mod.o
  CC [M]  net/8021q/8021q.mod.o
  CC [M]  net/wireless/cfg80211.mod.o
  CC [M]  net/mpls/mpls_gso.mod.o
  CC [M]  net/mpls/mpls_router.mod.o
  CC [M]  net/mpls/mpls_iptunnel.mod.o
  CC [M]  net/mptcp/mptcp_diag.mod.o
  CC [M]  net/llc/llc.mod.o
  CC [M]  net/tls/tls.mod.o
  CC [M]  net/key/af_key.mod.o
  CC [M]  net/bridge/netfilter/nft_meta_bridge.mod.o
  CC [M]  net/bridge/netfilter/nft_reject_bridge.mod.o
  CC [M]  net/bridge/netfilter/nf_conntrack_bridge.mod.o
  CC [M]  net/bridge/netfilter/ebtables.mod.o
  CC [M]  net/bridge/netfilter/ebtable_broute.mod.o
  CC [M]  net/bridge/netfilter/ebtable_filter.mod.o
  CC [M]  net/bridge/netfilter/ebtable_nat.mod.o
  CC [M]  net/bridge/netfilter/ebt_802_3.mod.o
  CC [M]  net/bridge/netfilter/ebt_among.mod.o
  CC [M]  net/bridge/netfilter/ebt_arp.mod.o
  CC [M]  net/bridge/netfilter/ebt_ip.mod.o
  CC [M]  net/bridge/netfilter/ebt_ip6.mod.o
  CC [M]  net/bridge/netfilter/ebt_limit.mod.o
  CC [M]  net/bridge/netfilter/ebt_mark_m.mod.o
  CC [M]  net/bridge/netfilter/ebt_stp.mod.o
  CC [M]  net/bridge/netfilter/ebt_pkttype.mod.o
  CC [M]  net/bridge/netfilter/ebt_vlan.mod.o
  CC [M]  net/bridge/netfilter/ebt_arpreply.mod.o
  CC [M]  net/bridge/netfilter/ebt_mark.mod.o
  CC [M]  net/bridge/netfilter/ebt_dnat.mod.o
  CC [M]  net/bridge/netfilter/ebt_redirect.mod.o
  CC [M]  net/bridge/netfilter/ebt_log.mod.o
  CC [M]  net/bridge/netfilter/ebt_snat.mod.o
  CC [M]  net/bridge/netfilter/ebt_nflog.mod.o
  CC [M]  net/bridge/bridge.mod.o
  CC [M]  net/bridge/br_netfilter.mod.o
  CC [M]  net/can/can.mod.o
  CC [M]  net/can/can-raw.mod.o
  CC [M]  net/can/can-bcm.mod.o
  CC [M]  net/can/can-gw.mod.o
  CC [M]  net/bluetooth/bluetooth.mod.o
  CC [M]  net/bluetooth/rfcomm/rfcomm.mod.o
  CC [M]  net/bluetooth/bnep/bnep.mod.o
  CC [M]  net/bluetooth/hidp/hidp.mod.o
  CC [M]  net/bluetooth/bluetooth_6lowpan.mod.o
  CC [M]  net/atm/atm.mod.o
  CC [M]  net/atm/br2684.mod.o
  CC [M]  net/atm/pppoatm.mod.o
  CC [M]  net/l2tp/l2tp_core.mod.o
  CC [M]  net/l2tp/l2tp_ppp.mod.o
  CC [M]  net/l2tp/l2tp_ip.mod.o
  CC [M]  net/l2tp/l2tp_netlink.mod.o
  CC [M]  net/l2tp/l2tp_eth.mod.o
  CC [M]  net/l2tp/l2tp_debugfs.mod.o
  CC [M]  net/l2tp/l2tp_ip6.mod.o
  CC [M]  net/sctp/sctp.mod.o
  CC [M]  net/sctp/sctp_diag.mod.o
  CC [M]  net/rds/rds.mod.o
  CC [M]  net/rds/rds_tcp.mod.o
  CC [M]  net/mac80211/mac80211.mod.o
  CC [M]  net/tipc/tipc.mod.o
  CC [M]  net/tipc/tipc_diag.mod.o
  CC [M]  net/rfkill/rfkill.mod.o
  CC [M]  net/rfkill/rfkill-gpio.mod.o
  CC [M]  net/9p/9pnet.mod.o
  CC [M]  net/9p/9pnet_fd.mod.o
  CC [M]  net/9p/9pnet_virtio.mod.o
  CC [M]  net/6lowpan/6lowpan.mod.o
  CC [M]  net/6lowpan/nhc_dest.mod.o
  CC [M]  net/6lowpan/nhc_fragment.mod.o
  CC [M]  net/6lowpan/nhc_hop.mod.o
  CC [M]  net/6lowpan/nhc_ipv6.mod.o
  CC [M]  net/6lowpan/nhc_mobility.mod.o
  CC [M]  net/6lowpan/nhc_routing.mod.o
  CC [M]  net/6lowpan/nhc_udp.mod.o
  CC [M]  net/6lowpan/nhc_ghc_ext_hop.mod.o
  CC [M]  net/6lowpan/nhc_ghc_udp.mod.o
  CC [M]  net/6lowpan/nhc_ghc_icmpv6.mod.o
  CC [M]  net/6lowpan/nhc_ghc_ext_dest.mod.o
  CC [M]  net/6lowpan/nhc_ghc_ext_frag.mod.o
  CC [M]  net/6lowpan/nhc_ghc_ext_route.mod.o
  CC [M]  net/ieee802154/6lowpan/ieee802154_6lowpan.mod.o
  CC [M]  net/ieee802154/ieee802154.mod.o
  CC [M]  net/ieee802154/ieee802154_socket.mod.o
  CC [M]  net/mac802154/mac802154.mod.o
  CC [M]  net/ceph/libceph.mod.o
  CC [M]  net/batman-adv/batman-adv.mod.o
  CC [M]  net/nfc/nfc.mod.o
  CC [M]  net/nfc/nci/nci.mod.o
  CC [M]  net/nfc/hci/hci.mod.o
  CC [M]  net/nfc/nfc_digital.mod.o
  CC [M]  net/psample/psample.mod.o
  CC [M]  net/ife/ife.mod.o
  CC [M]  net/openvswitch/openvswitch.mod.o
  CC [M]  net/openvswitch/vport-vxlan.mod.o
  CC [M]  net/openvswitch/vport-geneve.mod.o
  CC [M]  net/openvswitch/vport-gre.mod.o
  CC [M]  net/vmw_vsock/vsock.mod.o
  CC [M]  net/vmw_vsock/vsock_diag.mod.o
  CC [M]  net/vmw_vsock/vmw_vsock_virtio_transport.mod.o
  CC [M]  net/vmw_vsock/vmw_vsock_virtio_transport_common.mod.o
  CC [M]  net/vmw_vsock/vsock_loopback.mod.o
  CC [M]  net/nsh/nsh.mod.o
  CC [M]  net/qrtr/qrtr.mod.o
  CC [M]  net/qrtr/qrtr-tun.mod.o
  LD [M]  kernel/rcu/rcutorture.ko
  BTF [M] kernel/rcu/rcutorture.ko
  LD [M]  kernel/torture.ko
  BTF [M] kernel/torture.ko
  LD [M]  fs/fat/msdos.ko
  BTF [M] fs/fat/msdos.ko
  LD [M]  fs/nls/nls_cp737.ko
  LD [M]  fs/nls/nls_cp775.ko
  BTF [M] fs/nls/nls_cp737.ko
  BTF [M] fs/nls/nls_cp775.ko
  LD [M]  fs/nls/nls_cp852.ko
  LD [M]  fs/nls/nls_cp850.ko
  LD [M]  fs/nls/nls_cp855.ko
  LD [M]  fs/nls/nls_cp857.ko
  BTF [M] fs/nls/nls_cp850.ko
  BTF [M] fs/nls/nls_cp852.ko
  LD [M]  fs/nls/nls_cp860.ko
  BTF [M] fs/nls/nls_cp855.ko
  BTF [M] fs/nls/nls_cp857.ko
  BTF [M] fs/nls/nls_cp860.ko
  LD [M]  fs/nls/nls_cp861.ko
  BTF [M] fs/nls/nls_cp861.ko
  LD [M]  fs/nls/nls_cp862.ko
  BTF [M] fs/nls/nls_cp862.ko
  LD [M]  fs/nls/nls_cp863.ko
  LD [M]  fs/nls/nls_cp864.ko
  BTF [M] fs/nls/nls_cp863.ko
  BTF [M] fs/nls/nls_cp864.ko
  LD [M]  fs/nls/nls_cp866.ko
  LD [M]  fs/nls/nls_cp865.ko
  BTF [M] fs/nls/nls_cp865.ko
  BTF [M] fs/nls/nls_cp866.ko
  LD [M]  fs/nls/nls_cp869.ko
  BTF [M] fs/nls/nls_cp869.ko
  LD [M]  fs/nls/nls_cp874.ko
  LD [M]  fs/nls/nls_cp932.ko
  BTF [M] fs/nls/nls_cp932.ko
  BTF [M] fs/nls/nls_cp874.ko
  LD [M]  fs/nls/nls_euc-jp.ko
  BTF [M] fs/nls/nls_euc-jp.ko
  LD [M]  fs/nls/nls_cp936.ko
  BTF [M] fs/nls/nls_cp936.ko
  LD [M]  fs/nls/nls_cp949.ko
  LD [M]  fs/nls/nls_cp950.ko
  LD [M]  fs/nls/nls_cp1250.ko
  BTF [M] fs/nls/nls_cp950.ko
  LD [M]  fs/nls/nls_cp1251.ko
  BTF [M] fs/nls/nls_cp1250.ko
  BTF [M] fs/nls/nls_cp949.ko
  BTF [M] fs/nls/nls_cp1251.ko
  LD [M]  fs/nls/nls_iso8859-2.ko
  LD [M]  fs/nls/nls_iso8859-1.ko
  BTF [M] fs/nls/nls_iso8859-2.ko
  BTF [M] fs/nls/nls_iso8859-1.ko
  LD [M]  fs/nls/nls_iso8859-3.ko
  BTF [M] fs/nls/nls_iso8859-3.ko
  LD [M]  fs/nls/nls_iso8859-4.ko
  BTF [M] fs/nls/nls_iso8859-4.ko
  LD [M]  fs/nls/nls_iso8859-5.ko
  LD [M]  fs/nls/nls_iso8859-6.ko
  BTF [M] fs/nls/nls_iso8859-5.ko
  BTF [M] fs/nls/nls_iso8859-6.ko
  LD [M]  fs/nls/nls_iso8859-7.ko
  BTF [M] fs/nls/nls_iso8859-7.ko
  LD [M]  fs/nls/nls_cp1255.ko
  BTF [M] fs/nls/nls_cp1255.ko
  LD [M]  fs/nls/nls_iso8859-9.ko
  LD [M]  fs/nls/nls_iso8859-13.ko
  LD [M]  fs/nls/nls_iso8859-14.ko
  BTF [M] fs/nls/nls_iso8859-14.ko
  BTF [M] fs/nls/nls_iso8859-9.ko
  BTF [M] fs/nls/nls_iso8859-13.ko
  LD [M]  fs/nls/nls_iso8859-15.ko
  BTF [M] fs/nls/nls_iso8859-15.ko
  LD [M]  fs/nls/nls_koi8-r.ko
  BTF [M] fs/nls/nls_koi8-r.ko
  LD [M]  fs/nls/nls_koi8-u.ko
  BTF [M] fs/nls/nls_koi8-u.ko
  LD [M]  fs/nls/nls_koi8-ru.ko
  LD [M]  fs/nls/mac-celtic.ko
  BTF [M] fs/nls/nls_koi8-ru.ko
  LD [M]  fs/nls/mac-centeuro.ko
  LD [M]  fs/nls/mac-croatian.ko
  BTF [M] fs/nls/mac-celtic.ko
  BTF [M] fs/nls/mac-centeuro.ko
  BTF [M] fs/nls/mac-croatian.ko
  LD [M]  fs/nls/mac-cyrillic.ko
  BTF [M] fs/nls/mac-cyrillic.ko
  LD [M]  fs/nls/mac-gaelic.ko
  LD [M]  fs/nls/mac-greek.ko
  BTF [M] fs/nls/mac-gaelic.ko
  LD [M]  fs/nls/mac-iceland.ko
  BTF [M] fs/nls/mac-greek.ko
  BTF [M] fs/nls/mac-iceland.ko
  LD [M]  fs/nls/mac-inuit.ko
  BTF [M] fs/nls/mac-inuit.ko
  LD [M]  fs/nls/mac-romanian.ko
  LD [M]  fs/nls/mac-roman.ko
  LD [M]  fs/nls/mac-turkish.ko
  BTF [M] fs/nls/mac-romanian.ko
  BTF [M] fs/nls/mac-turkish.ko
  BTF [M] fs/nls/mac-roman.ko
  LD [M]  fs/nls/nls_ucs2_utils.ko
  BTF [M] fs/nls/nls_ucs2_utils.ko
  LD [M]  fs/unicode/utf8data.ko
  BTF [M] fs/unicode/utf8data.ko
  LD [M]  fs/pstore/ramoops.ko
  LD [M]  fs/dlm/dlm.ko
  LD [M]  fs/netfs/netfs.ko
  BTF [M] fs/pstore/ramoops.ko
  LD [M]  fs/squashfs/squashfs.ko
  LD [M]  fs/cramfs/cramfs.ko
  LD [M]  fs/coda/coda.ko
  BTF [M] fs/cramfs/cramfs.ko
  BTF [M] fs/squashfs/squashfs.ko
  LD [M]  fs/minix/minix.ko
  BTF [M] fs/coda/coda.ko
  BTF [M] fs/netfs/netfs.ko
  BTF [M] fs/minix/minix.ko
  BTF [M] fs/dlm/dlm.ko
  LD [M]  fs/exfat/exfat.ko
  BTF [M] fs/exfat/exfat.ko
  LD [M]  fs/isofs/isofs.ko
  LD [M]  fs/hfsplus/hfsplus.ko
  LD [M]  fs/hfs/hfs.ko
  BTF [M] fs/isofs/isofs.ko
  BTF [M] fs/hfsplus/hfsplus.ko
  BTF [M] fs/hfs/hfs.ko
  LD [M]  fs/ecryptfs/ecryptfs.ko
  BTF [M] fs/ecryptfs/ecryptfs.ko
  LD [M]  fs/nfsd/nfsd.ko
  LD [M]  fs/smb/common/cifs_md4.ko
  BTF [M] fs/smb/common/cifs_md4.ko
  LD [M]  fs/smb/common/smb_compress.ko
  BTF [M] fs/smb/common/smb_compress.ko
  LD [M]  fs/smb/client/cifs.ko
  LD [M]  fs/ntfs/ntfs.ko
  BTF [M] fs/nfsd/nfsd.ko
  LD [M]  fs/ntfs3/ntfs3.ko
  LD [M]  fs/ufs/ufs.ko
  LD [M]  fs/affs/affs.ko
  BTF [M] fs/ufs/ufs.ko
  BTF [M] fs/affs/affs.ko
  BTF [M] fs/ntfs3/ntfs3.ko
  BTF [M] fs/smb/client/cifs.ko
  BTF [M] fs/ntfs/ntfs.ko
  LD [M]  fs/romfs/romfs.ko
  LD [M]  fs/fuse/fuse.ko
  BTF [M] fs/romfs/romfs.ko
  BTF [M] fs/fuse/fuse.ko
  LD [M]  fs/fuse/cuse.ko
  LD [M]  fs/overlayfs/overlay.ko
  BTF [M] fs/fuse/cuse.ko
  LD [M]  fs/udf/udf.ko
  BTF [M] fs/overlayfs/overlay.ko
  LD [M]  fs/jfs/jfs.ko
  BTF [M] fs/udf/udf.ko
  BTF [M] fs/jfs/jfs.ko
  LD [M]  fs/xfs/xfs.ko
  LD [M]  fs/9p/9p.ko
  LD [M]  fs/nilfs2/nilfs2.ko
  BTF [M] fs/9p/9p.ko
  LD [M]  fs/befs/befs.ko
  BTF [M] fs/befs/befs.ko
  BTF [M] fs/nilfs2/nilfs2.ko
  LD [M]  fs/ocfs2/ocfs2.ko
  LD [M]  fs/cachefiles/cachefiles.ko
  LD [M]  fs/ocfs2/ocfs2_stack_o2cb.ko
  LD [M]  fs/ocfs2/ocfs2_stackglue.ko
  BTF [M] fs/cachefiles/cachefiles.ko
  BTF [M] fs/ocfs2/ocfs2_stack_o2cb.ko
  BTF [M] fs/ocfs2/ocfs2_stackglue.ko
  BTF [M] fs/xfs/xfs.ko
  LD [M]  fs/ocfs2/ocfs2_stack_user.ko
  BTF [M] fs/ocfs2/ocfs2.ko
  BTF [M] fs/ocfs2/ocfs2_stack_user.ko
  LD [M]  fs/ocfs2/dlmfs/ocfs2_dlmfs.ko
  LD [M]  fs/ocfs2/cluster/ocfs2_nodemanager.ko
  BTF [M] fs/ocfs2/dlmfs/ocfs2_dlmfs.ko
  BTF [M] fs/ocfs2/cluster/ocfs2_nodemanager.ko
  LD [M]  fs/ocfs2/dlm/ocfs2_dlm.ko
  LD [M]  fs/btrfs/btrfs.ko
  BTF [M] fs/ocfs2/dlm/ocfs2_dlm.ko
  LD [M]  fs/gfs2/gfs2.ko
  BTF [M] fs/gfs2/gfs2.ko
  LD [M]  fs/ceph/ceph.ko
  LD [M]  fs/erofs/erofs.ko
  BTF [M] fs/erofs/erofs.ko
  BTF [M] fs/btrfs/btrfs.ko
  LD [M]  crypto/crypto_engine.ko
  LD [M]  crypto/echainiv.ko
  BTF [M] fs/ceph/ceph.ko
  BTF [M] crypto/echainiv.ko
  BTF [M] crypto/crypto_engine.ko
  LD [M]  crypto/crypto_user.ko
  BTF [M] crypto/crypto_user.ko
  LD [M]  crypto/cmac.ko
  BTF [M] crypto/cmac.ko
  LD [M]  crypto/xcbc.ko
  LD [M]  crypto/md4.ko
  BTF [M] crypto/xcbc.ko
  LD [M]  crypto/rmd160.ko
  BTF [M] crypto/md4.ko
  BTF [M] crypto/rmd160.ko
  LD [M]  crypto/sm3.ko
  BTF [M] crypto/sm3.ko
  LD [M]  crypto/wp512.ko
  BTF [M] crypto/wp512.ko
  LD [M]  crypto/lrw.ko
  BTF [M] crypto/lrw.ko
  LD [M]  crypto/adiantum.ko
  BTF [M] crypto/adiantum.ko
  LD [M]  crypto/ccm.ko
  LD [M]  crypto/chacha20poly1305.ko
  BTF [M] crypto/ccm.ko
  BTF [M] crypto/chacha20poly1305.ko
  LD [M]  crypto/aegis128.ko
  BTF [M] crypto/aegis128.ko
  LD [M]  crypto/pcrypt.ko
  BTF [M] crypto/pcrypt.ko
  LD [M]  crypto/des_generic.ko
  BTF [M] crypto/des_generic.ko
  LD [M]  crypto/blowfish_generic.ko
  BTF [M] crypto/blowfish_generic.ko
  LD [M]  crypto/blowfish_common.ko
  LD [M]  crypto/twofish_common.ko
  LD [M]  crypto/twofish_generic.ko
  BTF [M] crypto/blowfish_common.ko
  BTF [M] crypto/twofish_generic.ko
  BTF [M] crypto/twofish_common.ko
  LD [M]  crypto/serpent_generic.ko
  LD [M]  crypto/sm4_generic.ko
  BTF [M] crypto/serpent_generic.ko
  BTF [M] crypto/sm4_generic.ko
  LD [M]  crypto/camellia_generic.ko
  LD [M]  crypto/cast_common.ko
  BTF [M] crypto/camellia_generic.ko
  BTF [M] crypto/cast_common.ko
  LD [M]  crypto/cast5_generic.ko
  LD [M]  crypto/cast6_generic.ko
  LD [M]  crypto/arc4.ko
  BTF [M] crypto/cast5_generic.ko
  BTF [M] crypto/arc4.ko
  BTF [M] crypto/cast6_generic.ko
  LD [M]  crypto/tea.ko
  BTF [M] crypto/tea.ko
  LD [M]  crypto/khazad.ko
  LD [M]  crypto/anubis.ko
  BTF [M] crypto/khazad.ko
  BTF [M] crypto/anubis.ko
  LD [M]  crypto/seed.ko
  BTF [M] crypto/seed.ko
  LD [M]  crypto/aria_generic.ko
  BTF [M] crypto/aria_generic.ko
  LD [M]  crypto/authenc.ko
  BTF [M] crypto/authenc.ko
  LD [M]  crypto/authencesn.ko
  BTF [M] crypto/authencesn.ko
  LD [M]  crypto/krb5enc.ko
  BTF [M] crypto/krb5enc.ko
  LD [M]  crypto/lz4.ko
  BTF [M] crypto/lz4.ko
  LD [M]  crypto/lz4hc.ko
  BTF [M] crypto/lz4hc.ko
  LD [M]  crypto/842.ko
  LD [M]  crypto/zstd.ko
  BTF [M] crypto/842.ko
  LD [M]  crypto/ecc.ko
  BTF [M] crypto/zstd.ko
  LD [M]  crypto/essiv.ko
  BTF [M] crypto/essiv.ko
  BTF [M] crypto/ecc.ko
  LD [M]  crypto/ecdh_generic.ko
  LD [M]  crypto/async_tx/async_tx.ko
  BTF [M] crypto/ecdh_generic.ko
  BTF [M] crypto/async_tx/async_tx.ko
  LD [M]  crypto/async_tx/async_memcpy.ko
  BTF [M] crypto/async_tx/async_memcpy.ko
  LD [M]  crypto/async_tx/async_xor.ko
  LD [M]  crypto/async_tx/async_pq.ko
  LD [M]  crypto/async_tx/async_raid6_recov.ko
  BTF [M] crypto/async_tx/async_xor.ko
  BTF [M] crypto/async_tx/async_pq.ko
  BTF [M] crypto/async_tx/async_raid6_recov.ko
  LD [M]  lib/math/cordic.ko
  LD [M]  crypto/krb5/krb5.ko
  BTF [M] lib/math/cordic.ko
  LD [M]  lib/crc/crc-itu-t.ko
  BTF [M] crypto/krb5/krb5.ko
  LD [M]  lib/crypto/libarc4.ko
  BTF [M] lib/crc/crc-itu-t.ko
  BTF [M] lib/crypto/libarc4.ko
  LD [M]  lib/crypto/libchacha20poly1305.ko
  LD [M]  lib/crypto/libcurve25519.ko
  BTF [M] lib/crypto/libchacha20poly1305.ko
  LD [M]  lib/crypto/libdes.ko
  BTF [M] lib/crypto/libcurve25519.ko
  BTF [M] lib/crypto/libdes.ko
  LD [M]  lib/crypto/libnh.ko
  BTF [M] lib/crypto/libnh.ko
  LD [M]  lib/crypto/libpoly1305.ko
  LD [M]  lib/crypto/libsm3.ko
  BTF [M] lib/crypto/libpoly1305.ko
  LD [M]  lib/raid/xor/xor.ko
  BTF [M] lib/raid/xor/xor.ko
  BTF [M] lib/crypto/libsm3.ko
  LD [M]  lib/raid/raid6/raid6_pq.ko
  BTF [M] lib/raid/raid6/raid6_pq.ko
  LD [M]  lib/lz4/lz4_compress.ko
  LD [M]  lib/lz4/lz4hc_compress.ko
  BTF [M] lib/lz4/lz4_compress.ko
  LD [M]  lib/842/842_compress.ko
  BTF [M] lib/lz4/lz4hc_compress.ko
  BTF [M] lib/842/842_compress.ko
  LD [M]  lib/842/842_decompress.ko
  LD [M]  lib/reed_solomon/reed_solomon.ko
  LD [M]  lib/ts_kmp.ko
  BTF [M] lib/842/842_decompress.ko
  BTF [M] lib/ts_kmp.ko
  BTF [M] lib/reed_solomon/reed_solomon.ko
  LD [M]  lib/ts_bm.ko
  LD [M]  lib/ts_fsm.ko
  BTF [M] lib/ts_bm.ko
  BTF [M] lib/ts_fsm.ko
  LD [M]  lib/lru_cache.ko
  BTF [M] lib/lru_cache.ko
  LD [M]  drivers/phy/apple/phy-apple-atc.ko
  LD [M]  drivers/phy/apple/phy-apple-dptx.ko
  BTF [M] drivers/phy/apple/phy-apple-atc.ko
  LD [M]  drivers/gpio/gpio-shared-proxy.ko
  BTF [M] drivers/phy/apple/phy-apple-dptx.ko
  BTF [M] drivers/gpio/gpio-shared-proxy.ko
  LD [M]  drivers/leds/trigger/ledtrig-pattern.ko
  LD [M]  drivers/leds/trigger/ledtrig-tty.ko
  BTF [M] drivers/leds/trigger/ledtrig-pattern.ko
  LD [M]  drivers/leds/led-class-flash.ko
  BTF [M] drivers/leds/led-class-flash.ko
  BTF [M] drivers/leds/trigger/ledtrig-tty.ko
  LD [M]  drivers/leds/led-class-multicolor.ko
  LD [M]  drivers/leds/leds-gpio.ko
  BTF [M] drivers/leds/led-class-multicolor.ko
  LD [M]  drivers/leds/uleds.ko
  BTF [M] drivers/leds/leds-gpio.ko
  BTF [M] drivers/leds/uleds.ko
  LD [M]  drivers/pci/pcie/aer_inject.ko
  LD [M]  drivers/pci/pci-stub.ko
  BTF [M] drivers/pci/pcie/aer_inject.ko
  BTF [M] drivers/pci/pci-stub.ko
  LD [M]  drivers/video/backlight/lcd.ko
  LD [M]  drivers/video/backlight/platform_lcd.ko
  BTF [M] drivers/video/backlight/lcd.ko
  LD [M]  drivers/video/backlight/gpio_backlight.ko
  BTF [M] drivers/video/backlight/platform_lcd.ko
  BTF [M] drivers/video/backlight/gpio_backlight.ko
  LD [M]  drivers/video/fbdev/udlfb.ko
  BTF [M] drivers/video/fbdev/udlfb.ko
  LD [M]  drivers/dma/apple-sio.ko
  BTF [M] drivers/dma/apple-sio.ko
  LD [M]  drivers/soc/apple/apple-tunable.ko
  LD [M]  drivers/soc/apple/aop.ko
  LD [M]  drivers/virtio/virtio_pci_modern_dev.ko
  BTF [M] drivers/soc/apple/apple-tunable.ko
  BTF [M] drivers/virtio/virtio_pci_modern_dev.ko
  BTF [M] drivers/soc/apple/aop.ko
  LD [M]  drivers/virtio/virtio_pci_legacy_dev.ko
  LD [M]  drivers/virtio/virtio_mmio.ko
  BTF [M] drivers/virtio/virtio_pci_legacy_dev.ko
  LD [M]  drivers/virtio/virtio_pci.ko
  BTF [M] drivers/virtio/virtio_mmio.ko
  BTF [M] drivers/virtio/virtio_pci.ko
  LD [M]  drivers/virtio/virtio_balloon.ko
  BTF [M] drivers/virtio/virtio_balloon.ko
  LD [M]  drivers/virtio/virtio_input.ko
  LD [M]  drivers/virtio/virtio_dma_buf.ko
  BTF [M] drivers/virtio/virtio_dma_buf.ko
  BTF [M] drivers/virtio/virtio_input.ko
  LD [M]  drivers/tty/nozomi.ko
  BTF [M] drivers/tty/nozomi.ko
  LD [M]  drivers/char/hw_random/virtio-rng.ko
  BTF [M] drivers/char/hw_random/virtio-rng.ko
  LD [M]  drivers/gpu/drm/display/drm_display_helper.ko
  LD [M]  drivers/gpu/drm/panel/panel-simple.ko
  LD [M]  drivers/gpu/drm/panel/panel-summit.ko
  BTF [M] drivers/gpu/drm/display/drm_display_helper.ko
  BTF [M] drivers/gpu/drm/panel/panel-summit.ko
  BTF [M] drivers/gpu/drm/panel/panel-simple.ko
  LD [M]  drivers/gpu/drm/drm_dma_helper.ko
  LD [M]  drivers/gpu/drm/virtio/virtio-gpu.ko
  BTF [M] drivers/gpu/drm/drm_dma_helper.ko
  LD [M]  drivers/gpu/drm/adp/adpdrm.ko
  LD [M]  drivers/gpu/drm/adp/adpdrm-mipi.ko
  BTF [M] drivers/gpu/drm/adp/adpdrm.ko
  BTF [M] drivers/gpu/drm/adp/adpdrm-mipi.ko
  BTF [M] drivers/gpu/drm/virtio/virtio-gpu.ko
  LD [M]  drivers/gpu/drm/apple/appledrm.ko
  LD [M]  drivers/block/brd.ko
  LD [M]  drivers/block/loop.ko
  BTF [M] drivers/block/brd.ko
  BTF [M] drivers/block/loop.ko
  BTF [M] drivers/gpu/drm/apple/appledrm.ko
  LD [M]  drivers/block/nbd.ko
  BTF [M] drivers/block/nbd.ko
  LD [M]  drivers/block/drbd/drbd.ko
  LD [M]  drivers/block/rbd.ko
  BTF [M] drivers/block/rbd.ko
  LD [M]  drivers/block/zram/zram.ko
  BTF [M] drivers/block/zram/zram.ko
  LD [M]  drivers/block/null_blk/null_blk.ko
  BTF [M] drivers/block/null_blk/null_blk.ko
  BTF [M] drivers/block/drbd/drbd.ko
  LD [M]  drivers/misc/eeprom/at24.ko
  BTF [M] drivers/misc/eeprom/at24.ko
  LD [M]  drivers/misc/eeprom/eeprom_93cx6.ko
  BTF [M] drivers/misc/eeprom/eeprom_93cx6.ko
  LD [M]  drivers/misc/enclosure.ko
  LD [M]  drivers/misc/uacce/uacce.ko
  LD [M]  drivers/nfc/pn544/pn544.ko
  BTF [M] drivers/misc/enclosure.ko
  BTF [M] drivers/misc/uacce/uacce.ko
  BTF [M] drivers/nfc/pn544/pn544.ko
  LD [M]  drivers/nfc/microread/microread.ko
  LD [M]  drivers/nfc/pn544/pn544_i2c.ko
  BTF [M] drivers/nfc/microread/microread.ko
  BTF [M] drivers/nfc/pn544/pn544_i2c.ko
  LD [M]  drivers/nfc/microread/microread_i2c.ko
  BTF [M] drivers/nfc/microread/microread_i2c.ko
  LD [M]  drivers/nfc/nfcsim.ko
  LD [M]  drivers/nfc/port100.ko
  LD [M]  drivers/nfc/nfcmrvl/nfcmrvl.ko
  LD [M]  drivers/nfc/nfcmrvl/nfcmrvl_usb.ko
  BTF [M] drivers/nfc/port100.ko
  BTF [M] drivers/nfc/nfcsim.ko
  BTF [M] drivers/nfc/nfcmrvl/nfcmrvl.ko
  BTF [M] drivers/nfc/nfcmrvl/nfcmrvl_usb.ko
  LD [M]  drivers/nfc/st21nfca/st21nfca_hci.ko
  BTF [M] drivers/nfc/st21nfca/st21nfca_hci.ko
  LD [M]  drivers/nfc/st21nfca/st21nfca_i2c.ko
  LD [M]  drivers/nfc/s3fwrn5/s3fwrn5.ko
  BTF [M] drivers/nfc/st21nfca/st21nfca_i2c.ko
  BTF [M] drivers/nfc/s3fwrn5/s3fwrn5.ko
  LD [M]  drivers/nfc/s3fwrn5/s3fwrn5_i2c.ko
  BTF [M] drivers/nfc/s3fwrn5/s3fwrn5_i2c.ko
  LD [M]  drivers/scsi/device_handler/scsi_dh_rdac.ko
  BTF [M] drivers/scsi/device_handler/scsi_dh_rdac.ko
  LD [M]  drivers/scsi/device_handler/scsi_dh_hp_sw.ko
  BTF [M] drivers/scsi/device_handler/scsi_dh_hp_sw.ko
  LD [M]  drivers/scsi/device_handler/scsi_dh_emc.ko
  LD [M]  drivers/scsi/device_handler/scsi_dh_alua.ko
  BTF [M] drivers/scsi/device_handler/scsi_dh_emc.ko
  BTF [M] drivers/scsi/device_handler/scsi_dh_alua.ko
  LD [M]  drivers/scsi/raid_class.ko
  BTF [M] drivers/scsi/raid_class.ko
  LD [M]  drivers/scsi/scsi_transport_spi.ko
  BTF [M] drivers/scsi/scsi_transport_spi.ko
  LD [M]  drivers/scsi/scsi_transport_fc.ko
  BTF [M] drivers/scsi/scsi_transport_fc.ko
  LD [M]  drivers/scsi/scsi_transport_iscsi.ko
  LD [M]  drivers/scsi/scsi_transport_sas.ko
  LD [M]  drivers/scsi/libsas/libsas.ko
  BTF [M] drivers/scsi/scsi_transport_sas.ko
  BTF [M] drivers/scsi/scsi_transport_iscsi.ko
  BTF [M] drivers/scsi/libsas/libsas.ko
  LD [M]  drivers/scsi/scsi_transport_srp.ko
  LD [M]  drivers/scsi/libiscsi.ko
  BTF [M] drivers/scsi/scsi_transport_srp.ko
  BTF [M] drivers/scsi/libiscsi.ko
  LD [M]  drivers/scsi/libiscsi_tcp.ko
  LD [M]  drivers/scsi/iscsi_tcp.ko
  BTF [M] drivers/scsi/libiscsi_tcp.ko
  BTF [M] drivers/scsi/iscsi_tcp.ko
  LD [M]  drivers/scsi/iscsi_boot_sysfs.ko
  BTF [M] drivers/scsi/iscsi_boot_sysfs.ko
  LD [M]  drivers/scsi/st.ko
  BTF [M] drivers/scsi/st.ko
  LD [M]  drivers/scsi/ch.ko
  LD [M]  drivers/scsi/ses.ko
  BTF [M] drivers/scsi/ch.ko
  BTF [M] drivers/scsi/ses.ko
  LD [M]  drivers/mtd/parsers/ofpart.ko
  LD [M]  drivers/mtd/chips/cfi_probe.ko
  LD [M]  drivers/mtd/chips/cfi_util.ko
  BTF [M] drivers/mtd/chips/cfi_util.ko
  BTF [M] drivers/mtd/parsers/ofpart.ko
  LD [M]  drivers/mtd/chips/cfi_cmdset_0020.ko
  BTF [M] drivers/mtd/chips/cfi_probe.ko
  BTF [M] drivers/mtd/chips/cfi_cmdset_0020.ko
  LD [M]  drivers/mtd/chips/cfi_cmdset_0002.ko
  BTF [M] drivers/mtd/chips/cfi_cmdset_0002.ko
  LD [M]  drivers/mtd/chips/gen_probe.ko
  LD [M]  drivers/mtd/chips/cfi_cmdset_0001.ko
  BTF [M] drivers/mtd/chips/gen_probe.ko
  LD [M]  drivers/mtd/mtd_blkdevs.ko
  BTF [M] drivers/mtd/chips/cfi_cmdset_0001.ko
  BTF [M] drivers/mtd/mtd_blkdevs.ko
  LD [M]  drivers/mtd/mtdblock.ko
  BTF [M] drivers/mtd/mtdblock.ko
  LD [M]  drivers/mtd/spi-nor/spi-nor.ko
  LD [M]  drivers/spi/spidev.ko
  LD [M]  drivers/spi/spi-virtio.ko
  BTF [M] drivers/spi/spidev.ko
  BTF [M] drivers/spi/spi-virtio.ko
  LD [M]  drivers/net/phy/phylink.ko
  LD [M]  drivers/net/phy/sfp.ko
  BTF [M] drivers/net/phy/phylink.ko
  BTF [M] drivers/mtd/spi-nor/spi-nor.ko
  BTF [M] drivers/net/phy/sfp.ko
  LD [M]  drivers/net/phy/amd.ko
  LD [M]  drivers/net/phy/ax88796b.ko
  BTF [M] drivers/net/phy/amd.ko
  BTF [M] drivers/net/phy/ax88796b.ko
  LD [M]  drivers/net/phy/bcm54140.ko
  LD [M]  drivers/net/phy/bcm7xxx.ko
  BTF [M] drivers/net/phy/bcm54140.ko
  BTF [M] drivers/net/phy/bcm7xxx.ko
  LD [M]  drivers/net/phy/bcm87xx.ko
  LD [M]  drivers/net/phy/bcm-phy-lib.ko
  BTF [M] drivers/net/phy/bcm87xx.ko
  BTF [M] drivers/net/phy/bcm-phy-lib.ko
  LD [M]  drivers/net/phy/bcm-phy-ptp.ko
  BTF [M] drivers/net/phy/bcm-phy-ptp.ko
  LD [M]  drivers/net/phy/broadcom.ko
  LD [M]  drivers/net/phy/cicada.ko
  LD [M]  drivers/net/phy/davicom.ko
  BTF [M] drivers/net/phy/broadcom.ko
  BTF [M] drivers/net/phy/davicom.ko
  BTF [M] drivers/net/phy/cicada.ko
  LD [M]  drivers/net/phy/dp83848.ko
  BTF [M] drivers/net/phy/dp83848.ko
  LD [M]  drivers/net/phy/dp83867.ko
  BTF [M] drivers/net/phy/dp83867.ko
  LD [M]  drivers/net/phy/icplus.ko
  BTF [M] drivers/net/phy/icplus.ko
  LD [M]  drivers/net/phy/et1011c.ko
  BTF [M] drivers/net/phy/et1011c.ko
  LD [M]  drivers/net/phy/lxt.ko
  LD [M]  drivers/net/phy/marvell10g.ko
  BTF [M] drivers/net/phy/lxt.ko
  LD [M]  drivers/net/phy/marvell.ko
  BTF [M] drivers/net/phy/marvell10g.ko
  BTF [M] drivers/net/phy/marvell.ko
  LD [M]  drivers/net/phy/micrel.ko
  BTF [M] drivers/net/phy/micrel.ko
  LD [M]  drivers/net/phy/microchip.ko
  BTF [M] drivers/net/phy/microchip.ko
  LD [M]  drivers/net/phy/national.ko
  BTF [M] drivers/net/phy/national.ko
  LD [M]  drivers/net/phy/qsemi.ko
  BTF [M] drivers/net/phy/qsemi.ko
  LD [M]  drivers/net/phy/smsc.ko
  BTF [M] drivers/net/phy/smsc.ko
  LD [M]  drivers/net/phy/ste10Xp.ko
  LD [M]  drivers/net/phy/vitesse.ko
  LD [M]  drivers/net/mdio/mdio-bitbang.ko
  LD [M]  drivers/net/mdio/mdio-i2c.ko
  BTF [M] drivers/net/mdio/mdio-bitbang.ko
  BTF [M] drivers/net/phy/ste10Xp.ko
  BTF [M] drivers/net/phy/vitesse.ko
  BTF [M] drivers/net/mdio/mdio-i2c.ko
  LD [M]  drivers/net/mdio/mdio-mux.ko
  LD [M]  drivers/net/mdio/mdio-mux-gpio.ko
  BTF [M] drivers/net/mdio/mdio-mux.ko
  BTF [M] drivers/net/mdio/mdio-mux-gpio.ko
  LD [M]  drivers/net/mdio/mdio-mux-mmioreg.ko
  BTF [M] drivers/net/mdio/mdio-mux-mmioreg.ko
  LD [M]  drivers/net/dsa/b53/b53_common.ko
  LD [M]  drivers/net/dsa/qca/qca8k.ko
  LD [M]  drivers/net/dsa/mv88e6xxx/mv88e6xxx.ko
  BTF [M] drivers/net/dsa/b53/b53_common.ko
  LD [M]  drivers/net/dsa/bcm-sf2.ko
  LD [M]  drivers/net/dsa/mv88e6060.ko
  BTF [M] drivers/net/dsa/qca/qca8k.ko
  BTF [M] drivers/net/dsa/mv88e6060.ko
  BTF [M] drivers/net/dsa/bcm-sf2.ko
  LD [M]  drivers/net/ethernet/aquantia/atlantic/atlantic.ko
  LD [M]  drivers/net/ethernet/broadcom/tg3.ko
  BTF [M] drivers/net/ethernet/broadcom/tg3.ko
  LD [M]  drivers/net/wireless/ath/ath9k/ath9k_hw.ko
  BTF [M] drivers/net/dsa/mv88e6xxx/mv88e6xxx.ko
  BTF [M] drivers/net/ethernet/aquantia/atlantic/atlantic.ko
  LD [M]  drivers/net/wireless/ath/ath9k/ath9k_common.ko
  LD [M]  drivers/net/wireless/ath/ath9k/ath9k_htc.ko
  BTF [M] drivers/net/wireless/ath/ath9k/ath9k_hw.ko
  BTF [M] drivers/net/wireless/ath/ath9k/ath9k_htc.ko
  BTF [M] drivers/net/wireless/ath/ath9k/ath9k_common.ko
  LD [M]  drivers/net/wireless/ath/carl9170/carl9170.ko
  BTF [M] drivers/net/wireless/ath/carl9170/carl9170.ko
  LD [M]  drivers/net/wireless/ath/ath6kl/ath6kl_core.ko
  LD [M]  drivers/net/wireless/ath/ath6kl/ath6kl_usb.ko
  BTF [M] drivers/net/wireless/ath/ath6kl/ath6kl_core.ko
  BTF [M] drivers/net/wireless/ath/ath6kl/ath6kl_usb.ko
  LD [M]  drivers/net/wireless/ath/ar5523/ar5523.ko
  BTF [M] drivers/net/wireless/ath/ar5523/ar5523.ko
  LD [M]  drivers/net/wireless/ath/ath10k/ath10k_core.ko
  LD [M]  drivers/net/wireless/ath/ath10k/ath10k_usb.ko
  BTF [M] drivers/net/wireless/ath/ath10k/ath10k_usb.ko
  LD [M]  drivers/net/wireless/ath/ath.ko
  LD [M]  drivers/net/wireless/atmel/at76c50x-usb.ko
  LD [M]  drivers/net/wireless/broadcom/brcm80211/brcmutil/brcmutil.ko
  BTF [M] drivers/net/wireless/atmel/at76c50x-usb.ko
  BTF [M] drivers/net/wireless/broadcom/brcm80211/brcmutil/brcmutil.ko
  BTF [M] drivers/net/wireless/ath/ath.ko
  LD [M]  drivers/net/wireless/broadcom/brcm80211/brcmfmac/brcmfmac.ko
  BTF [M] drivers/net/wireless/ath/ath10k/ath10k_core.ko
  LD [M]  drivers/net/wireless/broadcom/brcm80211/brcmfmac/wcc/brcmfmac-wcc.ko
  BTF [M] drivers/net/wireless/broadcom/brcm80211/brcmfmac/wcc/brcmfmac-wcc.ko
  BTF [M] drivers/net/wireless/broadcom/brcm80211/brcmfmac/brcmfmac.ko
  LD [M]  drivers/net/wireless/broadcom/brcm80211/brcmfmac/cyw/brcmfmac-cyw.ko
  BTF [M] drivers/net/wireless/broadcom/brcm80211/brcmfmac/cyw/brcmfmac-cyw.ko
  LD [M]  drivers/net/wireless/broadcom/brcm80211/brcmfmac/bca/brcmfmac-bca.ko
  BTF [M] drivers/net/wireless/broadcom/brcm80211/brcmfmac/bca/brcmfmac-bca.ko
  LD [M]  drivers/net/wireless/intersil/p54/p54common.ko
  LD [M]  drivers/net/wireless/intersil/p54/p54usb.ko
  BTF [M] drivers/net/wireless/intersil/p54/p54common.ko
  BTF [M] drivers/net/wireless/intersil/p54/p54usb.ko
  LD [M]  drivers/net/wireless/marvell/libertas/libertas.ko
  LD [M]  drivers/net/wireless/marvell/libertas/usb8xxx.ko
  BTF [M] drivers/net/wireless/marvell/libertas/usb8xxx.ko
  LD [M]  drivers/net/wireless/marvell/libertas_tf/libertas_tf.ko
  LD [M]  drivers/net/wireless/marvell/libertas_tf/libertas_tf_usb.ko
  BTF [M] drivers/net/wireless/marvell/libertas/libertas.ko
  BTF [M] drivers/net/wireless/marvell/libertas_tf/libertas_tf.ko
  BTF [M] drivers/net/wireless/marvell/libertas_tf/libertas_tf_usb.ko
  LD [M]  drivers/net/wireless/marvell/mwifiex/mwifiex.ko
  LD [M]  drivers/net/wireless/marvell/mwifiex/mwifiex_usb.ko
  BTF [M] drivers/net/wireless/marvell/mwifiex/mwifiex_usb.ko
  LD [M]  drivers/net/wireless/mediatek/mt7601u/mt7601u.ko
  LD [M]  drivers/net/wireless/mediatek/mt76/mt76.ko
  LD [M]  drivers/net/wireless/mediatek/mt76/mt76-usb.ko
  BTF [M] drivers/net/wireless/marvell/mwifiex/mwifiex.ko
  BTF [M] drivers/net/wireless/mediatek/mt76/mt76-usb.ko
  BTF [M] drivers/net/wireless/mediatek/mt7601u/mt7601u.ko
  LD [M]  drivers/net/wireless/mediatek/mt76/mt76x02-lib.ko
  LD [M]  drivers/net/wireless/mediatek/mt76/mt76x02-usb.ko
  BTF [M] drivers/net/wireless/mediatek/mt76/mt76x02-usb.ko
  LD [M]  drivers/net/wireless/mediatek/mt76/mt76-connac-lib.ko
  BTF [M] drivers/net/wireless/mediatek/mt76/mt76.ko
  BTF [M] drivers/net/wireless/mediatek/mt76/mt76x02-lib.ko
  BTF [M] drivers/net/wireless/mediatek/mt76/mt76-connac-lib.ko
  LD [M]  drivers/net/wireless/mediatek/mt76/mt76x0/mt76x0u.ko
  BTF [M] drivers/net/wireless/mediatek/mt76/mt76x0/mt76x0u.ko
  LD [M]  drivers/net/wireless/mediatek/mt76/mt76x0/mt76x0-common.ko
  BTF [M] drivers/net/wireless/mediatek/mt76/mt76x0/mt76x0-common.ko
  LD [M]  drivers/net/wireless/mediatek/mt76/mt76x2/mt76x2-common.ko
  BTF [M] drivers/net/wireless/mediatek/mt76/mt76x2/mt76x2-common.ko
  LD [M]  drivers/net/wireless/mediatek/mt76/mt76x2/mt76x2u.ko
  LD [M]  drivers/net/wireless/mediatek/mt76/mt7615/mt7615-common.ko
  BTF [M] drivers/net/wireless/mediatek/mt76/mt76x2/mt76x2u.ko
  LD [M]  drivers/net/wireless/mediatek/mt76/mt7615/mt7663-usb-sdio-common.ko
  BTF [M] drivers/net/wireless/mediatek/mt76/mt7615/mt7615-common.ko
  LD [M]  drivers/net/wireless/mediatek/mt76/mt7615/mt7663u.ko
  BTF [M] drivers/net/wireless/mediatek/mt76/mt7615/mt7663-usb-sdio-common.ko
  LD [M]  drivers/net/wireless/ralink/rt2x00/rt2x00lib.ko
  BTF [M] drivers/net/wireless/mediatek/mt76/mt7615/mt7663u.ko
  LD [M]  drivers/net/wireless/ralink/rt2x00/rt2x00usb.ko
  LD [M]  drivers/net/wireless/ralink/rt2x00/rt2800lib.ko
  BTF [M] drivers/net/wireless/ralink/rt2x00/rt2x00usb.ko
  BTF [M] drivers/net/wireless/ralink/rt2x00/rt2x00lib.ko
  BTF [M] drivers/net/wireless/ralink/rt2x00/rt2800lib.ko
  LD [M]  drivers/net/wireless/ralink/rt2x00/rt2500usb.ko
  BTF [M] drivers/net/wireless/ralink/rt2x00/rt2500usb.ko
  LD [M]  drivers/net/wireless/ralink/rt2x00/rt73usb.ko
  BTF [M] drivers/net/wireless/ralink/rt2x00/rt73usb.ko
  LD [M]  drivers/net/wireless/ralink/rt2x00/rt2800usb.ko
  LD [M]  drivers/net/wireless/realtek/rtl818x/rtl8187/rtl8187.ko
  BTF [M] drivers/net/wireless/ralink/rt2x00/rt2800usb.ko
  LD [M]  drivers/net/wireless/realtek/rtlwifi/rtlwifi.ko
  BTF [M] drivers/net/wireless/realtek/rtl818x/rtl8187/rtl8187.ko
  LD [M]  drivers/net/wireless/realtek/rtlwifi/rtl_usb.ko
  LD [M]  drivers/net/wireless/realtek/rtlwifi/rtl8192c/rtl8192c-common.ko
  BTF [M] drivers/net/wireless/realtek/rtlwifi/rtl_usb.ko
  LD [M]  drivers/net/wireless/realtek/rtlwifi/rtl8192cu/rtl8192cu.ko
  LD [M]  drivers/net/wireless/realtek/rtl8xxxu/rtl8xxxu.ko
  BTF [M] drivers/net/wireless/realtek/rtlwifi/rtl8192c/rtl8192c-common.ko
  BTF [M] drivers/net/wireless/realtek/rtl8xxxu/rtl8xxxu.ko
  BTF [M] drivers/net/wireless/realtek/rtlwifi/rtl8192cu/rtl8192cu.ko
  BTF [M] drivers/net/wireless/realtek/rtlwifi/rtlwifi.ko
  LD [M]  drivers/net/wireless/rsi/rsi_91x.ko
  LD [M]  drivers/net/wireless/rsi/rsi_usb.ko
  BTF [M] drivers/net/wireless/rsi/rsi_91x.ko
  BTF [M] drivers/net/wireless/rsi/rsi_usb.ko
  LD [M]  drivers/net/wireless/zydas/zd1211rw/zd1211rw.ko
  LD [M]  drivers/net/usb/catc.ko
  LD [M]  drivers/net/usb/kaweth.ko
  BTF [M] drivers/net/usb/catc.ko
  BTF [M] drivers/net/usb/kaweth.ko
  BTF [M] drivers/net/wireless/zydas/zd1211rw/zd1211rw.ko
  LD [M]  drivers/net/usb/pegasus.ko
  BTF [M] drivers/net/usb/pegasus.ko
  LD [M]  drivers/net/usb/rtl8150.ko
  LD [M]  drivers/net/usb/r8152.ko
  LD [M]  drivers/net/usb/hso.ko
  BTF [M] drivers/net/usb/rtl8150.ko
  BTF [M] drivers/net/usb/r8152.ko
  BTF [M] drivers/net/usb/hso.ko
  LD [M]  drivers/net/usb/lan78xx.ko
  LD [M]  drivers/net/usb/asix.ko
  BTF [M] drivers/net/usb/asix.ko
  BTF [M] drivers/net/usb/lan78xx.ko
  LD [M]  drivers/net/usb/ax88179_178a.ko
  BTF [M] drivers/net/usb/ax88179_178a.ko
  LD [M]  drivers/net/usb/cdc_ether.ko
  LD [M]  drivers/net/usb/cdc_eem.ko
  BTF [M] drivers/net/usb/cdc_eem.ko
  BTF [M] drivers/net/usb/cdc_ether.ko
  LD [M]  drivers/net/usb/dm9601.ko
  LD [M]  drivers/net/usb/sr9700.ko
  BTF [M] drivers/net/usb/sr9700.ko
  BTF [M] drivers/net/usb/dm9601.ko
  LD [M]  drivers/net/usb/sr9800.ko
  BTF [M] drivers/net/usb/sr9800.ko
  LD [M]  drivers/net/usb/smsc75xx.ko
  LD [M]  drivers/net/usb/smsc95xx.ko
  BTF [M] drivers/net/usb/smsc95xx.ko
  BTF [M] drivers/net/usb/smsc75xx.ko
  LD [M]  drivers/net/usb/gl620a.ko
  BTF [M] drivers/net/usb/gl620a.ko
  LD [M]  drivers/net/usb/net1080.ko
  LD [M]  drivers/net/usb/plusb.ko
  BTF [M] drivers/net/usb/net1080.ko
  LD [M]  drivers/net/usb/rndis_host.ko
  BTF [M] drivers/net/usb/plusb.ko
  LD [M]  drivers/net/usb/cdc_subset.ko
  BTF [M] drivers/net/usb/cdc_subset.ko
  BTF [M] drivers/net/usb/rndis_host.ko
  LD [M]  drivers/net/usb/zaurus.ko
  BTF [M] drivers/net/usb/zaurus.ko
  LD [M]  drivers/net/usb/mcs7830.ko
  LD [M]  drivers/net/usb/usbnet.ko
  BTF [M] drivers/net/usb/usbnet.ko
  BTF [M] drivers/net/usb/mcs7830.ko
  LD [M]  drivers/net/usb/kalmia.ko
  LD [M]  drivers/net/usb/int51x1.ko
  BTF [M] drivers/net/usb/kalmia.ko
  LD [M]  drivers/net/usb/ipheth.ko
  BTF [M] drivers/net/usb/int51x1.ko
  BTF [M] drivers/net/usb/ipheth.ko
  LD [M]  drivers/net/usb/sierra_net.ko
  LD [M]  drivers/net/usb/cx82310_eth.ko
  BTF [M] drivers/net/usb/sierra_net.ko
  BTF [M] drivers/net/usb/cx82310_eth.ko
  LD [M]  drivers/net/usb/cdc_ncm.ko
  BTF [M] drivers/net/usb/cdc_ncm.ko
  LD [M]  drivers/net/usb/huawei_cdc_ncm.ko
  LD [M]  drivers/net/usb/lg-vl600.ko
  BTF [M] drivers/net/usb/lg-vl600.ko
  BTF [M] drivers/net/usb/huawei_cdc_ncm.ko
  LD [M]  drivers/net/usb/qmi_wwan.ko
  LD [M]  drivers/net/usb/cdc_mbim.ko
  BTF [M] drivers/net/usb/qmi_wwan.ko
  LD [M]  drivers/net/usb/ch9200.ko
  LD [M]  drivers/net/usb/aqc111.ko
  BTF [M] drivers/net/usb/cdc_mbim.ko
  BTF [M] drivers/net/usb/ch9200.ko
  BTF [M] drivers/net/usb/aqc111.ko
  LD [M]  drivers/net/usb/r8153_ecm.ko
  LD [M]  drivers/net/bonding/bonding.ko
  BTF [M] drivers/net/usb/r8153_ecm.ko
  BTF [M] drivers/net/bonding/bonding.ko
  LD [M]  drivers/net/ipvlan/ipvtap.ko
  LD [M]  drivers/net/ipvlan/ipvlan.ko
  BTF [M] drivers/net/ipvlan/ipvtap.ko
  LD [M]  drivers/net/dummy.ko
  BTF [M] drivers/net/ipvlan/ipvlan.ko
  LD [M]  drivers/net/wireguard/wireguard.ko
  BTF [M] drivers/net/dummy.ko
  LD [M]  drivers/net/eql.ko
  BTF [M] drivers/net/eql.ko
  LD [M]  drivers/net/ifb.ko
  BTF [M] drivers/net/ifb.ko
  BTF [M] drivers/net/wireguard/wireguard.ko
  LD [M]  drivers/net/macvlan.ko
  BTF [M] drivers/net/macvlan.ko
  LD [M]  drivers/net/macvtap.ko
  LD [M]  drivers/net/mii.ko
  BTF [M] drivers/net/macvtap.ko
  BTF [M] drivers/net/mii.ko
  LD [M]  drivers/net/netconsole.ko
  LD [M]  drivers/net/team/team.ko
  LD [M]  drivers/net/team/team_mode_broadcast.ko
  BTF [M] drivers/net/netconsole.ko
  BTF [M] drivers/net/team/team.ko
  LD [M]  drivers/net/team/team_mode_roundrobin.ko
  BTF [M] drivers/net/team/team_mode_broadcast.ko
  BTF [M] drivers/net/team/team_mode_roundrobin.ko
  LD [M]  drivers/net/team/team_mode_random.ko
  BTF [M] drivers/net/team/team_mode_random.ko
  LD [M]  drivers/net/team/team_mode_activebackup.ko
  BTF [M] drivers/net/team/team_mode_activebackup.ko
  LD [M]  drivers/net/team/team_mode_loadbalance.ko
  BTF [M] drivers/net/team/team_mode_loadbalance.ko
  LD [M]  drivers/net/tun.ko
  LD [M]  drivers/net/tap.ko
  BTF [M] drivers/net/tun.ko
  BTF [M] drivers/net/tap.ko
  LD [M]  drivers/net/veth.ko
  BTF [M] drivers/net/veth.ko
  LD [M]  drivers/net/virtio_net.ko
  BTF [M] drivers/net/virtio_net.ko
  LD [M]  drivers/net/geneve.ko
  LD [M]  drivers/net/vxlan/vxlan.ko
  BTF [M] drivers/net/geneve.ko
  LD [M]  drivers/net/nlmon.ko
  BTF [M] drivers/net/vxlan/vxlan.ko
  BTF [M] drivers/net/nlmon.ko
  LD [M]  drivers/net/vrf.ko
  LD [M]  drivers/net/can/dev/can-dev.ko
  BTF [M] drivers/net/vrf.ko
  BTF [M] drivers/net/can/dev/can-dev.ko
  LD [M]  drivers/net/can/vcan.ko
  BTF [M] drivers/net/can/vcan.ko
  LD [M]  drivers/net/can/vxcan.ko
  BTF [M] drivers/net/can/vxcan.ko
  LD [M]  drivers/net/ppp/ppp_generic.ko
  BTF [M] drivers/net/ppp/ppp_generic.ko
  LD [M]  drivers/net/ppp/ppp_async.ko
  BTF [M] drivers/net/ppp/ppp_async.ko
  LD [M]  drivers/net/ppp/bsd_comp.ko
  BTF [M] drivers/net/ppp/bsd_comp.ko
  LD [M]  drivers/net/ppp/ppp_deflate.ko
  BTF [M] drivers/net/ppp/ppp_deflate.ko
  LD [M]  drivers/net/ppp/ppp_mppe.ko
  BTF [M] drivers/net/ppp/ppp_mppe.ko
  LD [M]  drivers/net/ppp/ppp_synctty.ko
  LD [M]  drivers/net/ppp/pppox.ko
  LD [M]  drivers/net/ppp/pppoe.ko
  LD [M]  drivers/net/ppp/pptp.ko
  BTF [M] drivers/net/ppp/pppoe.ko
  BTF [M] drivers/net/ppp/ppp_synctty.ko
  BTF [M] drivers/net/ppp/pppox.ko
  BTF [M] drivers/net/ppp/pptp.ko
  LD [M]  drivers/net/slip/slip.ko
  BTF [M] drivers/net/slip/slip.ko
  LD [M]  drivers/net/slip/slhc.ko
  LD [M]  drivers/net/ieee802154/fakelb.ko
  BTF [M] drivers/net/slip/slhc.ko
  LD [M]  drivers/net/ieee802154/atusb.ko
  BTF [M] drivers/net/ieee802154/fakelb.ko
  BTF [M] drivers/net/ieee802154/atusb.ko
  LD [M]  drivers/net/net_failover.ko
  BTF [M] drivers/net/net_failover.ko
  LD [M]  drivers/usb/phy/phy-generic.ko
  BTF [M] drivers/usb/phy/phy-generic.ko
  LD [M]  drivers/usb/host/xhci-hcd.ko
  LD [M]  drivers/usb/host/xhci-pci.ko
  LD [M]  drivers/usb/host/xhci-plat-hcd.ko
  LD [M]  drivers/usb/host/xhci-pci-renesas.ko
  LD [M]  drivers/usb/storage/uas.ko
  BTF [M] drivers/usb/host/xhci-pci.ko
  BTF [M] drivers/usb/host/xhci-plat-hcd.ko
  BTF [M] drivers/usb/host/xhci-pci-renesas.ko
  BTF [M] drivers/usb/storage/uas.ko
  BTF [M] drivers/usb/host/xhci-hcd.ko
  LD [M]  drivers/usb/storage/usb-storage.ko
  LD [M]  drivers/usb/storage/ums-alauda.ko
  BTF [M] drivers/usb/storage/ums-alauda.ko
  LD [M]  drivers/usb/storage/ums-cypress.ko
  LD [M]  drivers/usb/storage/ums-datafab.ko
  BTF [M] drivers/usb/storage/ums-cypress.ko
  BTF [M] drivers/usb/storage/usb-storage.ko
  BTF [M] drivers/usb/storage/ums-datafab.ko
  LD [M]  drivers/usb/storage/ums-eneub6250.ko
  LD [M]  drivers/usb/storage/ums-freecom.ko
  LD [M]  drivers/usb/storage/ums-isd200.ko
  LD [M]  drivers/usb/storage/ums-jumpshot.ko
  BTF [M] drivers/usb/storage/ums-eneub6250.ko
  BTF [M] drivers/usb/storage/ums-freecom.ko
  BTF [M] drivers/usb/storage/ums-isd200.ko
  BTF [M] drivers/usb/storage/ums-jumpshot.ko
  LD [M]  drivers/usb/storage/ums-karma.ko
  LD [M]  drivers/usb/storage/ums-onetouch.ko
  BTF [M] drivers/usb/storage/ums-onetouch.ko
  BTF [M] drivers/usb/storage/ums-karma.ko
  LD [M]  drivers/usb/storage/ums-realtek.ko
  BTF [M] drivers/usb/storage/ums-realtek.ko
  LD [M]  drivers/usb/storage/ums-sddr09.ko
  LD [M]  drivers/usb/storage/ums-sddr55.ko
  BTF [M] drivers/usb/storage/ums-sddr55.ko
  BTF [M] drivers/usb/storage/ums-sddr09.ko
  LD [M]  drivers/usb/storage/ums-usbat.ko
  BTF [M] drivers/usb/storage/ums-usbat.ko
  LD [M]  drivers/usb/misc/adutux.ko
  BTF [M] drivers/usb/misc/adutux.ko
  LD [M]  drivers/usb/misc/appledisplay.ko
  LD [M]  drivers/usb/misc/emi26.ko
  BTF [M] drivers/usb/misc/appledisplay.ko
  LD [M]  drivers/usb/misc/emi62.ko
  BTF [M] drivers/usb/misc/emi26.ko
  BTF [M] drivers/usb/misc/emi62.ko
  LD [M]  drivers/usb/misc/ezusb.ko
  LD [M]  drivers/usb/misc/apple-mfi-fastcharge.ko
  BTF [M] drivers/usb/misc/ezusb.ko
  BTF [M] drivers/usb/misc/apple-mfi-fastcharge.ko
  LD [M]  drivers/usb/misc/idmouse.ko
  BTF [M] drivers/usb/misc/idmouse.ko
  LD [M]  drivers/usb/misc/iowarrior.ko
  BTF [M] drivers/usb/misc/iowarrior.ko
  LD [M]  drivers/usb/misc/isight_firmware.ko
  BTF [M] drivers/usb/misc/isight_firmware.ko
  LD [M]  drivers/usb/misc/usblcd.ko
  BTF [M] drivers/usb/misc/usblcd.ko
  LD [M]  drivers/usb/misc/ldusb.ko
  LD [M]  drivers/usb/misc/legousbtower.ko
  BTF [M] drivers/usb/misc/ldusb.ko
  BTF [M] drivers/usb/misc/legousbtower.ko
  LD [M]  drivers/usb/misc/trancevibrator.ko
  BTF [M] drivers/usb/misc/trancevibrator.ko
  LD [M]  drivers/usb/misc/usbsevseg.ko
  BTF [M] drivers/usb/misc/usbsevseg.ko
  LD [M]  drivers/usb/misc/yurex.ko
  LD [M]  drivers/usb/dwc3/dwc3.ko
  LD [M]  drivers/usb/misc/chaoskey.ko
  BTF [M] drivers/usb/misc/yurex.ko
  BTF [M] drivers/usb/misc/chaoskey.ko
  BTF [M] drivers/usb/dwc3/dwc3.ko
  LD [M]  drivers/usb/dwc3/dwc3-apple.ko
  LD [M]  drivers/usb/dwc3/dwc3-haps.ko
  BTF [M] drivers/usb/dwc3/dwc3-haps.ko
  BTF [M] drivers/usb/dwc3/dwc3-apple.ko
  LD [M]  drivers/usb/dwc3/dwc3-of-simple.ko
  BTF [M] drivers/usb/dwc3/dwc3-of-simple.ko
  LD [M]  drivers/usb/dwc3/dwc3-generic-plat.ko
  LD [M]  drivers/usb/mon/usbmon.ko
  BTF [M] drivers/usb/dwc3/dwc3-generic-plat.ko
  BTF [M] drivers/usb/mon/usbmon.ko
  LD [M]  drivers/usb/class/cdc-acm.ko
  BTF [M] drivers/usb/class/cdc-acm.ko
  LD [M]  drivers/usb/class/usblp.ko
  LD [M]  drivers/usb/class/cdc-wdm.ko
  BTF [M] drivers/usb/class/usblp.ko
  BTF [M] drivers/usb/class/cdc-wdm.ko
  LD [M]  drivers/usb/class/usbtmc.ko
  BTF [M] drivers/usb/class/usbtmc.ko
  LD [M]  drivers/usb/image/mdc800.ko
  LD [M]  drivers/usb/image/microtek.ko
  BTF [M] drivers/usb/image/mdc800.ko
  LD [M]  drivers/usb/serial/usbserial.ko
  BTF [M] drivers/usb/image/microtek.ko
  LD [M]  drivers/usb/serial/aircable.ko
  BTF [M] drivers/usb/serial/usbserial.ko
  LD [M]  drivers/usb/serial/ark3116.ko
  BTF [M] drivers/usb/serial/aircable.ko
  BTF [M] drivers/usb/serial/ark3116.ko
  LD [M]  drivers/usb/serial/belkin_sa.ko
  BTF [M] drivers/usb/serial/belkin_sa.ko
  LD [M]  drivers/usb/serial/ch341.ko
  LD [M]  drivers/usb/serial/cp210x.ko
  BTF [M] drivers/usb/serial/ch341.ko
  BTF [M] drivers/usb/serial/cp210x.ko
  LD [M]  drivers/usb/serial/cyberjack.ko
  BTF [M] drivers/usb/serial/cyberjack.ko
  LD [M]  drivers/usb/serial/cypress_m8.ko
  BTF [M] drivers/usb/serial/cypress_m8.ko
  LD [M]  drivers/usb/serial/usb_debug.ko
  LD [M]  drivers/usb/serial/digi_acceleport.ko
  BTF [M] drivers/usb/serial/digi_acceleport.ko
  BTF [M] drivers/usb/serial/usb_debug.ko
  LD [M]  drivers/usb/serial/io_edgeport.ko
  LD [M]  drivers/usb/serial/io_ti.ko
  LD [M]  drivers/usb/serial/empeg.ko
  BTF [M] drivers/usb/serial/io_ti.ko
  BTF [M] drivers/usb/serial/empeg.ko
  BTF [M] drivers/usb/serial/io_edgeport.ko
  LD [M]  drivers/usb/serial/f81232.ko
  BTF [M] drivers/usb/serial/f81232.ko
  LD [M]  drivers/usb/serial/f81534.ko
  BTF [M] drivers/usb/serial/f81534.ko
  LD [M]  drivers/usb/serial/ftdi_sio.ko
  LD [M]  drivers/usb/serial/garmin_gps.ko
  BTF [M] drivers/usb/serial/ftdi_sio.ko
  BTF [M] drivers/usb/serial/garmin_gps.ko
  LD [M]  drivers/usb/serial/ipaq.ko
  LD [M]  drivers/usb/serial/ipw.ko
  LD [M]  drivers/usb/serial/ir-usb.ko
  BTF [M] drivers/usb/serial/ipw.ko
  BTF [M] drivers/usb/serial/ir-usb.ko
  BTF [M] drivers/usb/serial/ipaq.ko
  LD [M]  drivers/usb/serial/iuu_phoenix.ko
  LD [M]  drivers/usb/serial/keyspan.ko
  LD [M]  drivers/usb/serial/keyspan_pda.ko
  BTF [M] drivers/usb/serial/iuu_phoenix.ko
  BTF [M] drivers/usb/serial/keyspan.ko
  BTF [M] drivers/usb/serial/keyspan_pda.ko
  LD [M]  drivers/usb/serial/kl5kusb105.ko
  LD [M]  drivers/usb/serial/kobil_sct.ko
  BTF [M] drivers/usb/serial/kl5kusb105.ko
  BTF [M] drivers/usb/serial/kobil_sct.ko
  LD [M]  drivers/usb/serial/mct_u232.ko
  BTF [M] drivers/usb/serial/mct_u232.ko
  LD [M]  drivers/usb/serial/metro-usb.ko
  LD [M]  drivers/usb/serial/mos7720.ko
  BTF [M] drivers/usb/serial/metro-usb.ko
  BTF [M] drivers/usb/serial/mos7720.ko
  LD [M]  drivers/usb/serial/mos7840.ko
  BTF [M] drivers/usb/serial/mos7840.ko
  LD [M]  drivers/usb/serial/mxuport.ko
  BTF [M] drivers/usb/serial/mxuport.ko
  LD [M]  drivers/usb/serial/navman.ko
  LD [M]  drivers/usb/serial/omninet.ko
  BTF [M] drivers/usb/serial/navman.ko
  BTF [M] drivers/usb/serial/omninet.ko
  LD [M]  drivers/usb/serial/opticon.ko
  BTF [M] drivers/usb/serial/opticon.ko
  LD [M]  drivers/usb/serial/option.ko
  LD [M]  drivers/usb/serial/oti6858.ko
  LD [M]  drivers/usb/serial/pl2303.ko
  BTF [M] drivers/usb/serial/pl2303.ko
  BTF [M] drivers/usb/serial/option.ko
  BTF [M] drivers/usb/serial/oti6858.ko
  LD [M]  drivers/usb/serial/qcaux.ko
  LD [M]  drivers/usb/serial/qcserial.ko
  BTF [M] drivers/usb/serial/qcaux.ko
  BTF [M] drivers/usb/serial/qcserial.ko
  LD [M]  drivers/usb/serial/quatech2.ko
  BTF [M] drivers/usb/serial/quatech2.ko
  LD [M]  drivers/usb/serial/safe_serial.ko
  LD [M]  drivers/usb/serial/sierra.ko
  BTF [M] drivers/usb/serial/safe_serial.ko
  LD [M]  drivers/usb/serial/usb-serial-simple.ko
  BTF [M] drivers/usb/serial/sierra.ko
  BTF [M] drivers/usb/serial/usb-serial-simple.ko
  LD [M]  drivers/usb/serial/spcp8x5.ko
  BTF [M] drivers/usb/serial/spcp8x5.ko
  LD [M]  drivers/usb/serial/ssu100.ko
  LD [M]  drivers/usb/serial/symbolserial.ko
  BTF [M] drivers/usb/serial/symbolserial.ko
  BTF [M] drivers/usb/serial/ssu100.ko
  LD [M]  drivers/usb/serial/usb_wwan.ko
  BTF [M] drivers/usb/serial/usb_wwan.ko
  LD [M]  drivers/usb/serial/ti_usb_3410_5052.ko
  LD [M]  drivers/usb/serial/upd78f0730.ko
  BTF [M] drivers/usb/serial/ti_usb_3410_5052.ko
  BTF [M] drivers/usb/serial/upd78f0730.ko
  LD [M]  drivers/usb/serial/visor.ko
  LD [M]  drivers/usb/serial/wishbone-serial.ko
  LD [M]  drivers/usb/serial/whiteheat.ko
  BTF [M] drivers/usb/serial/wishbone-serial.ko
  LD [M]  drivers/usb/serial/xr_serial.ko
  BTF [M] drivers/usb/serial/visor.ko
  BTF [M] drivers/usb/serial/whiteheat.ko
  BTF [M] drivers/usb/serial/xr_serial.ko
  LD [M]  drivers/usb/serial/xsens_mt.ko
  BTF [M] drivers/usb/serial/xsens_mt.ko
  LD [M]  drivers/usb/atm/cxacru.ko
  LD [M]  drivers/usb/atm/ueagle-atm.ko
  BTF [M] drivers/usb/atm/ueagle-atm.ko
  BTF [M] drivers/usb/atm/cxacru.ko
  LD [M]  drivers/usb/atm/usbatm.ko
  BTF [M] drivers/usb/atm/usbatm.ko
  LD [M]  drivers/usb/atm/xusbatm.ko
  BTF [M] drivers/usb/atm/xusbatm.ko
  LD [M]  drivers/usb/chipidea/ci_hdrc.ko
  BTF [M] drivers/usb/chipidea/ci_hdrc.ko
  LD [M]  drivers/usb/chipidea/ci_hdrc_usb2.ko
  BTF [M] drivers/usb/chipidea/ci_hdrc_usb2.ko
  LD [M]  drivers/usb/chipidea/ci_hdrc_msm.ko
  LD [M]  drivers/usb/chipidea/ci_hdrc_npcm.ko
  LD [M]  drivers/usb/chipidea/ci_hdrc_pci.ko
  BTF [M] drivers/usb/chipidea/ci_hdrc_msm.ko
  BTF [M] drivers/usb/chipidea/ci_hdrc_npcm.ko
  BTF [M] drivers/usb/chipidea/ci_hdrc_pci.ko
  LD [M]  drivers/usb/chipidea/usbmisc_imx.ko
  BTF [M] drivers/usb/chipidea/usbmisc_imx.ko
  LD [M]  drivers/usb/chipidea/ci_hdrc_imx.ko
  LD [M]  drivers/usb/chipidea/ci_hdrc_tegra.ko
  BTF [M] drivers/usb/chipidea/ci_hdrc_imx.ko
  BTF [M] drivers/usb/chipidea/ci_hdrc_tegra.ko
  LD [M]  drivers/usb/gadget/libcomposite.ko
  LD [M]  drivers/usb/gadget/udc/udc-core.ko
  BTF [M] drivers/usb/gadget/udc/udc-core.ko
  BTF [M] drivers/usb/gadget/libcomposite.ko
  LD [M]  drivers/usb/gadget/function/usb_f_acm.ko
  BTF [M] drivers/usb/gadget/function/usb_f_acm.ko
  LD [M]  drivers/usb/gadget/function/u_serial.ko
  BTF [M] drivers/usb/gadget/function/u_serial.ko
  LD [M]  drivers/usb/gadget/function/usb_f_serial.ko
  LD [M]  drivers/usb/gadget/function/usb_f_obex.ko
  LD [M]  drivers/usb/gadget/function/u_ether.ko
  BTF [M] drivers/usb/gadget/function/usb_f_serial.ko
  BTF [M] drivers/usb/gadget/function/usb_f_obex.ko
  LD [M]  drivers/usb/gadget/function/usb_f_ncm.ko
  BTF [M] drivers/usb/gadget/function/u_ether.ko
  BTF [M] drivers/usb/gadget/function/usb_f_ncm.ko
  LD [M]  drivers/usb/gadget/function/usb_f_ecm.ko
  BTF [M] drivers/usb/gadget/function/usb_f_ecm.ko
  LD [M]  drivers/usb/gadget/function/usb_f_eem.ko
  BTF [M] drivers/usb/gadget/function/usb_f_eem.ko
  LD [M]  drivers/usb/gadget/function/usb_f_rndis.ko
  LD [M]  drivers/usb/gadget/function/usb_f_ecm_subset.ko
  BTF [M] drivers/usb/gadget/function/usb_f_rndis.ko
  BTF [M] drivers/usb/gadget/function/usb_f_ecm_subset.ko
  LD [M]  drivers/usb/gadget/function/usb_f_mass_storage.ko
  BTF [M] drivers/usb/gadget/function/usb_f_mass_storage.ko
  LD [M]  drivers/usb/gadget/function/usb_f_fs.ko
  LD [M]  drivers/usb/gadget/function/u_audio.ko
  BTF [M] drivers/usb/gadget/function/usb_f_fs.ko
  LD [M]  drivers/usb/gadget/function/usb_f_uac1.ko
  BTF [M] drivers/usb/gadget/function/u_audio.ko
  BTF [M] drivers/usb/gadget/function/usb_f_uac1.ko
  LD [M]  drivers/usb/gadget/function/usb_f_uac2.ko
  LD [M]  drivers/usb/gadget/function/usb_f_uac1_legacy.ko
  BTF [M] drivers/usb/gadget/function/usb_f_uac2.ko
  BTF [M] drivers/usb/gadget/function/usb_f_uac1_legacy.ko
  LD [M]  drivers/usb/gadget/function/usb_f_uvc.ko
  LD [M]  drivers/usb/gadget/function/usb_f_midi.ko
  LD [M]  drivers/usb/gadget/function/usb_f_hid.ko
  BTF [M] drivers/usb/gadget/function/usb_f_uvc.ko
  BTF [M] drivers/usb/gadget/function/usb_f_hid.ko
  BTF [M] drivers/usb/gadget/function/usb_f_midi.ko
  LD [M]  drivers/usb/gadget/function/usb_f_printer.ko
  BTF [M] drivers/usb/gadget/function/usb_f_printer.ko
  LD [M]  drivers/usb/gadget/function/usb_f_tcm.ko
  BTF [M] drivers/usb/gadget/function/usb_f_tcm.ko
  LD [M]  drivers/usb/gadget/legacy/g_audio.ko
  LD [M]  drivers/usb/gadget/legacy/g_ether.ko
  BTF [M] drivers/usb/gadget/legacy/g_audio.ko
  LD [M]  drivers/usb/gadget/legacy/gadgetfs.ko
  BTF [M] drivers/usb/gadget/legacy/g_ether.ko
  BTF [M] drivers/usb/gadget/legacy/gadgetfs.ko
  LD [M]  drivers/usb/gadget/legacy/g_ffs.ko
  LD [M]  drivers/usb/gadget/legacy/g_mass_storage.ko
  BTF [M] drivers/usb/gadget/legacy/g_ffs.ko
  BTF [M] drivers/usb/gadget/legacy/g_mass_storage.ko
  LD [M]  drivers/usb/gadget/legacy/g_serial.ko
  BTF [M] drivers/usb/gadget/legacy/g_serial.ko
  LD [M]  drivers/usb/gadget/legacy/g_printer.ko
  BTF [M] drivers/usb/gadget/legacy/g_printer.ko
  LD [M]  drivers/usb/gadget/legacy/g_midi.ko
  LD [M]  drivers/usb/gadget/legacy/g_cdc.ko
  BTF [M] drivers/usb/gadget/legacy/g_cdc.ko
  BTF [M] drivers/usb/gadget/legacy/g_midi.ko
  LD [M]  drivers/usb/gadget/legacy/g_hid.ko
  LD [M]  drivers/usb/gadget/legacy/g_multi.ko
  BTF [M] drivers/usb/gadget/legacy/g_hid.ko
  BTF [M] drivers/usb/gadget/legacy/g_multi.ko
  LD [M]  drivers/usb/gadget/legacy/g_webcam.ko
  LD [M]  drivers/usb/gadget/legacy/g_ncm.ko
  BTF [M] drivers/usb/gadget/legacy/g_webcam.ko
  LD [M]  drivers/usb/gadget/legacy/g_acm_ms.ko
  BTF [M] drivers/usb/gadget/legacy/g_ncm.ko
  BTF [M] drivers/usb/gadget/legacy/g_acm_ms.ko
  LD [M]  drivers/usb/gadget/legacy/tcm_usb_gadget.ko
  BTF [M] drivers/usb/gadget/legacy/tcm_usb_gadget.ko
  LD [M]  drivers/usb/usbip/usbip-core.ko
  BTF [M] drivers/usb/usbip/usbip-core.ko
  LD [M]  drivers/usb/usbip/vhci-hcd.ko
  LD [M]  drivers/usb/usbip/usbip-host.ko
  LD [M]  drivers/usb/usbip/usbip-vudc.ko
  LD [M]  drivers/usb/typec/typec.ko
  BTF [M] drivers/usb/usbip/vhci-hcd.ko
  BTF [M] drivers/usb/usbip/usbip-host.ko
  LD [M]  drivers/usb/typec/altmodes/typec_displayport.ko
  BTF [M] drivers/usb/typec/typec.ko
  BTF [M] drivers/usb/typec/altmodes/typec_displayport.ko
  BTF [M] drivers/usb/usbip/usbip-vudc.ko
  LD [M]  drivers/usb/typec/tcpm/tcpci.ko
  LD [M]  drivers/usb/typec/tcpm/tcpm.ko
  LD [M]  drivers/usb/typec/ucsi/typec_ucsi.ko
  BTF [M] drivers/usb/typec/tcpm/tcpci.ko
  BTF [M] drivers/usb/typec/ucsi/typec_ucsi.ko
  BTF [M] drivers/usb/typec/tcpm/tcpm.ko
  LD [M]  drivers/usb/typec/tipd/tps6598x-core.ko
  LD [M]  drivers/usb/typec/tipd/tps6598x.ko
  LD [M]  drivers/input/keyboard/gpio_keys.ko
  BTF [M] drivers/usb/typec/tipd/tps6598x-core.ko
  BTF [M] drivers/input/keyboard/gpio_keys.ko
  BTF [M] drivers/usb/typec/tipd/tps6598x.ko
  LD [M]  drivers/input/keyboard/gpio_keys_polled.ko
  BTF [M] drivers/input/keyboard/gpio_keys_polled.ko
  LD [M]  drivers/input/mouse/appletouch.ko
  LD [M]  drivers/input/mouse/bcm5974.ko
  BTF [M] drivers/input/mouse/bcm5974.ko
  BTF [M] drivers/input/mouse/appletouch.ko
  LD [M]  drivers/input/mouse/synaptics_usb.ko
  BTF [M] drivers/input/mouse/synaptics_usb.ko
  LD [M]  drivers/input/joystick/iforce/iforce.ko
  BTF [M] drivers/input/joystick/iforce/iforce.ko
  LD [M]  drivers/input/joystick/iforce/iforce-usb.ko
  BTF [M] drivers/input/joystick/iforce/iforce-usb.ko
  LD [M]  drivers/input/joystick/xpad.ko
  BTF [M] drivers/input/joystick/xpad.ko
  LD [M]  drivers/input/tablet/acecad.ko
  BTF [M] drivers/input/tablet/acecad.ko
  LD [M]  drivers/input/tablet/aiptek.ko
  BTF [M] drivers/input/tablet/aiptek.ko
  LD [M]  drivers/input/tablet/hanwang.ko
  BTF [M] drivers/input/tablet/hanwang.ko
  LD [M]  drivers/input/tablet/kbtab.ko
  BTF [M] drivers/input/tablet/kbtab.ko
  LD [M]  drivers/input/tablet/pegasus_notetaker.ko
  BTF [M] drivers/input/tablet/pegasus_notetaker.ko
  LD [M]  drivers/input/touchscreen/apple_z2.ko
  BTF [M] drivers/input/touchscreen/apple_z2.ko
  LD [M]  drivers/input/misc/ati_remote2.ko
  BTF [M] drivers/input/misc/ati_remote2.ko
  LD [M]  drivers/input/misc/cm109.ko
  BTF [M] drivers/input/misc/cm109.ko
  LD [M]  drivers/input/misc/e3x0-button.ko
  BTF [M] drivers/input/misc/e3x0-button.ko
  LD [M]  drivers/input/misc/keyspan_remote.ko
  LD [M]  drivers/input/misc/pwm-beeper.ko
  LD [M]  drivers/input/misc/powermate.ko
  BTF [M] drivers/input/misc/pwm-beeper.ko
  BTF [M] drivers/input/misc/keyspan_remote.ko
  BTF [M] drivers/input/misc/powermate.ko
  LD [M]  drivers/input/misc/pwm-vibra.ko
  BTF [M] drivers/input/misc/pwm-vibra.ko
  LD [M]  drivers/input/misc/uinput.ko
  LD [M]  drivers/input/misc/yealink.ko
  LD [M]  drivers/input/ff-memless.ko
  BTF [M] drivers/input/misc/uinput.ko
  LD [M]  drivers/input/joydev.ko
  BTF [M] drivers/input/misc/yealink.ko
  BTF [M] drivers/input/ff-memless.ko
  BTF [M] drivers/input/joydev.ko
  LD [M]  drivers/i2c/algos/i2c-algo-bit.ko
  LD [M]  drivers/i2c/muxes/i2c-arb-gpio-challenge.ko
  BTF [M] drivers/i2c/muxes/i2c-arb-gpio-challenge.ko
  BTF [M] drivers/i2c/algos/i2c-algo-bit.ko
  LD [M]  drivers/i2c/muxes/i2c-demux-pinctrl.ko
  LD [M]  drivers/i2c/muxes/i2c-mux-gpio.ko
  BTF [M] drivers/i2c/muxes/i2c-mux-gpio.ko
  BTF [M] drivers/i2c/muxes/i2c-demux-pinctrl.ko
  LD [M]  drivers/i2c/muxes/i2c-mux-gpmux.ko
  BTF [M] drivers/i2c/muxes/i2c-mux-gpmux.ko
  LD [M]  drivers/i2c/muxes/i2c-mux-pca9541.ko
  LD [M]  drivers/i2c/muxes/i2c-mux-pinctrl.ko
  BTF [M] drivers/i2c/muxes/i2c-mux-pca9541.ko
  BTF [M] drivers/i2c/muxes/i2c-mux-pinctrl.ko
  LD [M]  drivers/i2c/muxes/i2c-mux-reg.ko
  BTF [M] drivers/i2c/muxes/i2c-mux-reg.ko
  LD [M]  drivers/i2c/i2c-dev.ko
  BTF [M] drivers/i2c/i2c-dev.ko
  LD [M]  drivers/media/i2c/cs3308.ko
  BTF [M] drivers/media/i2c/cs3308.ko
  LD [M]  drivers/media/i2c/cs5345.ko
  LD [M]  drivers/media/i2c/cs53l32a.ko
  BTF [M] drivers/media/i2c/cs5345.ko
  BTF [M] drivers/media/i2c/cs53l32a.ko
  LD [M]  drivers/media/i2c/cx25840/cx25840.ko
  BTF [M] drivers/media/i2c/cx25840/cx25840.ko
  LD [M]  drivers/media/i2c/ir-kbd-i2c.ko
  LD [M]  drivers/media/i2c/m52790.ko
  BTF [M] drivers/media/i2c/m52790.ko
  BTF [M] drivers/media/i2c/ir-kbd-i2c.ko
  LD [M]  drivers/media/i2c/msp3400.ko
  BTF [M] drivers/media/i2c/msp3400.ko
  LD [M]  drivers/media/i2c/mt9v011.ko
  LD [M]  drivers/media/i2c/ov2640.ko
  BTF [M] drivers/media/i2c/mt9v011.ko
  BTF [M] drivers/media/i2c/ov2640.ko
  LD [M]  drivers/media/i2c/ov7640.ko
  BTF [M] drivers/media/i2c/ov7640.ko
  LD [M]  drivers/media/i2c/saa6588.ko
  BTF [M] drivers/media/i2c/saa6588.ko
  LD [M]  drivers/media/i2c/saa6752hs.ko
  BTF [M] drivers/media/i2c/saa6752hs.ko
  LD [M]  drivers/media/i2c/saa7115.ko
  LD [M]  drivers/media/i2c/saa717x.ko
  LD [M]  drivers/media/i2c/tda7432.ko
  LD [M]  drivers/media/i2c/sony-btf-mpx.ko
  LD [M]  drivers/media/i2c/tda9840.ko
  BTF [M] drivers/media/i2c/saa717x.ko
  BTF [M] drivers/media/i2c/tda7432.ko
  BTF [M] drivers/media/i2c/saa7115.ko
  BTF [M] drivers/media/i2c/tda9840.ko
  BTF [M] drivers/media/i2c/sony-btf-mpx.ko
  LD [M]  drivers/media/i2c/tea6415c.ko
  BTF [M] drivers/media/i2c/tea6415c.ko
  LD [M]  drivers/media/i2c/tea6420.ko
  BTF [M] drivers/media/i2c/tea6420.ko
  LD [M]  drivers/media/i2c/tvaudio.ko
  BTF [M] drivers/media/i2c/tvaudio.ko
  LD [M]  drivers/media/i2c/tvp5150.ko
  LD [M]  drivers/media/i2c/tw2804.ko
  BTF [M] drivers/media/i2c/tvp5150.ko
  LD [M]  drivers/media/i2c/tw9903.ko
  BTF [M] drivers/media/i2c/tw2804.ko
  BTF [M] drivers/media/i2c/tw9903.ko
  LD [M]  drivers/media/i2c/tw9906.ko
  LD [M]  drivers/media/i2c/uda1342.ko
  BTF [M] drivers/media/i2c/tw9906.ko
  BTF [M] drivers/media/i2c/uda1342.ko
  LD [M]  drivers/media/i2c/upd64031a.ko
  BTF [M] drivers/media/i2c/upd64031a.ko
  LD [M]  drivers/media/i2c/upd64083.ko
  BTF [M] drivers/media/i2c/upd64083.ko
  LD [M]  drivers/media/i2c/vp27smpx.ko
  BTF [M] drivers/media/i2c/vp27smpx.ko
  LD [M]  drivers/media/i2c/wm8739.ko
  BTF [M] drivers/media/i2c/wm8739.ko
  LD [M]  drivers/media/i2c/wm8775.ko
  LD [M]  drivers/media/tuners/e4000.ko
  LD [M]  drivers/media/tuners/fc0011.ko
  BTF [M] drivers/media/i2c/wm8775.ko
  BTF [M] drivers/media/tuners/fc0011.ko
  BTF [M] drivers/media/tuners/e4000.ko
  LD [M]  drivers/media/tuners/fc0012.ko
  BTF [M] drivers/media/tuners/fc0012.ko
  LD [M]  drivers/media/tuners/fc0013.ko
  BTF [M] drivers/media/tuners/fc0013.ko
  LD [M]  drivers/media/tuners/fc2580.ko
  LD [M]  drivers/media/tuners/it913x.ko
  BTF [M] drivers/media/tuners/fc2580.ko
  LD [M]  drivers/media/tuners/m88rs6000t.ko
  BTF [M] drivers/media/tuners/it913x.ko
  LD [M]  drivers/media/tuners/max2165.ko
  BTF [M] drivers/media/tuners/m88rs6000t.ko
  BTF [M] drivers/media/tuners/max2165.ko
  LD [M]  drivers/media/tuners/mc44s803.ko
  BTF [M] drivers/media/tuners/mc44s803.ko
  LD [M]  drivers/media/tuners/mt2060.ko
  LD [M]  drivers/media/tuners/mt2063.ko
  BTF [M] drivers/media/tuners/mt2060.ko
  LD [M]  drivers/media/tuners/mt20xx.ko
  BTF [M] drivers/media/tuners/mt2063.ko
  BTF [M] drivers/media/tuners/mt20xx.ko
  LD [M]  drivers/media/tuners/mt2131.ko
  LD [M]  drivers/media/tuners/mt2266.ko
  BTF [M] drivers/media/tuners/mt2131.ko
  BTF [M] drivers/media/tuners/mt2266.ko
  LD [M]  drivers/media/tuners/mxl301rf.ko
  LD [M]  drivers/media/tuners/mxl5005s.ko
  BTF [M] drivers/media/tuners/mxl301rf.ko
  BTF [M] drivers/media/tuners/mxl5005s.ko
  LD [M]  drivers/media/tuners/mxl5007t.ko
  BTF [M] drivers/media/tuners/mxl5007t.ko
  LD [M]  drivers/media/tuners/qm1d1b0004.ko
  BTF [M] drivers/media/tuners/qm1d1b0004.ko
  LD [M]  drivers/media/tuners/qm1d1c0042.ko
  BTF [M] drivers/media/tuners/qm1d1c0042.ko
  LD [M]  drivers/media/tuners/qt1010.ko
  BTF [M] drivers/media/tuners/qt1010.ko
  LD [M]  drivers/media/tuners/r820t.ko
  BTF [M] drivers/media/tuners/r820t.ko
  LD [M]  drivers/media/tuners/si2157.ko
  BTF [M] drivers/media/tuners/si2157.ko
  LD [M]  drivers/media/tuners/tuner-simple.ko
  BTF [M] drivers/media/tuners/tuner-simple.ko
  LD [M]  drivers/media/tuners/tuner-types.ko
  BTF [M] drivers/media/tuners/tuner-types.ko
  LD [M]  drivers/media/tuners/tda18212.ko
  LD [M]  drivers/media/tuners/tda18218.ko
  BTF [M] drivers/media/tuners/tda18212.ko
  BTF [M] drivers/media/tuners/tda18218.ko
  LD [M]  drivers/media/tuners/tda18250.ko
  LD [M]  drivers/media/tuners/tda18271.ko
  BTF [M] drivers/media/tuners/tda18250.ko
  BTF [M] drivers/media/tuners/tda18271.ko
  LD [M]  drivers/media/tuners/tda827x.ko
  LD [M]  drivers/media/tuners/tda8290.ko
  LD [M]  drivers/media/tuners/tda9887.ko
  BTF [M] drivers/media/tuners/tda8290.ko
  BTF [M] drivers/media/tuners/tda827x.ko
  BTF [M] drivers/media/tuners/tda9887.ko
  LD [M]  drivers/media/tuners/tea5761.ko
  BTF [M] drivers/media/tuners/tea5761.ko
  LD [M]  drivers/media/tuners/tea5767.ko
  BTF [M] drivers/media/tuners/tea5767.ko
  LD [M]  drivers/media/tuners/tua9001.ko
  BTF [M] drivers/media/tuners/tua9001.ko
  LD [M]  drivers/media/tuners/xc2028.ko
  LD [M]  drivers/media/tuners/xc4000.ko
  BTF [M] drivers/media/tuners/xc2028.ko
  BTF [M] drivers/media/tuners/xc4000.ko
  LD [M]  drivers/media/rc/keymaps/rc-adstech-dvb-t-pci.ko
  LD [M]  drivers/media/tuners/xc5000.ko
  BTF [M] drivers/media/rc/keymaps/rc-adstech-dvb-t-pci.ko
  BTF [M] drivers/media/tuners/xc5000.ko
  LD [M]  drivers/media/rc/keymaps/rc-alink-dtu-m.ko
  BTF [M] drivers/media/rc/keymaps/rc-alink-dtu-m.ko
  LD [M]  drivers/media/rc/keymaps/rc-anysee.ko
  BTF [M] drivers/media/rc/keymaps/rc-anysee.ko
  LD [M]  drivers/media/rc/keymaps/rc-apac-viewcomp.ko
  BTF [M] drivers/media/rc/keymaps/rc-apac-viewcomp.ko
  LD [M]  drivers/media/rc/keymaps/rc-astrometa-t2hybrid.ko
  BTF [M] drivers/media/rc/keymaps/rc-astrometa-t2hybrid.ko
  LD [M]  drivers/media/rc/keymaps/rc-asus-pc39.ko
  BTF [M] drivers/media/rc/keymaps/rc-asus-pc39.ko
  LD [M]  drivers/media/rc/keymaps/rc-asus-ps3-100.ko
  BTF [M] drivers/media/rc/keymaps/rc-asus-ps3-100.ko
  LD [M]  drivers/media/rc/keymaps/rc-ati-tv-wonder-hd-600.ko
  LD [M]  drivers/media/rc/keymaps/rc-ati-x10.ko
  LD [M]  drivers/media/rc/keymaps/rc-avermedia-a16d.ko
  BTF [M] drivers/media/rc/keymaps/rc-ati-x10.ko
  BTF [M] drivers/media/rc/keymaps/rc-ati-tv-wonder-hd-600.ko
  BTF [M] drivers/media/rc/keymaps/rc-avermedia-a16d.ko
  LD [M]  drivers/media/rc/keymaps/rc-avermedia-cardbus.ko
  LD [M]  drivers/media/rc/keymaps/rc-avermedia-dvbt.ko
  BTF [M] drivers/media/rc/keymaps/rc-avermedia-cardbus.ko
  BTF [M] drivers/media/rc/keymaps/rc-avermedia-dvbt.ko
  LD [M]  drivers/media/rc/keymaps/rc-avermedia-m135a.ko
  BTF [M] drivers/media/rc/keymaps/rc-avermedia-m135a.ko
  LD [M]  drivers/media/rc/keymaps/rc-avermedia-m733a-rm-k6.ko
  BTF [M] drivers/media/rc/keymaps/rc-avermedia-m733a-rm-k6.ko
  LD [M]  drivers/media/rc/keymaps/rc-avermedia.ko
  BTF [M] drivers/media/rc/keymaps/rc-avermedia.ko
  LD [M]  drivers/media/rc/keymaps/rc-avermedia-rm-ks.ko
  LD [M]  drivers/media/rc/keymaps/rc-avertv-303.ko
  BTF [M] drivers/media/rc/keymaps/rc-avermedia-rm-ks.ko
  LD [M]  drivers/media/rc/keymaps/rc-azurewave-ad-tu700.ko
  BTF [M] drivers/media/rc/keymaps/rc-azurewave-ad-tu700.ko
  BTF [M] drivers/media/rc/keymaps/rc-avertv-303.ko
  LD [M]  drivers/media/rc/keymaps/rc-beelink-gs1.ko
  LD [M]  drivers/media/rc/keymaps/rc-beelink-mxiii.ko
  LD [M]  drivers/media/rc/keymaps/rc-behold-columbus.ko
  BTF [M] drivers/media/rc/keymaps/rc-beelink-gs1.ko
  BTF [M] drivers/media/rc/keymaps/rc-beelink-mxiii.ko
  BTF [M] drivers/media/rc/keymaps/rc-behold-columbus.ko
  LD [M]  drivers/media/rc/keymaps/rc-behold.ko
  BTF [M] drivers/media/rc/keymaps/rc-behold.ko
  LD [M]  drivers/media/rc/keymaps/rc-budget-ci-old.ko
  LD [M]  drivers/media/rc/keymaps/rc-cinergy-1400.ko
  BTF [M] drivers/media/rc/keymaps/rc-budget-ci-old.ko
  LD [M]  drivers/media/rc/keymaps/rc-cinergy.ko
  BTF [M] drivers/media/rc/keymaps/rc-cinergy-1400.ko
  BTF [M] drivers/media/rc/keymaps/rc-cinergy.ko
  LD [M]  drivers/media/rc/keymaps/rc-ct-90405.ko
  LD [M]  drivers/media/rc/keymaps/rc-d680-dmb.ko
  BTF [M] drivers/media/rc/keymaps/rc-ct-90405.ko
  BTF [M] drivers/media/rc/keymaps/rc-d680-dmb.ko
  LD [M]  drivers/media/rc/keymaps/rc-delock-61959.ko
  LD [M]  drivers/media/rc/keymaps/rc-dib0700-nec.ko
  LD [M]  drivers/media/rc/keymaps/rc-dib0700-rc5.ko
  BTF [M] drivers/media/rc/keymaps/rc-delock-61959.ko
  BTF [M] drivers/media/rc/keymaps/rc-dib0700-nec.ko
  BTF [M] drivers/media/rc/keymaps/rc-dib0700-rc5.ko
  LD [M]  drivers/media/rc/keymaps/rc-digitalnow-tinytwin.ko
  BTF [M] drivers/media/rc/keymaps/rc-digitalnow-tinytwin.ko
  LD [M]  drivers/media/rc/keymaps/rc-digittrade.ko
  BTF [M] drivers/media/rc/keymaps/rc-digittrade.ko
  LD [M]  drivers/media/rc/keymaps/rc-dm1105-nec.ko
  BTF [M] drivers/media/rc/keymaps/rc-dm1105-nec.ko
  LD [M]  drivers/media/rc/keymaps/rc-dntv-live-dvbt-pro.ko
  LD [M]  drivers/media/rc/keymaps/rc-dreambox.ko
  LD [M]  drivers/media/rc/keymaps/rc-dntv-live-dvb-t.ko
  LD [M]  drivers/media/rc/keymaps/rc-dtt200u.ko
  BTF [M] drivers/media/rc/keymaps/rc-dreambox.ko
  BTF [M] drivers/media/rc/keymaps/rc-dntv-live-dvbt-pro.ko
  BTF [M] drivers/media/rc/keymaps/rc-dntv-live-dvb-t.ko
  BTF [M] drivers/media/rc/keymaps/rc-dtt200u.ko
  LD [M]  drivers/media/rc/keymaps/rc-dvbsky.ko
  BTF [M] drivers/media/rc/keymaps/rc-dvbsky.ko
  LD [M]  drivers/media/rc/keymaps/rc-dvico-mce.ko
  LD [M]  drivers/media/rc/keymaps/rc-em-terratec.ko
  LD [M]  drivers/media/rc/keymaps/rc-dvico-portable.ko
  BTF [M] drivers/media/rc/keymaps/rc-dvico-mce.ko
  BTF [M] drivers/media/rc/keymaps/rc-em-terratec.ko
  BTF [M] drivers/media/rc/keymaps/rc-dvico-portable.ko
  LD [M]  drivers/media/rc/keymaps/rc-encore-enltv2.ko
  LD [M]  drivers/media/rc/keymaps/rc-encore-enltv-fm53.ko
  LD [M]  drivers/media/rc/keymaps/rc-encore-enltv.ko
  BTF [M] drivers/media/rc/keymaps/rc-encore-enltv-fm53.ko
  BTF [M] drivers/media/rc/keymaps/rc-encore-enltv2.ko
  BTF [M] drivers/media/rc/keymaps/rc-encore-enltv.ko
  LD [M]  drivers/media/rc/keymaps/rc-evga-indtube.ko
  BTF [M] drivers/media/rc/keymaps/rc-evga-indtube.ko
  LD [M]  drivers/media/rc/keymaps/rc-eztv.ko
  BTF [M] drivers/media/rc/keymaps/rc-eztv.ko
  LD [M]  drivers/media/rc/keymaps/rc-flydvb.ko
  LD [M]  drivers/media/rc/keymaps/rc-flyvideo.ko
  BTF [M] drivers/media/rc/keymaps/rc-flydvb.ko
  LD [M]  drivers/media/rc/keymaps/rc-fusionhdtv-mce.ko
  BTF [M] drivers/media/rc/keymaps/rc-flyvideo.ko
  LD [M]  drivers/media/rc/keymaps/rc-gadmei-rm008z.ko
  LD [M]  drivers/media/rc/keymaps/rc-geekbox.ko
  BTF [M] drivers/media/rc/keymaps/rc-fusionhdtv-mce.ko
  LD [M]  drivers/media/rc/keymaps/rc-genius-tvgo-a11mce.ko
  BTF [M] drivers/media/rc/keymaps/rc-geekbox.ko
  BTF [M] drivers/media/rc/keymaps/rc-gadmei-rm008z.ko
  BTF [M] drivers/media/rc/keymaps/rc-genius-tvgo-a11mce.ko
  LD [M]  drivers/media/rc/keymaps/rc-gotview7135.ko
  LD [M]  drivers/media/rc/keymaps/rc-hauppauge.ko
  BTF [M] drivers/media/rc/keymaps/rc-gotview7135.ko
  BTF [M] drivers/media/rc/keymaps/rc-hauppauge.ko
  LD [M]  drivers/media/rc/keymaps/rc-hisi-poplar.ko
  LD [M]  drivers/media/rc/keymaps/rc-imon-mce.ko
  LD [M]  drivers/media/rc/keymaps/rc-hisi-tv-demo.ko
  BTF [M] drivers/media/rc/keymaps/rc-hisi-poplar.ko
  LD [M]  drivers/media/rc/keymaps/rc-imon-pad.ko
  BTF [M] drivers/media/rc/keymaps/rc-imon-mce.ko
  LD [M]  drivers/media/rc/keymaps/rc-imon-rsc.ko
  BTF [M] drivers/media/rc/keymaps/rc-hisi-tv-demo.ko
  LD [M]  drivers/media/rc/keymaps/rc-iodata-bctv7e.ko
  BTF [M] drivers/media/rc/keymaps/rc-imon-rsc.ko
  BTF [M] drivers/media/rc/keymaps/rc-imon-pad.ko
  BTF [M] drivers/media/rc/keymaps/rc-iodata-bctv7e.ko
  LD [M]  drivers/media/rc/keymaps/rc-it913x-v1.ko
  LD [M]  drivers/media/rc/keymaps/rc-it913x-v2.ko
  BTF [M] drivers/media/rc/keymaps/rc-it913x-v1.ko
  BTF [M] drivers/media/rc/keymaps/rc-it913x-v2.ko
  LD [M]  drivers/media/rc/keymaps/rc-kaiomy.ko
  LD [M]  drivers/media/rc/keymaps/rc-khadas.ko
  BTF [M] drivers/media/rc/keymaps/rc-kaiomy.ko
  BTF [M] drivers/media/rc/keymaps/rc-khadas.ko
  LD [M]  drivers/media/rc/keymaps/rc-khamsin.ko
  LD [M]  drivers/media/rc/keymaps/rc-kworld-315u.ko
  BTF [M] drivers/media/rc/keymaps/rc-khamsin.ko
  BTF [M] drivers/media/rc/keymaps/rc-kworld-315u.ko
  LD [M]  drivers/media/rc/keymaps/rc-kworld-pc150u.ko
  LD [M]  drivers/media/rc/keymaps/rc-kworld-plus-tv-analog.ko
  BTF [M] drivers/media/rc/keymaps/rc-kworld-pc150u.ko
  BTF [M] drivers/media/rc/keymaps/rc-kworld-plus-tv-analog.ko
  LD [M]  drivers/media/rc/keymaps/rc-leadtek-y04g0051.ko
  LD [M]  drivers/media/rc/keymaps/rc-lme2510.ko
  BTF [M] drivers/media/rc/keymaps/rc-leadtek-y04g0051.ko
  BTF [M] drivers/media/rc/keymaps/rc-lme2510.ko
  LD [M]  drivers/media/rc/keymaps/rc-manli.ko
  LD [M]  drivers/media/rc/keymaps/rc-mecool-kii-pro.ko
  LD [M]  drivers/media/rc/keymaps/rc-mecool-kiii-pro.ko
  BTF [M] drivers/media/rc/keymaps/rc-manli.ko
  BTF [M] drivers/media/rc/keymaps/rc-mecool-kiii-pro.ko
  BTF [M] drivers/media/rc/keymaps/rc-mecool-kii-pro.ko
  LD [M]  drivers/media/rc/keymaps/rc-medion-x10-digitainer.ko
  LD [M]  drivers/media/rc/keymaps/rc-medion-x10.ko
  BTF [M] drivers/media/rc/keymaps/rc-medion-x10-digitainer.ko
  BTF [M] drivers/media/rc/keymaps/rc-medion-x10.ko
  LD [M]  drivers/media/rc/keymaps/rc-medion-x10-or2x.ko
  LD [M]  drivers/media/rc/keymaps/rc-minix-neo.ko
  BTF [M] drivers/media/rc/keymaps/rc-medion-x10-or2x.ko
  LD [M]  drivers/media/rc/keymaps/rc-msi-digivox-iii.ko
  BTF [M] drivers/media/rc/keymaps/rc-minix-neo.ko
  BTF [M] drivers/media/rc/keymaps/rc-msi-digivox-iii.ko
  LD [M]  drivers/media/rc/keymaps/rc-msi-digivox-ii.ko
  LD [M]  drivers/media/rc/keymaps/rc-msi-tvanywhere.ko
  LD [M]  drivers/media/rc/keymaps/rc-msi-tvanywhere-plus.ko
  LD [M]  drivers/media/rc/keymaps/rc-mygica-utv3.ko
  BTF [M] drivers/media/rc/keymaps/rc-msi-tvanywhere.ko
  BTF [M] drivers/media/rc/keymaps/rc-msi-digivox-ii.ko
  LD [M]  drivers/media/rc/keymaps/rc-nebula.ko
  BTF [M] drivers/media/rc/keymaps/rc-msi-tvanywhere-plus.ko
  BTF [M] drivers/media/rc/keymaps/rc-mygica-utv3.ko
  BTF [M] drivers/media/rc/keymaps/rc-nebula.ko
  LD [M]  drivers/media/rc/keymaps/rc-nec-terratec-cinergy-xs.ko
  BTF [M] drivers/media/rc/keymaps/rc-nec-terratec-cinergy-xs.ko
  LD [M]  drivers/media/rc/keymaps/rc-norwood.ko
  LD [M]  drivers/media/rc/keymaps/rc-npgtech.ko
  BTF [M] drivers/media/rc/keymaps/rc-norwood.ko
  BTF [M] drivers/media/rc/keymaps/rc-npgtech.ko
  LD [M]  drivers/media/rc/keymaps/rc-odroid.ko
  BTF [M] drivers/media/rc/keymaps/rc-odroid.ko
  LD [M]  drivers/media/rc/keymaps/rc-pctv-sedna.ko
  BTF [M] drivers/media/rc/keymaps/rc-pctv-sedna.ko
  LD [M]  drivers/media/rc/keymaps/rc-pine64.ko
  LD [M]  drivers/media/rc/keymaps/rc-pinnacle-color.ko
  LD [M]  drivers/media/rc/keymaps/rc-pinnacle-pctv-hd.ko
  LD [M]  drivers/media/rc/keymaps/rc-pinnacle-grey.ko
  BTF [M] drivers/media/rc/keymaps/rc-pine64.ko
  LD [M]  drivers/media/rc/keymaps/rc-pixelview-002t.ko
  BTF [M] drivers/media/rc/keymaps/rc-pinnacle-pctv-hd.ko
  LD [M]  drivers/media/rc/keymaps/rc-pixelview-mk12.ko
  BTF [M] drivers/media/rc/keymaps/rc-pinnacle-grey.ko
  BTF [M] drivers/media/rc/keymaps/rc-pinnacle-color.ko
  BTF [M] drivers/media/rc/keymaps/rc-pixelview-002t.ko
  BTF [M] drivers/media/rc/keymaps/rc-pixelview-mk12.ko
  LD [M]  drivers/media/rc/keymaps/rc-pixelview.ko
  LD [M]  drivers/media/rc/keymaps/rc-pixelview-new.ko
  LD [M]  drivers/media/rc/keymaps/rc-powercolor-real-angel.ko
  BTF [M] drivers/media/rc/keymaps/rc-pixelview.ko
  BTF [M] drivers/media/rc/keymaps/rc-powercolor-real-angel.ko
  LD [M]  drivers/media/rc/keymaps/rc-proteus-2309.ko
  BTF [M] drivers/media/rc/keymaps/rc-pixelview-new.ko
  BTF [M] drivers/media/rc/keymaps/rc-proteus-2309.ko
  LD [M]  drivers/media/rc/keymaps/rc-purpletv.ko
  LD [M]  drivers/media/rc/keymaps/rc-pv951.ko
  BTF [M] drivers/media/rc/keymaps/rc-purpletv.ko
  BTF [M] drivers/media/rc/keymaps/rc-pv951.ko
  LD [M]  drivers/media/rc/keymaps/rc-rc6-mce.ko
  LD [M]  drivers/media/rc/keymaps/rc-real-audio-220-32-keys.ko
  BTF [M] drivers/media/rc/keymaps/rc-rc6-mce.ko
  BTF [M] drivers/media/rc/keymaps/rc-real-audio-220-32-keys.ko
  LD [M]  drivers/media/rc/keymaps/rc-reddo.ko
  BTF [M] drivers/media/rc/keymaps/rc-reddo.ko
  LD [M]  drivers/media/rc/keymaps/rc-siemens-gigaset-rc20.ko
  LD [M]  drivers/media/rc/keymaps/rc-snapstream-firefly.ko
  BTF [M] drivers/media/rc/keymaps/rc-siemens-gigaset-rc20.ko
  LD [M]  drivers/media/rc/keymaps/rc-streamzap.ko
  BTF [M] drivers/media/rc/keymaps/rc-snapstream-firefly.ko
  BTF [M] drivers/media/rc/keymaps/rc-streamzap.ko
  LD [M]  drivers/media/rc/keymaps/rc-su3000.ko
  BTF [M] drivers/media/rc/keymaps/rc-su3000.ko
  LD [M]  drivers/media/rc/keymaps/rc-tanix-tx3mini.ko
  LD [M]  drivers/media/rc/keymaps/rc-tbs-nec.ko
  LD [M]  drivers/media/rc/keymaps/rc-tanix-tx5max.ko
  BTF [M] drivers/media/rc/keymaps/rc-tanix-tx3mini.ko
  BTF [M] drivers/media/rc/keymaps/rc-tbs-nec.ko
  BTF [M] drivers/media/rc/keymaps/rc-tanix-tx5max.ko
  LD [M]  drivers/media/rc/keymaps/rc-technisat-ts35.ko
  BTF [M] drivers/media/rc/keymaps/rc-technisat-ts35.ko
  LD [M]  drivers/media/rc/keymaps/rc-technisat-usb2.ko
  LD [M]  drivers/media/rc/keymaps/rc-terratec-cinergy-c-pci.ko
  LD [M]  drivers/media/rc/keymaps/rc-terratec-cinergy-s2-hd.ko
  BTF [M] drivers/media/rc/keymaps/rc-terratec-cinergy-c-pci.ko
  BTF [M] drivers/media/rc/keymaps/rc-technisat-usb2.ko
  BTF [M] drivers/media/rc/keymaps/rc-terratec-cinergy-s2-hd.ko
  LD [M]  drivers/media/rc/keymaps/rc-terratec-cinergy-xs.ko
  LD [M]  drivers/media/rc/keymaps/rc-terratec-slim-2.ko
  BTF [M] drivers/media/rc/keymaps/rc-terratec-cinergy-xs.ko
  BTF [M] drivers/media/rc/keymaps/rc-terratec-slim-2.ko
  LD [M]  drivers/media/rc/keymaps/rc-terratec-slim.ko
  LD [M]  drivers/media/rc/keymaps/rc-tevii-nec.ko
  BTF [M] drivers/media/rc/keymaps/rc-terratec-slim.ko
  BTF [M] drivers/media/rc/keymaps/rc-tevii-nec.ko
  LD [M]  drivers/media/rc/keymaps/rc-tivo.ko
  LD [M]  drivers/media/rc/keymaps/rc-total-media-in-hand-02.ko
  BTF [M] drivers/media/rc/keymaps/rc-tivo.ko
  BTF [M] drivers/media/rc/keymaps/rc-total-media-in-hand-02.ko
  LD [M]  drivers/media/rc/keymaps/rc-total-media-in-hand.ko
  LD [M]  drivers/media/rc/keymaps/rc-trekstor.ko
  BTF [M] drivers/media/rc/keymaps/rc-total-media-in-hand.ko
  BTF [M] drivers/media/rc/keymaps/rc-trekstor.ko
  LD [M]  drivers/media/rc/keymaps/rc-tt-1500.ko
  LD [M]  drivers/media/rc/keymaps/rc-twinhan1027.ko
  BTF [M] drivers/media/rc/keymaps/rc-tt-1500.ko
  BTF [M] drivers/media/rc/keymaps/rc-twinhan1027.ko
  LD [M]  drivers/media/rc/keymaps/rc-twinhan-dtv-cab-ci.ko
  BTF [M] drivers/media/rc/keymaps/rc-twinhan-dtv-cab-ci.ko
  LD [M]  drivers/media/rc/keymaps/rc-vega-s9x.ko
  BTF [M] drivers/media/rc/keymaps/rc-vega-s9x.ko
  LD [M]  drivers/media/rc/keymaps/rc-videomate-m1f.ko
  LD [M]  drivers/media/rc/keymaps/rc-videomate-s350.ko
  BTF [M] drivers/media/rc/keymaps/rc-videomate-m1f.ko
  BTF [M] drivers/media/rc/keymaps/rc-videomate-s350.ko
  LD [M]  drivers/media/rc/keymaps/rc-videomate-tv-pvr.ko
  LD [M]  drivers/media/rc/keymaps/rc-videostrong-kii-pro.ko
  BTF [M] drivers/media/rc/keymaps/rc-videomate-tv-pvr.ko
  BTF [M] drivers/media/rc/keymaps/rc-videostrong-kii-pro.ko
  LD [M]  drivers/media/rc/keymaps/rc-wetek-hub.ko
  BTF [M] drivers/media/rc/keymaps/rc-wetek-hub.ko
  LD [M]  drivers/media/rc/keymaps/rc-wetek-play2.ko
  LD [M]  drivers/media/rc/keymaps/rc-winfast.ko
  BTF [M] drivers/media/rc/keymaps/rc-wetek-play2.ko
  BTF [M] drivers/media/rc/keymaps/rc-winfast.ko
  LD [M]  drivers/media/rc/keymaps/rc-winfast-usbii-deluxe.ko
  BTF [M] drivers/media/rc/keymaps/rc-winfast-usbii-deluxe.ko
  LD [M]  drivers/media/rc/keymaps/rc-x96max.ko
  LD [M]  drivers/media/rc/keymaps/rc-xbox-360.ko
  BTF [M] drivers/media/rc/keymaps/rc-x96max.ko
  BTF [M] drivers/media/rc/keymaps/rc-xbox-360.ko
  LD [M]  drivers/media/rc/keymaps/rc-xbox-dvd.ko
  LD [M]  drivers/media/rc/keymaps/rc-zx-irdec.ko
  BTF [M] drivers/media/rc/keymaps/rc-xbox-dvd.ko
  BTF [M] drivers/media/rc/keymaps/rc-zx-irdec.ko
  LD [M]  drivers/media/rc/rc-core.ko
  LD [M]  drivers/media/rc/ir-imon-decoder.ko
  LD [M]  drivers/media/rc/ir-jvc-decoder.ko
  BTF [M] drivers/media/rc/ir-imon-decoder.ko
  BTF [M] drivers/media/rc/ir-jvc-decoder.ko
  BTF [M] drivers/media/rc/rc-core.ko
  LD [M]  drivers/media/rc/ir-mce_kbd-decoder.ko
  LD [M]  drivers/media/rc/ir-nec-decoder.ko
  BTF [M] drivers/media/rc/ir-mce_kbd-decoder.ko
  BTF [M] drivers/media/rc/ir-nec-decoder.ko
  LD [M]  drivers/media/rc/ir-rc5-decoder.ko
  BTF [M] drivers/media/rc/ir-rc5-decoder.ko
  LD [M]  drivers/media/rc/ir-rc6-decoder.ko
  LD [M]  drivers/media/rc/ir-rcmm-decoder.ko
  BTF [M] drivers/media/rc/ir-rc6-decoder.ko
  BTF [M] drivers/media/rc/ir-rcmm-decoder.ko
  LD [M]  drivers/media/rc/ir-sanyo-decoder.ko
  LD [M]  drivers/media/rc/ir-sharp-decoder.ko
  LD [M]  drivers/media/rc/ir-sony-decoder.ko
  BTF [M] drivers/media/rc/ir-sanyo-decoder.ko
  BTF [M] drivers/media/rc/ir-sharp-decoder.ko
  BTF [M] drivers/media/rc/ir-sony-decoder.ko
  LD [M]  drivers/media/rc/ir-xmp-decoder.ko
  LD [M]  drivers/media/rc/ir-hix5hd2.ko
  BTF [M] drivers/media/rc/ir-xmp-decoder.ko
  BTF [M] drivers/media/rc/ir-hix5hd2.ko
  LD [M]  drivers/media/rc/igorplugusb.ko
  BTF [M] drivers/media/rc/igorplugusb.ko
  LD [M]  drivers/media/rc/iguanair.ko
  BTF [M] drivers/media/rc/iguanair.ko
  LD [M]  drivers/media/rc/imon.ko
  LD [M]  drivers/media/rc/imon_raw.ko
  LD [M]  drivers/media/rc/mceusb.ko
  LD [M]  drivers/media/rc/redrat3.ko
  BTF [M] drivers/media/rc/imon.ko
  BTF [M] drivers/media/rc/imon_raw.ko
  BTF [M] drivers/media/rc/mceusb.ko
  BTF [M] drivers/media/rc/redrat3.ko
  LD [M]  drivers/media/rc/streamzap.ko
  BTF [M] drivers/media/rc/streamzap.ko
  LD [M]  drivers/media/rc/ir_toy.ko
  BTF [M] drivers/media/rc/ir_toy.ko
  LD [M]  drivers/media/rc/ttusbir.ko
  BTF [M] drivers/media/rc/ttusbir.ko
  LD [M]  drivers/media/rc/ati_remote.ko
  LD [M]  drivers/media/rc/rc-loopback.ko
  BTF [M] drivers/media/rc/ati_remote.ko
  BTF [M] drivers/media/rc/rc-loopback.ko
  LD [M]  drivers/media/common/b2c2/b2c2-flexcop.ko
  LD [M]  drivers/media/common/siano/smsmdtv.ko
  LD [M]  drivers/media/common/siano/smsdvb.ko
  LD [M]  drivers/media/common/videobuf2/videobuf2-common.ko
  BTF [M] drivers/media/common/siano/smsdvb.ko
  BTF [M] drivers/media/common/siano/smsmdtv.ko
  BTF [M] drivers/media/common/b2c2/b2c2-flexcop.ko
  BTF [M] drivers/media/common/videobuf2/videobuf2-common.ko
  LD [M]  drivers/media/common/videobuf2/videobuf2-dma-contig.ko
  BTF [M] drivers/media/common/videobuf2/videobuf2-dma-contig.ko
  LD [M]  drivers/media/common/videobuf2/videobuf2-dma-sg.ko
  BTF [M] drivers/media/common/videobuf2/videobuf2-dma-sg.ko
  LD [M]  drivers/media/common/videobuf2/videobuf2-memops.ko
  LD [M]  drivers/media/common/videobuf2/videobuf2-v4l2.ko
  BTF [M] drivers/media/common/videobuf2/videobuf2-memops.ko
  BTF [M] drivers/media/common/videobuf2/videobuf2-v4l2.ko
  LD [M]  drivers/media/common/videobuf2/videobuf2-vmalloc.ko
  BTF [M] drivers/media/common/videobuf2/videobuf2-vmalloc.ko
  LD [M]  drivers/media/common/cypress_firmware.ko
  BTF [M] drivers/media/common/cypress_firmware.ko
  LD [M]  drivers/media/common/ttpci-eeprom.ko
  BTF [M] drivers/media/common/ttpci-eeprom.ko
  LD [M]  drivers/media/common/uvc.ko
  LD [M]  drivers/media/common/cx2341x.ko
  LD [M]  drivers/media/common/tveeprom.ko
  BTF [M] drivers/media/common/uvc.ko
  BTF [M] drivers/media/common/cx2341x.ko
  BTF [M] drivers/media/common/tveeprom.ko
  LD [M]  drivers/media/platform/apple/isp/apple-isp.ko
  BTF [M] drivers/media/platform/apple/isp/apple-isp.ko
  LD [M]  drivers/media/platform/apple/avd/apple-avd.ko
  LD [M]  drivers/media/usb/b2c2/b2c2-flexcop-usb.ko
  BTF [M] drivers/media/usb/b2c2/b2c2-flexcop-usb.ko
  LD [M]  drivers/media/usb/dvb-usb/dvb-usb.ko
  BTF [M] drivers/media/platform/apple/avd/apple-avd.ko
  LD [M]  drivers/media/usb/dvb-usb/dvb-usb-vp7045.ko
  BTF [M] drivers/media/usb/dvb-usb/dvb-usb.ko
  LD [M]  drivers/media/usb/dvb-usb/dvb-usb-vp702x.ko
  LD [M]  drivers/media/usb/dvb-usb/dvb-usb-gp8psk.ko
  BTF [M] drivers/media/usb/dvb-usb/dvb-usb-vp7045.ko
  BTF [M] drivers/media/usb/dvb-usb/dvb-usb-vp702x.ko
  BTF [M] drivers/media/usb/dvb-usb/dvb-usb-gp8psk.ko
  LD [M]  drivers/media/usb/dvb-usb/dvb-usb-dtt200u.ko
  BTF [M] drivers/media/usb/dvb-usb/dvb-usb-dtt200u.ko
  LD [M]  drivers/media/usb/dvb-usb/dvb-usb-dibusb-common.ko
  BTF [M] drivers/media/usb/dvb-usb/dvb-usb-dibusb-common.ko
  LD [M]  drivers/media/usb/dvb-usb/dvb-usb-dibusb-mc-common.ko
  BTF [M] drivers/media/usb/dvb-usb/dvb-usb-dibusb-mc-common.ko
  LD [M]  drivers/media/usb/dvb-usb/dvb-usb-dibusb-mb.ko
  LD [M]  drivers/media/usb/dvb-usb/dvb-usb-a800.ko
  BTF [M] drivers/media/usb/dvb-usb/dvb-usb-dibusb-mb.ko
  BTF [M] drivers/media/usb/dvb-usb/dvb-usb-a800.ko
  LD [M]  drivers/media/usb/dvb-usb/dvb-usb-dibusb-mc.ko
  LD [M]  drivers/media/usb/dvb-usb/dvb-usb-nova-t-usb2.ko
  LD [M]  drivers/media/usb/dvb-usb/dvb-usb-umt-010.ko
  BTF [M] drivers/media/usb/dvb-usb/dvb-usb-nova-t-usb2.ko
  BTF [M] drivers/media/usb/dvb-usb/dvb-usb-dibusb-mc.ko
  BTF [M] drivers/media/usb/dvb-usb/dvb-usb-umt-010.ko
  LD [M]  drivers/media/usb/dvb-usb/dvb-usb-m920x.ko
  LD [M]  drivers/media/usb/dvb-usb/dvb-usb-digitv.ko
  BTF [M] drivers/media/usb/dvb-usb/dvb-usb-m920x.ko
  BTF [M] drivers/media/usb/dvb-usb/dvb-usb-digitv.ko
  LD [M]  drivers/media/usb/dvb-usb/dvb-usb-cxusb.ko
  BTF [M] drivers/media/usb/dvb-usb/dvb-usb-cxusb.ko
  LD [M]  drivers/media/usb/dvb-usb/dvb-usb-ttusb2.ko
  LD [M]  drivers/media/usb/dvb-usb/dvb-usb-dib0700.ko
  BTF [M] drivers/media/usb/dvb-usb/dvb-usb-ttusb2.ko
  BTF [M] drivers/media/usb/dvb-usb/dvb-usb-dib0700.ko
  LD [M]  drivers/media/usb/dvb-usb/dvb-usb-opera.ko
  BTF [M] drivers/media/usb/dvb-usb/dvb-usb-opera.ko
  LD [M]  drivers/media/usb/dvb-usb/dvb-usb-af9005.ko
  LD [M]  drivers/media/usb/dvb-usb/dvb-usb-af9005-remote.ko
  LD [M]  drivers/media/usb/dvb-usb/dvb-usb-pctv452e.ko
  BTF [M] drivers/media/usb/dvb-usb/dvb-usb-af9005-remote.ko
  LD [M]  drivers/media/usb/dvb-usb/dvb-usb-dw2102.ko
  LD [M]  drivers/media/usb/dvb-usb/dvb-usb-dtv5100.ko
  BTF [M] drivers/media/usb/dvb-usb/dvb-usb-af9005.ko
  BTF [M] drivers/media/usb/dvb-usb/dvb-usb-pctv452e.ko
  BTF [M] drivers/media/usb/dvb-usb/dvb-usb-dtv5100.ko
  BTF [M] drivers/media/usb/dvb-usb/dvb-usb-dw2102.ko
  LD [M]  drivers/media/usb/dvb-usb/dvb-usb-cinergyT2.ko
  LD [M]  drivers/media/usb/dvb-usb/dvb-usb-az6027.ko
  BTF [M] drivers/media/usb/dvb-usb/dvb-usb-cinergyT2.ko
  LD [M]  drivers/media/usb/dvb-usb/dvb-usb-technisat-usb2.ko
  BTF [M] drivers/media/usb/dvb-usb/dvb-usb-az6027.ko
  BTF [M] drivers/media/usb/dvb-usb/dvb-usb-technisat-usb2.ko
  LD [M]  drivers/media/usb/dvb-usb-v2/dvb_usb_v2.ko
  BTF [M] drivers/media/usb/dvb-usb-v2/dvb_usb_v2.ko
  LD [M]  drivers/media/usb/dvb-usb-v2/dvb-usb-af9015.ko
  LD [M]  drivers/media/usb/dvb-usb-v2/dvb-usb-af9035.ko
  BTF [M] drivers/media/usb/dvb-usb-v2/dvb-usb-af9015.ko
  LD [M]  drivers/media/usb/dvb-usb-v2/dvb-usb-anysee.ko
  LD [M]  drivers/media/usb/dvb-usb-v2/dvb-usb-au6610.ko
  BTF [M] drivers/media/usb/dvb-usb-v2/dvb-usb-af9035.ko
  BTF [M] drivers/media/usb/dvb-usb-v2/dvb-usb-anysee.ko
  BTF [M] drivers/media/usb/dvb-usb-v2/dvb-usb-au6610.ko
  LD [M]  drivers/media/usb/dvb-usb-v2/dvb-usb-az6007.ko
  LD [M]  drivers/media/usb/dvb-usb-v2/dvb-usb-ec168.ko
  LD [M]  drivers/media/usb/dvb-usb-v2/dvb-usb-ce6230.ko
  BTF [M] drivers/media/usb/dvb-usb-v2/dvb-usb-az6007.ko
  BTF [M] drivers/media/usb/dvb-usb-v2/dvb-usb-ce6230.ko
  BTF [M] drivers/media/usb/dvb-usb-v2/dvb-usb-ec168.ko
  LD [M]  drivers/media/usb/dvb-usb-v2/dvb-usb-lmedm04.ko
  BTF [M] drivers/media/usb/dvb-usb-v2/dvb-usb-lmedm04.ko
  LD [M]  drivers/media/usb/dvb-usb-v2/dvb-usb-gl861.ko
  BTF [M] drivers/media/usb/dvb-usb-v2/dvb-usb-gl861.ko
  LD [M]  drivers/media/usb/dvb-usb-v2/dvb-usb-mxl111sf.ko
  LD [M]  drivers/media/usb/dvb-usb-v2/mxl111sf-demod.ko
  LD [M]  drivers/media/usb/dvb-usb-v2/mxl111sf-tuner.ko
  BTF [M] drivers/media/usb/dvb-usb-v2/mxl111sf-demod.ko
  BTF [M] drivers/media/usb/dvb-usb-v2/mxl111sf-tuner.ko
  BTF [M] drivers/media/usb/dvb-usb-v2/dvb-usb-mxl111sf.ko
  LD [M]  drivers/media/usb/dvb-usb-v2/dvb-usb-rtl28xxu.ko
  LD [M]  drivers/media/usb/dvb-usb-v2/dvb-usb-dvbsky.ko
  BTF [M] drivers/media/usb/dvb-usb-v2/dvb-usb-rtl28xxu.ko
  BTF [M] drivers/media/usb/dvb-usb-v2/dvb-usb-dvbsky.ko
  LD [M]  drivers/media/usb/dvb-usb-v2/zd1301.ko
  BTF [M] drivers/media/usb/dvb-usb-v2/zd1301.ko
  LD [M]  drivers/media/usb/s2255/s2255drv.ko
  LD [M]  drivers/media/usb/siano/smsusb.ko
  BTF [M] drivers/media/usb/s2255/s2255drv.ko
  BTF [M] drivers/media/usb/siano/smsusb.ko
  LD [M]  drivers/media/usb/ttusb-dec/ttusb_dec.ko
  LD [M]  drivers/media/usb/ttusb-budget/dvb-ttusb-budget.ko
  BTF [M] drivers/media/usb/ttusb-budget/dvb-ttusb-budget.ko
  BTF [M] drivers/media/usb/ttusb-dec/ttusb_dec.ko
  LD [M]  drivers/media/usb/ttusb-dec/ttusbdecfe.ko
  LD [M]  drivers/media/usb/as102/dvb-as102.ko
  BTF [M] drivers/media/usb/ttusb-dec/ttusbdecfe.ko
  LD [M]  drivers/media/usb/airspy/airspy.ko
  BTF [M] drivers/media/usb/as102/dvb-as102.ko
  BTF [M] drivers/media/usb/airspy/airspy.ko
  LD [M]  drivers/media/usb/gspca/gspca_main.ko
  BTF [M] drivers/media/usb/gspca/gspca_main.ko
  LD [M]  drivers/media/usb/gspca/gspca_benq.ko
  BTF [M] drivers/media/usb/gspca/gspca_benq.ko
  LD [M]  drivers/media/usb/gspca/gspca_conex.ko
  LD [M]  drivers/media/usb/gspca/gspca_cpia1.ko
  BTF [M] drivers/media/usb/gspca/gspca_conex.ko
  LD [M]  drivers/media/usb/gspca/gspca_dtcs033.ko
  BTF [M] drivers/media/usb/gspca/gspca_cpia1.ko
  BTF [M] drivers/media/usb/gspca/gspca_dtcs033.ko
  LD [M]  drivers/media/usb/gspca/gspca_etoms.ko
  BTF [M] drivers/media/usb/gspca/gspca_etoms.ko
  LD [M]  drivers/media/usb/gspca/gspca_finepix.ko
  LD [M]  drivers/media/usb/gspca/gspca_jeilinj.ko
  LD [M]  drivers/media/usb/gspca/gspca_jl2005bcd.ko
  BTF [M] drivers/media/usb/gspca/gspca_finepix.ko
  BTF [M] drivers/media/usb/gspca/gspca_jeilinj.ko
  BTF [M] drivers/media/usb/gspca/gspca_jl2005bcd.ko
  LD [M]  drivers/media/usb/gspca/gspca_kinect.ko
  BTF [M] drivers/media/usb/gspca/gspca_kinect.ko
  LD [M]  drivers/media/usb/gspca/gspca_konica.ko
  BTF [M] drivers/media/usb/gspca/gspca_konica.ko
  LD [M]  drivers/media/usb/gspca/gspca_mars.ko
  LD [M]  drivers/media/usb/gspca/gspca_mr97310a.ko
  LD [M]  drivers/media/usb/gspca/gspca_nw80x.ko
  BTF [M] drivers/media/usb/gspca/gspca_mars.ko
  BTF [M] drivers/media/usb/gspca/gspca_mr97310a.ko
  BTF [M] drivers/media/usb/gspca/gspca_nw80x.ko
  LD [M]  drivers/media/usb/gspca/gspca_ov519.ko
  LD [M]  drivers/media/usb/gspca/gspca_ov534.ko
  LD [M]  drivers/media/usb/gspca/gspca_ov534_9.ko
  BTF [M] drivers/media/usb/gspca/gspca_ov519.ko
  BTF [M] drivers/media/usb/gspca/gspca_ov534.ko
  BTF [M] drivers/media/usb/gspca/gspca_ov534_9.ko
  LD [M]  drivers/media/usb/gspca/gspca_pac207.ko
  BTF [M] drivers/media/usb/gspca/gspca_pac207.ko
  LD [M]  drivers/media/usb/gspca/gspca_pac7302.ko
  BTF [M] drivers/media/usb/gspca/gspca_pac7302.ko
  LD [M]  drivers/media/usb/gspca/gspca_pac7311.ko
  LD [M]  drivers/media/usb/gspca/gspca_se401.ko
  LD [M]  drivers/media/usb/gspca/gspca_sn9c2028.ko
  BTF [M] drivers/media/usb/gspca/gspca_pac7311.ko
  BTF [M] drivers/media/usb/gspca/gspca_se401.ko
  BTF [M] drivers/media/usb/gspca/gspca_sn9c2028.ko
  LD [M]  drivers/media/usb/gspca/gspca_sn9c20x.ko
  BTF [M] drivers/media/usb/gspca/gspca_sn9c20x.ko
  LD [M]  drivers/media/usb/gspca/gspca_sonixb.ko
  LD [M]  drivers/media/usb/gspca/gspca_sonixj.ko
  BTF [M] drivers/media/usb/gspca/gspca_sonixb.ko
  BTF [M] drivers/media/usb/gspca/gspca_sonixj.ko
  LD [M]  drivers/media/usb/gspca/gspca_spca500.ko
  LD [M]  drivers/media/usb/gspca/gspca_spca501.ko
  BTF [M] drivers/media/usb/gspca/gspca_spca500.ko
  LD [M]  drivers/media/usb/gspca/gspca_spca505.ko
  LD [M]  drivers/media/usb/gspca/gspca_spca506.ko
  BTF [M] drivers/media/usb/gspca/gspca_spca501.ko
  BTF [M] drivers/media/usb/gspca/gspca_spca505.ko
  BTF [M] drivers/media/usb/gspca/gspca_spca506.ko
  LD [M]  drivers/media/usb/gspca/gspca_spca508.ko
  BTF [M] drivers/media/usb/gspca/gspca_spca508.ko
  LD [M]  drivers/media/usb/gspca/gspca_spca561.ko
  BTF [M] drivers/media/usb/gspca/gspca_spca561.ko
  LD [M]  drivers/media/usb/gspca/gspca_spca1528.ko
  LD [M]  drivers/media/usb/gspca/gspca_sq905.ko
  BTF [M] drivers/media/usb/gspca/gspca_spca1528.ko
  LD [M]  drivers/media/usb/gspca/gspca_sq905c.ko
  LD [M]  drivers/media/usb/gspca/gspca_sq930x.ko
  BTF [M] drivers/media/usb/gspca/gspca_sq905.ko
  BTF [M] drivers/media/usb/gspca/gspca_sq930x.ko
  LD [M]  drivers/media/usb/gspca/gspca_sunplus.ko
  BTF [M] drivers/media/usb/gspca/gspca_sq905c.ko
  BTF [M] drivers/media/usb/gspca/gspca_sunplus.ko
  LD [M]  drivers/media/usb/gspca/gspca_stk014.ko
  LD [M]  drivers/media/usb/gspca/gspca_stk1135.ko
  BTF [M] drivers/media/usb/gspca/gspca_stk014.ko
  BTF [M] drivers/media/usb/gspca/gspca_stk1135.ko
  LD [M]  drivers/media/usb/gspca/gspca_stv0680.ko
  BTF [M] drivers/media/usb/gspca/gspca_stv0680.ko
  LD [M]  drivers/media/usb/gspca/gspca_t613.ko
  LD [M]  drivers/media/usb/gspca/gspca_topro.ko
  LD [M]  drivers/media/usb/gspca/gspca_touptek.ko
  BTF [M] drivers/media/usb/gspca/gspca_topro.ko
  BTF [M] drivers/media/usb/gspca/gspca_t613.ko
  BTF [M] drivers/media/usb/gspca/gspca_touptek.ko
  LD [M]  drivers/media/usb/gspca/gspca_tv8532.ko
  LD [M]  drivers/media/usb/gspca/gspca_vc032x.ko
  BTF [M] drivers/media/usb/gspca/gspca_tv8532.ko
  LD [M]  drivers/media/usb/gspca/gspca_vicam.ko
  BTF [M] drivers/media/usb/gspca/gspca_vc032x.ko
  LD [M]  drivers/media/usb/gspca/gspca_xirlink_cit.ko
  BTF [M] drivers/media/usb/gspca/gspca_vicam.ko
  BTF [M] drivers/media/usb/gspca/gspca_xirlink_cit.ko
  LD [M]  drivers/media/usb/gspca/gspca_zc3xx.ko
  BTF [M] drivers/media/usb/gspca/gspca_zc3xx.ko
  LD [M]  drivers/media/usb/gspca/m5602/gspca_m5602.ko
  LD [M]  drivers/media/usb/gspca/stv06xx/gspca_stv06xx.ko
  LD [M]  drivers/media/usb/hackrf/hackrf.ko
  LD [M]  drivers/media/usb/gspca/gl860/gspca_gl860.ko
  BTF [M] drivers/media/usb/gspca/m5602/gspca_m5602.ko
  LD [M]  drivers/media/usb/pwc/pwc.ko
  BTF [M] drivers/media/usb/gspca/stv06xx/gspca_stv06xx.ko
  LD [M]  drivers/media/usb/uvc/uvcvideo.ko
  BTF [M] drivers/media/usb/hackrf/hackrf.ko
  BTF [M] drivers/media/usb/gspca/gl860/gspca_gl860.ko
  BTF [M] drivers/media/usb/uvc/uvcvideo.ko
  BTF [M] drivers/media/usb/pwc/pwc.ko
  LD [M]  drivers/media/usb/au0828/au0828.ko
  LD [M]  drivers/media/usb/cx231xx/cx231xx.ko
  BTF [M] drivers/media/usb/au0828/au0828.ko
  BTF [M] drivers/media/usb/cx231xx/cx231xx.ko
  LD [M]  drivers/media/usb/cx231xx/cx231xx-alsa.ko
  LD [M]  drivers/media/usb/cx231xx/cx231xx-dvb.ko
  LD [M]  drivers/media/usb/em28xx/em28xx.ko
  BTF [M] drivers/media/usb/cx231xx/cx231xx-alsa.ko
  BTF [M] drivers/media/usb/cx231xx/cx231xx-dvb.ko
  LD [M]  drivers/media/usb/em28xx/em28xx-v4l.ko
  BTF [M] drivers/media/usb/em28xx/em28xx-v4l.ko
  BTF [M] drivers/media/usb/em28xx/em28xx.ko
  LD [M]  drivers/media/usb/em28xx/em28xx-alsa.ko
  LD [M]  drivers/media/usb/em28xx/em28xx-dvb.ko
  BTF [M] drivers/media/usb/em28xx/em28xx-alsa.ko
  BTF [M] drivers/media/usb/em28xx/em28xx-dvb.ko
  LD [M]  drivers/media/usb/em28xx/em28xx-rc.ko
  BTF [M] drivers/media/usb/em28xx/em28xx-rc.ko
  LD [M]  drivers/media/usb/go7007/go7007.ko
  BTF [M] drivers/media/usb/go7007/go7007.ko
  LD [M]  drivers/media/usb/go7007/go7007-usb.ko
  LD [M]  drivers/media/usb/go7007/go7007-loader.ko
  LD [M]  drivers/media/usb/go7007/s2250.ko
  BTF [M] drivers/media/usb/go7007/go7007-usb.ko
  BTF [M] drivers/media/usb/go7007/go7007-loader.ko
  BTF [M] drivers/media/usb/go7007/s2250.ko
  LD [M]  drivers/media/usb/pvrusb2/pvrusb2.ko
  LD [M]  drivers/media/usb/hdpvr/hdpvr.ko
  LD [M]  drivers/media/usb/stk1160/stk1160.ko
  BTF [M] drivers/media/usb/stk1160/stk1160.ko
  BTF [M] drivers/media/usb/hdpvr/hdpvr.ko
  BTF [M] drivers/media/usb/pvrusb2/pvrusb2.ko
  LD [M]  drivers/media/usb/usbtv/usbtv.ko
  BTF [M] drivers/media/usb/usbtv/usbtv.ko
  LD [M]  drivers/media/dvb-frontends/a8293.ko
  LD [M]  drivers/media/dvb-frontends/af9013.ko
  BTF [M] drivers/media/dvb-frontends/a8293.ko
  BTF [M] drivers/media/dvb-frontends/af9013.ko
  LD [M]  drivers/media/dvb-frontends/af9033.ko
  BTF [M] drivers/media/dvb-frontends/af9033.ko
  LD [M]  drivers/media/dvb-frontends/as102_fe.ko
  BTF [M] drivers/media/dvb-frontends/as102_fe.ko
  LD [M]  drivers/media/dvb-frontends/atbm8830.ko
  BTF [M] drivers/media/dvb-frontends/atbm8830.ko
  LD [M]  drivers/media/dvb-frontends/au8522_common.ko
  BTF [M] drivers/media/dvb-frontends/au8522_common.ko
  LD [M]  drivers/media/dvb-frontends/au8522_dig.ko
  LD [M]  drivers/media/dvb-frontends/au8522_decoder.ko
  BTF [M] drivers/media/dvb-frontends/au8522_dig.ko
  BTF [M] drivers/media/dvb-frontends/au8522_decoder.ko
  LD [M]  drivers/media/dvb-frontends/bcm3510.ko
  BTF [M] drivers/media/dvb-frontends/bcm3510.ko
  LD [M]  drivers/media/dvb-frontends/cx22700.ko
  LD [M]  drivers/media/dvb-frontends/cx22702.ko
  BTF [M] drivers/media/dvb-frontends/cx22702.ko
  LD [M]  drivers/media/dvb-frontends/cx24110.ko
  BTF [M] drivers/media/dvb-frontends/cx22700.ko
  BTF [M] drivers/media/dvb-frontends/cx24110.ko
  LD [M]  drivers/media/dvb-frontends/cx24116.ko
  BTF [M] drivers/media/dvb-frontends/cx24116.ko
  LD [M]  drivers/media/dvb-frontends/cx24117.ko
  BTF [M] drivers/media/dvb-frontends/cx24117.ko
  LD [M]  drivers/media/dvb-frontends/cx24120.ko
  BTF [M] drivers/media/dvb-frontends/cx24120.ko
  LD [M]  drivers/media/dvb-frontends/cx24123.ko
  LD [M]  drivers/media/dvb-frontends/cxd2099.ko
  BTF [M] drivers/media/dvb-frontends/cx24123.ko
  LD [M]  drivers/media/dvb-frontends/cxd2820r.ko
  BTF [M] drivers/media/dvb-frontends/cxd2099.ko
  BTF [M] drivers/media/dvb-frontends/cxd2820r.ko
  LD [M]  drivers/media/dvb-frontends/cxd2841er.ko
  LD [M]  drivers/media/dvb-frontends/dib3000mb.ko
  BTF [M] drivers/media/dvb-frontends/cxd2841er.ko
  BTF [M] drivers/media/dvb-frontends/dib3000mb.ko
  LD [M]  drivers/media/dvb-frontends/dib3000mc.ko
  BTF [M] drivers/media/dvb-frontends/dib3000mc.ko
  LD [M]  drivers/media/dvb-frontends/dibx000_common.ko
  BTF [M] drivers/media/dvb-frontends/dibx000_common.ko
  LD [M]  drivers/media/dvb-frontends/dib7000m.ko
  BTF [M] drivers/media/dvb-frontends/dib7000m.ko
  LD [M]  drivers/media/dvb-frontends/dib7000p.ko
  BTF [M] drivers/media/dvb-frontends/dib7000p.ko
  LD [M]  drivers/media/dvb-frontends/dib8000.ko
  LD [M]  drivers/media/dvb-frontends/drx39xyj/drx39xyj.ko
  BTF [M] drivers/media/dvb-frontends/dib8000.ko
  BTF [M] drivers/media/dvb-frontends/drx39xyj/drx39xyj.ko
  LD [M]  drivers/media/dvb-frontends/drxd.ko
  BTF [M] drivers/media/dvb-frontends/drxd.ko
  LD [M]  drivers/media/dvb-frontends/drxk.ko
  BTF [M] drivers/media/dvb-frontends/drxk.ko
  LD [M]  drivers/media/dvb-frontends/ds3000.ko
  BTF [M] drivers/media/dvb-frontends/ds3000.ko
  LD [M]  drivers/media/dvb-frontends/ec100.ko
  BTF [M] drivers/media/dvb-frontends/ec100.ko
  LD [M]  drivers/media/dvb-frontends/gp8psk-fe.ko
  BTF [M] drivers/media/dvb-frontends/gp8psk-fe.ko
  LD [M]  drivers/media/dvb-frontends/isl6405.ko
  BTF [M] drivers/media/dvb-frontends/isl6405.ko
  LD [M]  drivers/media/dvb-frontends/isl6421.ko
  LD [M]  drivers/media/dvb-frontends/isl6423.ko
  LD [M]  drivers/media/dvb-frontends/ix2505v.ko
  BTF [M] drivers/media/dvb-frontends/isl6421.ko
  LD [M]  drivers/media/dvb-frontends/l64781.ko
  LD [M]  drivers/media/dvb-frontends/lg2160.ko
  BTF [M] drivers/media/dvb-frontends/isl6423.ko
  BTF [M] drivers/media/dvb-frontends/ix2505v.ko
  LD [M]  drivers/media/dvb-frontends/lgdt3305.ko
  BTF [M] drivers/media/dvb-frontends/l64781.ko
  BTF [M] drivers/media/dvb-frontends/lg2160.ko
  BTF [M] drivers/media/dvb-frontends/lgdt3305.ko
  LD [M]  drivers/media/dvb-frontends/lgdt3306a.ko
  LD [M]  drivers/media/dvb-frontends/lgdt330x.ko
  BTF [M] drivers/media/dvb-frontends/lgdt3306a.ko
  BTF [M] drivers/media/dvb-frontends/lgdt330x.ko
  LD [M]  drivers/media/dvb-frontends/lgs8gxx.ko
  LD [M]  drivers/media/dvb-frontends/lnbh25.ko
  BTF [M] drivers/media/dvb-frontends/lnbh25.ko
  BTF [M] drivers/media/dvb-frontends/lgs8gxx.ko
  LD [M]  drivers/media/dvb-frontends/lnbp21.ko
  BTF [M] drivers/media/dvb-frontends/lnbp21.ko
  LD [M]  drivers/media/dvb-frontends/lnbp22.ko
  LD [M]  drivers/media/dvb-frontends/m88ds3103.ko
  LD [M]  drivers/media/dvb-frontends/m88rs2000.ko
  BTF [M] drivers/media/dvb-frontends/lnbp22.ko
  BTF [M] drivers/media/dvb-frontends/m88rs2000.ko
  BTF [M] drivers/media/dvb-frontends/m88ds3103.ko
  LD [M]  drivers/media/dvb-frontends/mb86a16.ko
  LD [M]  drivers/media/dvb-frontends/mb86a20s.ko
  BTF [M] drivers/media/dvb-frontends/mb86a20s.ko
  BTF [M] drivers/media/dvb-frontends/mb86a16.ko
  LD [M]  drivers/media/dvb-frontends/mn88472.ko
  LD [M]  drivers/media/dvb-frontends/mn88473.ko
  BTF [M] drivers/media/dvb-frontends/mn88472.ko
  BTF [M] drivers/media/dvb-frontends/mn88473.ko
  LD [M]  drivers/media/dvb-frontends/mt312.ko
  LD [M]  drivers/media/dvb-frontends/mt352.ko
  BTF [M] drivers/media/dvb-frontends/mt312.ko
  LD [M]  drivers/media/dvb-frontends/mxl5xx.ko
  LD [M]  drivers/media/dvb-frontends/mxl692.ko
  BTF [M] drivers/media/dvb-frontends/mt352.ko
  BTF [M] drivers/media/dvb-frontends/mxl5xx.ko
  BTF [M] drivers/media/dvb-frontends/mxl692.ko
  LD [M]  drivers/media/dvb-frontends/nxt200x.ko
  BTF [M] drivers/media/dvb-frontends/nxt200x.ko
  LD [M]  drivers/media/dvb-frontends/nxt6000.ko
  BTF [M] drivers/media/dvb-frontends/nxt6000.ko
  LD [M]  drivers/media/dvb-frontends/or51132.ko
  LD [M]  drivers/media/dvb-frontends/or51211.ko
  LD [M]  drivers/media/dvb-frontends/dvb-pll.ko
  BTF [M] drivers/media/dvb-frontends/or51211.ko
  BTF [M] drivers/media/dvb-frontends/or51132.ko
  BTF [M] drivers/media/dvb-frontends/dvb-pll.ko
  LD [M]  drivers/media/dvb-frontends/rtl2830.ko
  LD [M]  drivers/media/dvb-frontends/rtl2832.ko
  LD [M]  drivers/media/dvb-frontends/rtl2832_sdr.ko
  BTF [M] drivers/media/dvb-frontends/rtl2832.ko
  BTF [M] drivers/media/dvb-frontends/rtl2830.ko
  LD [M]  drivers/media/dvb-frontends/s5h1409.ko
  BTF [M] drivers/media/dvb-frontends/rtl2832_sdr.ko
  BTF [M] drivers/media/dvb-frontends/s5h1409.ko
  LD [M]  drivers/media/dvb-frontends/s5h1411.ko
  BTF [M] drivers/media/dvb-frontends/s5h1411.ko
  LD [M]  drivers/media/dvb-frontends/s5h1420.ko
  BTF [M] drivers/media/dvb-frontends/s5h1420.ko
  LD [M]  drivers/media/dvb-frontends/s921.ko
  LD [M]  drivers/media/dvb-frontends/si2165.ko
  LD [M]  drivers/media/dvb-frontends/si2168.ko
  BTF [M] drivers/media/dvb-frontends/s921.ko
  BTF [M] drivers/media/dvb-frontends/si2165.ko
  BTF [M] drivers/media/dvb-frontends/si2168.ko
  LD [M]  drivers/media/dvb-frontends/si21xx.ko
  BTF [M] drivers/media/dvb-frontends/si21xx.ko
  LD [M]  drivers/media/dvb-frontends/sp2.ko
  LD [M]  drivers/media/dvb-frontends/sp887x.ko
  BTF [M] drivers/media/dvb-frontends/sp2.ko
  BTF [M] drivers/media/dvb-frontends/sp887x.ko
  LD [M]  drivers/media/dvb-frontends/stb0899.ko
  BTF [M] drivers/media/dvb-frontends/stb0899.ko
  LD [M]  drivers/media/dvb-frontends/stb6000.ko
  BTF [M] drivers/media/dvb-frontends/stb6000.ko
  LD [M]  drivers/media/dvb-frontends/stb6100.ko
  LD [M]  drivers/media/dvb-frontends/stv0288.ko
  BTF [M] drivers/media/dvb-frontends/stb6100.ko
  LD [M]  drivers/media/dvb-frontends/stv0297.ko
  LD [M]  drivers/media/dvb-frontends/stv0299.ko
  BTF [M] drivers/media/dvb-frontends/stv0288.ko
  BTF [M] drivers/media/dvb-frontends/stv0297.ko
  LD [M]  drivers/media/dvb-frontends/stv0367.ko
  BTF [M] drivers/media/dvb-frontends/stv0299.ko
  BTF [M] drivers/media/dvb-frontends/stv0367.ko
  LD [M]  drivers/media/dvb-frontends/stv0900.ko
  BTF [M] drivers/media/dvb-frontends/stv0900.ko
  LD [M]  drivers/media/dvb-frontends/stv0910.ko
  LD [M]  drivers/media/dvb-frontends/stv090x.ko
  BTF [M] drivers/media/dvb-frontends/stv090x.ko
  BTF [M] drivers/media/dvb-frontends/stv0910.ko
  LD [M]  drivers/media/dvb-frontends/stv6110.ko
  LD [M]  drivers/media/dvb-frontends/stv6110x.ko
  BTF [M] drivers/media/dvb-frontends/stv6110.ko
  BTF [M] drivers/media/dvb-frontends/stv6110x.ko
  LD [M]  drivers/media/dvb-frontends/stv6111.ko
  LD [M]  drivers/media/dvb-frontends/tc90522.ko
  LD [M]  drivers/media/dvb-frontends/tda10021.ko
  BTF [M] drivers/media/dvb-frontends/stv6111.ko
  LD [M]  drivers/media/dvb-frontends/tda10023.ko
  BTF [M] drivers/media/dvb-frontends/tda10021.ko
  BTF [M] drivers/media/dvb-frontends/tc90522.ko
  BTF [M] drivers/media/dvb-frontends/tda10023.ko
  LD [M]  drivers/media/dvb-frontends/tda10048.ko
  LD [M]  drivers/media/dvb-frontends/tda1004x.ko
  BTF [M] drivers/media/dvb-frontends/tda10048.ko
  BTF [M] drivers/media/dvb-frontends/tda1004x.ko
  LD [M]  drivers/media/dvb-frontends/tda10071.ko
  LD [M]  drivers/media/dvb-frontends/tda10086.ko
  BTF [M] drivers/media/dvb-frontends/tda10071.ko
  BTF [M] drivers/media/dvb-frontends/tda10086.ko
  LD [M]  drivers/media/dvb-frontends/tda665x.ko
  LD [M]  drivers/media/dvb-frontends/tda18271c2dd.ko
  LD [M]  drivers/media/dvb-frontends/tda8083.ko
  LD [M]  drivers/media/dvb-frontends/tda8261.ko
  BTF [M] drivers/media/dvb-frontends/tda18271c2dd.ko
  BTF [M] drivers/media/dvb-frontends/tda665x.ko
  LD [M]  drivers/media/dvb-frontends/tda826x.ko
  BTF [M] drivers/media/dvb-frontends/tda8083.ko
  LD [M]  drivers/media/dvb-frontends/ts2020.ko
  BTF [M] drivers/media/dvb-frontends/tda8261.ko
  BTF [M] drivers/media/dvb-frontends/tda826x.ko
  BTF [M] drivers/media/dvb-frontends/ts2020.ko
  LD [M]  drivers/media/dvb-frontends/tua6100.ko
  BTF [M] drivers/media/dvb-frontends/tua6100.ko
  LD [M]  drivers/media/dvb-frontends/cx24113.ko
  BTF [M] drivers/media/dvb-frontends/cx24113.ko
  LD [M]  drivers/media/dvb-frontends/dib0070.ko
  BTF [M] drivers/media/dvb-frontends/dib0070.ko
  LD [M]  drivers/media/dvb-frontends/dib0090.ko
  BTF [M] drivers/media/dvb-frontends/dib0090.ko
  LD [M]  drivers/media/dvb-frontends/itd1000.ko
  LD [M]  drivers/media/dvb-frontends/ves1820.ko
  LD [M]  drivers/media/dvb-frontends/ves1x93.ko
  LD [M]  drivers/media/dvb-frontends/zd1301_demod.ko
  BTF [M] drivers/media/dvb-frontends/ves1x93.ko
  BTF [M] drivers/media/dvb-frontends/zd1301_demod.ko
  BTF [M] drivers/media/dvb-frontends/ves1820.ko
  BTF [M] drivers/media/dvb-frontends/itd1000.ko
  LD [M]  drivers/media/dvb-frontends/zl10036.ko
  BTF [M] drivers/media/dvb-frontends/zl10036.ko
  LD [M]  drivers/media/dvb-frontends/zl10039.ko
  BTF [M] drivers/media/dvb-frontends/zl10039.ko
  LD [M]  drivers/media/dvb-frontends/zl10353.ko
  LD [M]  drivers/media/mc/mc.ko
  LD [M]  drivers/media/v4l2-core/v4l2-async.ko
  BTF [M] drivers/media/dvb-frontends/zl10353.ko
  LD [M]  drivers/media/v4l2-core/v4l2-fwnode.ko
  BTF [M] drivers/media/mc/mc.ko
  BTF [M] drivers/media/v4l2-core/v4l2-fwnode.ko
  BTF [M] drivers/media/v4l2-core/v4l2-async.ko
  LD [M]  drivers/media/v4l2-core/v4l2-h264.ko
  BTF [M] drivers/media/v4l2-core/v4l2-h264.ko
  LD [M]  drivers/media/v4l2-core/v4l2-mem2mem.ko
  LD [M]  drivers/media/v4l2-core/v4l2-vp9.ko
  BTF [M] drivers/media/v4l2-core/v4l2-vp9.ko
  BTF [M] drivers/media/v4l2-core/v4l2-mem2mem.ko
  LD [M]  drivers/media/v4l2-core/tuner.ko
  BTF [M] drivers/media/v4l2-core/tuner.ko
  LD [M]  drivers/media/v4l2-core/v4l2-dv-timings.ko
  LD [M]  drivers/media/v4l2-core/videodev.ko
  LD [M]  drivers/media/dvb-core/dvb-core.ko
  BTF [M] drivers/media/v4l2-core/v4l2-dv-timings.ko
  LD [M]  drivers/media/cec/core/cec.ko
  LD [M]  drivers/media/radio/radio-maxiradio.ko
  LD [M]  drivers/media/radio/shark2.ko
  LD [M]  drivers/media/radio/radio-shark.ko
  BTF [M] drivers/media/cec/core/cec.ko
  BTF [M] drivers/media/radio/radio-maxiradio.ko
  BTF [M] drivers/media/radio/shark2.ko
  BTF [M] drivers/media/dvb-core/dvb-core.ko
  BTF [M] drivers/media/radio/radio-shark.ko
  BTF [M] drivers/media/v4l2-core/videodev.ko
  LD [M]  drivers/media/radio/si470x/radio-si470x-common.ko
  BTF [M] drivers/media/radio/si470x/radio-si470x-common.ko
  LD [M]  drivers/media/radio/si470x/radio-si470x-usb.ko
  BTF [M] drivers/media/radio/si470x/radio-si470x-usb.ko
  LD [M]  drivers/media/radio/si4713/si4713.ko
  LD [M]  drivers/media/radio/si4713/radio-usb-si4713.ko
  BTF [M] drivers/media/radio/si4713/si4713.ko
  LD [M]  drivers/media/radio/tea575x.ko
  LD [M]  drivers/media/radio/dsbr100.ko
  BTF [M] drivers/media/radio/si4713/radio-usb-si4713.ko
  BTF [M] drivers/media/radio/dsbr100.ko
  BTF [M] drivers/media/radio/tea575x.ko
  LD [M]  drivers/media/radio/radio-keene.ko
  LD [M]  drivers/media/radio/radio-ma901.ko
  BTF [M] drivers/media/radio/radio-keene.ko
  BTF [M] drivers/media/radio/radio-ma901.ko
  LD [M]  drivers/media/radio/radio-mr800.ko
  BTF [M] drivers/media/radio/radio-mr800.ko
  LD [M]  drivers/media/radio/radio-raremono.ko
  LD [M]  drivers/pps/clients/pps-ldisc.ko
  BTF [M] drivers/media/radio/radio-raremono.ko
  LD [M]  drivers/pps/clients/pps-gpio.ko
  BTF [M] drivers/pps/clients/pps-ldisc.ko
  LD [M]  drivers/ptp/ptp.ko
  BTF [M] drivers/pps/clients/pps-gpio.ko
  BTF [M] drivers/ptp/ptp.ko
  LD [M]  drivers/ptp/ptp_kvm.ko
  LD [M]  drivers/ptp/ptp_vmclock.ko
  BTF [M] drivers/ptp/ptp_kvm.ko
  BTF [M] drivers/ptp/ptp_vmclock.ko
  LD [M]  drivers/watchdog/softdog.ko
  BTF [M] drivers/watchdog/softdog.ko
  LD [M]  drivers/md/raid0.ko
  LD [M]  drivers/md/raid1.ko
  BTF [M] drivers/md/raid0.ko
  BTF [M] drivers/md/raid1.ko
  LD [M]  drivers/md/raid10.ko
  LD [M]  drivers/md/md-cluster.ko
  LD [M]  drivers/md/raid456.ko
  BTF [M] drivers/md/md-cluster.ko
  BTF [M] drivers/md/raid10.ko
  LD [M]  drivers/md/bcache/bcache.ko
  LD [M]  drivers/md/dm-bio-prison.ko
  BTF [M] drivers/md/raid456.ko
  BTF [M] drivers/md/dm-bio-prison.ko
  BTF [M] drivers/md/bcache/bcache.ko
  LD [M]  drivers/md/dm-crypt.ko
  LD [M]  drivers/md/dm-delay.ko
  BTF [M] drivers/md/dm-crypt.ko
  BTF [M] drivers/md/dm-delay.ko
  LD [M]  drivers/md/dm-dust.ko
  BTF [M] drivers/md/dm-dust.ko
  LD [M]  drivers/md/dm-multipath.ko
  LD [M]  drivers/md/dm-flakey.ko
  LD [M]  drivers/md/dm-round-robin.ko
  BTF [M] drivers/md/dm-flakey.ko
  BTF [M] drivers/md/dm-multipath.ko
  BTF [M] drivers/md/dm-round-robin.ko
  LD [M]  drivers/md/dm-queue-length.ko
  LD [M]  drivers/md/dm-service-time.ko
  LD [M]  drivers/md/dm-switch.ko
  BTF [M] drivers/md/dm-queue-length.ko
  BTF [M] drivers/md/dm-service-time.ko
  BTF [M] drivers/md/dm-switch.ko
  LD [M]  drivers/md/persistent-data/dm-persistent-data.ko
  LD [M]  drivers/md/dm-raid.ko
  LD [M]  drivers/md/dm-log-userspace.ko
  BTF [M] drivers/md/dm-raid.ko
  BTF [M] drivers/md/dm-log-userspace.ko
  LD [M]  drivers/md/dm-thin-pool.ko
  BTF [M] drivers/md/persistent-data/dm-persistent-data.ko
  LD [M]  drivers/md/dm-verity.ko
  BTF [M] drivers/md/dm-thin-pool.ko
  BTF [M] drivers/md/dm-verity.ko
  LD [M]  drivers/md/dm-cache.ko
  LD [M]  drivers/md/dm-cache-smq.ko
  LD [M]  drivers/md/dm-log-writes.ko
  BTF [M] drivers/md/dm-cache-smq.ko
  BTF [M] drivers/md/dm-cache.ko
  BTF [M] drivers/md/dm-log-writes.ko
  LD [M]  drivers/md/dm-integrity.ko
  LD [M]  drivers/md/dm-zoned.ko
  LD [M]  drivers/md/dm-writecache.ko
  BTF [M] drivers/md/dm-integrity.ko
  BTF [M] drivers/md/dm-writecache.ko
  BTF [M] drivers/md/dm-zoned.ko
  LD [M]  drivers/accessibility/speakup/speakup_apollo.ko
  LD [M]  drivers/accessibility/speakup/speakup_audptr.ko
  LD [M]  drivers/accessibility/speakup/speakup_bns.ko
  LD [M]  drivers/accessibility/speakup/speakup_acntsa.ko
  BTF [M] drivers/accessibility/speakup/speakup_bns.ko
  BTF [M] drivers/accessibility/speakup/speakup_apollo.ko
  BTF [M] drivers/accessibility/speakup/speakup_audptr.ko
  BTF [M] drivers/accessibility/speakup/speakup_acntsa.ko
  LD [M]  drivers/accessibility/speakup/speakup_dectlk.ko
  BTF [M] drivers/accessibility/speakup/speakup_dectlk.ko
  LD [M]  drivers/accessibility/speakup/speakup_decext.ko
  LD [M]  drivers/accessibility/speakup/speakup_ltlk.ko
  BTF [M] drivers/accessibility/speakup/speakup_ltlk.ko
  BTF [M] drivers/accessibility/speakup/speakup_decext.ko
  LD [M]  drivers/accessibility/speakup/speakup_soft.ko
  BTF [M] drivers/accessibility/speakup/speakup_soft.ko
  LD [M]  drivers/accessibility/speakup/speakup_txprt.ko
  LD [M]  drivers/accessibility/speakup/speakup_spkout.ko
  BTF [M] drivers/accessibility/speakup/speakup_txprt.ko
  LD [M]  drivers/accessibility/speakup/speakup.ko
  BTF [M] drivers/accessibility/speakup/speakup_spkout.ko
  LD [M]  drivers/mmc/host/sdhci.ko
  LD [M]  drivers/mmc/host/sdhci-uhs2.ko
  BTF [M] drivers/mmc/host/sdhci-uhs2.ko
  BTF [M] drivers/mmc/host/sdhci.ko
  BTF [M] drivers/accessibility/speakup/speakup.ko
  LD [M]  drivers/mmc/host/sdhci-pci.ko
  BTF [M] drivers/mmc/host/sdhci-pci.ko
  LD [M]  drivers/mmc/host/cqhci.ko
  BTF [M] drivers/mmc/host/cqhci.ko
  LD [M]  drivers/mmc/core/mmc_core.ko
  LD [M]  drivers/mmc/core/pwrseq_simple.ko
  BTF [M] drivers/mmc/core/pwrseq_simple.ko
  LD [M]  drivers/mmc/core/pwrseq_sd8787.ko
  BTF [M] drivers/mmc/core/mmc_core.ko
  LD [M]  drivers/mmc/core/pwrseq_emmc.ko
  BTF [M] drivers/mmc/core/pwrseq_sd8787.ko
  BTF [M] drivers/mmc/core/pwrseq_emmc.ko
  LD [M]  drivers/mmc/core/mmc_block.ko
  LD [M]  drivers/firmware/cirrus/cs_dsp.ko
  BTF [M] drivers/firmware/cirrus/cs_dsp.ko
  BTF [M] drivers/mmc/core/mmc_block.ko
  LD [M]  drivers/crypto/virtio/virtio_crypto.ko
  LD [M]  drivers/hid/uhid.ko
  BTF [M] drivers/crypto/virtio/virtio_crypto.ko
  BTF [M] drivers/hid/uhid.ko
  LD [M]  drivers/hid/hid-a4tech.ko
  BTF [M] drivers/hid/hid-a4tech.ko
  LD [M]  drivers/hid/hid-accutouch.ko
  LD [M]  drivers/hid/hid-alps.ko
  BTF [M] drivers/hid/hid-accutouch.ko
  BTF [M] drivers/hid/hid-alps.ko
  LD [M]  drivers/hid/hid-axff.ko
  LD [M]  drivers/hid/hid-apple.ko
  BTF [M] drivers/hid/hid-axff.ko
  BTF [M] drivers/hid/hid-apple.ko
  LD [M]  drivers/hid/hid-appleir.ko
  LD [M]  drivers/hid/hid-aureal.ko
  BTF [M] drivers/hid/hid-appleir.ko
  LD [M]  drivers/hid/hid-belkin.ko
  BTF [M] drivers/hid/hid-aureal.ko
  BTF [M] drivers/hid/hid-belkin.ko
  LD [M]  drivers/hid/hid-betopff.ko
  BTF [M] drivers/hid/hid-betopff.ko
  LD [M]  drivers/hid/hid-cherry.ko
  BTF [M] drivers/hid/hid-cherry.ko
  LD [M]  drivers/hid/hid-chicony.ko
  BTF [M] drivers/hid/hid-chicony.ko
  LD [M]  drivers/hid/hid-cmedia.ko
  LD [M]  drivers/hid/hid-corsair.ko
  LD [M]  drivers/hid/hid-corsair-void.ko
  BTF [M] drivers/hid/hid-cmedia.ko
  BTF [M] drivers/hid/hid-corsair.ko
  BTF [M] drivers/hid/hid-corsair-void.ko
  LD [M]  drivers/hid/hid-cougar.ko
  BTF [M] drivers/hid/hid-cougar.ko
  LD [M]  drivers/hid/hid-cp2112.ko
  LD [M]  drivers/hid/hid-cypress.ko
  LD [M]  drivers/hid/hid-dr.ko
  BTF [M] drivers/hid/hid-cp2112.ko
  BTF [M] drivers/hid/hid-cypress.ko
  LD [M]  drivers/hid/hid-emsff.ko
  BTF [M] drivers/hid/hid-dr.ko
  BTF [M] drivers/hid/hid-emsff.ko
  LD [M]  drivers/hid/hid-elecom.ko
  BTF [M] drivers/hid/hid-elecom.ko
  LD [M]  drivers/hid/hid-elo.ko
  BTF [M] drivers/hid/hid-elo.ko
  LD [M]  drivers/hid/hid-ezkey.ko
  BTF [M] drivers/hid/hid-ezkey.ko
  LD [M]  drivers/hid/hid-ft260.ko
  LD [M]  drivers/hid/hid-gembird.ko
  LD [M]  drivers/hid/hid-gfrm.ko
  BTF [M] drivers/hid/hid-ft260.ko
  BTF [M] drivers/hid/hid-gembird.ko
  BTF [M] drivers/hid/hid-gfrm.ko
  LD [M]  drivers/hid/hid-glorious.ko
  BTF [M] drivers/hid/hid-glorious.ko
  LD [M]  drivers/hid/hid-gt683r.ko
  BTF [M] drivers/hid/hid-gt683r.ko
  LD [M]  drivers/hid/hid-gyration.ko
  LD [M]  drivers/hid/hid-holtek-kbd.ko
  BTF [M] drivers/hid/hid-gyration.ko
  BTF [M] drivers/hid/hid-holtek-kbd.ko
  LD [M]  drivers/hid/hid-holtek-mouse.ko
  BTF [M] drivers/hid/hid-holtek-mouse.ko
  LD [M]  drivers/hid/hid-holtekff.ko
  LD [M]  drivers/hid/hid-icade.ko
  BTF [M] drivers/hid/hid-holtekff.ko
  LD [M]  drivers/hid/hid-ite.ko
  BTF [M] drivers/hid/hid-icade.ko
  BTF [M] drivers/hid/hid-ite.ko
  LD [M]  drivers/hid/hid-jabra.ko
  LD [M]  drivers/hid/hid-kensington.ko
  BTF [M] drivers/hid/hid-kensington.ko
  BTF [M] drivers/hid/hid-jabra.ko
  LD [M]  drivers/hid/hid-keytouch.ko
  LD [M]  drivers/hid/hid-kye.ko
  BTF [M] drivers/hid/hid-kye.ko
  BTF [M] drivers/hid/hid-keytouch.ko
  LD [M]  drivers/hid/hid-lcpower.ko
  BTF [M] drivers/hid/hid-lcpower.ko
  LD [M]  drivers/hid/hid-letsketch.ko
  LD [M]  drivers/hid/hid-logitech.ko
  LD [M]  drivers/hid/hid-lg-g15.ko
  BTF [M] drivers/hid/hid-letsketch.ko
  BTF [M] drivers/hid/hid-lg-g15.ko
  BTF [M] drivers/hid/hid-logitech.ko
  LD [M]  drivers/hid/hid-logitech-dj.ko
  LD [M]  drivers/hid/hid-logitech-hidpp.ko
  BTF [M] drivers/hid/hid-logitech-dj.ko
  LD [M]  drivers/hid/hid-macally.ko
  BTF [M] drivers/hid/hid-logitech-hidpp.ko
  BTF [M] drivers/hid/hid-macally.ko
  LD [M]  drivers/hid/hid-magicmouse.ko
  LD [M]  drivers/hid/hid-maltron.ko
  BTF [M] drivers/hid/hid-magicmouse.ko
  BTF [M] drivers/hid/hid-maltron.ko
  LD [M]  drivers/hid/hid-mcp2221.ko
  LD [M]  drivers/hid/hid-mf.ko
  BTF [M] drivers/hid/hid-mcp2221.ko
  BTF [M] drivers/hid/hid-mf.ko
  LD [M]  drivers/hid/hid-microsoft.ko
  LD [M]  drivers/hid/hid-monterey.ko
  LD [M]  drivers/hid/hid-multitouch.ko
  BTF [M] drivers/hid/hid-monterey.ko
  LD [M]  drivers/hid/hid-nintendo.ko
  BTF [M] drivers/hid/hid-microsoft.ko
  BTF [M] drivers/hid/hid-multitouch.ko
  BTF [M] drivers/hid/hid-nintendo.ko
  LD [M]  drivers/hid/hid-nti.ko
  BTF [M] drivers/hid/hid-nti.ko
  LD [M]  drivers/hid/hid-ntrig.ko
  BTF [M] drivers/hid/hid-ntrig.ko
  LD [M]  drivers/hid/hid-ortek.ko
  BTF [M] drivers/hid/hid-ortek.ko
  LD [M]  drivers/hid/hid-prodikeys.ko
  LD [M]  drivers/hid/hid-pl.ko
  LD [M]  drivers/hid/hid-penmount.ko
  LD [M]  drivers/hid/hid-petalynx.ko
  BTF [M] drivers/hid/hid-penmount.ko
  BTF [M] drivers/hid/hid-pl.ko
  BTF [M] drivers/hid/hid-prodikeys.ko
  BTF [M] drivers/hid/hid-petalynx.ko
  LD [M]  drivers/hid/hid-picolcd.ko
  BTF [M] drivers/hid/hid-picolcd.ko
  LD [M]  drivers/hid/hid-plantronics.ko
  LD [M]  drivers/hid/hid-playstation.ko
  BTF [M] drivers/hid/hid-plantronics.ko
  BTF [M] drivers/hid/hid-playstation.ko
  LD [M]  drivers/hid/hid-primax.ko
  LD [M]  drivers/hid/hid-redragon.ko
  LD [M]  drivers/hid/hid-retrode.ko
  BTF [M] drivers/hid/hid-redragon.ko
  LD [M]  drivers/hid/hid-roccat.ko
  BTF [M] drivers/hid/hid-retrode.ko
  BTF [M] drivers/hid/hid-primax.ko
  LD [M]  drivers/hid/hid-roccat-common.ko
  BTF [M] drivers/hid/hid-roccat.ko
  BTF [M] drivers/hid/hid-roccat-common.ko
  LD [M]  drivers/hid/hid-roccat-arvo.ko
  BTF [M] drivers/hid/hid-roccat-arvo.ko
  LD [M]  drivers/hid/hid-roccat-isku.ko
  LD [M]  drivers/hid/hid-roccat-kone.ko
  BTF [M] drivers/hid/hid-roccat-isku.ko
  BTF [M] drivers/hid/hid-roccat-kone.ko
  LD [M]  drivers/hid/hid-roccat-koneplus.ko
  BTF [M] drivers/hid/hid-roccat-koneplus.ko
  LD [M]  drivers/hid/hid-roccat-konepure.ko
  LD [M]  drivers/hid/hid-roccat-lua.ko
  LD [M]  drivers/hid/hid-roccat-kovaplus.ko
  BTF [M] drivers/hid/hid-roccat-konepure.ko
  LD [M]  drivers/hid/hid-roccat-pyra.ko
  BTF [M] drivers/hid/hid-roccat-lua.ko
  BTF [M] drivers/hid/hid-roccat-kovaplus.ko
  BTF [M] drivers/hid/hid-roccat-pyra.ko
  LD [M]  drivers/hid/hid-roccat-ryos.ko
  LD [M]  drivers/hid/hid-roccat-savu.ko
  BTF [M] drivers/hid/hid-roccat-ryos.ko
  LD [M]  drivers/hid/hid-saitek.ko
  BTF [M] drivers/hid/hid-roccat-savu.ko
  BTF [M] drivers/hid/hid-saitek.ko
  LD [M]  drivers/hid/hid-samsung.ko
  LD [M]  drivers/hid/hid-semitek.ko
  BTF [M] drivers/hid/hid-samsung.ko
  LD [M]  drivers/hid/hid-sjoy.ko
  BTF [M] drivers/hid/hid-semitek.ko
  LD [M]  drivers/hid/hid-sony.ko
  LD [M]  drivers/hid/hid-speedlink.ko
  BTF [M] drivers/hid/hid-sjoy.ko
  BTF [M] drivers/hid/hid-sony.ko
  BTF [M] drivers/hid/hid-speedlink.ko
  LD [M]  drivers/hid/hid-steam.ko
  LD [M]  drivers/hid/hid-steelseries.ko
  LD [M]  drivers/hid/hid-sunplus.ko
  BTF [M] drivers/hid/hid-steam.ko
  BTF [M] drivers/hid/hid-steelseries.ko
  BTF [M] drivers/hid/hid-sunplus.ko
  LD [M]  drivers/hid/hid-gaff.ko
  LD [M]  drivers/hid/hid-tmff.ko
  BTF [M] drivers/hid/hid-gaff.ko
  LD [M]  drivers/hid/hid-thrustmaster.ko
  BTF [M] drivers/hid/hid-tmff.ko
  BTF [M] drivers/hid/hid-thrustmaster.ko
  LD [M]  drivers/hid/hid-tivo.ko
  LD [M]  drivers/hid/hid-topseed.ko
  BTF [M] drivers/hid/hid-tivo.ko
  BTF [M] drivers/hid/hid-topseed.ko
  LD [M]  drivers/hid/hid-twinhan.ko
  LD [M]  drivers/hid/hid-u2fzero.ko
  BTF [M] drivers/hid/hid-twinhan.ko
  BTF [M] drivers/hid/hid-u2fzero.ko
  LD [M]  drivers/hid/hid-uclogic.ko
  LD [M]  drivers/hid/hid-udraw-ps3.ko
  BTF [M] drivers/hid/hid-uclogic.ko
  BTF [M] drivers/hid/hid-udraw-ps3.ko
  LD [M]  drivers/hid/hid-led.ko
  LD [M]  drivers/hid/hid-xiaomi.ko
  LD [M]  drivers/hid/hid-xinmo.ko
  LD [M]  drivers/hid/hid-zpff.ko
  BTF [M] drivers/hid/hid-xinmo.ko
  BTF [M] drivers/hid/hid-led.ko
  BTF [M] drivers/hid/hid-xiaomi.ko
  BTF [M] drivers/hid/hid-zpff.ko
  LD [M]  drivers/hid/hid-zydacron.ko
  BTF [M] drivers/hid/hid-zydacron.ko
  LD [M]  drivers/hid/hid-viewsonic.ko
  LD [M]  drivers/hid/wacom.ko
  LD [M]  drivers/hid/hid-waltop.ko
  BTF [M] drivers/hid/hid-waltop.ko
  BTF [M] drivers/hid/hid-viewsonic.ko
  BTF [M] drivers/hid/wacom.ko
  LD [M]  drivers/hid/hid-wiimote.ko
  LD [M]  drivers/hid/hid-sensor-hub.ko
  LD [M]  drivers/hid/hid-sensor-custom.ko
  BTF [M] drivers/hid/hid-sensor-hub.ko
  BTF [M] drivers/hid/hid-sensor-custom.ko
  LD [M]  drivers/hid/usbhid/usbhid.ko
  BTF [M] drivers/hid/hid-wiimote.ko
  BTF [M] drivers/hid/usbhid/usbhid.ko
  LD [M]  drivers/hid/dockchannel-hid/dockchannel-hid.ko
  LD [M]  drivers/iio/common/aop_sensors/aop_las.ko
  BTF [M] drivers/hid/dockchannel-hid/dockchannel-hid.ko
  BTF [M] drivers/iio/common/aop_sensors/aop_las.ko
  LD [M]  drivers/iio/common/aop_sensors/aop_als.ko
  LD [M]  drivers/mux/mux-apple-display-crossbar.ko
  BTF [M] drivers/mux/mux-apple-display-crossbar.ko
  BTF [M] drivers/iio/common/aop_sensors/aop_als.ko
  LD [M]  drivers/target/target_core_mod.ko
  LD [M]  drivers/target/target_core_iblock.ko
  BTF [M] drivers/target/target_core_iblock.ko
  LD [M]  drivers/target/target_core_file.ko
  BTF [M] drivers/target/target_core_file.ko
  BTF [M] drivers/target/target_core_mod.ko
  LD [M]  drivers/target/target_core_pscsi.ko
  BTF [M] drivers/target/target_core_pscsi.ko
  LD [M]  drivers/target/loopback/tcm_loop.ko
  LD [M]  drivers/target/iscsi/iscsi_target_mod.ko
  BTF [M] drivers/target/loopback/tcm_loop.ko
  LD [M]  drivers/vfio/vfio.ko
  LD [M]  drivers/vfio/vfio_iommu_type1.ko
  BTF [M] drivers/target/iscsi/iscsi_target_mod.ko
  BTF [M] drivers/vfio/vfio_iommu_type1.ko
  BTF [M] drivers/vfio/vfio.ko
  LD [M]  drivers/vfio/pci/vfio-pci-core.ko
  BTF [M] drivers/vfio/pci/vfio-pci-core.ko
  LD [M]  drivers/vfio/pci/vfio-pci.ko
  LD [M]  drivers/vfio/platform/vfio-platform-base.ko
  LD [M]  drivers/vfio/platform/vfio-platform.ko
  BTF [M] drivers/vfio/pci/vfio-pci.ko
  BTF [M] drivers/vfio/platform/vfio-platform-base.ko
  BTF [M] drivers/vfio/platform/vfio-platform.ko
  LD [M]  drivers/block/aoe/aoe.ko
  BTF [M] drivers/block/aoe/aoe.ko
  LD [M]  drivers/bluetooth/hci_vhci.ko
  LD [M]  drivers/bluetooth/hci_uart.ko
  LD [M]  drivers/bluetooth/bcm203x.ko
  BTF [M] drivers/bluetooth/hci_vhci.ko
  LD [M]  drivers/bluetooth/bpa10x.ko
  LD [M]  drivers/bluetooth/hci_bcm4377.ko
  BTF [M] drivers/bluetooth/bcm203x.ko
  BTF [M] drivers/bluetooth/bpa10x.ko
  LD [M]  drivers/bluetooth/bfusb.ko
  BTF [M] drivers/bluetooth/bfusb.ko
  LD [M]  drivers/bluetooth/btusb.ko
  BTF [M] drivers/bluetooth/hci_bcm4377.ko
  BTF [M] drivers/bluetooth/hci_uart.ko
  BTF [M] drivers/bluetooth/btusb.ko
  LD [M]  drivers/bluetooth/btsdio.ko
  LD [M]  drivers/bluetooth/btintel.ko
  BTF [M] drivers/bluetooth/btsdio.ko
  BTF [M] drivers/bluetooth/btintel.ko
  LD [M]  drivers/bluetooth/ath3k.ko
  BTF [M] drivers/bluetooth/ath3k.ko
  LD [M]  drivers/bluetooth/btmrvl.ko
  LD [M]  drivers/bluetooth/btmrvl_sdio.ko
  BTF [M] drivers/bluetooth/btmrvl.ko
  LD [M]  drivers/bluetooth/btbcm.ko
  BTF [M] drivers/bluetooth/btmrvl_sdio.ko
  BTF [M] drivers/bluetooth/btbcm.ko
  LD [M]  drivers/bluetooth/btrtl.ko
  BTF [M] drivers/bluetooth/btrtl.ko
  LD [M]  drivers/bluetooth/btqca.ko
  BTF [M] drivers/bluetooth/btqca.ko
  LD [M]  drivers/bluetooth/btrsi.ko
  LD [M]  drivers/vhost/vhost_net.ko
  BTF [M] drivers/bluetooth/btrsi.ko
  BTF [M] drivers/vhost/vhost_net.ko
  LD [M]  drivers/vhost/vhost_scsi.ko
  BTF [M] drivers/vhost/vhost_scsi.ko
  LD [M]  drivers/vhost/vhost_vsock.ko
  LD [M]  drivers/vhost/vhost.ko
  BTF [M] drivers/vhost/vhost_vsock.ko
  BTF [M] drivers/vhost/vhost.ko
  LD [M]  drivers/vhost/vhost_iotlb.ko
  LD [M]  drivers/thunderbolt/thunderbolt.ko
  BTF [M] drivers/vhost/vhost_iotlb.ko
  LD [M]  drivers/thunderbolt/thunderbolt_apple.ko
  BTF [M] drivers/thunderbolt/thunderbolt_apple.ko
  LD [M]  drivers/gnss/gnss.ko
  LD [M]  drivers/gnss/gnss-serial.ko
  BTF [M] drivers/gnss/gnss.ko
  BTF [M] drivers/gnss/gnss-serial.ko
  BTF [M] drivers/thunderbolt/thunderbolt.ko
  LD [M]  drivers/gnss/gnss-mtk.ko
  BTF [M] drivers/gnss/gnss-mtk.ko
  LD [M]  drivers/gnss/gnss-sirf.ko
  LD [M]  drivers/gnss/gnss-ubx.ko
  BTF [M] drivers/gnss/gnss-sirf.ko
  LD [M]  drivers/gnss/gnss-usb.ko
  BTF [M] drivers/gnss/gnss-ubx.ko
  BTF [M] drivers/gnss/gnss-usb.ko
  LD [M]  sound/core/oss/snd-mixer-oss.ko
  BTF [M] sound/core/oss/snd-mixer-oss.ko
  LD [M]  sound/core/oss/snd-pcm-oss.ko
  LD [M]  sound/core/snd-hwdep.ko
  BTF [M] sound/core/snd-hwdep.ko
  BTF [M] sound/core/oss/snd-pcm-oss.ko
  LD [M]  sound/core/snd-hrtimer.ko
  BTF [M] sound/core/snd-hrtimer.ko
  LD [M]  sound/core/snd-seq-device.ko
  BTF [M] sound/core/snd-seq-device.ko
  LD [M]  sound/core/snd-rawmidi.ko
  LD [M]  sound/core/seq/snd-seq.ko
  LD [M]  sound/core/seq/oss/snd-seq-oss.ko
  BTF [M] sound/core/snd-rawmidi.ko
  BTF [M] sound/core/seq/snd-seq.ko
  LD [M]  sound/core/seq/snd-seq-dummy.ko
  BTF [M] sound/core/seq/oss/snd-seq-oss.ko
  BTF [M] sound/core/seq/snd-seq-dummy.ko
  LD [M]  sound/core/seq/snd-seq-midi.ko
  LD [M]  sound/core/seq/snd-seq-midi-event.ko
  BTF [M] sound/core/seq/snd-seq-midi.ko
  LD [M]  sound/core/seq/snd-seq-virmidi.ko
  BTF [M] sound/core/seq/snd-seq-midi-event.ko
  BTF [M] sound/core/seq/snd-seq-virmidi.ko
  LD [M]  sound/drivers/mpu401/snd-mpu401-uart.ko
  BTF [M] sound/drivers/mpu401/snd-mpu401-uart.ko
  LD [M]  sound/drivers/mpu401/snd-mpu401.ko
  BTF [M] sound/drivers/mpu401/snd-mpu401.ko
  LD [M]  sound/drivers/snd-dummy.ko
  BTF [M] sound/drivers/snd-dummy.ko
  LD [M]  sound/drivers/snd-aloop.ko
  LD [M]  sound/drivers/snd-serial-u16550.ko
  LD [M]  sound/drivers/snd-virmidi.ko
  BTF [M] sound/drivers/snd-serial-u16550.ko
  BTF [M] sound/drivers/snd-aloop.ko
  BTF [M] sound/drivers/snd-virmidi.ko
  LD [M]  sound/drivers/snd-mtpav.ko
  LD [M]  sound/usb/misc/snd-ua101.ko
  BTF [M] sound/drivers/snd-mtpav.ko
  BTF [M] sound/usb/misc/snd-ua101.ko
  LD [M]  sound/usb/caiaq/snd-usb-caiaq.ko
  LD [M]  sound/usb/6fire/snd-usb-6fire.ko
  BTF [M] sound/usb/caiaq/snd-usb-caiaq.ko
  BTF [M] sound/usb/6fire/snd-usb-6fire.ko
  LD [M]  sound/usb/hiface/snd-usb-hiface.ko
  LD [M]  sound/usb/snd-usb-audio.ko
  BTF [M] sound/usb/hiface/snd-usb-hiface.ko
  LD [M]  sound/usb/snd-usbmidi-lib.ko
  LD [M]  sound/usb/line6/snd-usb-line6.ko
  BTF [M] sound/usb/snd-usbmidi-lib.ko
  BTF [M] sound/usb/line6/snd-usb-line6.ko
  LD [M]  sound/usb/line6/snd-usb-pod.ko
  BTF [M] sound/usb/snd-usb-audio.ko
  LD [M]  sound/usb/line6/snd-usb-podhd.ko
  BTF [M] sound/usb/line6/snd-usb-pod.ko
  BTF [M] sound/usb/line6/snd-usb-podhd.ko
  LD [M]  sound/usb/line6/snd-usb-toneport.ko
  LD [M]  sound/usb/line6/snd-usb-variax.ko
  LD [M]  sound/soc/codecs/snd-soc-bt-sco.ko
  BTF [M] sound/usb/line6/snd-usb-toneport.ko
  BTF [M] sound/usb/line6/snd-usb-variax.ko
  BTF [M] sound/soc/codecs/snd-soc-bt-sco.ko
  LD [M]  sound/soc/codecs/snd-soc-cs35l32.ko
  BTF [M] sound/soc/codecs/snd-soc-cs35l32.ko
  LD [M]  sound/soc/codecs/snd-soc-cs35l33.ko
  LD [M]  sound/soc/codecs/snd-soc-cs35l34.ko
  LD [M]  sound/soc/codecs/snd-soc-cs35l35.ko
  BTF [M] sound/soc/codecs/snd-soc-cs35l33.ko
  BTF [M] sound/soc/codecs/snd-soc-cs35l34.ko
  BTF [M] sound/soc/codecs/snd-soc-cs35l35.ko
  LD [M]  sound/soc/codecs/snd-soc-cs35l36.ko
  BTF [M] sound/soc/codecs/snd-soc-cs35l36.ko
  LD [M]  sound/soc/codecs/snd-soc-cs35l41.ko
  BTF [M] sound/soc/codecs/snd-soc-cs35l41.ko
  LD [M]  sound/soc/codecs/snd-soc-cs35l41-lib.ko
  LD [M]  sound/soc/codecs/snd-soc-cs35l41-spi.ko
  BTF [M] sound/soc/codecs/snd-soc-cs35l41-lib.ko
  BTF [M] sound/soc/codecs/snd-soc-cs35l41-spi.ko
  LD [M]  sound/soc/codecs/snd-soc-cs35l41-i2c.ko
  BTF [M] sound/soc/codecs/snd-soc-cs35l41-i2c.ko
  LD [M]  sound/soc/codecs/snd-soc-cs35l45.ko
  LD [M]  sound/soc/codecs/snd-soc-cs35l45-spi.ko
  LD [M]  sound/soc/codecs/snd-soc-cs35l45-i2c.ko
  BTF [M] sound/soc/codecs/snd-soc-cs35l45.ko
  BTF [M] sound/soc/codecs/snd-soc-cs35l45-spi.ko
  BTF [M] sound/soc/codecs/snd-soc-cs35l45-i2c.ko
  LD [M]  sound/soc/codecs/snd-soc-cs42l42.ko
  LD [M]  sound/soc/codecs/snd-soc-cs42l42-i2c.ko
  BTF [M] sound/soc/codecs/snd-soc-cs42l42-i2c.ko
  BTF [M] sound/soc/codecs/snd-soc-cs42l42.ko
  LD [M]  sound/soc/codecs/snd-soc-cs42l51.ko
  BTF [M] sound/soc/codecs/snd-soc-cs42l51.ko
  LD [M]  sound/soc/codecs/snd-soc-cs42l51-i2c.ko
  BTF [M] sound/soc/codecs/snd-soc-cs42l51-i2c.ko
  LD [M]  sound/soc/codecs/snd-soc-cs42l52.ko
  LD [M]  sound/soc/codecs/snd-soc-cs42l56.ko
  LD [M]  sound/soc/codecs/snd-soc-cs42l73.ko
  BTF [M] sound/soc/codecs/snd-soc-cs42l52.ko
  BTF [M] sound/soc/codecs/snd-soc-cs42l56.ko
  BTF [M] sound/soc/codecs/snd-soc-cs42l73.ko
  LD [M]  sound/soc/codecs/snd-soc-cs42l83-i2c.ko
  LD [M]  sound/soc/codecs/snd-soc-cs42l84.ko
  BTF [M] sound/soc/codecs/snd-soc-cs42l83-i2c.ko
  BTF [M] sound/soc/codecs/snd-soc-cs42l84.ko
  LD [M]  sound/soc/codecs/snd-soc-cs4234.ko
  LD [M]  sound/soc/codecs/snd-soc-cs4265.ko
  BTF [M] sound/soc/codecs/snd-soc-cs4234.ko
  LD [M]  sound/soc/codecs/snd-soc-cs4270.ko
  BTF [M] sound/soc/codecs/snd-soc-cs4265.ko
  BTF [M] sound/soc/codecs/snd-soc-cs4270.ko
  LD [M]  sound/soc/codecs/snd-soc-cs4271.ko
  LD [M]  sound/soc/codecs/snd-soc-cs4271-i2c.ko
  LD [M]  sound/soc/codecs/snd-soc-cs4271-spi.ko
  BTF [M] sound/soc/codecs/snd-soc-cs4271-i2c.ko
  BTF [M] sound/soc/codecs/snd-soc-cs4271.ko
  BTF [M] sound/soc/codecs/snd-soc-cs4271-spi.ko
  LD [M]  sound/soc/codecs/snd-soc-cs42xx8.ko
  LD [M]  sound/soc/codecs/snd-soc-cs42xx8-i2c.ko
  BTF [M] sound/soc/codecs/snd-soc-cs42xx8.ko
  BTF [M] sound/soc/codecs/snd-soc-cs42xx8-i2c.ko
  LD [M]  sound/soc/codecs/snd-soc-cs43130.ko
  LD [M]  sound/soc/codecs/snd-soc-cs4341.ko
  BTF [M] sound/soc/codecs/snd-soc-cs4341.ko
  BTF [M] sound/soc/codecs/snd-soc-cs43130.ko
  LD [M]  sound/soc/codecs/snd-soc-cs4349.ko
  BTF [M] sound/soc/codecs/snd-soc-cs4349.ko
  LD [M]  sound/soc/codecs/snd-soc-cs53l30.ko
  LD [M]  sound/soc/codecs/snd-soc-tas2552.ko
  BTF [M] sound/soc/codecs/snd-soc-cs53l30.ko
  BTF [M] sound/soc/codecs/snd-soc-tas2552.ko
  LD [M]  sound/soc/codecs/snd-soc-tas2562.ko
  LD [M]  sound/soc/codecs/snd-soc-tas2764.ko
  LD [M]  sound/soc/codecs/snd-soc-tas2780.ko
  LD [M]  sound/soc/codecs/snd-soc-tas5086.ko
  BTF [M] sound/soc/codecs/snd-soc-tas2764.ko
  BTF [M] sound/soc/codecs/snd-soc-tas2562.ko
  BTF [M] sound/soc/codecs/snd-soc-tas5086.ko
  BTF [M] sound/soc/codecs/snd-soc-tas2780.ko
  LD [M]  sound/soc/codecs/snd-soc-tas571x.ko
  BTF [M] sound/soc/codecs/snd-soc-tas571x.ko
  LD [M]  sound/soc/codecs/snd-soc-tas5720.ko
  BTF [M] sound/soc/codecs/snd-soc-tas5720.ko
  LD [M]  sound/soc/codecs/snd-soc-tas6424.ko
  LD [M]  sound/soc/codecs/snd-soc-tas5805m.ko
  BTF [M] sound/soc/codecs/snd-soc-tas6424.ko
  BTF [M] sound/soc/codecs/snd-soc-tas5805m.ko
  LD [M]  sound/soc/codecs/snd-soc-tas2770.ko
  BTF [M] sound/soc/codecs/snd-soc-tas2770.ko
  LD [M]  sound/soc/codecs/snd-soc-wm-adsp.ko
  LD [M]  sound/soc/generic/snd-soc-simple-card-utils.ko
  LD [M]  sound/soc/generic/snd-soc-simple-card.ko
  BTF [M] sound/soc/codecs/snd-soc-wm-adsp.ko
  BTF [M] sound/soc/generic/snd-soc-simple-card.ko
  BTF [M] sound/soc/generic/snd-soc-simple-card-utils.ko
  LD [M]  sound/soc/generic/snd-soc-audio-graph-card.ko
  LD [M]  sound/soc/generic/snd-soc-audio-graph-card2.ko
  LD [M]  sound/soc/apple/snd-soc-aop.ko
  BTF [M] sound/soc/generic/snd-soc-audio-graph-card.ko
  BTF [M] sound/soc/generic/snd-soc-audio-graph-card2.ko
  LD [M]  sound/soc/apple/snd-soc-apple-mca.ko
  BTF [M] sound/soc/apple/snd-soc-aop.ko
  BTF [M] sound/soc/apple/snd-soc-apple-mca.ko
  LD [M]  sound/soc/apple/snd-soc-macaudio.ko
  BTF [M] sound/soc/apple/snd-soc-macaudio.ko
  LD [M]  sound/soc/fsl/snd-soc-fsl-audmix.ko
  BTF [M] sound/soc/fsl/snd-soc-fsl-audmix.ko
  LD [M]  sound/soc/fsl/snd-soc-fsl-asrc.ko
  BTF [M] sound/soc/fsl/snd-soc-fsl-asrc.ko
  LD [M]  sound/soc/fsl/snd-soc-fsl-sai.ko
  LD [M]  sound/soc/fsl/snd-soc-fsl-ssi.ko
  BTF [M] sound/soc/fsl/snd-soc-fsl-sai.ko
  BTF [M] sound/soc/fsl/snd-soc-fsl-ssi.ko
  LD [M]  sound/soc/fsl/snd-soc-fsl-spdif.ko
  BTF [M] sound/soc/fsl/snd-soc-fsl-spdif.ko
  LD [M]  sound/soc/fsl/snd-soc-fsl-esai.ko
  LD [M]  sound/soc/fsl/snd-soc-fsl-micfil.ko
  BTF [M] sound/soc/fsl/snd-soc-fsl-esai.ko
  LD [M]  sound/soc/fsl/snd-soc-fsl-utils.ko
  BTF [M] sound/soc/fsl/snd-soc-fsl-micfil.ko
  BTF [M] sound/soc/fsl/snd-soc-fsl-utils.ko
  LD [M]  sound/soc/fsl/snd-soc-fsl-easrc.ko
  BTF [M] sound/soc/fsl/snd-soc-fsl-easrc.ko
  LD [M]  sound/soc/fsl/snd-soc-imx-audmux.ko
  BTF [M] sound/soc/fsl/snd-soc-imx-audmux.ko
  LD [M]  sound/virtio/virtio_snd.ko
  LD [M]  net/core/pktgen.ko
  LD [M]  net/core/failover.ko
  BTF [M] net/core/failover.ko
  LD [M]  net/802/psnap.ko
  BTF [M] net/core/pktgen.ko
  BTF [M] sound/virtio/virtio_snd.ko
  LD [M]  net/802/stp.ko
  BTF [M] net/802/psnap.ko
  BTF [M] net/802/stp.ko
  LD [M]  net/802/garp.ko
  BTF [M] net/802/garp.ko
  LD [M]  net/802/mrp.ko
  LD [M]  net/sched/act_police.ko
  BTF [M] net/sched/act_police.ko
  BTF [M] net/802/mrp.ko
  LD [M]  net/sched/act_gact.ko
  LD [M]  net/sched/act_mirred.ko
  BTF [M] net/sched/act_gact.ko
  BTF [M] net/sched/act_mirred.ko
  LD [M]  net/sched/act_sample.ko
  BTF [M] net/sched/act_sample.ko
  LD [M]  net/sched/act_nat.ko
  BTF [M] net/sched/act_nat.ko
  LD [M]  net/sched/act_pedit.ko
  BTF [M] net/sched/act_pedit.ko
  LD [M]  net/sched/act_simple.ko
  BTF [M] net/sched/act_simple.ko
  LD [M]  net/sched/act_csum.ko
  LD [M]  net/sched/act_skbedit.ko
  BTF [M] net/sched/act_csum.ko
  BTF [M] net/sched/act_skbedit.ko
  LD [M]  net/sched/act_vlan.ko
  LD [M]  net/sched/act_bpf.ko
  BTF [M] net/sched/act_vlan.ko
  LD [M]  net/sched/act_connmark.ko
  BTF [M] net/sched/act_bpf.ko
  BTF [M] net/sched/act_connmark.ko
  LD [M]  net/sched/act_ctinfo.ko
  LD [M]  net/sched/act_skbmod.ko
  BTF [M] net/sched/act_ctinfo.ko
  BTF [M] net/sched/act_skbmod.ko
  LD [M]  net/sched/act_ife.ko
  BTF [M] net/sched/act_ife.ko
  LD [M]  net/sched/act_meta_mark.ko
  LD [M]  net/sched/act_meta_skbprio.ko
  BTF [M] net/sched/act_meta_skbprio.ko
  LD [M]  net/sched/act_meta_skbtcindex.ko
  BTF [M] net/sched/act_meta_mark.ko
  BTF [M] net/sched/act_meta_skbtcindex.ko
  LD [M]  net/sched/act_tunnel_key.ko
  LD [M]  net/sched/act_ct.ko
  BTF [M] net/sched/act_tunnel_key.ko
  BTF [M] net/sched/act_ct.ko
  LD [M]  net/sched/act_gate.ko
  BTF [M] net/sched/act_gate.ko
  LD [M]  net/sched/sch_htb.ko
  LD [M]  net/sched/sch_hfsc.ko
  BTF [M] net/sched/sch_htb.ko
  LD [M]  net/sched/sch_red.ko
  BTF [M] net/sched/sch_hfsc.ko
  LD [M]  net/sched/sch_gred.ko
  BTF [M] net/sched/sch_red.ko
  LD [M]  net/sched/sch_ingress.ko
  BTF [M] net/sched/sch_gred.ko
  LD [M]  net/sched/sch_sfb.ko
  BTF [M] net/sched/sch_ingress.ko
  LD [M]  net/sched/sch_sfq.ko
  BTF [M] net/sched/sch_sfq.ko
  LD [M]  net/sched/sch_tbf.ko
  BTF [M] net/sched/sch_sfb.ko
  BTF [M] net/sched/sch_tbf.ko
  LD [M]  net/sched/sch_teql.ko
  LD [M]  net/sched/sch_prio.ko
  BTF [M] net/sched/sch_teql.ko
  BTF [M] net/sched/sch_prio.ko
  LD [M]  net/sched/sch_multiq.ko
  LD [M]  net/sched/sch_netem.ko
  BTF [M] net/sched/sch_multiq.ko
  LD [M]  net/sched/sch_drr.ko
  BTF [M] net/sched/sch_netem.ko
  BTF [M] net/sched/sch_drr.ko
  LD [M]  net/sched/sch_plug.ko
  LD [M]  net/sched/sch_ets.ko
  BTF [M] net/sched/sch_plug.ko
  BTF [M] net/sched/sch_ets.ko
  LD [M]  net/sched/sch_mqprio.ko
  BTF [M] net/sched/sch_mqprio.ko
  LD [M]  net/sched/sch_mqprio_lib.ko
  BTF [M] net/sched/sch_mqprio_lib.ko
  LD [M]  net/sched/sch_skbprio.ko
  BTF [M] net/sched/sch_skbprio.ko
  LD [M]  net/sched/sch_choke.ko
  LD [M]  net/sched/sch_qfq.ko
  BTF [M] net/sched/sch_choke.ko
  LD [M]  net/sched/sch_codel.ko
  LD [M]  net/sched/sch_fq.ko
  LD [M]  net/sched/sch_cake.ko
  LD [M]  net/sched/sch_hhf.ko
  BTF [M] net/sched/sch_codel.ko
  BTF [M] net/sched/sch_qfq.ko
  BTF [M] net/sched/sch_hhf.ko
  BTF [M] net/sched/sch_fq.ko
  LD [M]  net/sched/sch_pie.ko
  BTF [M] net/sched/sch_cake.ko
  BTF [M] net/sched/sch_pie.ko
  LD [M]  net/sched/sch_fq_pie.ko
  BTF [M] net/sched/sch_fq_pie.ko
  LD [M]  net/sched/sch_cbs.ko
  LD [M]  net/sched/sch_etf.ko
  BTF [M] net/sched/sch_etf.ko
  BTF [M] net/sched/sch_cbs.ko
  LD [M]  net/sched/sch_taprio.ko
  BTF [M] net/sched/sch_taprio.ko
  LD [M]  net/sched/cls_u32.ko
  BTF [M] net/sched/cls_u32.ko
  LD [M]  net/sched/cls_route.ko
  BTF [M] net/sched/cls_route.ko
  LD [M]  net/sched/cls_fw.ko
  BTF [M] net/sched/cls_fw.ko
  LD [M]  net/sched/cls_flow.ko
  LD [M]  net/sched/cls_basic.ko
  BTF [M] net/sched/cls_flow.ko
  BTF [M] net/sched/cls_basic.ko
  LD [M]  net/sched/cls_bpf.ko
  LD [M]  net/sched/cls_flower.ko
  BTF [M] net/sched/cls_bpf.ko
  BTF [M] net/sched/cls_flower.ko
  LD [M]  net/sched/cls_matchall.ko
  BTF [M] net/sched/cls_matchall.ko
  LD [M]  net/sched/em_cmp.ko
  LD [M]  net/sched/em_nbyte.ko
  BTF [M] net/sched/em_cmp.ko
  LD [M]  net/sched/em_u32.ko
  LD [M]  net/sched/em_meta.ko
  BTF [M] net/sched/em_nbyte.ko
  BTF [M] net/sched/em_u32.ko
  BTF [M] net/sched/em_meta.ko
  LD [M]  net/sched/em_text.ko
  LD [M]  net/sched/em_canid.ko
  BTF [M] net/sched/em_text.ko
  LD [M]  net/sched/em_ipset.ko
  BTF [M] net/sched/em_ipset.ko
  BTF [M] net/sched/em_canid.ko
  LD [M]  net/sched/em_ipt.ko
  LD [M]  net/netlink/netlink_diag.ko
  LD [M]  net/netfilter/nfnetlink_acct.ko
  BTF [M] net/sched/em_ipt.ko
  BTF [M] net/netlink/netlink_diag.ko
  LD [M]  net/netfilter/nfnetlink_queue.ko
  BTF [M] net/netfilter/nfnetlink_acct.ko
  BTF [M] net/netfilter/nfnetlink_queue.ko
  LD [M]  net/netfilter/nfnetlink_log.ko
  LD [M]  net/netfilter/nfnetlink_osf.ko
  BTF [M] net/netfilter/nfnetlink_log.ko
  BTF [M] net/netfilter/nfnetlink_osf.ko
  LD [M]  net/netfilter/nfnetlink_hook.ko
  LD [M]  net/netfilter/nf_conntrack.ko
  LD [M]  net/netfilter/nf_conntrack_netlink.ko
  BTF [M] net/netfilter/nfnetlink_hook.ko
  BTF [M] net/netfilter/nf_conntrack_netlink.ko
  BTF [M] net/netfilter/nf_conntrack.ko
  LD [M]  net/netfilter/nfnetlink_cttimeout.ko
  LD [M]  net/netfilter/nfnetlink_cthelper.ko
  LD [M]  net/netfilter/nf_conntrack_amanda.ko
  BTF [M] net/netfilter/nfnetlink_cttimeout.ko
  LD [M]  net/netfilter/nf_conntrack_ftp.ko
  BTF [M] net/netfilter/nfnetlink_cthelper.ko
  BTF [M] net/netfilter/nf_conntrack_amanda.ko
  BTF [M] net/netfilter/nf_conntrack_ftp.ko
  LD [M]  net/netfilter/nf_conntrack_h323.ko
  BTF [M] net/netfilter/nf_conntrack_h323.ko
  LD [M]  net/netfilter/nf_conntrack_irc.ko
  BTF [M] net/netfilter/nf_conntrack_irc.ko
  LD [M]  net/netfilter/nf_conntrack_broadcast.ko
  BTF [M] net/netfilter/nf_conntrack_broadcast.ko
  LD [M]  net/netfilter/nf_conntrack_netbios_ns.ko
  LD [M]  net/netfilter/nf_conntrack_snmp.ko
  BTF [M] net/netfilter/nf_conntrack_netbios_ns.ko
  BTF [M] net/netfilter/nf_conntrack_snmp.ko
  LD [M]  net/netfilter/nf_conntrack_pptp.ko
  BTF [M] net/netfilter/nf_conntrack_pptp.ko
  LD [M]  net/netfilter/nf_conntrack_sane.ko
  LD [M]  net/netfilter/nf_conntrack_sip.ko
  BTF [M] net/netfilter/nf_conntrack_sane.ko
  BTF [M] net/netfilter/nf_conntrack_sip.ko
  LD [M]  net/netfilter/nf_conntrack_tftp.ko
  BTF [M] net/netfilter/nf_conntrack_tftp.ko
  LD [M]  net/netfilter/nf_log_syslog.ko
  BTF [M] net/netfilter/nf_log_syslog.ko
  LD [M]  net/netfilter/nf_nat.ko
  LD [M]  net/netfilter/nf_nat_amanda.ko
  LD [M]  net/netfilter/nf_nat_ftp.ko
  BTF [M] net/netfilter/nf_nat.ko
  BTF [M] net/netfilter/nf_nat_amanda.ko
  BTF [M] net/netfilter/nf_nat_ftp.ko
  LD [M]  net/netfilter/nf_nat_irc.ko
  BTF [M] net/netfilter/nf_nat_irc.ko
  LD [M]  net/netfilter/nf_nat_sip.ko
  LD [M]  net/netfilter/nf_nat_tftp.ko
  BTF [M] net/netfilter/nf_nat_sip.ko
  BTF [M] net/netfilter/nf_nat_tftp.ko
  LD [M]  net/netfilter/nf_synproxy_core.ko
  BTF [M] net/netfilter/nf_synproxy_core.ko
  LD [M]  net/netfilter/nf_conncount.ko
  BTF [M] net/netfilter/nf_conncount.ko
  LD [M]  net/netfilter/nf_dup_netdev.ko
  LD [M]  net/netfilter/nf_tables.ko
  BTF [M] net/netfilter/nf_dup_netdev.ko
  LD [M]  net/netfilter/nft_compat.ko
  BTF [M] net/netfilter/nft_compat.ko
  LD [M]  net/netfilter/nft_connlimit.ko
  LD [M]  net/netfilter/nft_numgen.ko
  BTF [M] net/netfilter/nft_connlimit.ko
  BTF [M] net/netfilter/nft_numgen.ko
  LD [M]  net/netfilter/nft_ct.ko
  LD [M]  net/netfilter/nft_flow_offload.ko
  BTF [M] net/netfilter/nft_ct.ko
  BTF [M] net/netfilter/nft_flow_offload.ko
  BTF [M] net/netfilter/nf_tables.ko
  LD [M]  net/netfilter/nft_limit.ko
  BTF [M] net/netfilter/nft_limit.ko
  LD [M]  net/netfilter/nft_nat.ko
  BTF [M] net/netfilter/nft_nat.ko
  LD [M]  net/netfilter/nft_queue.ko
  LD [M]  net/netfilter/nft_quota.ko
  BTF [M] net/netfilter/nft_queue.ko
  LD [M]  net/netfilter/nft_reject.ko
  BTF [M] net/netfilter/nft_quota.ko
  BTF [M] net/netfilter/nft_reject.ko
  LD [M]  net/netfilter/nft_reject_inet.ko
  BTF [M] net/netfilter/nft_reject_inet.ko
  LD [M]  net/netfilter/nft_reject_netdev.ko
  BTF [M] net/netfilter/nft_reject_netdev.ko
  LD [M]  net/netfilter/nft_tunnel.ko
  LD [M]  net/netfilter/nft_log.ko
  BTF [M] net/netfilter/nft_tunnel.ko
  BTF [M] net/netfilter/nft_log.ko
  LD [M]  net/netfilter/nft_masq.ko
  LD [M]  net/netfilter/nft_redir.ko
  BTF [M] net/netfilter/nft_masq.ko
  BTF [M] net/netfilter/nft_redir.ko
  LD [M]  net/netfilter/nft_hash.ko
  BTF [M] net/netfilter/nft_hash.ko
  LD [M]  net/netfilter/nft_fib.ko
  BTF [M] net/netfilter/nft_fib.ko
  LD [M]  net/netfilter/nft_fib_inet.ko
  LD [M]  net/netfilter/nft_fib_netdev.ko
  BTF [M] net/netfilter/nft_fib_inet.ko
  BTF [M] net/netfilter/nft_fib_netdev.ko
  LD [M]  net/netfilter/nft_socket.ko
  LD [M]  net/netfilter/nft_osf.ko
  LD [M]  net/netfilter/nft_tproxy.ko
  BTF [M] net/netfilter/nft_socket.ko
  BTF [M] net/netfilter/nft_tproxy.ko
  BTF [M] net/netfilter/nft_osf.ko
  LD [M]  net/netfilter/nft_xfrm.ko
  BTF [M] net/netfilter/nft_xfrm.ko
  LD [M]  net/netfilter/nft_synproxy.ko
  BTF [M] net/netfilter/nft_synproxy.ko
  LD [M]  net/netfilter/nft_chain_nat.ko
  LD [M]  net/netfilter/nft_dup_netdev.ko
  BTF [M] net/netfilter/nft_dup_netdev.ko
  LD [M]  net/netfilter/nft_fwd_netdev.ko
  BTF [M] net/netfilter/nft_chain_nat.ko
  BTF [M] net/netfilter/nft_fwd_netdev.ko
  LD [M]  net/netfilter/nf_flow_table.ko
  LD [M]  net/netfilter/nf_flow_table_inet.ko
  BTF [M] net/netfilter/nf_flow_table_inet.ko
  LD [M]  net/netfilter/xt_mark.ko
  LD [M]  net/netfilter/xt_connmark.ko
  BTF [M] net/netfilter/nf_flow_table.ko
  BTF [M] net/netfilter/xt_connmark.ko
  LD [M]  net/netfilter/xt_set.ko
  BTF [M] net/netfilter/xt_mark.ko
  BTF [M] net/netfilter/xt_set.ko
  LD [M]  net/netfilter/xt_nat.ko
  BTF [M] net/netfilter/xt_nat.ko
  LD [M]  net/netfilter/xt_AUDIT.ko
  LD [M]  net/netfilter/xt_CHECKSUM.ko
  LD [M]  net/netfilter/xt_CLASSIFY.ko
  BTF [M] net/netfilter/xt_AUDIT.ko
  BTF [M] net/netfilter/xt_CHECKSUM.ko
  BTF [M] net/netfilter/xt_CLASSIFY.ko
  LD [M]  net/netfilter/xt_CT.ko
  BTF [M] net/netfilter/xt_CT.ko
  LD [M]  net/netfilter/xt_DSCP.ko
  BTF [M] net/netfilter/xt_DSCP.ko
  LD [M]  net/netfilter/xt_HL.ko
  LD [M]  net/netfilter/xt_HMARK.ko
  BTF [M] net/netfilter/xt_HL.ko
  BTF [M] net/netfilter/xt_HMARK.ko
  LD [M]  net/netfilter/xt_LED.ko
  LD [M]  net/netfilter/xt_LOG.ko
  BTF [M] net/netfilter/xt_LED.ko
  BTF [M] net/netfilter/xt_LOG.ko
  LD [M]  net/netfilter/xt_NETMAP.ko
  BTF [M] net/netfilter/xt_NETMAP.ko
  LD [M]  net/netfilter/xt_NFLOG.ko
  LD [M]  net/netfilter/xt_NFQUEUE.ko
  LD [M]  net/netfilter/xt_RATEEST.ko
  LD [M]  net/netfilter/xt_REDIRECT.ko
  BTF [M] net/netfilter/xt_NFLOG.ko
  BTF [M] net/netfilter/xt_REDIRECT.ko
  BTF [M] net/netfilter/xt_NFQUEUE.ko
  LD [M]  net/netfilter/xt_MASQUERADE.ko
  BTF [M] net/netfilter/xt_RATEEST.ko
  BTF [M] net/netfilter/xt_MASQUERADE.ko
  LD [M]  net/netfilter/xt_TPROXY.ko
  BTF [M] net/netfilter/xt_TPROXY.ko
  LD [M]  net/netfilter/xt_TCPMSS.ko
  BTF [M] net/netfilter/xt_TCPMSS.ko
  LD [M]  net/netfilter/xt_TCPOPTSTRIP.ko
  BTF [M] net/netfilter/xt_TCPOPTSTRIP.ko
  LD [M]  net/netfilter/xt_TEE.ko
  BTF [M] net/netfilter/xt_TEE.ko
  LD [M]  net/netfilter/xt_TRACE.ko
  LD [M]  net/netfilter/xt_IDLETIMER.ko
  BTF [M] net/netfilter/xt_TRACE.ko
  LD [M]  net/netfilter/xt_addrtype.ko
  BTF [M] net/netfilter/xt_IDLETIMER.ko
  LD [M]  net/netfilter/xt_bpf.ko
  BTF [M] net/netfilter/xt_addrtype.ko
  BTF [M] net/netfilter/xt_bpf.ko
  LD [M]  net/netfilter/xt_cluster.ko
  BTF [M] net/netfilter/xt_cluster.ko
  LD [M]  net/netfilter/xt_connbytes.ko
  LD [M]  net/netfilter/xt_comment.ko
  LD [M]  net/netfilter/xt_connlabel.ko
  BTF [M] net/netfilter/xt_connbytes.ko
  BTF [M] net/netfilter/xt_connlabel.ko
  BTF [M] net/netfilter/xt_comment.ko
  LD [M]  net/netfilter/xt_connlimit.ko
  LD [M]  net/netfilter/xt_conntrack.ko
  BTF [M] net/netfilter/xt_conntrack.ko
  BTF [M] net/netfilter/xt_connlimit.ko
  LD [M]  net/netfilter/xt_cpu.ko
  LD [M]  net/netfilter/xt_dccp.ko
  BTF [M] net/netfilter/xt_dccp.ko
  BTF [M] net/netfilter/xt_cpu.ko
  LD [M]  net/netfilter/xt_devgroup.ko
  LD [M]  net/netfilter/xt_dscp.ko
  BTF [M] net/netfilter/xt_devgroup.ko
  BTF [M] net/netfilter/xt_dscp.ko
  LD [M]  net/netfilter/xt_ecn.ko
  LD [M]  net/netfilter/xt_esp.ko
  LD [M]  net/netfilter/xt_hashlimit.ko
  BTF [M] net/netfilter/xt_ecn.ko
  BTF [M] net/netfilter/xt_hashlimit.ko
  BTF [M] net/netfilter/xt_esp.ko
  LD [M]  net/netfilter/xt_helper.ko
  BTF [M] net/netfilter/xt_helper.ko
  LD [M]  net/netfilter/xt_hl.ko
  BTF [M] net/netfilter/xt_hl.ko
  LD [M]  net/netfilter/xt_ipcomp.ko
  LD [M]  net/netfilter/xt_iprange.ko
  BTF [M] net/netfilter/xt_ipcomp.ko
  BTF [M] net/netfilter/xt_iprange.ko
  LD [M]  net/netfilter/xt_l2tp.ko
  LD [M]  net/netfilter/xt_ipvs.ko
  BTF [M] net/netfilter/xt_l2tp.ko
  BTF [M] net/netfilter/xt_ipvs.ko
  LD [M]  net/netfilter/xt_length.ko
  BTF [M] net/netfilter/xt_length.ko
  LD [M]  net/netfilter/xt_limit.ko
  BTF [M] net/netfilter/xt_limit.ko
  LD [M]  net/netfilter/xt_mac.ko
  BTF [M] net/netfilter/xt_mac.ko
  LD [M]  net/netfilter/xt_multiport.ko
  BTF [M] net/netfilter/xt_multiport.ko
  LD [M]  net/netfilter/xt_nfacct.ko
  LD [M]  net/netfilter/xt_osf.ko
  BTF [M] net/netfilter/xt_nfacct.ko
  BTF [M] net/netfilter/xt_osf.ko
  LD [M]  net/netfilter/xt_owner.ko
  LD [M]  net/netfilter/xt_cgroup.ko
  BTF [M] net/netfilter/xt_cgroup.ko
  BTF [M] net/netfilter/xt_owner.ko
  LD [M]  net/netfilter/xt_physdev.ko
  BTF [M] net/netfilter/xt_physdev.ko
  LD [M]  net/netfilter/xt_pkttype.ko
  LD [M]  net/netfilter/xt_policy.ko
  BTF [M] net/netfilter/xt_pkttype.ko
  LD [M]  net/netfilter/xt_quota.ko
  BTF [M] net/netfilter/xt_quota.ko
  BTF [M] net/netfilter/xt_policy.ko
  LD [M]  net/netfilter/xt_rateest.ko
  LD [M]  net/netfilter/xt_realm.ko
  BTF [M] net/netfilter/xt_realm.ko
  BTF [M] net/netfilter/xt_rateest.ko
  LD [M]  net/netfilter/xt_recent.ko
  BTF [M] net/netfilter/xt_recent.ko
  LD [M]  net/netfilter/xt_sctp.ko
  BTF [M] net/netfilter/xt_sctp.ko
  LD [M]  net/netfilter/xt_socket.ko
  LD [M]  net/netfilter/xt_state.ko
  BTF [M] net/netfilter/xt_socket.ko
  LD [M]  net/netfilter/xt_statistic.ko
  LD [M]  net/netfilter/xt_tcpmss.ko
  BTF [M] net/netfilter/xt_state.ko
  LD [M]  net/netfilter/xt_string.ko
  BTF [M] net/netfilter/xt_statistic.ko
  BTF [M] net/netfilter/xt_tcpmss.ko
  BTF [M] net/netfilter/xt_string.ko
  LD [M]  net/netfilter/xt_time.ko
  LD [M]  net/netfilter/xt_u32.ko
  BTF [M] net/netfilter/xt_time.ko
  BTF [M] net/netfilter/xt_u32.ko
  LD [M]  net/netfilter/ipset/ip_set.ko
  LD [M]  net/netfilter/ipset/ip_set_bitmap_ip.ko
  LD [M]  net/netfilter/ipset/ip_set_bitmap_ipmac.ko
  BTF [M] net/netfilter/ipset/ip_set_bitmap_ip.ko
  BTF [M] net/netfilter/ipset/ip_set_bitmap_ipmac.ko
  BTF [M] net/netfilter/ipset/ip_set.ko
  LD [M]  net/netfilter/ipset/ip_set_bitmap_port.ko
  LD [M]  net/netfilter/ipset/ip_set_hash_ip.ko
  BTF [M] net/netfilter/ipset/ip_set_bitmap_port.ko
  BTF [M] net/netfilter/ipset/ip_set_hash_ip.ko
  LD [M]  net/netfilter/ipset/ip_set_hash_ipmac.ko
  BTF [M] net/netfilter/ipset/ip_set_hash_ipmac.ko
  LD [M]  net/netfilter/ipset/ip_set_hash_ipmark.ko
  BTF [M] net/netfilter/ipset/ip_set_hash_ipmark.ko
  LD [M]  net/netfilter/ipset/ip_set_hash_ipport.ko
  LD [M]  net/netfilter/ipset/ip_set_hash_ipportip.ko
  BTF [M] net/netfilter/ipset/ip_set_hash_ipportip.ko
  LD [M]  net/netfilter/ipset/ip_set_hash_ipportnet.ko
  BTF [M] net/netfilter/ipset/ip_set_hash_ipport.ko
  BTF [M] net/netfilter/ipset/ip_set_hash_ipportnet.ko
  LD [M]  net/netfilter/ipset/ip_set_hash_mac.ko
  BTF [M] net/netfilter/ipset/ip_set_hash_mac.ko
  LD [M]  net/netfilter/ipset/ip_set_hash_net.ko
  LD [M]  net/netfilter/ipset/ip_set_hash_netport.ko
  BTF [M] net/netfilter/ipset/ip_set_hash_net.ko
  BTF [M] net/netfilter/ipset/ip_set_hash_netport.ko
  LD [M]  net/netfilter/ipset/ip_set_hash_netiface.ko
  LD [M]  net/netfilter/ipset/ip_set_hash_netnet.ko
  BTF [M] net/netfilter/ipset/ip_set_hash_netiface.ko
  BTF [M] net/netfilter/ipset/ip_set_hash_netnet.ko
  LD [M]  net/netfilter/ipset/ip_set_hash_netportnet.ko
  LD [M]  net/netfilter/ipset/ip_set_list_set.ko
  BTF [M] net/netfilter/ipset/ip_set_hash_netportnet.ko
  BTF [M] net/netfilter/ipset/ip_set_list_set.ko
  LD [M]  net/netfilter/ipvs/ip_vs.ko
  LD [M]  net/netfilter/ipvs/ip_vs_rr.ko
  BTF [M] net/netfilter/ipvs/ip_vs_rr.ko
  LD [M]  net/netfilter/ipvs/ip_vs_wrr.ko
  BTF [M] net/netfilter/ipvs/ip_vs.ko
  BTF [M] net/netfilter/ipvs/ip_vs_wrr.ko
  LD [M]  net/netfilter/ipvs/ip_vs_lc.ko
  BTF [M] net/netfilter/ipvs/ip_vs_lc.ko
  LD [M]  net/netfilter/ipvs/ip_vs_wlc.ko
  LD [M]  net/netfilter/ipvs/ip_vs_fo.ko
  BTF [M] net/netfilter/ipvs/ip_vs_wlc.ko
  BTF [M] net/netfilter/ipvs/ip_vs_fo.ko
  LD [M]  net/netfilter/ipvs/ip_vs_ovf.ko
  LD [M]  net/netfilter/ipvs/ip_vs_lblc.ko
  BTF [M] net/netfilter/ipvs/ip_vs_lblc.ko
  LD [M]  net/netfilter/ipvs/ip_vs_lblcr.ko
  BTF [M] net/netfilter/ipvs/ip_vs_ovf.ko
  BTF [M] net/netfilter/ipvs/ip_vs_lblcr.ko
  LD [M]  net/netfilter/ipvs/ip_vs_dh.ko
  BTF [M] net/netfilter/ipvs/ip_vs_dh.ko
  LD [M]  net/netfilter/ipvs/ip_vs_sh.ko
  LD [M]  net/netfilter/ipvs/ip_vs_mh.ko
  BTF [M] net/netfilter/ipvs/ip_vs_mh.ko
  BTF [M] net/netfilter/ipvs/ip_vs_sh.ko
  LD [M]  net/netfilter/ipvs/ip_vs_sed.ko
  LD [M]  net/netfilter/ipvs/ip_vs_nq.ko
  BTF [M] net/netfilter/ipvs/ip_vs_nq.ko
  LD [M]  net/netfilter/ipvs/ip_vs_ftp.ko
  BTF [M] net/netfilter/ipvs/ip_vs_sed.ko
  LD [M]  net/netfilter/ipvs/ip_vs_pe_sip.ko
  LD [M]  net/netfilter/ipvs/ip_vs_twos.ko
  BTF [M] net/netfilter/ipvs/ip_vs_ftp.ko
  BTF [M] net/netfilter/ipvs/ip_vs_pe_sip.ko
  BTF [M] net/netfilter/ipvs/ip_vs_twos.ko
  LD [M]  net/ipv4/netfilter/nf_defrag_ipv4.ko
  BTF [M] net/ipv4/netfilter/nf_defrag_ipv4.ko
  LD [M]  net/ipv4/netfilter/nf_socket_ipv4.ko
  BTF [M] net/ipv4/netfilter/nf_socket_ipv4.ko
  LD [M]  net/ipv4/netfilter/nf_tproxy_ipv4.ko
  LD [M]  net/ipv4/netfilter/nf_nat_h323.ko
  BTF [M] net/ipv4/netfilter/nf_nat_h323.ko
  BTF [M] net/ipv4/netfilter/nf_tproxy_ipv4.ko
  LD [M]  net/ipv4/netfilter/nf_nat_pptp.ko
  BTF [M] net/ipv4/netfilter/nf_nat_pptp.ko
  LD [M]  net/ipv4/netfilter/nf_nat_snmp_basic.ko
  LD [M]  net/ipv4/netfilter/nft_reject_ipv4.ko
  BTF [M] net/ipv4/netfilter/nft_reject_ipv4.ko
  BTF [M] net/ipv4/netfilter/nf_nat_snmp_basic.ko
  LD [M]  net/ipv4/netfilter/nft_fib_ipv4.ko
  BTF [M] net/ipv4/netfilter/nft_fib_ipv4.ko
  LD [M]  net/ipv4/netfilter/nft_dup_ipv4.ko
  BTF [M] net/ipv4/netfilter/nft_dup_ipv4.ko
  LD [M]  net/ipv4/netfilter/ip_tables.ko
  BTF [M] net/ipv4/netfilter/ip_tables.ko
  LD [M]  net/ipv4/netfilter/iptable_filter.ko
  LD [M]  net/ipv4/netfilter/iptable_mangle.ko
  BTF [M] net/ipv4/netfilter/iptable_mangle.ko
  BTF [M] net/ipv4/netfilter/iptable_filter.ko
  LD [M]  net/ipv4/netfilter/iptable_nat.ko
  BTF [M] net/ipv4/netfilter/iptable_nat.ko
  LD [M]  net/ipv4/netfilter/iptable_raw.ko
  LD [M]  net/ipv4/netfilter/iptable_security.ko
  BTF [M] net/ipv4/netfilter/iptable_raw.ko
  BTF [M] net/ipv4/netfilter/iptable_security.ko
  LD [M]  net/ipv4/netfilter/ipt_ah.ko
  BTF [M] net/ipv4/netfilter/ipt_ah.ko
  LD [M]  net/ipv4/netfilter/ipt_rpfilter.ko
  BTF [M] net/ipv4/netfilter/ipt_rpfilter.ko
  LD [M]  net/ipv4/netfilter/ipt_ECN.ko
  LD [M]  net/ipv4/netfilter/ipt_REJECT.ko
  BTF [M] net/ipv4/netfilter/ipt_ECN.ko
  BTF [M] net/ipv4/netfilter/ipt_REJECT.ko
  LD [M]  net/ipv4/netfilter/ipt_SYNPROXY.ko
  BTF [M] net/ipv4/netfilter/ipt_SYNPROXY.ko
  LD [M]  net/ipv4/netfilter/arp_tables.ko
  LD [M]  net/ipv4/netfilter/arpt_mangle.ko
  BTF [M] net/ipv4/netfilter/arp_tables.ko
  LD [M]  net/ipv4/netfilter/arptable_filter.ko
  BTF [M] net/ipv4/netfilter/arpt_mangle.ko
  BTF [M] net/ipv4/netfilter/arptable_filter.ko
  LD [M]  net/ipv4/netfilter/nf_dup_ipv4.ko
  BTF [M] net/ipv4/netfilter/nf_dup_ipv4.ko
  LD [M]  net/ipv4/ip_tunnel.ko
  LD [M]  net/ipv4/ipip.ko
  BTF [M] net/ipv4/ip_tunnel.ko
  BTF [M] net/ipv4/ipip.ko
  LD [M]  net/ipv4/fou.ko
  LD [M]  net/ipv4/gre.ko
  BTF [M] net/ipv4/fou.ko
  BTF [M] net/ipv4/gre.ko
  LD [M]  net/ipv4/ip_gre.ko
  BTF [M] net/ipv4/ip_gre.ko
  LD [M]  net/ipv4/udp_tunnel.ko
  LD [M]  net/ipv4/ip_vti.ko
  LD [M]  net/ipv4/ah4.ko
  BTF [M] net/ipv4/udp_tunnel.ko
  BTF [M] net/ipv4/ah4.ko
  BTF [M] net/ipv4/ip_vti.ko
  LD [M]  net/ipv4/esp4.ko
  BTF [M] net/ipv4/esp4.ko
  LD [M]  net/ipv4/ipcomp.ko
  BTF [M] net/ipv4/ipcomp.ko
  LD [M]  net/ipv4/xfrm4_tunnel.ko
  BTF [M] net/ipv4/xfrm4_tunnel.ko
  LD [M]  net/ipv4/tunnel4.ko
  BTF [M] net/ipv4/tunnel4.ko
  LD [M]  net/ipv4/inet_diag.ko
  LD [M]  net/ipv4/tcp_diag.ko
  LD [M]  net/ipv4/udp_diag.ko
  BTF [M] net/ipv4/tcp_diag.ko
  BTF [M] net/ipv4/inet_diag.ko
  BTF [M] net/ipv4/udp_diag.ko
  LD [M]  net/ipv4/raw_diag.ko
  BTF [M] net/ipv4/raw_diag.ko
  LD [M]  net/ipv4/tcp_bbr.ko
  BTF [M] net/ipv4/tcp_bbr.ko
  LD [M]  net/ipv4/tcp_bic.ko
  BTF [M] net/ipv4/tcp_bic.ko
  LD [M]  net/ipv4/tcp_dctcp.ko
  LD [M]  net/ipv4/tcp_cdg.ko
  LD [M]  net/ipv4/tcp_westwood.ko
  BTF [M] net/ipv4/tcp_dctcp.ko
  BTF [M] net/ipv4/tcp_westwood.ko
  BTF [M] net/ipv4/tcp_cdg.ko
  LD [M]  net/ipv4/tcp_highspeed.ko
  BTF [M] net/ipv4/tcp_highspeed.ko
  LD [M]  net/ipv4/tcp_hybla.ko
  BTF [M] net/ipv4/tcp_hybla.ko
  LD [M]  net/ipv4/tcp_htcp.ko
  BTF [M] net/ipv4/tcp_htcp.ko
  LD [M]  net/ipv4/tcp_vegas.ko
  LD [M]  net/ipv4/tcp_veno.ko
  LD [M]  net/ipv4/tcp_nv.ko
  BTF [M] net/ipv4/tcp_vegas.ko
  BTF [M] net/ipv4/tcp_veno.ko
  BTF [M] net/ipv4/tcp_nv.ko
  LD [M]  net/ipv4/tcp_scalable.ko
  BTF [M] net/ipv4/tcp_scalable.ko
  LD [M]  net/ipv4/tcp_yeah.ko
  LD [M]  net/ipv4/tcp_lp.ko
  BTF [M] net/ipv4/tcp_yeah.ko
  BTF [M] net/ipv4/tcp_lp.ko
  LD [M]  net/ipv4/tcp_illinois.ko
  LD [M]  net/xfrm/xfrm_ipcomp.ko
  BTF [M] net/ipv4/tcp_illinois.ko
  BTF [M] net/xfrm/xfrm_ipcomp.ko
  LD [M]  net/xfrm/xfrm_iptfs.ko
  BTF [M] net/xfrm/xfrm_iptfs.ko
  LD [M]  net/unix/unix_diag.ko
  LD [M]  net/ipv6/netfilter/ip6_tables.ko
  BTF [M] net/ipv6/netfilter/ip6_tables.ko
  LD [M]  net/ipv6/netfilter/ip6table_filter.ko
  BTF [M] net/unix/unix_diag.ko
  BTF [M] net/ipv6/netfilter/ip6table_filter.ko
  LD [M]  net/ipv6/netfilter/ip6table_mangle.ko
  BTF [M] net/ipv6/netfilter/ip6table_mangle.ko
  LD [M]  net/ipv6/netfilter/ip6table_raw.ko
  LD [M]  net/ipv6/netfilter/ip6table_security.ko
  BTF [M] net/ipv6/netfilter/ip6table_raw.ko
  BTF [M] net/ipv6/netfilter/ip6table_security.ko
  LD [M]  net/ipv6/netfilter/ip6table_nat.ko
  BTF [M] net/ipv6/netfilter/ip6table_nat.ko
  LD [M]  net/ipv6/netfilter/nf_defrag_ipv6.ko
  LD [M]  net/ipv6/netfilter/nf_socket_ipv6.ko
  BTF [M] net/ipv6/netfilter/nf_defrag_ipv6.ko
  LD [M]  net/ipv6/netfilter/nf_tproxy_ipv6.ko
  LD [M]  net/ipv6/netfilter/nf_reject_ipv6.ko
  BTF [M] net/ipv6/netfilter/nf_socket_ipv6.ko
  BTF [M] net/ipv6/netfilter/nf_tproxy_ipv6.ko
  BTF [M] net/ipv6/netfilter/nf_reject_ipv6.ko
  LD [M]  net/ipv6/netfilter/nf_dup_ipv6.ko
  BTF [M] net/ipv6/netfilter/nf_dup_ipv6.ko
  LD [M]  net/ipv6/netfilter/nft_reject_ipv6.ko
  BTF [M] net/ipv6/netfilter/nft_reject_ipv6.ko
  LD [M]  net/ipv6/netfilter/nft_dup_ipv6.ko
  BTF [M] net/ipv6/netfilter/nft_dup_ipv6.ko
  LD [M]  net/ipv6/netfilter/nft_fib_ipv6.ko
  LD [M]  net/ipv6/netfilter/ip6t_ah.ko
  LD [M]  net/ipv6/netfilter/ip6t_eui64.ko
  BTF [M] net/ipv6/netfilter/ip6t_ah.ko
  BTF [M] net/ipv6/netfilter/nft_fib_ipv6.ko
  BTF [M] net/ipv6/netfilter/ip6t_eui64.ko
  LD [M]  net/ipv6/netfilter/ip6t_frag.ko
  LD [M]  net/ipv6/netfilter/ip6t_ipv6header.ko
  BTF [M] net/ipv6/netfilter/ip6t_frag.ko
  BTF [M] net/ipv6/netfilter/ip6t_ipv6header.ko
  LD [M]  net/ipv6/netfilter/ip6t_mh.ko
  BTF [M] net/ipv6/netfilter/ip6t_mh.ko
  LD [M]  net/ipv6/netfilter/ip6t_hbh.ko
  LD [M]  net/ipv6/netfilter/ip6t_rpfilter.ko
  BTF [M] net/ipv6/netfilter/ip6t_hbh.ko
  BTF [M] net/ipv6/netfilter/ip6t_rpfilter.ko
  LD [M]  net/ipv6/netfilter/ip6t_rt.ko
  LD [M]  net/ipv6/netfilter/ip6t_srh.ko
  BTF [M] net/ipv6/netfilter/ip6t_rt.ko
  LD [M]  net/ipv6/netfilter/ip6t_NPT.ko
  BTF [M] net/ipv6/netfilter/ip6t_srh.ko
  BTF [M] net/ipv6/netfilter/ip6t_NPT.ko
  LD [M]  net/ipv6/netfilter/ip6t_REJECT.ko
  LD [M]  net/ipv6/netfilter/ip6t_SYNPROXY.ko
  BTF [M] net/ipv6/netfilter/ip6t_REJECT.ko
  BTF [M] net/ipv6/netfilter/ip6t_SYNPROXY.ko
  LD [M]  net/ipv6/ah6.ko
  BTF [M] net/ipv6/ah6.ko
  LD [M]  net/ipv6/esp6.ko
  LD [M]  net/ipv6/ipcomp6.ko
  BTF [M] net/ipv6/esp6.ko
  LD [M]  net/ipv6/xfrm6_tunnel.ko
  BTF [M] net/ipv6/ipcomp6.ko
  LD [M]  net/ipv6/tunnel6.ko
  BTF [M] net/ipv6/xfrm6_tunnel.ko
  LD [M]  net/ipv6/ila/ila.ko
  BTF [M] net/ipv6/tunnel6.ko
  BTF [M] net/ipv6/ila/ila.ko
  LD [M]  net/ipv6/ip6_vti.ko
  LD [M]  net/ipv6/sit.ko
  BTF [M] net/ipv6/ip6_vti.ko
  BTF [M] net/ipv6/sit.ko
  LD [M]  net/ipv6/ip6_tunnel.ko
  LD [M]  net/ipv6/ip6_gre.ko
  BTF [M] net/ipv6/ip6_gre.ko
  BTF [M] net/ipv6/ip6_tunnel.ko
  LD [M]  net/ipv6/fou6.ko
  LD [M]  net/ipv6/ip6_udp_tunnel.ko
  BTF [M] net/ipv6/fou6.ko
  BTF [M] net/ipv6/ip6_udp_tunnel.ko
  LD [M]  net/packet/af_packet_diag.ko
  BTF [M] net/packet/af_packet_diag.ko
  LD [M]  net/dsa/dsa_core.ko
  LD [M]  net/dsa/tag_brcm.ko
  LD [M]  net/dsa/tag_dsa.ko
  BTF [M] net/dsa/tag_dsa.ko
  LD [M]  net/dsa/tag_none.ko
  BTF [M] net/dsa/tag_brcm.ko
  BTF [M] net/dsa/dsa_core.ko
  BTF [M] net/dsa/tag_none.ko
  LD [M]  net/dsa/tag_qca.ko
  LD [M]  net/sunrpc/auth_gss/auth_rpcgss.ko
  LD [M]  net/dsa/tag_trailer.ko
  LD [M]  net/sunrpc/auth_gss/rpcsec_gss_krb5.ko
  BTF [M] net/dsa/tag_trailer.ko
  BTF [M] net/dsa/tag_qca.ko
  BTF [M] net/sunrpc/auth_gss/auth_rpcgss.ko
  BTF [M] net/sunrpc/auth_gss/rpcsec_gss_krb5.ko
  LD [M]  net/wireless/cfg80211.ko
  LD [M]  net/8021q/8021q.ko
  LD [M]  net/mpls/mpls_gso.ko
  BTF [M] net/mpls/mpls_gso.ko
  BTF [M] net/8021q/8021q.ko
  LD [M]  net/mpls/mpls_router.ko
  LD [M]  net/mptcp/mptcp_diag.ko
  LD [M]  net/mpls/mpls_iptunnel.ko
  LD [M]  net/llc/llc.ko
  BTF [M] net/mpls/mpls_router.ko
  BTF [M] net/mpls/mpls_iptunnel.ko
  BTF [M] net/mptcp/mptcp_diag.ko
  LD [M]  net/tls/tls.ko
  BTF [M] net/llc/llc.ko
  LD [M]  net/key/af_key.ko
  BTF [M] net/key/af_key.ko
  BTF [M] net/tls/tls.ko
  BTF [M] net/wireless/cfg80211.ko
  LD [M]  net/bridge/netfilter/nft_meta_bridge.ko
  BTF [M] net/bridge/netfilter/nft_meta_bridge.ko
  LD [M]  net/bridge/netfilter/nft_reject_bridge.ko
  BTF [M] net/bridge/netfilter/nft_reject_bridge.ko
  LD [M]  net/bridge/netfilter/nf_conntrack_bridge.ko
  LD [M]  net/bridge/netfilter/ebtables.ko
  BTF [M] net/bridge/netfilter/nf_conntrack_bridge.ko
  LD [M]  net/bridge/netfilter/ebtable_broute.ko
  BTF [M] net/bridge/netfilter/ebtables.ko
  LD [M]  net/bridge/netfilter/ebtable_filter.ko
  BTF [M] net/bridge/netfilter/ebtable_broute.ko
  BTF [M] net/bridge/netfilter/ebtable_filter.ko
  LD [M]  net/bridge/netfilter/ebtable_nat.ko
  BTF [M] net/bridge/netfilter/ebtable_nat.ko
  LD [M]  net/bridge/netfilter/ebt_802_3.ko
  LD [M]  net/bridge/netfilter/ebt_among.ko
  BTF [M] net/bridge/netfilter/ebt_among.ko
  BTF [M] net/bridge/netfilter/ebt_802_3.ko
  LD [M]  net/bridge/netfilter/ebt_arp.ko
  BTF [M] net/bridge/netfilter/ebt_arp.ko
  LD [M]  net/bridge/netfilter/ebt_ip.ko
  LD [M]  net/bridge/netfilter/ebt_ip6.ko
  LD [M]  net/bridge/netfilter/ebt_limit.ko
  BTF [M] net/bridge/netfilter/ebt_limit.ko
  BTF [M] net/bridge/netfilter/ebt_ip.ko
  BTF [M] net/bridge/netfilter/ebt_ip6.ko
  LD [M]  net/bridge/netfilter/ebt_mark_m.ko
  LD [M]  net/bridge/netfilter/ebt_pkttype.ko
  BTF [M] net/bridge/netfilter/ebt_mark_m.ko
  BTF [M] net/bridge/netfilter/ebt_pkttype.ko
  LD [M]  net/bridge/netfilter/ebt_stp.ko
  LD [M]  net/bridge/netfilter/ebt_vlan.ko
  LD [M]  net/bridge/netfilter/ebt_arpreply.ko
  BTF [M] net/bridge/netfilter/ebt_vlan.ko
  BTF [M] net/bridge/netfilter/ebt_stp.ko
  BTF [M] net/bridge/netfilter/ebt_arpreply.ko
  LD [M]  net/bridge/netfilter/ebt_mark.ko
  LD [M]  net/bridge/netfilter/ebt_dnat.ko
  BTF [M] net/bridge/netfilter/ebt_mark.ko
  LD [M]  net/bridge/netfilter/ebt_redirect.ko
  BTF [M] net/bridge/netfilter/ebt_dnat.ko
  LD [M]  net/bridge/netfilter/ebt_snat.ko
  BTF [M] net/bridge/netfilter/ebt_redirect.ko
  BTF [M] net/bridge/netfilter/ebt_snat.ko
  LD [M]  net/bridge/netfilter/ebt_log.ko
  BTF [M] net/bridge/netfilter/ebt_log.ko
  LD [M]  net/bridge/netfilter/ebt_nflog.ko
  LD [M]  net/bridge/bridge.ko
  BTF [M] net/bridge/netfilter/ebt_nflog.ko
  LD [M]  net/bridge/br_netfilter.ko
  BTF [M] net/bridge/br_netfilter.ko
  BTF [M] net/bridge/bridge.ko
  LD [M]  net/can/can.ko
  BTF [M] net/can/can.ko
  LD [M]  net/can/can-raw.ko
  LD [M]  net/can/can-bcm.ko
  LD [M]  net/can/can-gw.ko
  BTF [M] net/can/can-raw.ko
  BTF [M] net/can/can-gw.ko
  BTF [M] net/can/can-bcm.ko
  LD [M]  net/bluetooth/bluetooth.ko
  LD [M]  net/bluetooth/rfcomm/rfcomm.ko
  LD [M]  net/bluetooth/bnep/bnep.ko
  BTF [M] net/bluetooth/rfcomm/rfcomm.ko
  LD [M]  net/bluetooth/hidp/hidp.ko
  BTF [M] net/bluetooth/bnep/bnep.ko
  LD [M]  net/bluetooth/bluetooth_6lowpan.ko
  BTF [M] net/bluetooth/hidp/hidp.ko
  BTF [M] net/bluetooth/bluetooth.ko
  BTF [M] net/bluetooth/bluetooth_6lowpan.ko
  LD [M]  net/atm/atm.ko
  BTF [M] net/atm/atm.ko
  LD [M]  net/atm/br2684.ko
  LD [M]  net/atm/pppoatm.ko
  BTF [M] net/atm/pppoatm.ko
  BTF [M] net/atm/br2684.ko
  LD [M]  net/l2tp/l2tp_core.ko
  BTF [M] net/l2tp/l2tp_core.ko
  LD [M]  net/l2tp/l2tp_ppp.ko
  LD [M]  net/l2tp/l2tp_ip.ko
  BTF [M] net/l2tp/l2tp_ppp.ko
  BTF [M] net/l2tp/l2tp_ip.ko
  LD [M]  net/l2tp/l2tp_netlink.ko
  BTF [M] net/l2tp/l2tp_netlink.ko
  LD [M]  net/l2tp/l2tp_eth.ko
  LD [M]  net/l2tp/l2tp_debugfs.ko
  BTF [M] net/l2tp/l2tp_eth.ko
  BTF [M] net/l2tp/l2tp_debugfs.ko
  LD [M]  net/l2tp/l2tp_ip6.ko
  LD [M]  net/sctp/sctp.ko
  BTF [M] net/l2tp/l2tp_ip6.ko
  LD [M]  net/sctp/sctp_diag.ko
  LD [M]  net/rds/rds.ko
  BTF [M] net/sctp/sctp_diag.ko
  BTF [M] net/sctp/sctp.ko
  LD [M]  net/rds/rds_tcp.ko
  LD [M]  net/mac80211/mac80211.ko
  LD [M]  net/tipc/tipc.ko
  BTF [M] net/rds/rds.ko
  LD [M]  net/tipc/tipc_diag.ko
  BTF [M] net/rds/rds_tcp.ko
  BTF [M] net/tipc/tipc_diag.ko
  LD [M]  net/rfkill/rfkill.ko
  BTF [M] net/rfkill/rfkill.ko
  BTF [M] net/tipc/tipc.ko
  LD [M]  net/rfkill/rfkill-gpio.ko
  BTF [M] net/rfkill/rfkill-gpio.ko
  LD [M]  net/9p/9pnet.ko
  BTF [M] net/9p/9pnet.ko
  LD [M]  net/9p/9pnet_fd.ko
  LD [M]  net/9p/9pnet_virtio.ko
  BTF [M] net/9p/9pnet_fd.ko
  BTF [M] net/9p/9pnet_virtio.ko
  LD [M]  net/6lowpan/6lowpan.ko
  BTF [M] net/6lowpan/6lowpan.ko
  LD [M]  net/6lowpan/nhc_dest.ko
  BTF [M] net/6lowpan/nhc_dest.ko
  LD [M]  net/6lowpan/nhc_fragment.ko
  BTF [M] net/6lowpan/nhc_fragment.ko
  LD [M]  net/6lowpan/nhc_hop.ko
  BTF [M] net/mac80211/mac80211.ko
  BTF [M] net/6lowpan/nhc_hop.ko
  LD [M]  net/6lowpan/nhc_ipv6.ko
  BTF [M] net/6lowpan/nhc_ipv6.ko
  LD [M]  net/6lowpan/nhc_mobility.ko
  BTF [M] net/6lowpan/nhc_mobility.ko
  LD [M]  net/6lowpan/nhc_routing.ko
  LD [M]  net/6lowpan/nhc_udp.ko
  BTF [M] net/6lowpan/nhc_routing.ko
  BTF [M] net/6lowpan/nhc_udp.ko
  LD [M]  net/6lowpan/nhc_ghc_ext_hop.ko
  BTF [M] net/6lowpan/nhc_ghc_ext_hop.ko
  LD [M]  net/6lowpan/nhc_ghc_udp.ko
  BTF [M] net/6lowpan/nhc_ghc_udp.ko
  LD [M]  net/6lowpan/nhc_ghc_icmpv6.ko
  LD [M]  net/6lowpan/nhc_ghc_ext_dest.ko
  BTF [M] net/6lowpan/nhc_ghc_icmpv6.ko
  BTF [M] net/6lowpan/nhc_ghc_ext_dest.ko
  LD [M]  net/6lowpan/nhc_ghc_ext_frag.ko
  LD [M]  net/6lowpan/nhc_ghc_ext_route.ko
  LD [M]  net/ieee802154/6lowpan/ieee802154_6lowpan.ko
  BTF [M] net/6lowpan/nhc_ghc_ext_route.ko
  BTF [M] net/6lowpan/nhc_ghc_ext_frag.ko
  BTF [M] net/ieee802154/6lowpan/ieee802154_6lowpan.ko
  LD [M]  net/ieee802154/ieee802154.ko
  BTF [M] net/ieee802154/ieee802154.ko
  LD [M]  net/ieee802154/ieee802154_socket.ko
  LD [M]  net/mac802154/mac802154.ko
  BTF [M] net/ieee802154/ieee802154_socket.ko
  BTF [M] net/mac802154/mac802154.ko
  LD [M]  net/ceph/libceph.ko
  LD [M]  net/batman-adv/batman-adv.ko
  BTF [M] net/ceph/libceph.ko
  LD [M]  net/nfc/nfc.ko
  BTF [M] net/batman-adv/batman-adv.ko
  LD [M]  net/nfc/nci/nci.ko
  LD [M]  net/nfc/hci/hci.ko
  BTF [M] net/nfc/nfc.ko
  BTF [M] net/nfc/nci/nci.ko
  LD [M]  net/nfc/nfc_digital.ko
  BTF [M] net/nfc/hci/hci.ko
  BTF [M] net/nfc/nfc_digital.ko
  LD [M]  net/psample/psample.ko
  LD [M]  net/ife/ife.ko
  BTF [M] net/psample/psample.ko
  BTF [M] net/ife/ife.ko
  LD [M]  net/openvswitch/openvswitch.ko
  LD [M]  net/openvswitch/vport-vxlan.ko
  BTF [M] net/openvswitch/vport-vxlan.ko
  LD [M]  net/openvswitch/vport-geneve.ko
  LD [M]  net/openvswitch/vport-gre.ko
  BTF [M] net/openvswitch/openvswitch.ko
  LD [M]  net/vmw_vsock/vsock.ko
  BTF [M] net/openvswitch/vport-gre.ko
  BTF [M] net/openvswitch/vport-geneve.ko
  LD [M]  net/vmw_vsock/vsock_diag.ko
  LD [M]  net/vmw_vsock/vmw_vsock_virtio_transport.ko
  BTF [M] net/vmw_vsock/vmw_vsock_virtio_transport.ko
  BTF [M] net/vmw_vsock/vsock_diag.ko
  BTF [M] net/vmw_vsock/vsock.ko
  LD [M]  net/vmw_vsock/vmw_vsock_virtio_transport_common.ko
  BTF [M] net/vmw_vsock/vmw_vsock_virtio_transport_common.ko
  LD [M]  net/nsh/nsh.ko
  LD [M]  net/vmw_vsock/vsock_loopback.ko
  LD [M]  net/qrtr/qrtr.ko
  LD [M]  net/qrtr/qrtr-tun.ko
  BTF [M] net/vmw_vsock/vsock_loopback.ko
  BTF [M] net/qrtr/qrtr.ko
  BTF [M] net/nsh/nsh.ko
  BTF [M] net/qrtr/qrtr-tun.ko
make[1]: Leaving directory '/home/mert/Work/omarchy-mac-external-monitor/artifacts/thunderbolt-kernel/build'
make: Leaving directory '/home/mert/Work/omarchy-mac-external-monitor/sources/linux-thunderbolt'
