# opened /dev/cu.usbmodemC02GR0ZMQ6LT3 17:15:53
# RELAUNCH3 Sun Sep 20 17:16:11 +03 2026
17:16:19 Darwin Kernel Version 22.6.0: Wed Jul  5 22:22:52 PDT 2023; root:xnu-8796.141.3~6/RELEASE_ARM64_T8103
17:16:19 pmap_startup() init/release time: 16451 microsec
17:16:19 pmap_startup() delayed init/release of 0 pages
17:16:19 vm_page_bootstrap: 982249 free pages, 11713 wired pages, (up to 0 of which are delayed free)
17:16:19 VM boostrap: 97 maps, 204 entries and 512 holes available
17:16:19 Maximum number of VM swap files: 100
17:16:19 "vm_compressor_mode" is 4
17:16:19 VM bootstrap done: 84 maps, 165 entries and 503 holes left
17:16:19 Log queues configured: slot count: 64, per-slot size: 32768, total size: 2097152
17:16:19 OSLog stream configured: stream: 8192 bytes, cache: 2112 bytes
17:16:19 Long logs support configured: size: 16384
17:16:19 Firehose configured: 16 chunks, 8 io pages
17:16:19 standard timeslicing quantum is 10000 us
17:16:19 standard background quantum is 2500 us
17:16:19 mig_table_max_displ = 54 mach_kobj_count = 375
17:16:19 kdp_core zlib memory 0x8000
17:16:19 Serial requested, consistent debug disabled or debug boot arg not present, configuring debugging over serial
17:16:19 iBoot version: iBoot-8422.141.2
17:16:19 Darwin Image4 Validator Version 5.0.0: Mon Jul 10 22:18:56 PDT 2023; root:AppleImage4-202.120.2~861/AppleImage4/RELEASE_ARM64E
17:16:19 calling mpo_policy_init for AppleImage4
17:16:19 Security policy loaded: AppleImage4 sysctl hook (AppleImage4)
17:16:19 AppleImage4: failed to read nvram property: oblit-inprogress: 2
17:16:19 AMFI: UDID enforcement enabled
17:16:19 calling mpo_policy_init for AMFI
17:16:19 Security policy loaded: Apple Mobile File Integrity (AMFI)
17:16:19 calling mpo_policy_init for Sandbox
17:16:19 Security policy loaded: Seatbelt sandbox policy (Sandbox)
17:16:19 calling mpo_policy_init for Quarantine
17:16:19 Security policy loaded: Quarantine policy (Quarantine)
17:16:19 initialized XNU provisioning profile data
17:16:19 initialized PPL provisioning profile data
17:16:19 attempting to load 2 external trust cache modules
17:16:19 loaded external trust cache module: 0
17:16:19 loaded external trust cache module: 1
17:16:19 completed loading external trust cache modules
17:16:19 IOG flags 0x3 (0x51)
17:16:19 AppleCredentialManager: init: inited KE[1] (ready=NO, AVP=NO) -> true.
17:16:19 AppleCredentialManager: probe: probed KE[1] (ready=NO) -> true (score=0).
17:16:19 Couldn't alloc class "AppleKeyStoreTest"
17:16:19 Warning: arc4random not implemented
17:16:19 Warning: arc4random not implemented
17:16:19 Warning: arc4random not implemented
17:16:19 logIosaActivity: log activity queue is null
17:16:19 logIosaActivity: log activity queue is null
17:16:19 AppleARMBootPerf: Warning: profile->magic (0x42545244) != 'BTRC'
17:16:19 AppleCredentialManager: start: starting KE[1] (ready=NO) -> true.
17:16:19 AppleCredentialManager: initImpl: called, KE[1].
17:16:19 ACMFirstResponderKernelService: init: called, .
17:16:19 ACMTRM-S: init: called, starting PersistentStore service.
17:16:19 ACMTRM-A: init: called, starting TRM Analytics service.
17:16:19 ACMTRM-C: init: called, starting AccessoryCache service.
17:16:19 ACMKernelService: initValueFromBootArgAliasesUInt32: acc-cache size = 48 (default).
17:16:19 ACMKernelService: initValueFromBootArgAliasesUInt32: acc-cache expiration = 2592000 (default).
17:16:19 ACM: TRMAccCache_SetupEmpty: called, cacheSize=48 expiration=2592000.
17:16:19 ACMTRM: init: called, starting TRM service.
17:16:19 ACMKernelService: initValueFromBootArgAliasesUInt32: policy supported in BaseSystem = 0 (default).
17:16:19 ACMKernelService: initValueFromBootArgAliasesUInt32: config profile = 4294967295 (default).
17:16:19 ACMTRM: _getDefaultConfigProfile: config profile: 2 (boot-arg=2 edt-prop=2*).
17:16:19 ACMKernelService: initValueFromBootArgAliasesUInt32: policy mode timeout = 604800 (default).
17:16:19 ACMKernelService: initValueFromBootArgAliasesUInt32: grace period (bounded) timeout = 259200 (default).
17:16:19 ACMKernelService: initValueFromBootArgAliasesUInt32: unlocked period timeout = 86400 (default).
17:16:19 ACMKernelService: initValueFromBootArgAliasesUInt32: enabled by default = 1 (default).
17:16:19 ACMTRM: _disableBy: [TRM ENABLED=YES] (mask=0, DISABLED BY: Def=NO* BtArg=NO HW=NO DevT=NO OSEnv=NO ExBt=NO | MgCo=NO DwOS=NO ChBd=NO GSw=NO CPro=NO BSys=NO MBud=NO SmCrd=NO ApSet=NO).
17:16:19 ACMTRM: _disableBy: [TRM ENABLED=YES] (mask=0, DISABLED BY: Def=NO BtArg=NO* HW=NO DevT=NO OSEnv=NO ExBt=NO | MgCo=NO DwOS=NO ChBd=NO GSw=NO CPro=NO BSys=NO MBud=NO SmCrd=NO ApSet=NO).
17:16:19 ACMTRM: _disableBy: [TRM ENABLED=YES] (mask=0, DISABLED BY: Def=NO BtArg=NO HW=NO* DevT=NO OSEnv=NO ExBt=NO | MgCo=NO DwOS=NO ChBd=NO GSw=NO CPro=NO BSys=NO MBud=NO SmCrd=NO ApSet=NO).
17:16:19 ACMKernelService: initValueFromBootArgAliasesUInt32: enabled by device type = 4294967295 (default).
17:16:19 ACMTRM: _loadEnabledByDeviceType: enabled by device type: YES (boot-arg=NO edt-prop=YES*).
17:16:19 ACMTRM: _disableBy: [TRM ENABLED=YES] (mask=0, DISABLED BY: Def=NO BtArg=NO HW=NO DevT=NO* OSEnv=NO ExBt=NO | MgCo=NO DwOS=NO ChBd=NO GSw=NO CPro=NO BSys=NO MBud=NO SmCrd=NO ApSet=NO).
17:16:19 ACMTRM: _loadDisabledByExternalBoot: disabled by ExternalBoot: NO.
17:16:19 ACMTRM: _disableBy: [TRM ENABLED=YES] (mask=0, DISABLED BY: Def=NO BtArg=NO HW=NO DevT=NO OSEnv=NO ExBt=NO* | MgCo=NO DwOS=NO ChBd=NO GSw=NO CPro=NO BSys=NO MBud=NO SmCrd=NO ApSet=NO).
17:16:19 ACMTRM: _loadDisabledByOSEnvironment: disabled by OSEnvironment: NO.
17:16:19 ACMTRM: _disableBy: [TRM ENABLED=YES] (mask=0, DISABLED BY: Def=NO BtArg=NO HW=NO DevT=NO OSEnv=NO* ExBt=NO | MgCo=NO DwOS=NO ChBd=NO GSw=NO CPro=NO BSys=NO MBud=NO SmCrd=NO ApSet=NO).
17:16:19 ACMTRM: _mapAndPublishTRM: set TRM_PolicyTimeout = 604800.
17:16:19 ACMTRM: _mapAndPublishTRM: set TRM_UnlockedPeriodTimeout = 86400.
17:16:19 ACMTRM: _mapAndPublishTRM: sending kIOMessageServicePropertyChange(#changes=2) while LOCKED(1), TRM: 604800/-(255) 4294967295/-(255) M=255/4294967295/4294967295 ---(255)/---(255) L=255 BS=255 R=255 UP=86400/255, CUR: -(255) -(255).
17:16:19 AppleCredentialManager: initImpl: KE[1] INITED.
17:16:19 AppleCredentialManager: initImpl: returning, KE[1] -> true.
17:16:19 AppleCredentialManager: startImpl: called, KE[1].
17:16:19 ACMTRM: start: security.mac.acm.root_pivot_occurred sysctl registered.
17:16:19 AppleCredentialManager: startImpl: initializing power management.
17:16:19 AppleCredentialManager: startImpl: will join SEPManager's PM tree in getSEPEndpoint().
17:16:19 AppleCredentialManager: startImpl: registering notifications.
17:16:19 AppleCredentialManager: startImpl: KE[1] STARTED.
17:16:19 AppleCredentialManager: startImpl: returning, KE[1] -> true.
17:16:19 AppleCredentialManager: start: started KE[1] (ready=YES) -> true.
17:16:19 AppleSEPKeyStore:330:0: starting (BUILT: Jul 10 2023 22:11:57) (normal variant)
17:16:19 AppleSEPKeyStore:533:0: _sep_enabled = 1
17:16:19 AppleSSE::start called
17:16:19 AppleSSE::start returning, result = 1
17:16:19 virtual bool CoreAnalyticsHub::start(IOService *)::139:CoreAnalyticsHub start
17:16:19 Registered CoreAnalyticsHub functions with xnu.virtual bool CoreAnalyticsHub::start(IOService *)::218:CoreAnalyticsHub start completed
17:16:19 Couldn't alloc class "AppleKeyStoreTest"
17:16:19 AppleARMBacklight::start: Using new Backlight Architecture 1
17:16:19 AppleARMBacklight::start: no DBV offset data
17:16:19 AppleARMBacklight::start: no DBV max data
17:16:19 AppleARMBacklight::start: _calibratedMaxCurrent=13799
17:16:19 AppleARMBacklight::start: _calibratedMidCurrent=3199
17:16:19 AppleARMBacklight::start: mA2Nits2ndOrderCoef=-1
17:16:19 AppleARMBacklight::start: mA2Nits1stOrderCoef=75
17:16:19 AppleARMBacklight::start: mA2Nits0thOrderCoef=-2
17:16:19 AppleARMBacklight::start: nits2mAmps2ndOrderCoef=628
17:16:19 AppleARMBacklight::start: nits2mAmps1stOrderCoef=13279
17:16:19 AppleARMBacklight::start: nits2mAmps0thOrderCoef=18
17:16:19 AppleARMBacklight::start: _lMaxProduct=27525120
17:16:19 AppleARMBacklight::start: _lMidProduct=9175040
17:16:19 AppleARMBacklight::start: _lMinProduct=262144
17:16:19 AppleARMBacklight::exportCalibration: _lMaxProduct=27525120, _lMidProduct=9175040, _lMinProduct=262144, _lMaxPanel=27525119, _lMidPanel=6568085, _lMinPanel=262079, _milliAmps2NitsScaleFactor=423092
17:16:19 AppleARMBacklight::start: no backlight enable function
17:16:19 AppleARMBacklight::start: no backlight update function
17:16:19 AppleARMBacklight::start: _minDACLevel=469 _maxDACLevel=1968
17:16:19 Copyright (c) 1982, 1986, 1989, 1991, 1993
17:16:19 	The Regents of the University of California. All rights reserved.
17:16:19 
17:16:19 MAC Framework successfully initialized
17:16:19 using 16384 buffer headers and 10240 cluster IO buffer headers
17:16:19 AMFI: developer mode is force enabled on this platform
17:16:19 AMFI: finished: 1 1
17:16:19 spi3 AppleSPIMCController::start:129: using CCLK 120000000
17:16:19 spi4 AppleSPIMCController::start:129: using CCLK 120000000
17:16:19 AppleS5L8940XI2CController::start: i2c1 this: <ptr> _i2cBaseAddress: <ptr>
17:16:19 AppleS5L8940XI2CController::start: i2c3 this: <ptr> _i2cBaseAddress: <ptr>
17:16:19 AppleOLYHAL::probe: score = 1000
17:16:19 AppleBCMWLANBusInterfacePCIe::isIOKitEnvironment() WLAN Active Driver mode IOKit
17:16:19 AppleOLYHAL::start: entry with provider 0xffff913a965f23b2
17:16:19 Creating an object of AppleOLYHALPlatformFunctionEmbeddedAMFM class
17:16:19 Couldn't alloc class "AppleKeyStoreTest"
17:16:19 pci (build 22:14:13 Jul  5 2023), flags 0xc3008
17:16:19 AppleEmbeddedPCIE::start this = <ptr>, _debugFlags = 0xfffffffe
17:16:19 408898134us IOThunderboltFamily (build 22:14:27 Jul  5 2023)
17:16:19 pci (build 22:14:13 Jul  5 2023), flags 0xc3008
17:16:19 AppleTunneledPCIE::start(apciec1) this = <ptr>, _debugFlags = 0x80000001
17:16:19 408904986us AppleThunderboltGenericHAL::probe
17:16:19 408905642us AppleThunderboltGenericHAL(0)::start
17:16:19 AppleInterruptController::start: Num Shared Timestamps == 16
17:16:19 Couldn't find sioaesdisable-offset from DeviceTree to override
17:16:19 Couldn't find sioaesdisableuid1-offset from DeviceTree to override
17:16:19 Couldn't find sioaesdisablegid0-offset from DeviceTree to override
17:16:19 Couldn't find sioaesdisablegid1-offset from DeviceTree to override
17:16:19 AppleS8000AES::start: registers at phys:0x0x23500c000/0x0x23d2d0000 virt:0x<ptr>/0x0x4000 / 0x<ptr>/0x0x4000
17:16:19 AppleGPIOICController::start: this: <ptr>, _gpioicBaseAddress: <ptr>
17:16:19 AppleGPIOICController::start: this: <ptr>, _gpioicBaseAddress: <ptr>
17:16:19 AppleGPIOICController::start: this: <ptr>, _gpioicBaseAddress: <ptr>
17:16:19 AppleGPIOICController::start: this: <ptr>, _gpioicBaseAddress: <ptr>
17:16:19 ApplePMGR: Starting AppleT8103PMGR
17:16:19 spi2 AppleSPIMCController::start:129: using CCLK 120000000
17:16:19 ApplePMGR: mcx-fast-pcpu-frequency set to 2184 MHz
17:16:19 ApplePassthroughPPM::start (<ptr>)
17:16:19 ApplePPM::start (<ptr>)
17:16:19 ApplePPMCPMS::initLocal (<ptr>)
17:16:19 Platform supports LPEM: 0ApplePPM::initLocal success
17:16:19 Couldn't alloc class "AppleKeyStoreTest"
17:16:20 AppleEventLogHandler: started
17:16:20 AppleA7IOPNub: withRegistryEntry, 47: allocated nub <ptr>
17:16:20 
17:16:20 AppleA7IOPNub: withRegistryEntry, 47: allocated nub <ptr>
17:16:20 AppleGen1SPMIController[aop-spmi1]:61: Start
17:16:20 AppleA7IOPNub: withRegistryEntry, 47: allocated nub <ptr>
17:16:20 
17:16:20 RTBuddy(ANS2): start(<ptr>) - (Jul  5 2023@22:21:21)
17:16:20 ApplePPMCPMS::initLocal success
17:16:20 ApplePPM::start success
17:16:20 ApplePassthroughPPM::start success
17:16:20 AppleS5L8940XI2CController::start: i2c0 this: <ptr> _i2cBaseAddress: <ptr>
17:16:20 Couldn't alloc class "AppleKeyStoreTest"
17:16:20 RTBuddy(ANS2): Boot args override: wdt = -1
17:16:20 admac-aop-audio: Built on Jul  5 2023 at 22:13:23.           
17:16:20 General panic behavior:
17:16:20           	debugFacility = 0x80000001
17:16:20           	chan debug    = 0x0000ffff
17:16:20           	Gen PanicMask = 0x000087fb
17:16:20           
17:16:20 Test features:
17:16:20           	PseudoMem     = 0x00000000
17:16:20           	PeriphDisable = 0x00000000
17:16:20           	DMADisable    = 0x00000000
17:16:20           	AXIBurstSize  = 0x00000003
17:16:20           	TSC Mode      = 0x00000000
17:16:20           
17:16:20 Jitter:
17:16:20           	Tx WA mask    = 0x0000ffff
17:16:20           	Rx WA mask    = 0x0000ffff
17:16:20           	HiJ panic msk = 0x00000000
17:16:20           	HiJ threshold = 0x00000960
17:16:20           
17:16:20 _getExecutionPlatform: AudioDMAController::admac-aop-audio::483: Running on silicon.
17:16:20 admac-sio: Built on Jul  5 2023 at 22:13:23.           
17:16:20 General panic behavior:
17:16:20           	debugFacility = 0x80000001
17:16:20           	chan debug    = 0x0000ffff
17:16:20           	Gen PanicMask = 0x000087fb
17:16:20           
17:16:20 Test features:
17:16:20           	PseudoMem     = 0x00000000
17:16:20           	PeriphDisable = 0x00000000
17:16:20           	DMADisable    = 0x00000000
17:16:20           	AXIBurstSize  = 0x00000003
17:16:20           	TSC Mode      = 0x00000000
17:16:20           
17:16:20 Jitter:
17:16:20           	Tx WA mask    = 0x0000ffff
17:16:20           	Rx WA mask    = 0x0000ffff
17:16:20           	HiJ panic msk = 0x00000000
17:16:20           	HiJ threshold = 0x00000960
17:16:20           
17:16:20 _getExecutionPlatform: AudioDMAController::admac-sio::483: Running on silicon.
17:16:20 setDirectionAndRole: APA0TX::admac-aop-audio::578: TX:Initialized.
17:16:20 RTBuddy(ANS2): Resuming...
17:16:20 
17:16:20 setDirectionAndRole: APA1TX::admac-aop-audio::578: TX:Initialized.
17:16:20 setDirectionAndRole: APA2TX::admac-aop-audio::578: TX:Initialized.
17:16:20 setDirectionAndRole: APA3TX::admac-aop-audio::578: TX:Initialized.
17:16:20 setDirectionAndRole: APA4TX::admac-aop-audio::578: TX:Initialized.
17:16:20 setDirectionAndRole: APA5TX::admac-aop-audio::578: TX:Initialized.
17:16:20 setDirectionAndRole: SIO0TX::admac-sio::578: TX:Initialized.
17:16:20 setDirectionAndRole: APA6TX::admac-aop-audio::578: TX:Initialized.
17:16:20 setDirectionAndRole: SIO1TX::admac-sio::578: TX:Initialized.
17:16:20 setDirectionAndRole: APA7TX::admac-aop-audio::578: TX:Initialized.
17:16:20 setDirectionAndRole: SIO2TX::admac-sio::578: TX:Initialized.
17:16:20 setDirectionAndRole: APA8TX::admac-aop-audio::578: TX:Initialized.
17:16:20 setDirectionAndRole: SIO3TX::admac-sio::578: TX:Initialized.
17:16:20 setDirectionAndRole: APA9TX::admac-aop-audio::578: TX:Initialized.
17:16:20 setDirectionAndRole: SIO4TX::admac-sio::578: TX:Initialized.
17:16:20 setDirectionAndRole: APAATX::admac-aop-audio::578: TX:Initialized.
17:16:20 setDirectionAndRole: SIO5TX::admac-sio::578: TX:Initialized.
17:16:20 setDirectionAndRole: APABTX::admac-aop-audio::578: TX:Initialized.
17:16:20 setDirectionAndRole: SIO6TX::admac-sio::578: TX:Initialized.
17:16:20 setDirectionAndRole: APACTX::admac-aop-audio::578: TX:Initialized.
17:16:20 setDirectionAndRole: SIO7TX::admac-sio::578: TX:Initialized.
17:16:20 setDirectionAndRole: APADTX::admac-aop-audio::578: TX:Initialized.
17:16:20 setDirectionAndRole: SIO8TX::admac-sio::578: TX:Initialized.
17:16:20 setDirectionAndRole: APAETX::admac-aop-audio::578: TX:Initialized.
17:16:20 setDirectionAndRole: SIO9TX::admac-sio::578: TX:Initialized.
17:16:20 setDirectionAndRole: APAFTX::admac-aop-audio::578: TX:Initialized.
17:16:20 setDirectionAndRole: SIOATX::admac-sio::578: TX:Initialized.
17:16:20 setDirectionAndRole: APA0RX::admac-aop-audio::578: RX:Initialized.
17:16:20 setDirectionAndRole: SIOBTX::admac-sio::578: TX:Initialized.
17:16:20 setDirectionAndRole: APA1RX::admac-aop-audio::578: RX:Initialized.
17:16:20 setDirectionAndRole: SIO0RX::admac-sio::578: RX:Initialized.
17:16:20 setDirectionAndRole: APA2RX::admac-aop-audio::578: RX:Initialized.
17:16:20 setDirectionAndRole: SIO1RX::admac-sio::578: RX:Initialized.
17:16:20 setDirectionAndRole: APA3RX::admac-aop-audio::578: RX:Initialized.
17:16:20 setDirectionAndRole: SIO2RX::admac-sio::578: RX:Initialized.
17:16:20 setDirectionAndRole: APA4RX::admac-aop-audio::578: RX:Initialized.
17:16:20 setDirectionAndRole: SIO3RX::admac-sio::578: RX:Initialized.
17:16:20 setDirectionAndRole: APA5RX::admac-aop-audio::578: RX:Initialized.
17:16:20 setDirectionAndRole: SIO4RX::admac-sio::578: RX:Initialized.
17:16:20 setDirectionAndRole: APA6RX::admac-aop-audio::578: RX:Initialized.
17:16:20 setDirectionAndRole: SIO5RX::admac-sio::578: RX:Initialized.
17:16:20 setDirectionAndRole: APA7RX::admac-aop-audio::578: RX:Initialized.
17:16:20 setDirectionAndRole: APA8RX::admac-aop-audio::578: RX:Initialized.
17:16:20 setDirectionAndRole: APA9RX::admac-aop-audio::578: RX:Initialized.
17:16:20 setDirectionAndRole: APAARX::admac-aop-audio::578: RX:Initialized.
17:16:20 setDirectionAndRole: APABRX::admac-aop-audio::578: RX:Initialized.
17:16:20 setDirectionAndRole: APACRX::admac-aop-audio::578: RX:Initialized.
17:16:20 setDirectionAndRole: APADRX::admac-aop-audio::578: RX:Initialized.
17:16:20 setDirectionAndRole: APAERX::admac-aop-audio::578: RX:Initialized.
17:16:20 setDirectionAndRole: APAFRX::admac-aop-audio::578: RX:Initialized.
17:16:20 setDirectionAndRole: SIO6RX::admac-sio::578: RX:Initialized.
17:16:20 setDirectionAndRole: SIO7RX::admac-sio::578: RX:Initialized.
17:16:20 setDirectionAndRole: SIO8RX::admac-sio::578: RX:Initialized.
17:16:20 setDirectionAndRole: SIO9RX::admac-sio::578: RX:Initialized.
17:16:20 setDirectionAndRole: SIOARX::admac-sio::578: RX:Initialized.
17:16:20 setDirectionAndRole: SIOBRX::admac-sio::578: RX:Initialized.
17:16:20 AppleGen1SPMIController[nub-spmi1]:61: Start
17:16:20 AppleGen1SPMIController[nub-spmi]:61: Start
17:16:20 
17:16:20 pmu fault log: wdog,reset_in_1
17:16:20 SOCD: BASE 0xAB00, COUNT 0x0400
17:16:20 SOCD: Magic value 49h 4Eh 49h 54h
17:16:20 AppleDialogSPMIPMU::start: Primary PMU detected
17:16:20 Couldn't alloc class "AppleKeyStoreTest"
17:16:20 AppleARMRTC started!#####
17:16:20 AppleDialogSPMIPMURTC started!******
17:16:20 AppleDialogSPMIPMURTC tick read!&&&&&&&
17:16:20 AppleDialogSPMIPMURTC ending!%%%
17:16:20 AppleA7IOPNub: withRegistryEntry, 47: allocated nub <ptr>
17:16:20 
17:16:20 pmu fault log: wdog,reset_in_1 rst_in,reset_in_rise rst_in,reset_in_fall
17:16:20 AppleDialogSPMIPMU::start: Non-primary PMU detected
17:16:20 AppleARMRTC started!#####
17:16:20 AppleDialogSPMIPMURTC started!******
17:16:20 RTBuddy(GFX): start(<ptr>) - (Jul  5 2023@22:21:21)
17:16:20 AppleARMRTC registering service!@@@@@@
17:16:20 virtual bool AppleARMLightEmUp::start(IOService *): starting...
17:16:20 AppleT8020MTRTempSensor::start: missing device tree value (alarm0-temp)
17:16:20 AppleT8020MTRTempSensor::start: missing device tree value (alarm1-temp)
17:16:20 HID: Legacy shim 2
17:16:20 RTBuddy(GFX): Boot args override: wdt = -1
17:16:20 [uart] Started AppleSerialShim.
17:16:20 AppleT8015TempSensor::start: missing device tree value (sensor-offset-CTL2)
17:16:20 AppleT8015TempSensor::start: missing device tree value (sensor-offset-CTL1)
17:16:20 HID: Legacy shim 2
17:16:20 AppleARMRTC service registered!$$$$$
17:16:20 AppleARMRTC publishing service!^^^^^^
17:16:20 Couldn't alloc class "AppleKeyStoreTest"
17:16:20 DP855 ok=1
17:16:20 RTBuddy(ACIO1): start(<ptr>) - (Jul  5 2023@22:21:21)
17:16:20 RTBuddy(ACIO1): Boot args override: wdt = -1
17:16:20 AppleA7IOPNub: withRegistryEntry, 47: allocated nub <ptr>
17:16:20 
17:16:20 AppleA7IOPNub: withRegistryEntry, 47: allocated nub <ptr>
17:16:20 
17:16:20 AppleHPMARMI2C::start - Unable to read hpmlog boot-arg
17:16:20 Couldn't alloc class "AppleKeyStoreTest"
17:16:20 AppleHPM runtime power conservation disabled.
17:16:20 virtual bool AppleSEPManager::start(IOService *): 
17:16:20 RTBuddy(SIO): start(<ptr>) - (Jul  5 2023@22:21:21)
17:16:20 virtual bool AppleSEPManager::start(IOService *): SEP memory IS coherent
17:16:20 virtual bool AppleSEPManager::start(IOService *): control endpoints created
17:16:20 AppleT8015TempSensor::start: missing device tree value (sensor-offset-CTL2)
17:16:20 AppleT8015TempSensor::start: missing device tree value (sensor-offset-CTL1)
17:16:20 HID: Legacy shim 2
17:16:20 virtual bool AppleSEPManager::start(IOService *): PM init done
17:16:20 virtual bool AppleSEPManager::start(IOService *): registered
17:16:20 IOReturn AppleSEPManager::_setPowerState(unsigned long *): power state 0 -> 2
17:16:20 static IOService *AppleSEPManager::getReadableNvram(): Waiting for IODTNVRAM
17:16:20 static IOService *AppleSEPManager::getReadableNvram(): Got IODTNVRAM OK
17:16:20 void AppleSEPManager::_loadFlagData(): Didn't find oblit-inprogress in NVRAM
17:16:20 
17:16:20 void AppleSEPBooter::_bootAction(void *, void *): SEP status: 1
17:16:20 void AppleSEPBooter::_bootAction(void *, void *): SEP accepted Tz0
17:16:20 AppleT8015TempSensor::start: missing device tree value (sensor-offset-CTL2)
17:16:20 AppleT8015TempSensor::start: missing device tree value (sensor-offset-CTL1)
17:16:20 HID: Legacy shim 2
17:16:20 AppleT8015TempSensor::start: missing device tree value (sensor-offset-CTL2)
17:16:20 AppleT8015TempSensor::start: missing device tree value (sensor-offset-CTL1)
17:16:20 HID: Legacy shim 2
17:16:20 ktriage_register_subsystem_strings: set subsystem 8 strings
17:16:20 mcache: 8 CPU(s), 128 bytes CPU cache line size
17:16:20 RTBuddy(SIO): Boot args override: wdt = -1
17:16:20 mbinit: done [256 MB total pool size, (170/85) split]
17:16:20 RTBuddy(SIO): Resuming...
17:16:20 
17:16:20 dlil_init: Waiting for all the create dlil kernel threads to get scheduled at least once.
17:16:20 dlil_init: All the created dlil kernel threads have been scheduled at least once. Proceeding.
17:16:20 Couldn't alloc class "AppleSEPARTService"
17:16:20 AppleCredentialManager: sepManagerMatchedGated: AppleSEPManager matched.
17:16:20 ifnet_attach: All kernel threads created for interface lo0 have been scheduled at least once. Proceeding.
17:16:20 ifnet_attach: Waiting for all kernel threads created for interface gif0 to get scheduled at least once.
17:16:20 ifnet_attach: All kernel threads created for interface gif0 have been scheduled at least once. Proceeding.
17:16:20 skip attaching fsw to lo0 using legacy TX modelifnet_attach: Waiting for all kernel threads created for interface stf0 to get scheduled at least once.
17:16:20 ifnet_attach: All kernel threads created for interface stf0 have been scheduled at least once. Proceeding.
17:16:20 virtual IOService *AppleANS2NVMeController::probe(IOService *, SInt32 *)::194:Found (ANS2) provider, returning score 100000
17:16:20 virtual IOService *AppleANS3NVMeController::probe(IOService *, SInt32 *)::82:Found (ANS2) provider and linear-sq, returning score 300000
17:16:20 AppleTCControllerAssignableTransport::probe - failed!
17:16:20 AppleTCControllerType10::start
17:16:20 AppleTCController::genericStart(@0x0) - Start
17:16:20 virtual bool AppleANS2NVMeController::start(IOService *)::416:Found the ANS2Endpoint1
17:16:20 bool AppleEmbeddedNVMeController::SetNamespacesStruct()::194:Obtained 3 namespaces from DT
17:16:20 virtual bool IONVMeController::start(IOService *)::793:IONVMeController::start
17:16:20 virtual IOFilterInterruptEventSource *AppleANS2NVMeController::CreateDeviceInterrupt(IOInterruptEventSource::Action, IOFilterInterruptEventSource::Filter, IOService *)::2806:ANS2 NVMe interrupt index - 0x4
17:16:20 virtual uint32_t AppleANS2CGNVMeController::GetNVMePPLQueueEntries()::420:NVMePPL Queue Entries=65
17:16:20 virtual bool AppleANS2CGNVMeController::InitializePCI()::177:Successfully initialized NVMe CoastGuard
17:16:20 AppleT8015TempSensor::start: missing device tree value (sensor-offset-CTL2)
17:16:20 AppleT8015TempSensor::start: missing device tree value (sensor-offset-CTL1)
17:16:20 AppleT8015TempSensor::start: missing device tree value (sensor-offset-CTL2)
17:16:20 AppleT8015TempSensor::start: missing device tree value (sensor-offset-CTL1)
17:16:20 HID: Legacy shim 2
17:16:20 HID: Legacy shim 2
17:16:20 static AppleNVMeRequestPoolTagReserve *AppleNVMeRequestPoolTagReserve::Create(AppleNVMeWorkLoop *, uint8_t, uint16_t, uint32_t, bool, NVMeBufferAllocator *, lck_mtx_t *, NVMeCGType_t, IOMapper *)::138:NVMe Request Pool Init (Tag Reservation Case). First pvirtual IOReturn IONVMeController::CreateSubmissionQueue(uint16_t, uint8_t)::3177:SQ index=0 entrysize=64
17:16:20 virtual IOReturn IONVMeController::CreateSubmissionQueue(uint16_t, uint8_t)::3177:SQ index=1 entrysize=64
17:16:20 virtual void AppleANS3NVMeController::EnableLinearSQ()::127:Enabling LSQ
17:16:20 virtual void AppleANS2CGNVMeController::SetupAdminQueue()::216:Successfully enabled NVMe CoastGuard
17:16:20 virtual void AppleANS2NVMeController::SetModeselRegister(uint32_t)::1214:Setting modesel to 0
17:16:20 [ANS2:client1] Restarting rebuild from lba 7071302
17:16:20 [ANS2:client1]  boot mode normal
17:16:20 AppleSmartIO (RTBuddy-based)::start (<ptr>) - (Jul  5 2023@22:14:30)
17:16:20 [ PCI configuration begin ]
17:16:20 IOPCIConfigurator::configure kIOPCIEnumerationWaitTime is 900
17:16:20 AppleT8015TempSensor::start: missing device tree value (sensor-offset-CTL2)
17:16:20 AppleT8015TempSensor::start: missing device tree value (sensor-offset-CTL1)
17:16:20 HID: Legacy shim 2
17:16:20 [ PCI configuration end, bridges 2, devices 0 ]
17:16:20 virtual IOReturn AppleNVMeRequestPoolTagReserve::Rebuild(uint8_t, uint32_t, bool, NVMeCGType_t, IOMapper *)::181:NVMe Request Pool Init (Tag Reservation Case). Second phase, RequestCount = 64
17:16:20 virtual IOReturn AppleANS2NVMeController::EnableCompletionQueue(uint16_t)::1948:nvme: Setting IOCQ base addr 0x823210000
17:16:20 virtual IOReturn AppleANS2NVMeController::EnableSubmissionQueue(uint16_t)::1918:nvme: Setting IOSQ base addr 0x823218000
17:16:20 com.apple.AppleFSCompressionTypeDataless kmod start
17:16:20 bool AppleEmbeddedNVMeController::IdentifyNamespaces()::2009:nvme: Vendor ID     : 0x106b
17:16:20 bool AppleEmbeddedNVMeController::IdentifyNamespaces()::2010:nvme: Model Number  : APPLE SSD AP0512Q                       
17:16:20 bool AppleEmbeddedNVMeController::IdentifyNamespaces()::2011:nvme: Serial Number : 0ba0160c42cd141d    
17:16:20 bool AppleEmbeddedNVMeController::IdentifyNamespaces()::2012:nvme: Firmware Rev  : 359.60.3
17:16:20 bool AppleEmbeddedNVMeController::IdentifyNamespaces()::2080:nvme: S5E A0 Toshiba BiCS 4 tlc 3D 2 plane 512GB NAND
17:16:20 bool AppleEmbeddedNVMeController::IdentifyNamespaces()::2100:ECCVersion   : 1
17:16:20 bool AppleEmbeddedNVMeController::IdentifyNamespaces()::2104:FTL Rev      : 37.1
17:16:20 bool AppleEmbeddedNVMeController::IdentifyNamespaces()::2105:DM_Version   : 178
17:16:20 bool AppleEmbeddedNVMeController::IdentifyNamespaces()::2106:=======================
17:16:20 bool AppleEmbeddedNVMeController::IdentifyNamespaces()::2113:Found 3 namespaces in current NAND
17:16:20 bool AppleEmbeddedNVMeController::DetermineNamespaces()::2538:Identified nsid[1] as nstype[1]
17:16:20 bool AppleEmbeddedNVMeController::DetermineNamespaces()::2538:Identified nsid[2] as nstype[8]
17:16:20 bool AppleEmbeddedNVMeController::DetermineNamespaces()::2538:Identified nsid[3] as nstype[13]
17:16:20 [ANS2:client1]  setting walltime time 2605 --> 3021 and calendar 1637163886  --> 1789695397
17:16:20 HID: Legacy shim 2
17:16:20 virtual bool AppleEmbeddedNVMeController::AllocateNodes(bool)::1622:allocateAll 1
17:16:20 com.apple.AppleFSCompressionTypeZlib kmod start
17:16:20 void AppleSEPBooter::_bootAction(void *, void *): SEP status: 2
17:16:20 void AppleSEPBooter::_bootAction(void *, void *): SEP status: 2
17:16:20 IOReturn AppleSEPBooter::bootSEP(AppleSEPFirmware *, bool, AppleSEPSharedMemoryBuffer *, bool): SEP booting
17:16:20 IOReturn AppleSEPBooter::bootSEP(AppleSEPFirmware *, bool, AppleSEPSharedMemoryBuffer *, bool): Shmbuf for SEP: { slave addr = 0x600000, size = 0x1c000 }
17:16:20 AppleTCON::publishMemoryDevicesBelow matched lcd-pmicwp
17:16:20 apfs_module_start:3058: load: com.apple.filesystems.apfs, v2142.140.9, apfs-2142.140.9, 2023/07/10
17:16:20 ktriage_register_subsystem_strings: set subsystem 7 strings
17:16:20 nfs_kext_start: successfully loaded NFS kext
17:16:20 Couldn't alloc class "AppleKeyStoreTest"
17:16:20 com.apple.AppleFSCompressionTypeDataless load succeeded
17:16:20 com.apple.AppleFSCompressionTypeZlib load succeeded
17:16:20 Setting up notifier for CoreAnalyticsHub
17:16:21 calling mpo_policy_init for ASP
17:16:21 calling mpo_policy_initbsd for ASP
17:16:21 ASP: NVRAM pointer initialized
17:16:21 ASP: No recovery key set
17:16:21 Security policy loaded: Apple System Policy (ASP)
17:16:21 [dockchannel] Started AppleSerialShim.
17:16:21 AppleTCON::publishMemoryDevicesBelow matched lcd-pmic
17:16:21 Identified Serial Port uart2 at 0x235208000(<ptr>)
17:16:21 apfs_sysctl_register:1562: done registering sysctls.
17:16:21 com_apple_filesystems_nfs: successfully loaded NFS module
17:16:21 AppleT8015TempSensor::start: missing device tree value (sensor-offset-CTL2)
17:16:21 AppleT8015TempSensor::start: missing device tree value (sensor-offset-CTL1)
17:16:21 HID: Legacy shim 2
17:16:21 RTBuddy(AOP): start(<ptr>) - (Jul  5 2023@22:21:21)
17:16:21 RTBuddy(AOP): Boot args override: wdt = -1
17:16:21 L2TP domain init
17:16:21 L2TP domain init complete
17:16:21 Load request for com.apple.nke.pptp failed: -603946991
17:16:21 AppleBiometricSensor: Found SandDollarFamily
17:16:21 
17:16:21 AppleBiometricSensor: Found SandDollarFamily
17:16:21 
17:16:21 [ANS2:client1] Still rebuilding the GC search regions bitmap (15% complete) - searching everything
17:16:21 [ANS2:client1] Still rebuilding the GC search regions bitmap (15% complete) - searching everything
17:16:21 [ANS2:client1] Still rebuilding the GC search regions bitmap (15% complete) - searching everything
17:16:21 [ANS2:client1] Still rebuilding the GC search regions bitmap (15% complete) - searching everything
17:16:21 [ANS2:client1] Still rebuilding the GC search regions bitmap (15% complete) - searching everything
17:16:22 [ANS2:client1] Still rebuilding the GC search regions bitmap (15% complete) - searching everything
17:16:22 [ANS2:client1] Still rebuilding the GC search regions bitmap (15% complete) - searching everything
17:16:22 Couldn't alloc class "AppleKeyStoreTest"
17:16:22 rooting via boot-uuid from /chosen: 7A704A30-6E9E-4FD9-B36B-96DC32EA800F
17:16:22 Waiting on <dict ID="0"><key>IOProviderClass</key><string ID="1">IOResources</string><key>IOResourceMatch</key><string ID="2">boot-uuid-media</string></dict>
17:16:22 virtual bool AppleM2ScalerCSCDriver::start(IOService *): Name=scaler0 Lock=<ptr> id=0 max_msrs=8 msr_mask=0xff scaler_count=0
17:16:22 virtual bool AppleM2ScalerCSCDriver::start(IOService *): MSR Driver Waiting for IOSurfaceRoot
17:16:22 AppleBiometricSensor: Looking for AOP driver...
17:16:22 AppleBiometricSensor: start(): SensorStatus:    16B | 80 20 00 10 00 00 00 00 60 00 00 00 52 33 00 00 
17:16:22 HID: Legacy shim 2
17:16:22 Couldn't alloc class "AppleKeyStoreTest"
17:16:22 AppleFileSystemDriver: using apfs-preboot-uuid
17:16:22 callPlatformFunction: IODMAController000000A4::admac-sio::1296: Allocated suspend ARMFunction <ptr>.
17:16:22 callPlatformFunction: IODMAController000000A4::admac-sio::1296: Allocated suspend ARMFunction <ptr>.
17:16:22 AppleTCON::publishMemoryDevicesBelow matched lcd-sswp
17:16:22 AppleT8015TempSensor::start: missing device tree value (sensor-offset-CTL2)
17:16:22 AppleT8015TempSensor::start: missing device tree value (sensor-offset-CTL1)
17:16:22 HID: Legacy shim 2
17:16:22 callPlatformFunction: IODMAController000000A4::admac-sio::1296: Allocated suspend ARMFunction <ptr>.
17:16:22 [ANS2:client1] New BlogBuf low 27
17:16:22 AppleA7IOPNub: withRegistryEntry, 47: allocated nub <ptr>
17:16:22 
17:16:22 AppleTCON::publishMemoryDevicesBelow matched lcd-ss
17:16:22 AppleTCON::publishMemoryDevicesBelow matched tcon-registers
17:16:22 AppleTCON::publishMemoryDevicesBelow matched lcd-eeprom
17:16:22 callPlatformFunction: IODMAController000000A4::admac-sio::1296: Allocated suspend ARMFunction <ptr>.
17:16:22 RTBuddy(DCPEXT): start(<ptr>) - (Jul  5 2023@22:21:21)
17:16:22 Codec Input: Could not find the safety offset seed property.
17:16:22 RTBuddy(DCPEXT): Boot args override: wdt = -1
17:16:22 RTBuddy(DCPEXT): Resuming...
17:16:22 
17:16:22 void AppleSEPBooter::_bootAction(void *, void *): SEP accepted IMG4
17:16:22 AppleA7IOPNub: withRegistryEntry, 47: allocated nub <ptr>
17:16:22 AppleT8020MTRTempSensor::start: missing device tree value (alarm0-temp)
17:16:22 AppleT8020MTRTempSensor::start: missing device tree value (alarm1-temp)
17:16:22 HID: Legacy shim 2
17:16:22 spi1 AppleSPIMCController::start:129: using CCLK 200000000
17:16:22 RTBuddy(DCPEXT): OSLog endpoint registering to logd(uuid: 00000000-0000-0000-0000-000000000000, role: DCPEXT, range_start: 0, range_end: 255, fw_type: 1)
17:16:22 virtual bool AppleM2ScalerCSCDriver::start(IOService *): DONE Waiting for IOSurfaceRoot
17:16:22 void AppleM2ScalerCSCDriver::getPerfStatesByEDTValue(IOService *) mMaxPerfStateClock = 0
17:16:22 WARNING: getDartPowerByEDTValue, Line=5472: Scaler DRIVER: EDT key direct-dart-power not found: EDT key manual-availability needed. Driver may fail.
17:16:22 virtual bool AppleM2ScalerCSCHal::mapRegisterMemory(IOService *): Scaler 0 RegisterMemoryMap[<ptr>]: base=<ptr> physical address = 0x263000000 length = 163840
17:16:22 virtual void AppleM2ScalerCSCHalMSR::detectHardwareVersion(socVersion): Scaler HW version: 0xb001c 
17:16:22 bool AppleM2ScalerCSCHal::initScalerPropertiesAndExtents(): Checking for SOC 0xa, HwVersion 0xb001c, against table SOC 0x1, and table version 0x10001
17:16:22 bool AppleM2ScalerCSCHal::initScalerPropertiesAndExtents(): Checking for SOC 0xa, HwVersion 0xb001c, against table SOC 0x1, and table version 0x10002
17:16:22 bool AppleM2ScalerCSCHal::initScalerPropertiesAndExtents(): Checking for SOC 0xa, HwVersion 0xb001c, against table SOC 0x2, and table version 0x20000
17:16:22 bool AppleM2ScalerCSCHal::initScalerPropertiesAndExtents(): Checking for SOC 0xa, HwVersion 0xb001c, against table SOC 0x2, and table version 0x30000
17:16:22 bool AppleM2ScalerCSCHal::initScalerPropertiesAndExtents(): Checking for SOC 0xa, HwVersion 0xb001c, against table SOC 0x2, and table version 0x40000
17:16:22 bool AppleM2ScalerCSCHal::initScalerPropertiesAndExtents(): Checking for SOC 0xa, HwVersion 0xb001c, against table SOC 0x3, and table version 0x50000
17:16:22 bool AppleM2ScalerCSCHal::initScalerPropertiesAndExtents(): Checking for SOC 0xa, HwVersion 0xb001c, against table SOC 0x5, and table version 0x60000
17:16:22 bool AppleM2ScalerCSCHal::initScalerPropertiesAndExtents(): Checking for SOC 0xa, HwVersion 0xb001c, against table SOC 0x6, and table version 0x70000
17:16:22 bool AppleM2ScalerCSCHal::initScalerPropertiesAndExtents(): Checking for SOC 0xa, HwVersion 0xb001c, against table SOC 0x7, and table version 0x8003f
17:16:22 bool AppleM2ScalerCSCHal::initScalerPropertiesAndExtents(): Checking for SOC 0xa, HwVersion 0xb001c, against table SOC 0x7, and table version 0x80040
17:16:22 bool AppleM2ScalerCSCHal::initScalerPropertiesAndExtents(): Checking for SOC 0xa, HwVersion 0xb001c, against table SOC 0x8, and table version 0x90082
17:16:22 bool AppleM2ScalerCSCHal::initScalerPropertiesAndExtents(): Checking for SOC 0xa, HwVersion 0xb001c, against table SOC 0x8, and table version 0x9009b
17:16:22 bool AppleM2ScalerCSCHal::initScalerPropertiesAndExtents(): Checking for SOC 0xa, HwVersion 0xb001c, against table SOC 0x8, and table version 0x900a7
17:16:22 bool AppleM2ScalerCSCHal::initScalerPropertiesAndExtents(): Checking for SOC 0xa, HwVersion 0xb001c, against table SOC 0x9, and table version 0xa000e
17:16:22 bool AppleM2ScalerCSCHal::initScalerPropertiesAndExtents(): Checking for SOC 0xa, HwVersion 0xb001c, against table SOC 0x9, and table version 0xa0012
17:16:22 bool AppleM2ScalerCSCHal::initScalerPropertiesAndExtents(): Checking for SOC 0xa, HwVersion 0xb001c, against table SOC 0xa, and table version 0xb0014
17:16:22 bool AppleM2ScalerCSCHal::initScalerPropertiesAndExtents(): Checking for SOC 0xa, HwVersion 0xb001c, against table SOC 0xa, and table version 0xb001b
17:16:22 bool AppleM2ScalerCSCHal::initScalerPropertiesAndExtents(): Checking for SOC 0xa, HwVersion 0xb001c, against table SOC 0xa, and table version 0xb001c
17:16:22 bool AppleM2ScalerCSCHal::initScalerPropertiesAndExtents(): Found properties and extents entry 17
17:16:22 virtual bool AppleM2ScalerCSCDriver::start(IOService *): Object=<ptr>: Provider=<ptr>: Register Service
17:16:22 virtual bool AppleM2ScalerCSCDriver::start(IOService *): this=<ptr>, Added Scaler Number = 0
17:16:22 SPINORFlasherDriver::virtual bool AppleEmbeddedSimpleSPINORFlasherDriver::start(IOService *): service = IOPlatformDevice found.
17:16:22 SPINORFlasherDriver::virtual bool AppleEmbeddedSimpleSPINORFlasherDriver::start(IOService *): dual-iboot-support = true
17:16:22 SPINORFlasherDriver::virtual bool AppleEmbeddedSimpleSPINORFlasherDriver::start(IOService *): atomic-firmware-update-support = true
17:16:22 AppleT8015TempSensor::start: missing device tree value (invokes-sochot)
17:16:22 AppleT8015TempSensor::start: missing device tree value (invokes-sochot)
17:16:22 HID: Legacy shim 2
17:16:22 HID: Legacy shim 2
17:16:22 AppleSPUFirmwareService: found node AOP
17:16:22 AppleT8015TempSensor::start: missing device tree value (sensor-offset-CTL2)
17:16:22 AppleT8015TempSensor::start: missing device tree value (sensor-offset-CTL1)
17:16:22 HID: Legacy shim 2
17:16:22 RTBuddy(AOP): Resuming...
17:16:22 
17:16:22 Loopback: Could not find the safety offset seed property.
17:16:22 AppleARMNORNVRAM.cpp:start:48 - bank size=0x10000, bank count=0x10, current bank=0x9
17:16:22 AppleT8015TempSensor::start: missing device tree value (sensor-offset-CTL2)
17:16:22 AppleT8015TempSensor::start: missing device tree value (sensor-offset-CTL1)
17:16:22 HID: Legacy shim 2
17:16:22 AppleH13amIn::start - ISP SPMI0 register map physicl address = 0x22C900000.
17:16:22 AppleH13amIn::start - ISP SPMI register addresses = 0x<ptr> - 0x<ptr> - 0x<ptr> - 0x<ptr> - 0x00020000.
17:16:22 AppleA7IOPNub: withRegistryEntry, 47: allocated nub <ptr>
17:16:22 
17:16:22 AppleT8015TempSensor::start: missing device tree value (sensor-offset-CTL2)
17:16:22 AppleT8015TempSensor::start: missing device tree value (sensor-offset-CTL1)
17:16:22 HID: Legacy shim 2
17:16:22 [AOP:AOP_oslog_init.cpp:96] Start AOP OSLog init
17:16:22 RTBuddy(AOP): OSLog endpoint registering to logd(uuid: 0779D154-BD5B-3344-9824-A5F545091EC6, role: AOP, range_start: 0, range_end: 255, fw_type: 1)
17:16:22 [AOP:P_os_log_support.cpp:60] AOP os log initialized
17:16:22 [AOP:SPU_dram_client.cpp:211] AOP platform dram client initialized
17:16:22 
17:16:22 void AppleSEPManager::_notifyOSActiveGated(): SEP/OS is alive
17:16:22 virtual bool HibernationService::start(IOService *): Starting HibernationService
17:16:22 [AOP:ALSCT720.cpp:57] probe
17:16:22 
17:16:22 [AOP:ALSCT720.cpp:85] CT720 device found.
17:16:22 [AOP:ALSVD6286.cpp:80] [ALS2] VD6286 device NOT found. Calibration Override:0
17:16:22 [AOP:ClientInfo.cpp:184] exp "inCallbackAction(it.key(), inRef)" fail, RunActionOnClientManagers(), ln 1...
17:16:22 [AOP:ALSCT720.cpp:93] start
17:16:22 
17:16:22 IOMFB: service matched: AppleDCPExpert
17:16:22 IOMFB: AppleDCPLinkService heap size increment: 0x0
17:16:22 IOMFB: service matched: AppleDCPLinkService (pipe:1)
17:16:22 IOMFB: AP DRIVER START!
17:16:22 IOMFB: driver commit: 
17:16:22 AppleT8015TempSensor::start: missing device tree value (sensor-offset-CTL2)
17:16:22 AppleT8015TempSensor::start: missing device tree value (sensor-offset-CTL1)
17:16:22 HID: Legacy shim 2
17:16:22 [DCPEXT:ap_link.c:299] shared memory dva: 0xf01340000 0xffffffff00029000
17:16:22 
17:16:22 [DCPEXT:ap_link.c:276] ap_link: IOMFB: DCP heap size: 0x1030000 [iBoot:0x1030000] [LinkService:0x0]
17:16:22 
17:16:22 
17:16:22 AppleT8015TempSensor::start: missing device tree value (sensor-offset-CTL2)
17:16:22 AppleT8015TempSensor::start: missing device tree value (sensor-offset-CTL1)
17:16:22 start: AP instance name dispext0
17:16:22 HID: Legacy shim 2
17:16:22 dart_allows_pte_remap = 1
17:16:22 [ANS2:client1] Finished rebuilding GC Search BM
17:16:22 [DCPEXT:nifiedPipeline.cpp:4175] IOMFB: Could not find PMU service
17:16:22 
17:16:22 [DCPEXT:nifiedPipeline.cpp:4191] IOMFB: Could not find Backlight service
17:16:22 
17:16:23 Codec Output: Could not find the safety offset seed property.
17:16:23 Speaker: Could not find the safety offset seed property.
17:16:23 AppleT8015TempSensor::start: missing device tree value (invokes-sochot)
17:16:23 HID: Legacy shim 2
17:16:23 Couldn't alloc class "AppleKeyStoreTest"
17:16:23 [System Event] [9828788644] [INFO] [Subsystem: nvram] [Event: write] display-crossbar0 with data size 0x60
17:16:23 AppleARMBacklight::start: No AAP function
17:16:23 AppleARMBacklight::start: Pre-strobe iDAC=2046 default 
17:16:23 [DCPEXT:nifiedPipeline.cpp:4199] IOMFB: Could not find nvram service
17:16:23 
17:16:23 [DCPEXT:nifiedPipeline.cpp:1838] virtual bool UnifiedPipeline::start_ios_gated(): Created AP Services
17:16:23 
17:16:23 IOAccessoryManager::configureAccessoryPowerGated: AppleHPMDevice: Configuring Accessory Power to (1)
17:16:23 AppleTCControllerType10::configureAccessoryPowerGated: PowerModeOff
17:16:23 AppleTCControllerType10::configureAccessoryPowerInternal: _powerState=1, _powerStateInternal=0, _sleeping=0, _accessoryPowerModeExtOffRequested 0
17:16:23 AppleTCControllerType10::configureAccessoryPowerInternal: !getAccessoryPowerReady(); set PowerModeOff?
17:16:23 AppleTCControllerType10::configureAccessoryPowerInternal: handleAccessoryPowerWillChange, confirm PowerModeOff
17:16:23 SEP EP 14 enabled
17:16:23 void AppleSEPManager::_updateDeviceTree(): updateDeviceTreeThread started
17:16:23 static void AppleSEPManager::_updateDeviceTreeThread(void *): updateDeviceTree Success
17:16:23 SEP EP 14 disabled
17:16:23 [DCPEXT:nifiedPipeline.cpp:1871] virtual bool UnifiedPipeline::start_ios_gated(): Flushed RTPs
17:16:23 
17:16:23 [DCPEXT:PPipeDCP_H13P.cpp:11122] IOMFB setup_video_limits called on secondary display with no timing set
17:16:23 
17:16:23 IOMFB set_ffr_index: Disabling overdrive (missing EDT data)
17:16:23 RTBuddy(PMP): start(<ptr>) - (Jul  5 2023@22:21:21)
17:16:23 [DCPEXT:nifiedPipeline.cpp:1356] set_device_enabled_gated: current state: 1, requested state: 1
17:16:23 
17:16:23 RTBuddy(PMP): Boot args override: wdt = -1
17:16:23 [ERROR] IOPort::initPortType(): [AppleTCControllerType10@102] Cannot init port type - it is already set! (m_portType: 2, portType: 2)
17:16:23 
17:16:23 [DCPEXT:PPipeDCP_H13P.cpp:11122] IOMFB setup_video_limits called on secondary display with no timing set
17:16:23 
17:16:23 IOPort::registerService(): [Port-USB-C@2] Registering service Port-USB-C@2...
17:16:23 
17:16:23 SEP EP 24 enabled
17:16:23 RTBuddy(SMC): start(<ptr>) - (Jul  5 2023@22:21:21)
17:16:23 RTBuddy(SMC): Boot args override: wdt = -1
17:16:23 RTBuddy(SMC): Resuming...
17:16:23 
17:16:23 IOHIDInterface(0x10000041e): matching deferred by AppleUserHIDEventService
17:16:23 cryptoAlloc:650: Using 64 buffers with size 16384, 512 buffers size 65536
17:16:23 cryptoAlloc:650: Using 64 buffers with size 16384, 512 buffers size 65536
17:16:23 cryptoAlloc:650: Using 64 buffers with size 16384, 512 buffers size 65536
17:16:23 AppleA7IOPNub: withRegistryEntry, 47: allocated nub <ptr>
17:16:23 
17:16:23 cryptoAlloc:650: Using 64 buffers with size 16384, 512 buffers size 65536
17:16:23 IOPort::registerService(): [Port-USB-C@2] Registering service Port-USB-C@2...
17:16:23 
17:16:23 IOPortTransportState::start(): [Port-USB-C@2: CC] m_parentPort->isFeatureSupported(kIOPortFeatureTRM): YES, this->isTRMSupported(): NO, (transportType: 1, parentPortType: 2, parentPortNumber: 2)
17:16:23 IOPortTransportState::registerService(): [Port-USB-C@2: CC] Registering service CC@... (transportType: 1, provider: Port-USB-C@2)
17:16:23 Starting AppleSMC kext(<ptr>) - (Jul  5 2023@22:22:53)
17:16:23 AppleSMCEmbedded::setPowerState(): ENTER powerStateOrdinal=1, _activeKeyCommand=0 newState=1
17:16:23 function-mcc_dataset not found 
17:16:23 RTBuddy(DCP): start(<ptr>) - (Jul  5 2023@22:21:21)
17:16:23 RTBuddy(DCP): Boot args override: wdt = -1
17:16:23 IOAccessoryTRM::start(): bootedFromRamDisk: NO, dockSupportsTRM: NO (m_mgrPrimaryPortID: 258)
17:16:23 IOAccessoryTRM::_setPropertiesGated(): Setting USB Restricted Mode: NO... (m_mgrPrimaryPortID: 258)
17:16:23 IOAccessoryTRM::_setPropertiesGated(): Could not set USB RM state - no refernot enabling long period watchdog (cleared SoC watchdog if enabled prior), panic SoC watchdog disabled
17:16:23 panic(cpu 0 caller 0xfffffe0012f0bd78): rootvp not authenticated after mounting @bsd_init.c:953
17:16:23 Debugger message: panic
17:16:23 Memory ID: 0x6
17:16:23 OS release type: Not set yet
17:16:23 OS version: Not set yet
17:16:23 Kernel version: Darwin Kernel Version 22.6.0: Wed Jul  5 22:22:52 PDT 2023; root:xnu-8796.141.3~6/RELEASE_ARM64_T8103
17:16:23 Fileset Kernelcache UUID: B4088A9806A5FC3B1915B024AD2BD3F2
17:16:23 Kernel UUID: CE831117-201E-35F6-A293-FCC0F02097A3
17:16:23 Boot session UUID: 300588EE-BBB0-4442-BE78-0871CC6301BC
17:16:23 iBoot version: iBoot-8422.141.2
17:16:23 secure boot?: YES
17:16:23 roots installed: 0
17:16:23 Paniclog version: 14
17:16:23 KernelCache slide: 0x000000000a6ac000
17:16:23 KernelCache base:  0xfffffe00116b0000
17:16:23 Kernel slide:      0x000000000a6b4000
17:16:23 Kernel text base:  0xfffffe00116b8000
17:16:23 Kernel text exec slide: 0x000000000ba6c000
17:16:23 Kernel text exec base:  0xfffffe0012a70000
17:16:23 mach_absolute_time: 0x24a7200df
17:16:23 Epoch Time:        sec       usec
17:16:23   Boot    : 0x6aac95a5 0x0004f833
17:16:23   Sleep   : 0x00000000 0x00000000
17:16:23   Wake    : 0x00000000 0x00000000
17:16:23   Calendar: 0x6aac95a6 0x000172bb
17:16:23 
17:16:23 Zone info:
17:16:23   Zone map: 0xfffffe1001410000 - 0xfffffe3001410000
17:16:23   . VM    : 0xfffffe1001410000 - 0xfffffe14ce0dc000
17:16:23   . RO    : 0xfffffe14ce0dc000 - 0xfffffe1667a74000
17:16:23   . GEN0  : 0xfffffe1667a74000 - 0xfffffe1b34740000
17:16:23   . GEN1  : 0xfffffe1b34740000 - 0xfffffe200140c000
17:16:23   . GEN2  : 0xfffffe200140c000 - 0xfffffe24ce0d8000
17:16:23   . GEN3  : 0xfffffe24ce0d8000 - 0xfffffe299ada4000
17:16:23   . DATA  : 0xfffffe299ada4000 - 0xfffffe3001410000
17:16:23   Metadata: 0xfffffe496392c000 - 0xfffffe496b92c000
17:16:23   Bitmaps : 0xfffffe496b92c000 - 0xfffffe496e654000
17:16:23   Extra   : 0 - 0
17:16:23 
17:16:23 CORE 0 recently retired instr at 0xfffffe0012bfeedc
17:16:23 CORE 1 recently retired instr at 0xfffffe0012c005fc
17:16:23 CORE 2 recently retired instr at 0xfffffe0012c005fc
17:16:23 CORE 3 recently retired instr at 0xfffffe0012c005fc
17:16:23 CORE 4 recently retired instr at 0xfffffe0012c005fc
17:16:23 CORE 5 recently retired instr at 0xfffffe0012c005fc
17:16:23 CORE 6 recently retired instr at 0xfffffe0012c005fc
17:16:23 CORE 7 recently retired instr at 0xfffffe0012c005fc
17:16:23 TPIDRx_ELy = {1: 0xfffffe1b34690838  0: 0x0000000000000000  0ro: 0x0000000000000000 }
17:16:23 CORE 0 PVH locks held: None
17:16:23 CORE 1 PVH locks held: None
17:16:23 CORE 2 PVH locks held: None
17:16:23 CORE 3 PVH locks held: None
17:16:23 CORE 4 PVH locks held: None
17:16:23 CORE 5 PVH locks held: None
17:16:23 CORE 6 PVH locks held: None
17:16:23 CORE 7 PVH locks held: None
17:16:23 CORE 0 is the one that panicked. Check the full backtrace for details.
17:16:23 CORE 1: PC=0xfffffe0012a73914, LR=0xfffffe0012a73a54, FP=0xfffffe5d9333ba30
17:16:23 CORE 2: PC=0xfffffe0012bca65c, LR=0xfffffe0012f701e8, FP=0xfffffe5d9365f910
17:16:23 CORE 3: PC=0xfffffe0013bd1e60, LR=0xfffffe0013bd1e04, FP=0xfffffe5d938f27b0
17:16:23 CORE 4: PC=0xfffffe0012afe000, LR=0xfffffe0012afe000, FP=0xfffffe5d93bb7ef0
17:16:23 CORE 5: PC=0xfffffe0012afe000, LR=0xfffffe0012afe000, FP=0xfffffe5d93bcfef0
17:16:23 CORE 6: PC=0xfffffe0012afe000, LR=0xfffffe0012afe000, FP=0xfffffe5d9339bef0
17:16:23 CORE 7: PC=0xfffffe0012afe000, LR=0xfffffe0012afe000, FP=0xfffffe5d933efef0
17:16:23 Compressor Info: 0% of compressed pages limit (OK) and 0% of segments limit (OK) with 0 swapfiles and OK swap space
17:16:23 Panicked task 0xfffffe20013fc2b8: 0 pages, 384 threads: pid 0: kernel_task
17:16:23 Panicked thread: 0xfffffe1b34690838, backtrace: 0xfffffe5d93233390, tid: 101
17:16:23 		  lr: 0xfffffe0012ac65fc  fp: 0xfffffe5d93233410
17:16:23 		  lr: 0xfffffe0012c066e4  fp: 0xfffffe5d93233430
17:16:23 		  lr: 0xfffffe0012bf7e4c  fp: 0xfffffe5d932334a0
17:16:23 		  lr: 0xfffffe0012bf6518  fp: 0xfffffe5d93233560
17:16:23 		  lr: 0xfffffe0012a777f8  fp: 0xfffffe5d93233570
17:16:23 		  lr: 0xfffffe0012ac5ee4  fp: 0xfffffe5d93233920
17:16:23 		  lr: 0xfffffe0013242548  fp: 0xfffffe5d93233940
17:16:23 		  lr: 0xfffffe0012f0bd78  fp: 0xfffffe5d93233ea0
17:16:23 		  lr: 0xfffffe0012b04428  fp: 0xfffffe5d93233f20
17:16:23 		  lr: 0xfffffe0012a80e98  fp: 0x0000000000000000
17:16:23 
17:16:23 last started kext at 9837700133: com.apple.driver.AppleALSColorSensor	1.0.0d1 (addr 0xfffffe00117bf400, size 14854)
17:16:23 loaded kexts:
17:16:23 com.apple.driver.AppleALSColorSensor	1.0.0d1
17:16:23 com.apple.driver.AppleAOPVoiceTrigger	250.2
17:16:23 com.apple.driver.AppleThunderboltIP	4.0.3
17:16:23 com.apple.driver.AppleUSBDeviceNCM	5.0.0
17:16:23 com.apple.driver.ApplePMP	1
17:16:23 com.apple.driver.ApplePMPFirmware	1
17:16:23 com.apple.driver.SEPHibernation	1
17:16:23 com.apple.AppleEmbeddedSimpleSPINORFlasher	1
17:16:23 com.apple.driver.AppleAVE2	670.13.2
17:16:23 com.apple.driver.usb.AppleSynopsysUSB40XHCI	1
17:16:23 com.apple.driver.AppleFileSystemDriver	3.0.1
17:16:23 com.apple.driver.AppleAVD	728.3.1
17:16:23 com.apple.nke.l2tp	1.9
17:16:23 com.apple.filesystems.tmpfs	1
17:16:23 com.apple.driver.AppleJPEGDriver	5.4.0
17:16:23 com.apple.filesystems.nfs	1
17:16:23 com.apple.filesystems.lifs	1
17:16:23 com.apple.filesystems.apfs	2142.140.9
17:16:23 com.apple.IOTextEncryptionFamily	1.0.0
17:16:23 com.apple.filesystems.hfs.kext	627.100.6
17:16:23 com.apple.security.BootPolicy	1
17:16:23 com.apple.BootCache	40
17:16:23 com.apple.AppleFSCompression.AppleFSCompressionTypeZlib	1.0.0
17:16:23 com.apple.AppleFSCompression.AppleFSCompressionTypeDataless	1.0.0d1
17:16:23 com.apple.driver.AppleSmartIO2	1
17:16:23 com.apple.driver.AppleDPDisplayTCON	1
17:16:23 com.apple.driver.AppleTAS5770LAmp	640.8
17:16:23 com.apple.driver.AppleSerialShim	1
17:16:23 com.apple.AGXG13G	227.7.14
17:16:23 com.apple.driver.AppleSPMIPMU	1.0.1
17:16:23 com.apple.driver.AppleCS42L83Audio	640.8
17:16:23 com.apple.driver.AudioDMAController-T8103	240.2
17:16:23 com.apple.driver.AppleMobileDispH13G-DCP	140.0
17:16:23 com.apple.driver.AppleT8020SOCTuner	1
17:16:23 com.apple.driver.AppleEventLogHandler	1
17:16:23 com.apple.driver.AppleS5L8960XNCO	1
17:16:23 com.apple.driver.AppleT8103PMGR	1
17:16:23 com.apple.driver.AppleS8000AES	1
17:16:23 com.apple.driver.AppleS8000DWI	1.0.0d1
17:16:23 com.apple.driver.AppleInterruptController	1.0.0d1
17:16:23 com.apple.driver.AppleT8020DART	1
17:16:23 com.apple.driver.AppleBluetoothModule	1
17:16:23 com.apple.driver.AppleSamsungSerial	1.0.0d1
17:16:23 com.apple.driver.AppleBCMWLANBusInterfacePCIe	1
17:16:23 com.apple.driver.AppleS5L8920XPWM	1.0.0d1
17:16:23 com.apple.driver.AppleS5L8940XI2C	1.0.0d2
17:16:23 com.apple.driver.AppleSPIMC	1
17:16:23 com.apple.driver.AppleT8101	1
17:16:23 com.apple.driver.AppleM68Buttons	1.0.0d1
17:16:23 com.apple.iokit.IOUserEthernet	1.0.1
17:16:23 com.apple.driver.usb.AppleUSBUserHCI	1
17:16:23 com.apple.iokit.IOKitRegistryCompatibility	1
17:16:23 com.apple.iokit.EndpointSecurity	1
17:16:23 com.apple.driver.AppleDiskImages2	198.100.13
17:16:23 com.apple.AppleSystemPolicy	2.0.0
17:16:23 com.apple.nke.applicationfirewall	404
17:16:23 com.apple.kec.InvalidateHmac	1
17:16:23 com.apple.kec.Compression	1
17:16:23 com.apple.kec.AppleEncryptedArchive	1
17:16:23 com.apple.driver.AppleAOPAudio	240.5
17:16:23 com.apple.driver.usb.networking	5.0.0
17:16:23 com.apple.driver.AppleThunderboltPCIDownAdapter	4.1.1
17:16:23 com.apple.driver.AppleThunderboltUSBDownAdapter	1.0.4
17:16:23 com.apple.driver.AppleThunderboltDPInAdapter	8.5.1
17:16:23 com.apple.driver.AppleThunderboltDPAdapterFamily	8.5.1
17:16:23 com.apple.driver.AppleTrustedAccessory	1
17:16:23 com.apple.iokit.AppleSEPGenericTransfer	1
17:16:23 com.apple.driver.AppleSEPHDCPManager	1.0.1
17:16:23 com.apple.driver.AppleXsanScheme	3
17:16:23 com.apple.driver.AppleDCPDPTXProxy	1.0.0
17:16:23 com.apple.driver.DCPDPFamilyProxy	1
17:16:23 com.apple.driver.AppleDiagnosticDataAccessReadOnly	1.0.0
17:16:23 com.apple.AGXFirmwareKextG13GRTBuddy	227.7.14
17:16:23 com.apple.AGXFirmwareKextRTBuddy64	227.7.14
17:16:23 com.apple.driver.AppleUSBXDCIARM	1.0
17:16:23 com.apple.driver.AppleUSBXDCI	1.0
17:16:23 com.apple.iokit.IOUSBDeviceFamily	2.0.0
17:16:23 com.apple.driver.usb.AppleSynopsysUSBXHCI	1
17:16:23 com.apple.driver.usb.AppleUSBXHCI	1.2
17:16:23 com.apple.driver.AppleEmbeddedUSBHost	1
17:16:23 com.apple.driver.usb.AppleUSBHub	1.2
17:16:23 com.apple.driver.usb.AppleUSBHostCompositeDevice	1.2
17:16:23 com.apple.driver.AppleHIDTransportSPI	6460.1
17:16:23 com.apple.driver.AppleHIDTransport	6460.1
17:16:23 com.apple.driver.AppleInputDeviceSupport	6460.1
17:16:23 com.apple.driver.DCPAVFamilyProxy	1
17:16:23 com.apple.nke.ppp	1.9
17:16:23 com.apple.driver.AppleSPU	1
17:16:23 com.apple.driver.AppleBSDKextStarter	3
17:16:23 com.apple.kext.triggers	1.0
17:16:23 com.apple.driver.IOHIDPowerSource	1
17:16:23 com.apple.driver.AppleCallbackPowerSource	1
17:16:23 com.apple.filesystems.hfs.encodings.kext	1
17:16:23 com.apple.driver.AppleSyntheticGameController	10.7.1
17:16:23 com.apple.iokit.IONVMeFamily	2.1.0
17:16:23 com.apple.driver.AppleNANDConfigAccess	1.0.0
17:16:23 com.apple.driver.AppleHPM	3.4.4
17:16:23 com.apple.driver.AppleH11ANEInterface	6.602.1
17:16:23 com.apple.driver.AppleH13CameraInterface	7.608.0
17:16:23 com.apple.driver.AppleH10PearlCameraInterface	17.0.8
17:16:23 com.apple.iokit.IOGPUFamily	65.60.1
17:16:23 com.apple.driver.AppleDialogPMU	1.0.1
17:16:23 com.apple.driver.AppleStockholmControl	1.0.0
17:16:23 com.apple.driver.AppleCSEmbeddedAudio	640.8
17:16:23 com.apple.driver.AppleEmbeddedAudio	640.8
17:16:23 com.apple.iokit.AppleARMIISAudio	240.2
17:16:23 com.apple.driver.AppleT8103TypeCPhy	1
17:16:23 com.apple.driver.AppleSPMI	1.0.1
17:16:23 com.apple.iokit.IOMobileGraphicsFamily-DCP	343.0.0
17:16:23 com.apple.driver.AppleDCP	1
17:16:23 com.apple.driver.AppleFirmwareKit	1
17:16:23 com.apple.iokit.IOMobileGraphicsFamily	343.0.0
17:16:23 com.apple.driver.ApplePassthroughPPM	3.0
17:16:23 com.apple.driver.AppleSART	1
17:16:23 com.apple.driver.ApplePMGR	1
17:16:23 com.apple.driver.AppleARMWatchdogTimer	1
17:16:23 com.apple.driver.AppleDisplayCrossbar	1.0.0
17:16:23 com.apple.iokit.IODisplayPortFamily	1.0.0
17:16:23 com.apple.driver.AppleTypeCPhy	1
17:16:23 com.apple.driver.AppleThunderboltNHI	7.2.81
17:16:23 com.apple.driver.AppleT8103PCIeC	1
17:16:23 com.apple.iokit.IOThunderboltFamily	9.3.3
17:16:23 com.apple.driver.ApplePIODMA	1
17:16:23 com.apple.driver.AppleT8103PCIe	1
17:16:23 com.apple.driver.AppleMultiFunctionManager	1
17:16:23 com.apple.driver.AppleBluetoothDebugService	1
17:16:23 com.apple.driver.AppleBCMWLANCore	1.0.0
17:16:23 com.apple.iokit.IO80211Family	1200.13.0
17:16:23 com.apple.driver.IOImageLoader	1.0.0
17:16:23 com.apple.driver.AppleOLYHAL	1
17:16:23 com.apple.driver.corecapture	1.0.4
17:16:23 com.apple.driver.AppleEmbeddedPCIE	1
17:16:23 com.apple.driver.AppleMCA2-T8103	740.3
17:16:23 com.apple.driver.AppleEmbeddedAudioLibs	240.1
17:16:23 com.apple.driver.AppleFirmwareUpdateKext	1
17:16:23 com.apple.driver.AppleGPIOICController	1.0.2
17:16:23 com.apple.driver.AppleFireStormErrorHandler	1
17:16:23 com.apple.driver.AppleMobileApNonce	1
17:16:23 com.apple.driver.usb.AppleUSBHostPacketFilter	1.0
17:16:23 com.apple.iokit.IOTimeSyncFamily	1150.2
17:16:23 com.apple.driver.DiskImages	493.0.0
17:16:23 com.apple.iokit.IOGraphicsFamily	597
17:16:23 com.apple.iokit.IOBluetoothSerialManager	9.0.0
17:16:23 com.apple.iokit.IOBluetoothHostControllerUSBTransport	9.0.0
17:16:23 com.apple.iokit.IOBluetoothHostControllerUARTTransport	9.0.0
17:16:23 com.apple.iokit.IOBluetoothHostControllerTransport	9.0.0
17:16:23 com.apple.driver.IOBluetoothHostControllerPCIeTransport	9.0.0
17:16:23 com.apple.iokit.IOBluetoothFamily	9.0.0
17:16:23 com.apple.iokit.CSRBluetoothHostControllerUSBTransport	9.0.0
17:16:23 com.apple.iokit.BroadcomBluetoothHostControllerUSBTransport	9.0.0
17:16:23 com.apple.driver.AppleSSE	1.0
17:16:23 com.apple.driver.AppleSEPKeyStore	2
17:16:23 com.apple.driver.AppleUSBTDM	554
17:16:23 com.apple.iokit.IOUSBMassStorageDriver	235.140.2
17:16:23 com.apple.iokit.IOPCIFamily	2.9
17:16:23 com.apple.iokit.IOSCSIBlockCommandsDevice	482.120.2
17:16:23 com.apple.iokit.IOSCSIArchitectureModelFamily	482.120.2
17:16:23 com.apple.driver.AppleRSMChannel	1
17:16:23 com.apple.iokit.IORSMFamily	1
17:16:23 com.apple.driver.AppleIPAppender	1.0
17:16:23 com.apple.driver.AppleFDEKeyStore	28.30
17:16:23 com.apple.driver.AppleEffaceableStorage	1.0
17:16:23 com.apple.driver.AppleCredentialManager	1.0
17:16:23 com.apple.driver.KernelRelayHost	1
17:16:23 com.apple.iokit.IOUSBHostFamily	1.2
17:16:23 com.apple.driver.AppleUSBHostMergeProperties	1.2
17:16:23 com.apple.driver.usb.AppleUSBCommon	1.0
17:16:23 com.apple.driver.AppleSMC	3.1.9
17:16:23 com.apple.driver.RTBuddy	1.0.0
17:16:23 com.apple.driver.AppleEmbeddedTempSensor	1.0.0
17:16:23 com.apple.driver.AppleARMPMU	1.0
17:16:23 com.apple.iokit.IOAccessoryManager	1.0.0
17:16:23 com.apple.driver.AppleOnboardSerial	1.0
17:16:23 com.apple.iokit.IOSkywalkFamily	1.0
17:16:23 com.apple.driver.mDNSOffloadUserClient	1.0.1b8
17:16:23 com.apple.iokit.IONetworkingFamily	3.4
17:16:23 com.apple.iokit.IOSerialFamily	11
17:16:23 com.apple.driver.AppleSEPManager	1.0.1
17:16:23 com.apple.driver.AppleA7IOP	1.0.2
17:16:23 com.apple.driver.IOSlaveProcessor	1
17:16:23 com.apple.driver.AppleBiometricSensor	2
17:16:23 com.apple.iokit.IOHIDFamily	2.0.0
17:16:23 com.apple.AUC	1.0
17:16:23 com.apple.iokit.IOAVFamily	1.0.0
17:16:23 com.apple.iokit.IOHDCPFamily	1.0.0
17:16:23 com.apple.iokit.IOCECFamily	1
17:16:23 com.apple.iokit.IOAudio2Family	1.0
17:16:23 com.apple.driver.AppleIISController	240.1
17:16:23 com.apple.driver.AppleAudioClockLibs	240.1
17:16:23 com.apple.driver.AppleM2ScalerCSCDriver	265.0.0
17:16:23 com.apple.iokit.IOSurface	336.60.1
17:16:23 com.apple.driver.IODARTFamily	1
17:16:23 com.apple.driver.FairPlayIOKit	71.1.0
17:16:23 com.apple.driver.AppleARMPlatform	1.0.2
17:16:23 com.apple.iokit.IOSlowAdaptiveClockingFamily	1.0.0
17:16:23 com.apple.iokit.IOReportFamily	47
17:16:23 com.apple.security.quarantine	4
17:16:23 com.apple.security.sandbox	300.0
17:16:23 com.apple.iokit.IOStorageFamily	2.1
17:16:23 com.apple.kext.AppleMatch	1.0.0d1
17:16:23 com.apple.driver.AppleMobileFileIntegrity	1.0.5
17:16:23 com.apple.iokit.CoreAnalyticsFamily	1
17:16:23 com.apple.security.AppleImage4	5.0.0
17:16:23 com.apple.kext.CoreTrust	1
17:16:23 com.apple.iokit.IOCryptoAcceleratorFamily	1.0.1
17:16:23 com.apple.kec.pthread	1
17:16:23 com.apple.kec.Libm	1
17:16:23 com.apple.kec.corecrypto	12.0
17:16:23 
17:16:24 
17:16:24 ** Stackshot Succeeded ** Bytes Traced 36567 (Uncompressed 126464) **
17:16:24 wdog panic (attempt 1)
17:16:24 not enabling long period watchdog (cleared SoC watchdog if enabled prior), panic SoC watchdog disabled
# 17:16:26 port error: read failed: [Errno 6] Device not configured; retrying
# 17:16:27 port error: [Errno 2] could not open port /dev/cu.usbmodemC02GR0ZMQ6LT3: [Errno 2] No such file or directory: '/dev/cu.usbmodemC02GR0ZMQ6LT3'; retrying
# 17:16:28 port error: [Errno 2] could not open port /dev/cu.usbmodemC02GR0ZMQ6LT3: [Errno 2] No such file or directory: '/dev/cu.usbmodemC02GR0ZMQ6LT3'; retrying
# 17:16:29 port error: [Errno 2] could not open port /dev/cu.usbmodemC02GR0ZMQ6LT3: [Errno 2] No such file or directory: '/dev/cu.usbmodemC02GR0ZMQ6LT3'; retrying
# 17:16:30 port error: [Errno 2] could not open port /dev/cu.usbmodemC02GR0ZMQ6LT3: [Errno 2] No such file or directory: '/dev/cu.usbmodemC02GR0ZMQ6LT3'; retrying
# 17:16:31 port error: [Errno 2] could not open port /dev/cu.usbmodemC02GR0ZMQ6LT3: [Errno 2] No such file or directory: '/dev/cu.usbmodemC02GR0ZMQ6LT3'; retrying
# 17:16:32 port error: [Errno 2] could not open port /dev/cu.usbmodemC02GR0ZMQ6LT3: [Errno 2] No such file or directory: '/dev/cu.usbmodemC02GR0ZMQ6LT3'; retrying
# 17:16:33 port error: [Errno 2] could not open port /dev/cu.usbmodemC02GR0ZMQ6LT3: [Errno 2] No such file or directory: '/dev/cu.usbmodemC02GR0ZMQ6LT3'; retrying
# 17:16:34 port error: [Errno 2] could not open port /dev/cu.usbmodemC02GR0ZMQ6LT3: [Errno 2] No such file or directory: '/dev/cu.usbmodemC02GR0ZMQ6LT3'; retrying
# opened /dev/cu.usbmodemC02GR0ZMQ6LT3 17:16:35
# RELAUNCH4 14.3 Sun Sep 20 17:19:09 +03 2026
17:19:16 Darwin Kernel Version 23.3.0: Wed Dec 20 21:30:27 PST 2023; root:xnu-10002.81.5~7/RELEASE_ARM64_T8103
17:19:16 pmap_startup() init/release time: 16053 microsec
17:19:16 pmap_startup() delayed init/release of 0 pages
17:19:16 vm_page_bootstrap: 980476 free pages, 12179 wired pages, (up to 0 of which are delayed free)
17:19:16 VM boostrap: 102 maps, 204 entries and 512 holes available
17:19:16 Maximum number of VM swap files: 100
17:19:16 "vm_compressor_mode" is 4
17:19:16 VM bootstrap done: 89 maps, 165 entries and 501 holes left
17:19:16 OSLog stream configured: stream: 8192 bytes, cache: 2112 bytes
17:19:16 Log queues configured: slot count: 64, per-slot size: 32768, total size: 2097152
17:19:16 Long logs support configured: size: 16384
17:19:16 Firehose configured: 16 chunks, 8 io pages
17:19:16 standard timeslicing quantum is 10000 us
17:19:16 standard background quantum is 2500 us
17:19:16 mig_table_max_displ = 54 mach_kobj_count = 376
17:19:16 kdp_core zlib memory 0x8000
17:19:16 Serial requested, consistent debug disabled or debug boot arg not present, configuring debugging over serial
17:19:16 iBoot version: iBoot-8422.141.2
17:19:16 lockdown_mode: lockdown mode in nvram is off
17:19:16 Darwin Image4 Validator Version 5.0.0: Tue Jan  9 00:13:49 PST 2024; root:AppleImage4-247~2545/AppleImage4/RELEASE_ARM64E
17:19:16 calling mpo_policy_init for AppleImage4
17:19:16 Security policy loaded: AppleImage4 sysctl hook (AppleImage4)
17:19:16 AppleImage4: failed to read nvram property: oblit-inprogress: 2
17:19:16 AMFI: UDID enforcement enabled
17:19:16 AMFI: queried model name from device tree: MacBookAir10,1
17:19:16 calling mpo_policy_init for AMFI
17:19:16 Security policy loaded: Apple Mobile File Integrity (AMFI)
17:19:16 calling mpo_policy_init for Sandbox
17:19:16 Security policy loaded: Seatbelt sandbox policy (Sandbox)
17:19:16 calling mpo_policy_init for Quarantine
17:19:16 Security policy loaded: Quarantine policy (Quarantine)
17:19:16 ASP: initializing bastion sandbox callback
17:19:16 initialized XNU provisioning profile data
17:19:16 initialized PPL provisioning profile data
17:19:16 attempting to load 2 external trust cache modules
17:19:16 loaded external trust cache module: 0
17:19:16 loaded external trust cache module: 1
17:19:16 completed loading external trust cache modules
17:19:16 Copyright (c) 1982, 1986, 1989, 1991, 1993
17:19:16 	The Regents of the University of California. All rights reserved.
17:19:16 
17:19:16 MAC Framework successfully initialized
17:19:16 using 16384 buffer headers and 10240 cluster IO buffer headers
17:19:16 AppleARMBacklight::start: Using new Backlight Architecture 1
17:19:16 AppleARMBacklight::start: no DBV offset data
17:19:16 AppleARMBacklight::start: no DBV max data
17:19:16 AppleARMBacklight::start: _calibratedMaxCurrent=13799
17:19:16 AppleARMBacklight::start: _calibratedMidCurrent=3199
17:19:16 AppleARMBacklight::start: mA2Nits2ndOrderCoef=-1
17:19:16 AppleARMBacklight::start: mA2Nits1stOrderCoef=75
17:19:16 AppleARMBacklight::start: mA2Nits0thOrderCoef=-2
17:19:16 AppleARMBacklight::start: nits2mAmps2ndOrderCoef=628
17:19:16 AppleARMBacklight::start: nits2mAmps1stOrderCoef=13279
17:19:16 AppleARMBacklight::start: nits2mAmps0thOrderCoef=18
17:19:16 AppleARMBacklight::start: _lMaxProduct=27525120
17:19:16 AppleARMBacklight::start: _lMidProduct=9175040
17:19:16 AppleARMBacklight::start: _lMinProduct=262144
17:19:16 AppleARMBacklight::exportCalibration: _lMaxProduct=27525120, _lMidProduct=9175040, _lMinProduct=262144, _lMaxPanel=27525119, _lMidPanel=6568085, _lMinPanel=262079, _milliAmps2NitsScaleFactor=423092
17:19:16 spi3 AppleSPIMCController::start:129: using CCLK 120000000
17:19:16 spi4 AppleSPIMCController::start:129: using CCLK 120000000
17:19:16 AppleS5L8940XI2CController::start: i2c1 this: <ptr> _i2cBaseAddress: <ptr>
17:19:16 AppleS5L8940XI2CController::start: i2c3 this: <ptr> _i2cBaseAddress: <ptr>
17:19:16 AppleOLYHAL::probe: score = 1000
17:19:16 AppleBCMWLANBusInterfacePCIe::isIOKitEnvironment() WLAN Active Driver mode IOKit
17:19:16 AppleOLYHAL::start: entry with provider 0xdfcd9787c560f1a2
17:19:16 Creating an object of AppleOLYHALPlatformFunctionEmbeddedAMFM class
17:19:16 pci (build 21:14:52 Dec 20 2023), flags 0xc3008
17:19:16 AppleEmbeddedPCIE::start this = <ptr>, _debugFlags = 0xfffffffe
17:19:16 169560668us IOThunderboltFamily (build 00:02:39 Jan  9 2024)
17:19:16 pci (build 21:14:52 Dec 20 2023), flags 0xc3008
17:19:16 AppleTunneledPCIE::start(apciec1) this = <ptr>, _debugFlags = 0x80000001
17:19:16 169565176us AppleThunderboltGenericHAL::probe
17:19:16 169565193us AppleThunderboltGenericHAL(0)::start (build 00:03:05 Jan  9 2024)
17:19:16 AMFI: developer mode is force enabled on this platform
17:19:16 IOG flags 0x3 (0x51)
17:19:16 AppleCredentialManager: init: inited KE[1] (ready=NO, AVP=NO) -> true.
17:19:16 AppleCredentialManager: probe: probed KE[1] (ready=NO) -> true (score=0).
17:19:16 Warning: arc4random not implemented
17:19:16 Warning: arc4random not implemented
17:19:16 Warning: arc4random not implemented
17:19:16 AppleARMBootPerf: Warning: profile->magic (0x42545244) != 'BTRC'
17:19:16 AppleARMSFRManifest: Starting
17:19:16 AppleARMSFRManifest: Found HASH property
17:19:16 AppleARMSFRManifest: Found 5 matching hash entries
17:19:16 AppleARMSFRManifest: Successfully published sfr-manifest
17:19:16 AppleCredentialManager: start: starting KE[1] (ready=NO) -> true.
17:19:16 AppleCredentialManager: initImpl: called, KE[1].
17:19:16 ACMFirstResponderKernelService: init: called, .
17:19:16 ACMTRM-S: init: called, starting PersistentStore service.
17:19:16 ACMTRM-A: init: called, starting TRM Analytics service.
17:19:16 ACMTRM-C: init: called, starting AccessoryCache service.
17:19:16 ACMKernelService: initValueFromBootArgAliasesUInt32: acc-cache size = 48 (default).
17:19:16 ACMKernelService: initValueFromBootArgAliasesUInt32: acc-cache expiration = 2592000 (default).
17:19:16 ACM: TRMAccCache_SetupEmpty: called, cacheSize=48 expiration=2592000.
17:19:16 ACMTRM: init: called, starting TRM service.
17:19:16 ACMKernelService: initValueFromBootArgAliasesUInt32: policy supported in BaseSystem = 0 (default).
17:19:16 ACMKernelService: initValueFromBootArgAliasesUInt32: config profile = 4294967295 (default).
17:19:16 ACMTRM: _getDefaultConfigProfile: config profile: 2 (boot-arg=2 edt-prop=2*).
17:19:16 ACMKernelService: initValueFromBootArgAliasesUInt32: policy mode timeout = 604800 (default).
17:19:16 ACMKernelService: initValueFromBootArgAliasesUInt32: grace period (bounded) timeout = 259200 (default).
17:19:16 ACMKernelService: initValueFromBootArgAliasesUInt32: relaxed period timeout = 259200 (default).
17:19:16 ACMKernelService: initValueFromBootArgAliasesUInt32: unlocked period timeout = 86400 (default).
17:19:16 ACMKernelService: initValueFromBootArgAliasesUInt32: enabled by default = 1 (default).
17:19:16 ACMTRM: _disableBy: [TRM ENABLED=YES] (mask=0, DISABLED BY: Def=N* Arg=N HW=N DT=N Env=N Ext=N Dev=N | MC=N DW=N CB=N GS=N CP=N BS=N MB=N SC=N AS=N IB=N DM=N).
17:19:16 ACMTRM: _disableBy: [TRM ENABLED=YES] (mask=0, DISABLED BY: Def=N Arg=N* HW=N DT=N Env=N Ext=N Dev=N | MC=N DW=N CB=N GS=N CP=N BS=N MB=N SC=N AS=N IB=N DM=N).
17:19:16 ACMTRM: _loadDisabledByOSEnvironment: disabled by OSEnvironment: NO.
17:19:16 ACMTRM: _disableBy: [TRM ENABLED=YES] (mask=0, DISABLED BY: Def=N Arg=N HW=N DT=N Env=N* Ext=N Dev=N | MC=N DW=N CB=N GS=N CP=N BS=N MB=N SC=N AS=N IB=N DM=N).
17:19:16 ACMTRM: _disableBy: [TRM ENABLED=YES] (mask=0, DISABLED BY: Def=N Arg=N HW=N* DT=N Env=N Ext=N Dev=N | MC=N DW=N CB=N GS=N CP=N BS=N MB=N SC=N AS=N IB=N DM=N).
17:19:16 ACMKernelService: initValueFromBootArgAliasesUInt32: enabled by device type = 4294967295 (default).
17:19:16 ACMTRM: _loadEnabledByDeviceType: enabled by device type: YES (boot-arg=NO edt-prop=YES*).
17:19:16 ACMTRM: _disableBy: [TRM ENABLED=YES] (mask=0, DISABLED BY: Def=N Arg=N HW=N DT=N* Env=N Ext=N Dev=N | MC=N DW=N CB=N GS=N CP=N BS=N MB=N SC=N AS=N IB=N DM=N).
17:19:16 ACMTRM: _loadDisabledByExternalBoot: disabled by ExternalBoot: NO.
17:19:16 ACMTRM: _disableBy: [TRM ENABLED=YES] (mask=0, DISABLED BY: Def=N Arg=N HW=N DT=N Env=N Ext=N* Dev=N | MC=N DW=N CB=N GS=N CP=N BS=N MB=N SC=N AS=N IB=N DM=N).
17:19:16 ACMTRM: _mapAndPublishTRM: set TRM_PolicyTimeout = 604800.
17:19:16 ACMTRM: _mapAndPublishTRM: set TRM_RelaxedPeriodTimeout = 259200.
17:19:16 ACMTRM: _mapAndPublishTRM: set TRM_UnlockedPeriodTimeout = 86400.
17:19:16 ACMTRM: _mapAndPublishTRM: sending kIOMessageServicePropertyChange(#changes=3) while LOCKED(1), TRM: 604800/-(255) 4294967295/-(255) M=255/4294967295/4294967295 ---(255)/---(255) L=255 BS=255 R=255 RP=259200/255 UP=86400/255, CUR: -(255) -(255).
17:19:16 ACMLockdownModeKernelService: init: called, .
17:19:16 ACMLockdownModeKernelService: init: returning, result = true.
17:19:16 AppleCredentialManager: initImpl: KE[1] INITED.
17:19:16 AppleCredentialManager: initImpl: returning, KE[1] -> true.
17:19:16 AppleCredentialManager: startImpl: called, KE[1].
17:19:16 ACMTRM: start: security.mac.acm.root_pivot_occurred sysctl registered.
17:19:16 ACMLockdownModeKernelService: start: called, .
17:19:16 ACMLockdownModeKernelService: start: returning, result = true.
17:19:16 AppleCredentialManager: startImpl: initializing power management.
17:19:16 AppleCredentialManager: startImpl: will join SEPManager's PM tree in getSEPEndpoint().
17:19:16 AppleCredentialManager: startImpl: registering notifications.
17:19:16 AppleCredentialManager: startImpl: KE[1] STARTED.
17:19:16 AppleCredentialManager: startImpl: returning, KE[1] -> true.
17:19:16 AppleCredentialManager: start: started KE[1] (ready=YES) -> true.
17:19:16 [AppleLockdownMode - start] started
17:19:16 AppleSEPKeyStore:329:0: starting (BUILT: Jan  9 2024 00:01:26) (normal variant 🌽 )
17:19:16 AppleSEPKeyStore:483:0: _sep_enabled = 1
17:19:16 AppleSSE::start called
17:19:16 AppleSSE::start returning, result = 1
17:19:16 virtual bool CoreAnalyticsHub::start(IOService *)::139:CoreAnalyticsHub start
17:19:16 Registered CoreAnalyticsHub functions with xnu.virtual bool CoreAnalyticsHub::start(IOService *)::218:CoreAnalyticsHub start completed
17:19:16 [AppleLockdownMode - LDMShouldEnforceParity] restoreOS check passed
17:19:17 AMFI: finished: 1 1
17:19:17 spi2 AppleSPIMCController::start:129: using CCLK 120000000
17:19:17 AppleInterruptController::start: Num Shared Timestamps == 16
17:19:17 panic flow Config Engine Trigger NOT found
17:19:17 AppleS8000AES::start: registers at phys:0x0x23500c000/0x0x23d2d0000 virt:0x<ptr>/0x0x4000 / 0x<ptr>/0x0x4000
17:19:17 Couldn't find sioaesdisable-offset from DeviceTree to override
17:19:17 Couldn't find sioaesdisableuid1-offset from DeviceTree to override
17:19:17 Couldn't find sioaesdisablegid0-offset from DeviceTree to override
17:19:17 Couldn't find sioaesdisablegid1-offset from DeviceTree to override
17:19:17 AppleS8000AES::start: aes-version: 3
17:19:17 AppleS8000AES::start: address-width: 36
17:19:17 AppleS8000AES::start: using-acg: no
17:19:17 AppleGPIOICController::start: this: <ptr>, _gpioicBaseAddress: <ptr>
17:19:17 AppleGPIOICController::start: this: <ptr>, _gpioicBaseAddress: <ptr>
17:19:17 AppleGPIOICController::start: this: <ptr>, _gpioicBaseAddress: <ptr>
17:19:17 AppleGPIOICController::start: this: <ptr>, _gpioicBaseAddress: <ptr>
17:19:17 ApplePMGR: Starting AppleT8103PMGR
17:19:17 ApplePMGR: mcx-fast-pcpu-frequency set to 2184 MHz
17:19:17 AppleARMBacklight::start: no backlight enable function
17:19:17 AppleARMBacklight::start: no backlight update function
17:19:17 AppleARMBacklight::start: _minDACLevel=469 _maxDACLevel=1968
17:19:17 ApplePassthroughPPM::start (<ptr>)
17:19:17 admac-sio: Built on Dec 20 2023 at 21:15:15.           
17:19:17 General panic behavior:
17:19:17           	debugFacility = 0x80000001
17:19:17           	chan debug    = 0x0000ffff
17:19:17           	Gen PanicMask = 0x000087fb
17:19:17           
17:19:17 Test features:
17:19:17           	PseudoMem     = 0x00000000
17:19:17           	PeriphDisable = 0x00000000
17:19:17           	DMADisable    = 0x00000000
17:19:17           	AXIBurstSize  = 0x00000003
17:19:17           	TSC Mode      = 0x00000000
17:19:17           
17:19:17 Jitter:
17:19:17           	Tx WA mask    = 0x0000ffff
17:19:17           	Rx WA mask    = 0x0000ffff
17:19:17           	HiJ panic msk = 0x00000000
17:19:17           	HiJ threshold = 0x00000960
17:19:17           
17:19:17 _getExecutionPlatform: AudioDMAController::admac-sio::483: Running on silicon.
17:19:17 ApplePPM::start (<ptr>)
17:19:17 virtual bool AppleARMLightEmUp::start(IOService *): starting...
17:19:17 AppleS5L8940XI2CController::start: i2c0 this: <ptr> _i2cBaseAddress: <ptr>
17:19:17 AppleT8015TempSensor::start: missing device tree value (sensor-offset-CTL2)
17:19:17 AppleT8015TempSensor::start: missing device tree value (sensor-offset-CTL1)
17:19:17 AppleT8015TempSensor::start: missing device tree value (sensor-offset-CTL2)
17:19:17 AppleT8015TempSensor::start: missing device tree value (sensor-offset-CTL1)
17:19:17 AppleT8015TempSensor::start: missing device tree value (sensor-offset-CTL2)
17:19:17 AppleT8015TempSensor::start: missing device tree value (sensor-offset-CTL1)
17:19:17 AppleT8015TempSensor::start: missing device tree value (sensor-offset-CTL2)
17:19:17 AppleT8015TempSensor::start: missing device tree value (sensor-offset-CTL1)
17:19:17 AppleT8015TempSensor::start: missing device tree value (sensor-offset-CTL2)
17:19:17 AppleT8015TempSensor::start: missing device tree value (sensor-offset-CTL1)
17:19:17 AppleA7IOPNub: withRegistryEntry, 47: allocated nub <ptr>
17:19:17 
17:19:17 AppleT8015TempSensor::start: missing device tree value (sensor-offset-CTL2)
17:19:17 AppleT8015TempSensor::start: missing device tree value (sensor-offset-CTL2)
17:19:17 AppleT8015TempSensor::start: missing device tree value (sensor-offset-CTL1)
17:19:17 AppleEventLogHandler: started
17:19:17 AppleT8015TempSensor::start: missing device tree value (sensor-offset-CTL1)
17:19:17 AppleT8020MTRTempSensor::start: missing device tree value (alarm0-temp)
17:19:17 AppleT8020MTRTempSensor::start: missing device treepanic(cpu 2 caller 0xfffffe00158a1aa0): "Unexpected SIO Protocol version 9 - 10" @AppleSmartIO.cpp:86
17:19:17 Debugger message: panic
17:19:17 Memory ID: 0x6
17:19:17 OS release type: Not set yet
17:19:17 OS version: Not set yet
17:19:17 Kernel version: Darwin Kernel Version 23.3.0: Wed Dec 20 21:30:27 PST 2023; root:xnu-10002.81.5~7/RELEASE_ARM64_T8103
17:19:17 Fileset Kernelcache UUID: A0CB80DC609373B012829BF300DC8617
17:19:17 Kernel UUID: A515349E-37D8-3DBE-B33A-79A09D832553
17:19:17 Boot session UUID: 30904B7C-CD7B-479A-B341-A6347BDC1C45
17:19:17 iBoot version: iBoot-8422.141.2
17:19:17 secure boot?: YES
17:19:17 roots installed: 0
17:19:17 Paniclog version: 14
17:19:17 KernelCache slide: 0x000000000bb18000
17:19:17 KernelCache base:  0xfffffe0012b1c000
17:19:17 Kernel slide:      0x000000000bb20000
17:19:17 Kernel text base:  0xfffffe0012b24000
17:19:17 Kernel text exec slide: 0x000000000d02c000
17:19:17 Kernel text exec base:  0xfffffe0014030000
17:19:17 mach_absolute_time: 0xf2fc7256
17:19:17 Epoch Time:        sec       usec
17:19:17   Boot    : 0x00000000 0x00000000
17:19:17   Sleep   : 0x00000000 0x00000000
17:19:17   Wake    : 0x00000000 0x00000000
17:19:17   Calendar: 0x00000000 0x00000000
17:19:17 
17:19:17 Zone info:
17:19:17   Zone map: 0xfffffe102883c000 - 0xfffffe302883c000
17:19:17   . VM    : 0xfffffe102883c000 - 0xfffffe14f5508000
17:19:17   . RO    : 0xfffffe14f5508000 - 0xfffffe168eea0000
17:19:17   . GEN0  : 0xfffffe168eea0000 - 0xfffffe1b5bb6c000
17:19:17   . GEN1  : 0xfffffe1b5bb6c000 - 0xfffffe2028838000
17:19:17   . GEN2  : 0xfffffe2028838000 - 0xfffffe24f5504000
17:19:17   . GEN3  : 0xfffffe24f5504000 - 0xfffffe29c21d0000
17:19:17   . DATA  : 0xfffffe29c21d0000 - 0xfffffe302883c000
17:19:17   Metadata: 0xfffffe101d398000 - 0xfffffe1025398000
17:19:17   Bitmaps : 0xfffffe1025398000 - 0xfffffe10280a8000
17:19:17   Extra   : 0 - 0
17:19:17 
17:19:17 CORE 0 recently retired instr at 0xfffffe00141dc9bc
17:19:17 CORE 1 recently retired instr at 0xfffffe00141dc9bc
17:19:17 CORE 2 recently retired instr at 0xfffffe00141db1c0
17:19:17 CORE 3 recently retired instr at 0xfffffe00141dc9bc
17:19:17 CORE 4 recently retired instr at 0xfffffe00141dc9bc
17:19:17 CORE 5 recently retired instr at 0xfffffe00141dc9bc
17:19:17 CORE 6 recently retired instr at 0xfffffe00141dc9bc
17:19:17 CORE 7 recently retired instr at 0xfffffe00141dc9bc
17:19:17 TPIDRx_ELy = {1: 0xfffffe29c20c3010  0: 0x0000000000000002  0ro: 0x0000000000000000 }
17:19:17 CORE 0 PVH locks held: None
17:19:17 CORE 1 PVH locks held: None
17:19:17 CORE 2 PVH locks held: None
17:19:17 CORE 3 PVH locks held: None
17:19:17 CORE 4 PVH locks held: None
17:19:17 CORE 5 PVH locks held: None
17:19:17 CORE 6 PVH locks held: None
17:19:17 CORE 7 PVH locks held: None
17:19:17 CORE 0: PC=0xfffffe0014033954, LR=0xfffffe0014033a68, FP=0xfffffe840ae07640
17:19:17 CORE 1: PC=0xfffffe00141a4540, LR=0xfffffe00141a452c, FP=0xfffffe840b083a10
17:19:17 CORE 2 is the one that panicked. Check the full backtrace for details.
17:19:17 CORE 3: PC=0xfffffe0015809364, LR=0xfffffe0015809340, FP=0xfffffe840ae2be50
17:19:17 CORE 4: PC=0xfffffe00140c3f50, LR=0xfffffe00140c3f50, FP=0xfffffe840b29fef0
17:19:17 CORE 5: PC=0xfffffe00140c3f50, LR=0xfffffe00140c3f50, FP=0xfffffe840b26fef0
17:19:17 CORE 6: PC=0xfffffe00140c3f50, LR=0xfffffe00140c3f50, FP=0xfffffe840b1afef0
17:19:17 CORE 7: PC=0xfffffe00140c3f50, LR=0xfffffe00140c3f50, FP=0xfffffe840b24bef0
17:19:17 Compressor Info: 0% of compressed pages limit (OK) and 0% of segments limit (OK) with 0 swapfiles and OK swap space
17:19:17 Panicked task 0xfffffe29c20f8278: 0 pages, 332 threads: pid 0: kernel_task
17:19:17 Panicked thread: 0xfffffe29c20c3010, backtrace: 0xfffffe840b3b35b0, tid: 778
17:19:17 		  lr: 0xfffffe0014089588  fp: 0xfffffe840b3b3640
17:19:17 		  lr: 0xfffffe00141d3cfc  fp: 0xfffffe840b3b36b0
17:19:17 		  lr: 0xfffffe00141d215c  fp: 0xfffffe840b3b37a0
17:19:17 		  lr: 0xfffffe0014037b68  fp: 0xfffffe840b3b37b0
17:19:17 		  lr: 0xfffffe0014088e68  fp: 0xfffffe840b3b3b60
17:19:17 		  lr: 0xfffffe001489b1f8  fp: 0xfffffe840b3b3b80
17:19:17 		  lr: 0xfffffe00158a1aa0  fp: 0xfffffe840b3b3bb0
17:19:17 		  lr: 0xfffffe0015898bac  fp: 0xfffffe840b3b3c00
17:19:17 		  lr: 0xfffffe0014757168  fp: 0xfffffe840b3b3c90
17:19:17 		  lr: 0xfffffe0014756670  fp: 0xfffffe840b3b3dc0
17:19:17 		  lr: 0xfffffe0014754640  fp: 0xfffffe840b3b3e40
17:19:17 		  lr: 0xfffffe001475acd0  fp: 0xfffffe840b3b3f20
17:19:17 		  lr: 0xfffffe0014040ed8  fp: 0x0000000000000000
17:19:17       Kernel Extensions in backtrace:
17:19:17          com.apple.driver.AppleSmartIO2(1.0)[08F8DEB6-2AC3-373C-9860-3B9AFF84461D]@0xfffffe0015898200->0xfffffe00158a4d8b
17:19:17             dependency: com.apple.driver.AppleA7IOP(1.0.2)[10275790-85F4-3B08-AF89-1D712ADA689A]@0xfffffe0014995600->0xfffffe00149a7177
17:19:17             dependency: com.apple.driver.IOSlaveProcessor(1)[BFD8D86E-6E2B-3FDE-8CAF-9015DF04D919]@0xfffffe00168d4650->0xfffffe00168d6003
17:19:17             dependency: com.apple.driver.RTBuddy(1.0.0)[78E2C0DC-EBAE-3AE9-86F5-E3EDC779B576]@0xfffffe0016e9e030->0xfffffe0016edd8fb
17:19:17             dependency: com.apple.iokit.IOCryptoAcceleratorFamily(1.0.1)[CAD87030-E9CB-319F-8FD5-5B990E0DF24C]@0xfffffe0016459590->0xfffffe001645cf8f
17:19:17 
17:19:17 last started kext at 4076131852: com.apple.iokit.IOGPUFamily	93.10.1 (addr 0xfffffe00132d2560, size 33108)
17:19:17 loaded kexts:
17:19:17 com.apple.driver.AppleSmartIO2	1
17:19:17 com.apple.AppleEmbeddedSimpleSPINORFlasher	1
17:19:17 com.apple.driver.AppleAVE2	703.54.1
17:19:17 com.apple.driver.AppleAVD	737.2
17:19:17 com.apple.driver.AppleMobileDispH13G-DCP	140.0
17:19:17 com.apple.driver.AppleJPEGDriver	6.2.2
17:19:17 com.apple.driver.AppleCS42L83Audio	700.46
17:19:17 com.apple.driver.AppleTAS5770LAmp	700.46
17:19:17 com.apple.driver.AppleSerialShim	1
17:19:17 com.apple.driver.AppleDPDisplayTCON	1
17:19:17 com.apple.driver.AudioDMAController-T8103	300.15
17:19:17 com.apple.driver.AppleT8020SOCTuner	1
17:19:17 com.apple.driver.AppleEventLogHandler	1
17:19:17 com.apple.driver.AppleS5L8960XNCO	1
17:19:17 com.apple.driver.AppleT8103PMGR	1
17:19:17 com.apple.driver.AppleS8000AES	1
17:19:17 com.apple.driver.AppleS8000DWI	1.0.0d1
17:19:17 com.apple.driver.AppleInterruptController	1.0.0d1
17:19:17 com.apple.iokit.IOUserEthernet	1.0.1
17:19:17 com.apple.driver.usb.AppleUSBUserHCI	1
17:19:17 com.apple.iokit.IOKitRegistryCompatibility	1
17:19:17 com.apple.iokit.EndpointSecurity	1
17:19:17 com.apple.driver.AppleT8020DART	1
17:19:17 com.apple.driver.AppleBluetoothModule	1
17:19:17 com.apple.driver.AppleSamsungSerial	1.0.0d1
17:19:17 com.apple.driver.AppleBCMWLANBusInterfacePCIe	1
17:19:17 com.apple.driver.AppleS5L8920XPWM	1.0.0d1
17:19:17 com.apple.driver.AppleS5L8940XI2C	1.0.0d2
17:19:17 com.apple.driver.AppleSPIMC	1
17:19:17 com.apple.driver.AppleM68Buttons	1.0.0d1
17:19:17 com.apple.driver.AppleT8101	1
17:19:17 com.apple.driver.AppleDiskImages2	273
17:19:17 com.apple.AppleSystemPolicy	2.0.0
17:19:17 com.apple.nke.applicationfirewall	404
17:19:17 com.apple.kec.InvalidateHmac	1
17:19:17 com.apple.kec.AppleEncryptedArchive	1
17:19:17 com.apple.iokit.IOGPUFamily	93.10.1
17:19:17 com.apple.iokit.IONVMeFamily	2.1.0
17:19:17 com.apple.driver.DCPAVFamilyProxy	1
17:19:17 com.apple.iokit.IOMobileGraphicsFamily-DCP	343.0.0
17:19:17 com.apple.iokit.IOMobileGraphicsFamily	343.0.0
17:19:17 com.apple.driver.AppleM2ScalerCSCDriver	265.0.0
17:19:17 com.apple.driver.AppleDCP	1
17:19:17 com.apple.driver.AppleHPM	3.4.4
17:19:17 com.apple.driver.AppleSART	1
17:19:17 com.apple.driver.AppleDiagnosticDataAccessReadOnly	1.0.0
17:19:17 com.apple.driver.AppleNANDConfigAccess	1.0.0
17:19:17 com.apple.driver.AppleCSEmbeddedAudio	700.46
17:19:17 com.apple.driver.AppleEmbeddedAudio	700.46
17:19:17 com.apple.iokit.AppleARMIISAudio	300.11
17:19:17 com.apple.plugin.IOgPTPPlugin	1230.2
17:19:17 com.apple.driver.AppleFirmwareKit	1
17:19:17 com.apple.driver.AppleH13CameraInterface	8.301.0
17:19:17 com.apple.driver.AppleH11ANEInterface	7.300.0
17:19:17 com.apple.driver.AppleT8103TypeCPhy	1
17:19:17 com.apple.driver.ApplePassthroughPPM	3.0
17:19:17 com.apple.driver.ApplePMGR	1
17:19:17 com.apple.driver.AppleARMWatchdogTimer	1
17:19:17 com.apple.driver.usb.AppleUSBHostPacketFilter	1.0
17:19:17 com.apple.driver.DiskImages	493.0.0
17:19:17 com.apple.iokit.IOGraphicsFamily	598
17:19:17 com.apple.iokit.IOBluetoothFamily	9.0.0
17:19:17 com.apple.driver.AppleSSE	1.0
17:19:17 com.apple.driver.AppleDisplayCrossbar	1.0.0
17:19:17 com.apple.iokit.IODisplayPortFamily	1.0.0
17:19:17 com.apple.driver.AppleTypeCPhy	1
17:19:17 com.apple.driver.AppleThunderboltNHI	7.2.81
17:19:17 com.apple.driver.AppleT8103PCIeC	1
17:19:17 com.apple.iokit.IOThunderboltFamily	9.3.3
17:19:17 com.apple.iokit.IOPortFamily	1.0
17:19:17 com.apple.driver.ApplePIODMA	1
17:19:17 com.apple.driver.AppleT8103PCIe	1
17:19:17 com.apple.driver.AppleBluetoothDebugService	1
17:19:17 com.apple.driver.AppleBCMWLANCore	1.0.0
17:19:17 com.apple.iokit.IOTimeSyncFamily	1230.2
17:19:17 com.apple.iokit.IO80211Family	1200.13.0
17:19:17 com.apple.driver.IOImageLoader	1.0.0
17:19:17 com.apple.driver.AppleOLYHAL	1
17:19:17 com.apple.driver.AppleMCA2-T8103	800.11
17:19:17 com.apple.driver.AppleEmbeddedAudioLibs	300.1
17:19:17 com.apple.driver.AppleFirmwareUpdateKext	1
17:19:17 com.apple.driver.AppleGPIOICController	1.0.2
17:19:17 com.apple.driver.AppleMobileApNonce	1
17:19:17 com.apple.driver.AppleFireStormErrorHandler	1
17:19:17 com.apple.driver.AppleMultiFunctionManager	1
17:19:18 com.apple.driver.corecapture	1.0.4
17:19:18 com.apple.driver.AppleEmbeddedPCIE	1
17:19:18 com.apple.driver.AppleSEPKeyStore	2
17:19:18 com.apple.driver.AppleUSBTDM	556
17:19:18 com.apple.iokit.IOUSBMassStorageDriver	243
17:19:18 com.apple.iokit.IOPCIFamily	2.9
17:19:18 com.apple.iokit.IOSCSIBlockCommandsDevice	492
17:19:18 com.apple.iokit.IOSCSIArchitectureModelFamily	492
17:19:18 com.apple.driver.AppleRSMChannel	1
17:19:18 com.apple.iokit.IORSMFamily	1
17:19:18 com.apple.driver.AppleLockdownMode	1
17:19:18 com.apple.driver.AppleIPAppender	1.0
17:19:18 com.apple.driver.AppleFDEKeyStore	28.30
17:19:18 com.apple.driver.AppleEffaceableStorage	1.0
17:19:18 com.apple.driver.AppleCredentialManager	1.0
17:19:18 com.apple.driver.KernelRelayHost	1
17:19:18 com.apple.iokit.IOUSBHostFamily	1.2
17:19:18 com.apple.driver.AppleUSBHostMergeProperties	1.2
17:19:18 com.apple.driver.usb.AppleUSBCommon	1.0
17:19:18 com.apple.driver.AppleSMC	3.1.9
17:19:18 com.apple.driver.RTBuddy	1.0.0
17:19:18 com.apple.driver.AppleEmbeddedTempSensor	1.0.0
17:19:18 com.apple.driver.AppleARMPMU	1.0
17:19:18 com.apple.iokit.IOAccessoryManager	1.0.0
17:19:18 com.apple.driver.AppleOnboardSerial	1.0
17:19:18 com.apple.iokit.IOSkywalkFamily	1.0
17:19:18 com.apple.driver.mDNSOffloadUserClient	1.0.1b8
17:19:18 com.apple.iokit.IONetworkingFamily	3.4
17:19:18 com.apple.iokit.IOSerialFamily	11
17:19:18 com.apple.driver.AppleSEPManager	1.0.1
17:19:18 com.apple.driver.IODARTFamily	1
17:19:18 com.apple.driver.AppleA7IOP	1.0.2
17:19:18 com.apple.driver.IOSlaveProcessor	1
17:19:18 com.apple.driver.AppleBiometricSensor	2
17:19:18 com.apple.iokit.IOHIDFamily	2.0.0
17:19:18 com.apple.AUC	1.0
17:19:18 com.apple.iokit.IOSurface	352.0.3
17:19:18 com.apple.iokit.IOAVFamily	1.0.0
17:19:18 com.apple.iokit.IOHDCPFamily	1.0.0
17:19:18 com.apple.iokit.IOCECFamily	1
17:19:18 com.apple.iokit.IOAudio2Family	1.0
17:19:18 com.apple.driver.AppleIISController	300.1
17:19:18 com.apple.driver.AppleAudioClockLibs	300.1
17:19:18 com.apple.driver.FairPlayIOKit	71.3.0
17:19:18 com.apple.driver.AppleARMPlatform	1.0.2
17:19:18 com.apple.iokit.IOSlowAdaptiveClockingFamily	1.0.0
17:19:18 com.apple.iokit.IOReportFamily	47
17:19:18 com.apple.security.quarantine	4
17:19:18 com.apple.security.sandbox	300.0
17:19:18 com.apple.iokit.IOStorageFamily	2.1
17:19:18 com.apple.kext.AppleMatch	1.0.0d1
17:19:18 com.apple.driver.AppleMobileFileIntegrity	1.0.5
17:19:18 com.apple.iokit.CoreAnalyticsFamily	1
17:19:18 com.apple.security.AppleImage4	5.0.0
17:19:18 com.apple.kext.CoreTrust	1
17:19:18 com.apple.iokit.IOCryptoAcceleratorFamily	1.0.1
17:19:18 com.apple.kec.pthread	1
17:19:18 com.apple.kec.Libm	1
17:19:18 com.apple.kec.Compression	1.0
17:19:18 com.apple.kec.corecrypto	14.0
17:19:18 
17:19:18 
17:19:18 ** Stackshot Succeeded ** Bytes Traced 34248 (Uncompressed 121600) **
17:19:18 wdog panic (attempt 1)
17:19:18 not enabling long period watchdog (cleared SoC watchdog if enabled prior), panic SoC watchdog disabled
# 17:19:20 port error: read failed: [Errno 6] Device not configured; retrying
# 17:19:21 port error: [Errno 2] could not open port /dev/cu.usbmodemC02GR0ZMQ6LT3: [Errno 2] No such file or directory: '/dev/cu.usbmodemC02GR0ZMQ6LT3'; retrying
# 17:19:22 port error: [Errno 2] could not open port /dev/cu.usbmodemC02GR0ZMQ6LT3: [Errno 2] No such file or directory: '/dev/cu.usbmodemC02GR0ZMQ6LT3'; retrying
# 17:19:23 port error: [Errno 2] could not open port /dev/cu.usbmodemC02GR0ZMQ6LT3: [Errno 2] No such file or directory: '/dev/cu.usbmodemC02GR0ZMQ6LT3'; retrying
# 17:19:24 port error: [Errno 2] could not open port /dev/cu.usbmodemC02GR0ZMQ6LT3: [Errno 2] No such file or directory: '/dev/cu.usbmodemC02GR0ZMQ6LT3'; retrying
# 17:19:25 port error: [Errno 2] could not open port /dev/cu.usbmodemC02GR0ZMQ6LT3: [Errno 2] No such file or directory: '/dev/cu.usbmodemC02GR0ZMQ6LT3'; retrying
# 17:19:26 port error: [Errno 2] could not open port /dev/cu.usbmodemC02GR0ZMQ6LT3: [Errno 2] No such file or directory: '/dev/cu.usbmodemC02GR0ZMQ6LT3'; retrying
# 17:19:27 port error: [Errno 2] could not open port /dev/cu.usbmodemC02GR0ZMQ6LT3: [Errno 2] No such file or directory: '/dev/cu.usbmodemC02GR0ZMQ6LT3'; retrying
# opened /dev/cu.usbmodemC02GR0ZMQ6LT3 17:19:28
# RELAUNCH5 13.5 rd=disk99 Sun Sep 20 17:23:08 +03 2026
17:23:15 Darwin Kernel Version 22.6.0: Wed Jul  5 22:22:52 PDT 2023; root:xnu-8796.141.3~6/RELEASE_ARM64_T8103
17:23:15 pmap_startup() init/release time: 16444 microsec
17:23:15 pmap_startup() delayed init/release of 0 pages
17:23:15 vm_page_bootstrap: 982281 free pages, 11713 wired pages, (up to 0 of which are delayed free)
17:23:15 VM boostrap: 97 maps, 204 entries and 512 holes available
17:23:15 Maximum number of VM swap files: 100
17:23:15 "vm_compressor_mode" is 4
17:23:15 VM bootstrap done: 84 maps, 165 entries and 500 holes left
17:23:15 Log queues configured: slot count: 64, per-slot size: 32768, total size: 2097152
17:23:15 OSLog stream configured: stream: 8192 bytes, cache: 2112 bytes
17:23:15 Long logs support configured: size: 16384
17:23:15 Firehose configured: 16 chunks, 8 io pages
17:23:15 standard timeslicing quantum is 10000 us
17:23:15 standard background quantum is 2500 us
17:23:15 mig_table_max_displ = 54 mach_kobj_count = 375
17:23:15 kdp_core zlib memory 0x8000
17:23:15 Serial requested, consistent debug disabled or debug boot arg not present, configuring debugging over serial
17:23:15 iBoot version: iBoot-8422.141.2
17:23:15 Darwin Image4 Validator Version 5.0.0: Mon Jul 10 22:18:56 PDT 2023; root:AppleImage4-202.120.2~861/AppleImage4/RELEASE_ARM64E
17:23:15 calling mpo_policy_init for AppleImage4
17:23:15 Security policy loaded: AppleImage4 sysctl hook (AppleImage4)
17:23:15 AppleImage4: failed to read nvram property: oblit-inprogress: 2
17:23:15 AMFI: UDID enforcement enabled
17:23:15 calling mpo_policy_init for AMFI
17:23:15 Security policy loaded: Apple Mobile File Integrity (AMFI)
17:23:15 calling mpo_policy_init for Sandbox
17:23:15 Security policy loaded: Seatbelt sandbox policy (Sandbox)
17:23:15 calling mpo_policy_init for Quarantine
17:23:15 Security policy loaded: Quarantine policy (Quarantine)
17:23:15 initialized XNU provisioning profile data
17:23:15 initialized PPL provisioning profile data
17:23:15 attempting to load 2 external trust cache modules
17:23:15 loaded external trust cache module: 0
17:23:15 loaded external trust cache module: 1
17:23:15 completed loading external trust cache modules
17:23:15 IOG flags 0x3 (0x51)
17:23:15 AppleCredentialManager: init: inited KE[1] (ready=NO, AVP=NO) -> true.
17:23:15 AppleCredentialManager: probe: probed KE[1] (ready=NO) -> true (score=0).
17:23:15 Couldn't alloc class "AppleKeyStoreTest"
17:23:15 Warning: arc4random not implemented
17:23:15 Warning: arc4random not implemented
17:23:15 Warning: arc4random not implemented
17:23:15 logIosaActivity: log activity queue is null
17:23:15 logIosaActivity: log activity queue is null
17:23:15 AppleARMBootPerf: Warning: profile->magic (0x42545244) != 'BTRC'
17:23:15 AppleCredentialManager: start: starting KE[1] (ready=NO) -> true.
17:23:15 AppleCredentialManager: initImpl: called, KE[1].
17:23:15 ACMFirstResponderKernelService: init: called, .
17:23:15 ACMTRM-S: init: called, starting PersistentStore service.
17:23:15 ACMTRM-A: init: called, starting TRM Analytics service.
17:23:15 ACMTRM-C: init: called, starting AccessoryCache service.
17:23:15 ACMKernelService: initValueFromBootArgAliasesUInt32: acc-cache size = 48 (default).
17:23:15 ACMKernelService: initValueFromBootArgAliasesUInt32: acc-cache expiration = 2592000 (default).
17:23:15 ACM: TRMAccCache_SetupEmpty: called, cacheSize=48 expiration=2592000.
17:23:15 ACMTRM: init: called, starting TRM service.
17:23:15 ACMKernelService: initValueFromBootArgAliasesUInt32: policy supported in BaseSystem = 0 (default).
17:23:15 ACMKernelService: initValueFromBootArgAliasesUInt32: config profile = 4294967295 (default).
17:23:15 ACMTRM: _getDefaultConfigProfile: config profile: 2 (boot-arg=2 edt-prop=2*).
17:23:15 ACMKernelService: initValueFromBootArgAliasesUInt32: policy mode timeout = 604800 (default).
17:23:15 ACMKernelService: initValueFromBootArgAliasesUInt32: grace period (bounded) timeout = 259200 (default).
17:23:15 ACMKernelService: initValueFromBootArgAliasesUInt32: unlocked period timeout = 86400 (default).
17:23:15 ACMKernelService: initValueFromBootArgAliasesUInt32: enabled by default = 1 (default).
17:23:15 ACMTRM: _disableBy: [TRM ENABLED=YES] (mask=0, DISABLED BY: Def=NO* BtArg=NO HW=NO DevT=NO OSEnv=NO ExBt=NO | MgCo=NO DwOS=NO ChBd=NO GSw=NO CPro=NO BSys=NO MBud=NO SmCrd=NO ApSet=NO).
17:23:15 ACMTRM: _disableBy: [TRM ENABLED=YES] (mask=0, DISABLED BY: Def=NO BtArg=NO* HW=NO DevT=NO OSEnv=NO ExBt=NO | MgCo=NO DwOS=NO ChBd=NO GSw=NO CPro=NO BSys=NO MBud=NO SmCrd=NO ApSet=NO).
17:23:15 ACMTRM: _disableBy: [TRM ENABLED=YES] (mask=0, DISABLED BY: Def=NO BtArg=NO HW=NO* DevT=NO OSEnv=NO ExBt=NO | MgCo=NO DwOS=NO ChBd=NO GSw=NO CPro=NO BSys=NO MBud=NO SmCrd=NO ApSet=NO).
17:23:15 ACMKernelService: initValueFromBootArgAliasesUInt32: enabled by device type = 4294967295 (default).
17:23:15 ACMTRM: _loadEnabledByDeviceType: enabled by device type: YES (boot-arg=NO edt-prop=YES*).
17:23:15 ACMTRM: _disableBy: [TRM ENABLED=YES] (mask=0, DISABLED BY: Def=NO BtArg=NO HW=NO DevT=NO* OSEnv=NO ExBt=NO | MgCo=NO DwOS=NO ChBd=NO GSw=NO CPro=NO BSys=NO MBud=NO SmCrd=NO ApSet=NO).
17:23:15 ACMTRM: _loadDisabledByExternalBoot: disabled by ExternalBoot: NO.
17:23:15 ACMTRM: _disableBy: [TRM ENABLED=YES] (mask=0, DISABLED BY: Def=NO BtArg=NO HW=NO DevT=NO OSEnv=NO ExBt=NO* | MgCo=NO DwOS=NO ChBd=NO GSw=NO CPro=NO BSys=NO MBud=NO SmCrd=NO ApSet=NO).
17:23:15 ACMTRM: _loadDisabledByOSEnvironment: disabled by OSEnvironment: NO.
17:23:15 ACMTRM: _disableBy: [TRM ENABLED=YES] (mask=0, DISABLED BY: Def=NO BtArg=NO HW=NO DevT=NO OSEnv=NO* ExBt=NO | MgCo=NO DwOS=NO ChBd=NO GSw=NO CPro=NO BSys=NO MBud=NO SmCrd=NO ApSet=NO).
17:23:15 ACMTRM: _mapAndPublishTRM: set TRM_PolicyTimeout = 604800.
17:23:15 ACMTRM: _mapAndPublishTRM: set TRM_UnlockedPeriodTimeout = 86400.
17:23:15 ACMTRM: _mapAndPublishTRM: sending kIOMessageServicePropertyChange(#changes=2) while LOCKED(1), TRM: 604800/-(255) 4294967295/-(255) M=255/4294967295/4294967295 ---(255)/---(255) L=255 BS=255 R=255 UP=86400/255, CUR: -(255) -(255).
17:23:15 AppleCredentialManager: initImpl: KE[1] INITED.
17:23:15 AppleCredentialManager: initImpl: returning, KE[1] -> true.
17:23:15 AppleCredentialManager: startImpl: called, KE[1].
17:23:15 ACMTRM: start: security.mac.acm.root_pivot_occurred sysctl registered.
17:23:15 AppleCredentialManager: startImpl: initializing power management.
17:23:15 AppleCredentialManager: startImpl: will join SEPManager's PM tree in getSEPEndpoint().
17:23:15 AppleCredentialManager: startImpl: registering notifications.
17:23:15 AppleCredentialManager: startImpl: KE[1] STARTED.
17:23:15 AppleCredentialManager: startImpl: returning, KE[1] -> true.
17:23:15 AppleCredentialManager: start: started KE[1] (ready=YES) -> true.
17:23:15 AppleSEPKeyStore:330:0: starting (BUILT: Jul 10 2023 22:11:57) (normal variant)
17:23:15 AppleSEPKeyStore:533:0: _sep_enabled = 1
17:23:15 AppleSSE::start called
17:23:15 AppleSSE::start returning, result = 1
17:23:15 virtual bool CoreAnalyticsHub::start(IOService *)::139:CoreAnalyticsHub start
17:23:15 Registered CoreAnalyticsHub functions with xnu.virtual bool CoreAnalyticsHub::start(IOService *)::218:CoreAnalyticsHub start completed
17:23:15 Couldn't alloc class "AppleKeyStoreTest"
17:23:15 AppleARMBacklight::start: Using new Backlight Architecture 1
17:23:15 AppleARMBacklight::start: no DBV offset data
17:23:15 AppleARMBacklight::start: no DBV max data
17:23:15 AppleARMBacklight::start: _calibratedMaxCurrent=13799
17:23:15 AppleARMBacklight::start: _calibratedMidCurrent=3199
17:23:15 AppleARMBacklight::start: mA2Nits2ndOrderCoef=-1
17:23:15 AppleARMBacklight::start: mA2Nits1stOrderCoef=75
17:23:15 AppleARMBacklight::start: mA2Nits0thOrderCoef=-2
17:23:15 AppleARMBacklight::start: nits2mAmps2ndOrderCoef=628
17:23:15 AppleARMBacklight::start: nits2mAmps1stOrderCoef=13279
17:23:15 AppleARMBacklight::start: nits2mAmps0thOrderCoef=18
17:23:15 AppleARMBacklight::start: _lMaxProduct=27525120
17:23:15 AppleARMBacklight::start: _lMidProduct=9175040
17:23:15 AppleARMBacklight::start: _lMinProduct=262144
17:23:15 AppleARMBacklight::exportCalibration: _lMaxProduct=27525120, _lMidProduct=9175040, _lMinProduct=262144, _lMaxPanel=27525119, _lMidPanel=6568085, _lMinPanel=262079, _milliAmps2NitsScaleFactor=423092
17:23:15 AppleARMBacklight::start: no backlight enable function
17:23:15 AppleARMBacklight::start: no backlight update function
17:23:15 AppleARMBacklight::start: _minDACLevel=469 _maxDACLevel=1968
17:23:15 Copyright (c) 1982, 1986, 1989, 1991, 1993
17:23:15 	The Regents of the University of California. All rights reserved.
17:23:15 
17:23:15 MAC Framework successfully initialized
17:23:15 using 16384 buffer headers and 10240 cluster IO buffer headers
17:23:15 AMFI: developer mode is force enabled on this platform
17:23:15 AMFI: finished: 1 1
17:23:15 spi3 AppleSPIMCController::start:129: using CCLK 120000000
17:23:15 spi4 AppleSPIMCController::start:129: using CCLK 120000000
17:23:15 AppleS5L8940XI2CController::start: i2c1 this: <ptr> _i2cBaseAddress: <ptr>
17:23:15 AppleS5L8940XI2CController::start: i2c3 this: <ptr> _i2cBaseAddress: <ptr>
17:23:15 AppleOLYHAL::probe: score = 1000
17:23:15 AppleBCMWLANBusInterfacePCIe::isIOKitEnvironment() WLAN Active Driver mode IOKit
17:23:15 AppleOLYHAL::start: entry with provider 0xffffe384b4d3a8f8
17:23:15 Creating an object of AppleOLYHALPlatformFunctionEmbeddedAMFM class
17:23:15 Couldn't alloc class "AppleKeyStoreTest"
17:23:15 pci (build 22:14:13 Jul  5 2023), flags 0xc3008
17:23:15 AppleEmbeddedPCIE::start this = <ptr>, _debugFlags = 0xfffffffe
17:23:15 234728741us IOThunderboltFamily (build 22:14:27 Jul  5 2023)
17:23:16 pci (build 22:14:13 Jul  5 2023), flags 0xc3008
17:23:16 AppleTunneledPCIE::start(apciec1) this = <ptr>, _debugFlags = 0x80000001
17:23:16 234735681us AppleThunderboltGenericHAL::probe
17:23:16 234736272us AppleThunderboltGenericHAL(0)::start
17:23:16 AppleInterruptController::start: Num Shared Timestamps == 16
17:23:16 Couldn't find sioaesdisable-offset from DeviceTree to override
17:23:16 Couldn't find sioaesdisableuid1-offset from DeviceTree to override
17:23:16 Couldn't find sioaesdisablegid0-offset from DeviceTree to override
17:23:16 Couldn't find sioaesdisablegid1-offset from DeviceTree to override
17:23:16 AppleS8000AES::start: registers at phys:0x0x23500c000/0x0x23d2d0000 virt:0x<ptr>/0x0x4000 / 0x<ptr>/0x0x4000
17:23:16 AppleGPIOICController::start: this: <ptr>, _gpioicBaseAddress: <ptr>
17:23:16 AppleGPIOICController::start: this: <ptr>, _gpioicBaseAddress: <ptr>
17:23:16 AppleGPIOICController::start: this: <ptr>, _gpioicBaseAddress: <ptr>
17:23:16 AppleGPIOICController::start: this: <ptr>, _gpioicBaseAddress: <ptr>
17:23:16 ApplePMGR: Starting AppleT8103PMGR
17:23:16 spi2 AppleSPIMCController::start:129: using CCLK 120000000
17:23:16 ApplePMGR: mcx-fast-pcpu-frequency set to 2184 MHz
17:23:16 ApplePassthroughPPM::start (<ptr>)
17:23:16 ApplePPM::start (<ptr>)
17:23:16 ApplePPMCPMS::initLocal (<ptr>)
17:23:16 Platform supports LPEM: 0ApplePPM::initLocal success
17:23:16 Couldn't alloc class "AppleKeyStoreTest"
17:23:16 AppleGen1SPMIController[aop-spmi1]:61: Start
17:23:16 AppleA7IOPNub: withRegistryEntry, 47: allocated nub <ptr>
17:23:16 admac-aop-audio: Built on Jul  5 2023 at 22:13:23.           
17:23:16 General panic behavior:
17:23:16           	debugFacility = 0x80000001
17:23:16           	chan debug    = 0x0000ffff
17:23:16           	Gen PanicMask = 0x000087fb
17:23:16           
17:23:16 Test features:
17:23:16           	PseudoMem     = 0x00000000
17:23:16           	PeriphDisable = 0x00000000
17:23:16           	DMADisable    = 0x00000000
17:23:16           	AXIBurstSize  = 0x00000003
17:23:16           	TSC Mode      = 0x00000000
17:23:16           
17:23:16 Jitter:
17:23:16           	Tx WA mask    = 0x0000ffff
17:23:16           	Rx WA mask    = 0x0000ffff
17:23:16           	HiJ panic msk = 0x00000000
17:23:16           	HiJ threshold = 0x00000960
17:23:16           
17:23:16 _getExecutionPlatform: AudioDMAController::admac-aop-audio::483: Running on silicon.
17:23:16 AppleEventLogHandler: started
17:23:16 AppleA7IOPNub: withRegistryEntry, 47: allocated nub <ptr>
17:23:16 
17:23:16 [uart] Started AppleSerialShim.
17:23:16 AppleA7IOPNub: withRegistryEntry, 47: allocated nub <ptr>
17:23:16 
17:23:16 AppleA7IOPNub: withRegistryEntry, 47: allocated nub <ptr>
17:23:16 
17:23:16 [dockchannel] Started AppleSerialShim.
17:23:16 RTBuddy(SMC): start(<ptr>) - (Jul  5 2023@22:21:21)
17:23:16 RTBuddy(SMC): Boot args override: wdt = -1
17:23:16 spi1 AppleSPIMCController::start:129: using CCLK 200000000
17:23:16 RTBuddy(ANS2): start(<ptr>) - (Jul  5 2023@22:21:21)
17:23:16 RTBuddy(SMC): Resuming...
17:23:16 
17:23:16 ApplePPMCPMS::initLocal success
17:23:16 RTBuddy(ANS2): Boot args override: wdt = -1
17:23:16 ApplePPM::start success
17:23:16 ApplePassthroughPPM::start success
17:23:16 RTBuddy(ANS2): Resuming...
17:23:16 
17:23:16 admac-sio: Built on Jul  5 2023 at 22:13:23.           
17:23:16 General panic behavior:
17:23:16           	debugFacility = 0x80000001
17:23:16           	chan debug    = 0x0000ffff
17:23:16           	Gen PanicMask = 0x000087fb
17:23:16           
17:23:16 Test features:
17:23:16           	PseudoMem     = 0x00000000
17:23:16           	PeriphDisable = 0x00000000
17:23:16           	DMADisable    = 0x00000000
17:23:16           	AXIBurstSize  = 0x00000003
17:23:16           	TSC Mode      = 0x00000000
17:23:16           
17:23:16 Jitter:
17:23:16           	Tx WA mask    = 0x0000ffff
17:23:16           	Rx WA mask    = 0x0000ffff
17:23:16           	HiJ panic msk = 0x00000000
17:23:16           	HiJ threshold = 0x00000960
17:23:16           
17:23:16 _getExecutionPlatform: AudioDMAController::admac-sio::483: Running on silicon.
17:23:16 AppleS5L8940XI2CController::start: i2c0 this: <ptr> _i2cBaseAddress: <ptr>
17:23:16 Couldn't alloc class "AppleKeyStoreTest"
17:23:16 AppleT8015TempSensor::start: missing device tree value (sensor-offset-CTL2)
17:23:16 AppleT8015TempSensor::start: missing device tree value (sensor-offset-CTL1)
17:23:16 HID: Legacy shim 2
17:23:16 AppleT8015TempSensor::start: missing device tree value (sensor-offset-CTL2)
17:23:16 AppleT8015TempSensor::start: missing device tree value (sensor-offset-CTL1)
17:23:16 HID: Legacy shim 2
17:23:16 AppleT8015TempSensor::start: missing device tree value (sensor-offset-CTL2)
17:23:16 AppleT8015TempSensor::start: missing device tree value (sensor-offset-CTL1)
17:23:16 HID: Legacy shim 2
17:23:16 
17:23:16 AppleHPMARMI2C::start - Unable to read hpmlog boot-arg
17:23:16 AppleT8015TempSensor::start: missing device tree value (sensor-offset-CTL2)
17:23:16 AppleT8015TempSensor::start: missing device tree value (sensor-offset-CTL1)
17:23:16 AppleHPM runtime power conservation disabled.
17:23:16 AppleT8015TempSensor::start: missing device tree value (invokes-sochot)
17:23:16 HID: Legacy shim 2
17:23:16 HID: Legacy shim 2
17:23:16 AppleTCControllerAssignableTransport::probe - failed!
17:23:16 AppleTCControllerType10::start
17:23:16 AppleTCController::genericStart(@0x0) - Start
17:23:16 AppleGen1SPMIController[nub-spmi1]:61: Start
17:23:16 AppleGen1SPMIController[nub-spmi]:61: Start
17:23:16 Couldn't alloc class "AppleKeyStoreTest"
17:23:16 AppleT8015TempSensor::start: missing device tree value (sensor-offset-CTL2)
17:23:16 AppleT8015TempSensor::start: missing device tree value (sensor-offset-CTL1)
17:23:16 HID: Legacy shim 2
17:23:16 virtual bool AppleARMLightEmUp::start(IOService *): starting...
17:23:16 AppleT8015TempSensor::start: missing device tree value (invokes-sochot)
17:23:16 HID: Legacy shim 2
17:23:16 AppleT8015TempSensor::start: missing device tree value (invokes-sochot)
17:23:16 HID: Legacy shim 2
17:23:16 AppleT8015TempSensor::start: missing device tree value (sensor-offset-CTL2)
17:23:16 AppleT8015TempSensor::start: missing device tree value (sensor-offset-CTL1)
17:23:16 HID: Legacy shim 2
17:23:16 AppleT8015TempSensor::start: missing device tree value (sensor-offset-CTL2)
17:23:16 AppleT8015TempSensor::start: missing device tree value (sensor-offset-CTL1)
17:23:16 HID: Legacy shim 2
17:23:16 AppleT8015TempSensor::start: missing device tree value (sensor-offset-CTL2)
17:23:16 AppleT8015TempSensor::start: missing device tree value (sensor-offset-CTL1)
17:23:16 HID: Legacy shim 2
17:23:16 AppleT8015TempSensor::start: missing device tree value (sensor-offset-CTL2)
17:23:16 AppleT8015TempSensor::start: missing device tree value (sensor-offset-CTL1)
17:23:16 HID: Legacy shim 2
17:23:16 AppleT8015TempSensor::start: missing device tree value (sensor-offset-CTL2)
17:23:16 AppleT8015TempSensor::start: missing device tree value (sensor-offset-CTL1)
17:23:16 HID: Legacy shim 2
17:23:16 AppleT8015TempSensor::start: missing device tree value (sensor-offset-CTL2)
17:23:16 AppleT8015TempSensor::start: missing device tree value (sensor-offset-CTL1)
17:23:16 HID: Legacy shim 2
17:23:16 [ PCI configuration begin ]
17:23:16 IOPCIConfigurator::configure kIOPCIEnumerationWaitTime is 900
17:23:16 [ PCI configuration end, bridges 2, devices 0 ]
17:23:16 RTBuddy(ACIO1): start(<ptr>) - (Jul  5 2023@22:21:21)
17:23:16 DP855 ok=1
17:23:16 AppleTCON::publishMemoryDevicesBelow matched lcd-pmicwp
17:23:16 AppleTCON::publishMemoryDevicesBelow matched lcd-pmic
17:23:16 AppleTCON::publishMemoryDevicesBelow matched lcd-sswp
17:23:16 AppleTCON::publishMemoryDevicesBelow matched lcd-ss
17:23:16 AppleTCON::publishMemoryDevicesBelow matched tcon-registers
17:23:16 AppleTCON::publishMemoryDevicesBelow matched lcd-eeprom
17:23:16 virtual IOService *AppleANS2NVMeController::probe(IOService *, SInt32 *)::194:Found (ANS2) provider, returning score 100000
17:23:16 virtual IOService *AppleANS3NVMeController::probe(IOService *, SInt32 *)::82:Found (ANS2) provider and linear-sq, returning score 300000
17:23:16 AppleARMNORNVRAM.cpp:start:48 - bank size=0x10000, bank count=0x10, current bank=0x9
17:23:16 virtual bool AppleANS2NVMeController::start(IOService *)::416:Found the ANS2Endpoint1
17:23:16 bool AppleEmbeddedNVMeController::SetNamespacesStruct()::194:Obtained 3 namespaces from DT
17:23:16 virtual bool IONVMeController::start(IOService *)::793:IONVMeController::start
17:23:16 virtual IOFilterInterruptEventSource *AppleANS2NVMeController::CreateDeviceInterrupt(IOInterruptEventSource::Action, IOFilterInterruptEventSource::Filter, IOService *)::2806:ANS2 NVMe interrupt index - 0x4
17:23:16 virtual uint32_t AppleANS2CGNVMeController::GetNVMePPLQueueEntries()::420:NVMePPL Queue Entries=65
17:23:16 virtual bool AppleANS2CGNVMeController::InitializePCI()::177:Successfully initialized NVMe CoastGuard
17:23:16 SPINORFlasherDriver::virtual bool AppleEmbeddedSimpleSPINORFlasherDriver::start(IOService *): service = IOPlatformDevice found.
17:23:16 SPINORFlasherDriver::virtual bool AppleEmbeddedSimpleSPINORFlasherDriver::start(IOService *): dual-iboot-support = true
17:23:16 SPINORFlasherDriver::virtual bool AppleEmbeddedSimpleSPINORFlasherDriver::start(IOService *): atomic-firmware-update-support = true
17:23:16 setDirectionAndRole: APA0TX::admac-aop-audio::578: TX:Initialized.
17:23:16 setDirectionAndRole: APA1TX::admac-aop-audio::578: TX:Initialized.
17:23:16 virtual bool AppleSEPManager::start(IOService *): 
17:23:16 virtual bool AppleSEPManager::start(IOService *): SEP memory IS coherent
17:23:16 virtual bool AppleSEPManager::start(IOService *): control endpoints created
17:23:16 virtual bool AppleSEPManager::start(IOService *): PM init done
17:23:16 virtual bool AppleSEPManager::start(IOService *): registered
17:23:16 IOReturn AppleSEPManager::_setPowerState(unsigned long *): power state 0 -> 2
17:23:16 static IOService *AppleSEPManager::getReadableNvram(): Waiting for IODTNVRAM
17:23:16 static IOService *AppleSEPManager::getReadableNvram(): Got IODTNVRAM OK
17:23:16 setDirectionAndRole: APA2TX::admac-aop-audio::578: TX:Initialized.
17:23:16 setDirectionAndRole: APA3TX::admac-aop-audio::578: TX:Initialized.
17:23:16 setDirectionAndRole: APA4TX::admac-aop-audio::578: TX:Initialized.
17:23:16 setDirectionAndRole: APA5TX::admac-aop-audio::578: TX:Initialized.
17:23:16 setDirectionAndRole: APA6TX::admac-aop-audio::578: TX:Initialized.
17:23:16 setDirectionAndRole: APA7TX::admac-aop-audio::578: TX:Initialized.
17:23:16 setDirectionAndRole: APA8TX::admac-aop-audio::578: TX:Initialized.
17:23:16 setDirectionAndRole: APA9TX::admac-aop-audio::578: TX:Initialized.
17:23:16 setDirectionAndRole: APAATX::admac-aop-audio::578: TX:Initialized.
17:23:16 setDirectionAndRole: APABTX::admac-aop-audio::578: TX:Initialized.
17:23:16 setDirectionAndRole: APACTX::admac-aop-audio::578: TX:Initialized.
17:23:16 setDirectionAndRole: APADTX::admac-aop-audio::578: TX:Initialized.
17:23:16 setDirectionAndRole: APAETX::admac-aop-audio::578: TX:Initialized.
17:23:16 setDirectionAndRole: APAFTX::admac-aop-audio::578: TX:Initialized.
17:23:16 setDirectionAndRole: APA0RX::admac-aop-audio::578: RX:Initialized.
17:23:16 setDirectionAndRole: APA1RX::admac-aop-audio::578: RX:Initialized.
17:23:16 setDirectionAndRole: APA2RX::admac-aop-audio::578: RX:Initialized.
17:23:16 setDirectionAndRole: APA3RX::admac-aop-audio::578: RX:Initialized.
17:23:16 setDirectionAndRole: APA4RX::admac-aop-audio::578: RX:Initialized.
17:23:16 setDirectionAndRole: APA5RX::admac-aop-audio::578: RX:Initialized.
17:23:16 setDirectionAndRole: APA6RX::admac-aop-audio::578: RX:Initialized.
17:23:16 Starting AppleSMC kext(<ptr>) - (Jul  5 2023@22:22:53)
17:23:16 setDirectionAndRole: APA7RX::admac-aop-audio::578: RX:Initialized.
17:23:16 setDirectionAndRole: APA8RX::admac-aop-audio::578: RX:Initialized.
17:23:16 setDirectionAndRole: APA9RX::admac-aop-audio::578: RX:Initialized.
17:23:16 setDirectionAndRole: APAARX::admac-aop-audio::578: RX:Initialized.
17:23:16 AppleSMCEmbedded::setPowerState(): ENTER powerStateOrdinal=1, _activeKeyCommand=17 newState=1
17:23:16 setDirectionAndRole: APABRX::admac-aop-audio::578: RX:Initialized.
17:23:16 setDirectionAndRole: APACRX::admac-aop-audio::578: RX:Initialized.
17:23:16 setDirectionAndRole: APADRX::admac-aop-audio::578: RX:Initialized.
17:23:16 setDirectionAndRole: APAERX::admac-aop-audio::578: RX:Initialized.
17:23:16 setDirectionAndRole: APAFRX::admac-aop-audio::578: RX:Initialized.
17:23:16 AppleA7IOPNub: withRegistryEntry, 47: allocated nub <ptr>
17:23:16 
17:23:16 RTBuddy(PMP): start(<ptr>) - (Jul  5 2023@22:21:21)
17:23:16 RTBuddy(PMP): Boot args override: wdt = -1
17:23:16 Couldn't alloc class "AppleKeyStoreTest"
17:23:16 AppleT8015TempSensor::start: missing device tree value (sensor-offset-CTL2)
17:23:16 AppleT8015TempSensor::start: missing device tree value (sensor-offset-CTL1)
17:23:16 HID: Legacy shim 2
17:23:16 AppleA7IOPNub: withRegistryEntry, 47: allocated nub <ptr>
17:23:16 
17:23:16 HID: Legacy shim 2
17:23:16 HID: Legacy shim 2
17:23:16 HID: Legacy shim 2
17:23:16 HID: Legacy shim 2
17:23:16 HID: Legacy shim 2
17:23:16 HID: Legacy shim 2
17:23:16 HID: Legacy shim 2
17:23:16 AppleT8020MTRTempSensor::start: missing device tree value (alarm0-temp)
17:23:16 AppleT8020MTRTempSensor::start: missing device tree value (alarm1-temp)
17:23:16 HID: Legacy shim 2
17:23:16 HID: Legacy shim 2
17:23:16 AppleT8015TempSensor::start: missing device tree value (sensor-offset-CTL2)
17:23:16 AppleT8015TempSensor::start: missing device tree value (sensor-offset-CTL1)
17:23:16 HID: Legacy shim 2
17:23:16 AppleA7IOPNub: withRegistryEntry, 47: allocated nub <ptr>
17:23:16 
17:23:16 RTBuddy(SIO): start(<ptr>) - (Jul  5 2023@22:21:21)
17:23:16 HID: Legacy shim 2
17:23:16 Couldn't alloc class "AppleSEPARTService"
17:23:16 RTBuddy(SIO): Boot args override: wdt = -1
17:23:16 RTBuddy(SIO): Resuming...
17:23:16 
17:23:16 AppleCredentialManager: sepManagerMatchedGated: AppleSEPManager matched.
17:23:16 HID: Legacy shim 2
17:23:16 pmu fault log: rst_in,reset_in_rise rst_in,reset_in_fall
17:23:16 AppleDialogSPMIPMU::start: Non-primary PMU detected
17:23:16 HID: Legacy shim 2
17:23:16 RTBuddy(ACIO1): Boot args override: wdt = -1
17:23:16 pmu fault log: rst_in,reset_in_rise rst_in,reset_in_fall wdog,reset_in_1
17:23:16 SOCD: BASE 0xAB00, COUNT 0x0400
17:23:16 SOCD: Magic value 49h 4Eh 49h 54h
17:23:16 AppleDialogSPMIPMU::start: Primary PMU detected
17:23:16 HID: Legacy shim 2
17:23:16 HID: Legacy shim 2
17:23:16 HID: Legacy shim 2
17:23:16 RTBuddy(AOP): start(<ptr>) - (Jul  5 2023@22:21:21)
17:23:16 RTBuddy(AOP): Boot args override: wdt = -1
17:23:16 HID: Legacy shim 2
17:23:16 HID: Legacy shim 2
17:23:16 AppleSmartIO (RTBuddy-based)::start (<ptr>) - (Jul  5 2023@22:14:30)
17:23:16 HID: Legacy shim 2
17:23:16 AppleARMRTC started!#####
17:23:16 AppleDialogSPMIPMURTC started!******
17:23:16 HID: Legacy shim 2
17:23:16 RTBuddy(PMP): Resuming...
17:23:16 
17:23:16 HID: Legacy shim 2
17:23:16 HID: Legacy shim 2
17:23:16 HID: Legacy shim 2
17:23:16 HID: Legacy shim 2
17:23:16 HID: Legacy shim 2
17:23:16 void AppleSEPManager::_loadFlagData(): Didn't find oblit-inprogress in NVRAM
17:23:16 
17:23:16 void AppleSEPBooter::_bootAction(void *, void *): SEP status: 1
17:23:16 void AppleSEPBooter::_bootAction(void *, void *): SEP accepted Tz0
17:23:16 HID: Legacy shim 2
17:23:16 HID: Legacy shim 2
17:23:16 HID: Legacy shim 2
17:23:16 HID: Legacy shim 2
17:23:16 HID: Legacy shim 2
17:23:16 HID: Legacy shim 2
17:23:16 HID: Legacy shim 2
17:23:16 HID: Legacy shim 2
17:23:16 HID: Legacy shim 2
17:23:16 HID: Legacy shim 2
17:23:16 HID: Legacy shim 2
17:23:16 Identified Serial Port uart2 at 0x235208000(<ptr>)
17:23:16 HID: Legacy shim 2
17:23:16 ApplePMP: started
17:23:16 HID: Legacy shim 2
17:23:16 HID: Legacy shim 2
17:23:16 HID: Legacy shim 2
17:23:16 setDirectionAndRole: SIO0TX::admac-sio::578: TX:Initialized.
17:23:16 setDirectionAndRole: SIO1TX::admac-sio::578: TX:Initialized.
17:23:16 setDirectionAndRole: SIO2TX::admac-sio::578: TX:Initialized.
17:23:16 setDirectionAndRole: SIO3TX::admac-sio::578: TX:Initialized.
17:23:16 setDirectionAndRole: SIO4TX::admac-sio::578: TX:Initialized.
17:23:16 HID: Legacy shim 2
17:23:16 setDirectionAndRole: SIO5TX::admac-sio::578: TX:Initialized.
17:23:16 setDirectionAndRole: SIO6TX::admac-sio::578: TX:Initialized.
17:23:16 setDirectionAndRole: SIO7TX::admac-sio::578: TX:Initialized.
17:23:16 setDirectionAndRole: SIO8TX::admac-sio::578: TX:Initialized.
17:23:16 setDirectionAndRole: SIO9TX::admac-sio::578: TX:Initialized.
17:23:16 setDirectionAndRole: SIOATX::admac-sio::578: TX:Initialized.
17:23:16 setDirectionAndRole: SIOBTX::admac-sio::578: TX:Initialized.
17:23:16 setDirectionAndRole: SIO0RX::admac-sio::578: RX:Initialized.
17:23:16 setDirectionAndRole: SIO1RX::admac-sio::578: RX:Initialized.
17:23:16 setDirectionAndRole: SIO2RX::admac-sio::578: RX:Initialized.
17:23:16 setDirectionAndRole: SIO3RX::admac-sio::578: RX:Initialized.
17:23:16 setDirectionAndRole: SIO4RX::admac-sio::578: RX:Initialized.
17:23:16 setDirectionAndRole: SIO5RX::admac-sio::578: RX:Initialized.
17:23:16 setDirectionAndRole: SIO6RX::admac-sio::578: RX:Initialized.
17:23:16 setDirectionAndRole: SIO7RX::admac-sio::578: RX:Initialized.
17:23:16 setDirectionAndRole: SIO8RX::admac-sio::578: RX:Initialized.
17:23:16 setDirectionAndRole: SIO9RX::admac-sio::578: RX:Initialized.
17:23:16 setDirectionAndRole: SIOARX::admac-sio::578: RX:Initialized.
17:23:16 setDirectionAndRole: SIOBRX::admac-sio::578: RX:Initialized.
17:23:16 HID: Legacy shim 2
17:23:16 HID: Legacy shim 2
17:23:16 HID: Legacy shim 2
17:23:16 HID: Legacy shim 2
17:23:16 HID: Legacy shim 2
17:23:16 HID: Legacy shim 2
17:23:16 HID: Legacy shim 2
17:23:16 HID: Legacy shim 2
17:23:16 HID: Legacy shim 2
17:23:16 HID: Legacy shim 2
17:23:16 HID: Legacy shim 2
17:23:16 HID: Legacy shim 2
17:23:16 HID: Legacy shim 2
17:23:16 HID: Legacy shim 2
17:23:16 HID: Legacy shim 2
17:23:16 void AppleSEPBooter::_bootAction(void *, void *): SEP status: 2
17:23:16 void AppleSEPBooter::_bootAction(void *, void *): SEP status: 2
17:23:16 IOReturn AppleSEPBooter::bootSEP(AppleSEPFirmware *, bool, AppleSEPSharedMemoryBuffer *, bool): SEP booting
17:23:16 IOReturn AppleSEPBooter::bootSEP(AppleSEPFirmware *, bool, AppleSEPSharedMemoryBuffer *, bool): Shmbuf for SEP: { slave addr = 0x600000, size = 0x1c000 }
17:23:16 HID: Legacy shim 2
17:23:16 AppleBiometricSensor: Found SandDollarFamily
17:23:16 
17:23:16 AppleBiometricSensor: Found SandDollarFamily
17:23:16 
17:23:16 Couldn't alloc class "AppleKeyStoreTest"
17:23:16 Couldn't alloc class "AppleKeyStoreTest"
17:23:16 AppleARMRTC started!#####
17:23:16 AppleDialogSPMIPMURTC started!******
17:23:16 AppleDialogSPMIPMURTC tick read!&&&&&&&
17:23:16 AppleDialogSPMIPMURTC ending!%%%
17:23:16 AppleT8015TempSensor::start: missing device tree value (sensor-offset-CTL2)
17:23:16 AppleT8015TempSensor::start: missing device tree value (sensor-offset-CTL1)
17:23:16 HID: Legacy shim 2
17:23:16 AppleT8020MTRTempSensor::start: missing device tree value (alarm0-temp)
17:23:16 AppleT8020MTRTempSensor::start: missing device tree value (alarm1-temp)
17:23:16 HID: Legacy shim 2
17:23:16 IOAccessoryManager::configureAccessoryPowerGated: AppleHPMDevice: Configuring Accessory Power to (1)
17:23:16 AppleTCControllerType10::configureAccessoryPowerGated: PowerModeOff
17:23:16 AppleTCControllerType10::configureAccessoryPowerInternal: _powerState=1, _powerStateInternal=0, _sleeping=0, _accessoryPowerModeExtOffRequested 0
17:23:16 AppleTCControllerType10::configureAccessoryPowerInternal: !getAccessoryPowerReady(); set PowerModeOff?
17:23:16 AppleTCControllerType10::configureAccessoryPowerInternal: handleAccessoryPowerWillChange, confirm PowerModeOff
17:23:16 AppleA7IOPNub: withRegistryEntry, 47: allocated nub <ptr>
17:23:16 
17:23:16 AppleARMBacklight::start: No AAP function
17:23:16 AppleARMBacklight::start: Pre-strobe iDAC=2046 default 
17:23:16 virtual bool AppleM2ScalerCSCDriver::start(IOService *): Name=scaler0 Lock=<ptr> id=0 max_msrs=8 msr_mask=0xff scaler_count=0
17:23:16 virtual bool AppleM2ScalerCSCDriver::start(IOService *): MSR Driver Waiting for IOSurfaceRoot
17:23:16 AppleBiometricSensor: RestoreOS, not waiting for AOP.
17:23:16 AppleBiometricSensor: start(): SensorStatus:    16B | 80 20 00 10 00 00 00 00 60 00 00 00 52 33 00 00 
17:23:16 HID: Legacy shim 2
17:23:16 [ERROR] IOPort::initPortType(): [AppleTCControllerType10@102] Cannot init port type - it is already set! (m_portType: 2, portType: 2)
17:23:16 
17:23:16 AppleARMRTC registering service!@@@@@@
17:23:16 IOPort::registerService(): [Port-USB-C@2] Registering service Port-USB-C@2...
17:23:16 
17:23:16 IOPort::registerService(): [Port-USB-C@2] Registering service Port-USB-C@2...
17:23:16 
17:23:16 IOAccessoryTRM::start(): bootedFromRamDisk: NO, dockSupportsTRM: NO (m_mgrPrimaryPortID: 258)
17:23:16 IOAccessoryTRM::_setPropertiesGated(): Setting USB Restricted Mode: NO... (m_mgrPrimaryPortID: 258)
17:23:16 IOAccessoryTRM::_setPropertiesGated(): Could not set USB RM state - no reference to USB Connect Shim!
17:23:16 AppleARMRTC service registered!$$$$$
17:23:16 AppleARMRTC publishing service!^^^^^^
17:23:16 IOPortTransportState::start(): [Port-USB-C@2: CC] m_parentPort->isFeatureSupported(kIOPortFeatureTRM): YES, this->isTRMSupported(): NO, (transportType: 1, parentPortType: 2, parentPortNumber: 2)
17:23:16 IOPortTransportState::registerService(): [Port-USB-C@2: CC] Registering service CC@... (transportType: 1, provider: Port-USB-C@2)
17:23:16 IOAccessoryTRM::start(): Registering service IOAccessoryTRM... (m_mgrPrimaryPortID: 258)
17:23:16 RTBuddy(GFX): start(<ptr>) - (Jul  5 2023@22:21:21)
17:23:16 AppleTCControllerType10::poweredStart(@0x3f) - start
17:23:16 AppleTCController::setCurrentModeFlags(@0x3f) - No plug detected, all flags cleared
17:23:16 HID: Legacy shim 2
17:23:16 RTBuddy(GFX): Boot args override: wdt = -1
17:23:16 Couldn't alloc class "AppleKeyStoreTest"
17:23:16 ktriage_register_subsystem_strings: set subsystem 8 strings
17:23:16 mcache: 8 CPU(s), 128 bytes CPU cache line size
17:23:16 mbinit: done [256 MB total pool size, (170/85) split]
17:23:16 dlil_init: Waiting for all the create dlil kernel threads to get scheduled at least once.
17:23:16 dlil_init: All the created dlil kernel threads have been scheduled at least once. Proceeding.
17:23:16 235204359us AppleThunderboltNHIType5(1)::unpoweredStart - enabled-ring-mask: 0
17:23:16 HID: Legacy shim 2
17:23:16 HID: Legacy shim 2
17:23:16 callPlatformFunction: IODMAController000000A4::admac-sio::1296: Allocated suspend ARMFunction <ptr>.
17:23:16 callPlatformFunction: IODMAController000000A4::admac-sio::1296: Allocated suspend ARMFunction <ptr>.
17:23:16 AppleSPUFirmwareService: found node AOP
17:23:16 AppleA7IOPNub: withRegistryEntry, 47: allocated nub <ptr>
17:23:16 
17:23:16 RTBuddy(AOP): Resuming...
17:23:16 
17:23:16 callPlatformFunction: IODMAController000000A4::admac-sio::1296: Allocated suspend ARMFunction <ptr>.
17:23:16 com.apple.AppleFSCompressionTypeDataless kmod start
17:23:16 ifnet_attach: All kernel threads created for interface lo0 have been scheduled at least once. Proceeding.
17:23:16 ifnet_attach: Waiting for all kernel threads created for interface gif0 to get scheduled at least once.
17:23:16 IOThunderboltSwitch(1@0)::setupTRMPolicyForPort - trm_policy = <ptr>
17:23:16 ifnet_attach: All kernel threads created for interface gif0 have been scheduled at least once. Proceeding.
17:23:16 skip attaching fsw to lo0 using legacy TX modelifnet_attach: Waiting for all kernel threads created for interface stf0 to get scheduled at least once.
17:23:16 ifnet_attach: All kernel threads created for interface stf0 have been scheduled at least once. Proceeding.
17:23:16 IOPort::registerService(): [Port-USB-C@2] Registering service Port-USB-C@2...
17:23:16 
17:23:16 [AOP:AOP_oslog_init.cpp:96] Start AOP OSLog init
17:23:16 RTBuddy(AOP): OSLog endpoint registering to logd(uuid: 0779D154-BD5B-3344-9824-A5F545091EC6, role: AOP, range_start: 0, range_end: 255, fw_type: 1)
17:23:16 [AOP:P_os_log_support.cpp:60] AOP os log initialized
17:23:16 [AOP:SPU_dram_client.cpp:211] AOP platform dram client initialized
17:23:16 RTBuddy(DCP): start(<ptr>) - (Jul  5 2023@22:21:21)
17:23:16 callPlatformFunction: IODMAController000000A4::admac-sio::1296: Allocated suspend ARMFunction <ptr>.
17:23:16 com.apple.AppleFSCompressionTypeZlib kmod start
17:23:16 [AOP:ALSCT720.cpp:57] probe
17:23:16 
17:23:16 [AOP:ALSCT720.cpp:85] CT720 device found.
17:23:16 [AOP:ALSVD6286.cpp:80] [ALS2] VD6286 device NOT found. Calibration Override:0
17:23:16 [AOP:ClientInfo.cpp:184] exp "inCallbackAction(it.key(), inRef)" fail, RunActionOnClientManagers(), ln 1...
17:23:16 [AOP:ALSCT720.cpp:93] start
17:23:16 
17:23:17 AppleT8103USBXHCI@: AppleT8103USBXHCI::start: _powerControlInterrupt created
17:23:17 APCIECPort::autoEnable(pcic1-bridge)
17:23:17 RTBuddy(DCP): Boot args override: wdt = -1
17:23:17 [ PCI configuration begin ]
17:23:17 IOPCIConfigurator::configure kIOPCIEnumerationWaitTime is 900
17:23:17 [ PCI configuration end, bridges 2, devices 0 ]
17:23:17 HID: Legacy shim 2
17:23:17 RTBuddy(DCP): Resuming...
17:23:17 
17:23:17 HID: Legacy shim 2
17:23:17 HID: Legacy shim 2
17:23:17 HID: Legacy shim 2
17:23:17 HID: Legacy shim 2
17:23:17 HID: Legacy shim 2
17:23:17 HID: Legacy shim 2
17:23:17 HID: Legacy shim 2
17:23:17 HID: Legacy shim 2
17:23:17 RTBuddy(DCP): OSLog endpoint registering to logd(uuid: 00000000-0000-0000-0000-000000000000, role: DCP, range_start: 0, range_end: 255, fw_type: 1)
17:23:17 HID: Legacy shim 2
17:23:17 HID: Legacy shim 2
17:23:17 HID: Legacy shim 2
17:23:17 HID: Legacy shim 2
17:23:17 HID: Legacy shim 2
17:23:17 HID: Legacy shim 2
17:23:17 HID: Legacy shim 2
17:23:17 HID: Legacy shim 2
17:23:17 HID: Legacy shim 2
17:23:17 HID: Legacy shim 2
17:23:17 HID: Legacy shim 2
17:23:17 HID: Legacy shim 2
17:23:17 HID: Legacy shim 2
17:23:17 HID: Legacy shim 2
17:23:17 HID: Legacy shim 2
17:23:17 HID: Legacy shim 2
17:23:17 HID: Legacy shim 2
17:23:17 HID: Legacy shim 2
17:23:17 HID: Legacy shim 2
17:23:17 HID: Legacy shim 2
17:23:17 HID: Legacy shim 2
17:23:17 HID: Legacy shim 2
17:23:17 HID: Legacy shim 2
17:23:17 HID: Legacy shim 2
17:23:17 HID: Legacy shim 2
17:23:17 HID: Legacy shim 2
17:23:17 HID: Legacy shim 2
17:23:17 HID: Legacy shim 2
17:23:17 HID: Legacy shim 2
17:23:17 HID: Legacy shim 2
17:23:17 HID: Legacy shim 2
17:23:17 HID: Legacy shim 2
17:23:17 HID: Legacy shim 2
17:23:17 HID: Legacy shim 2
17:23:17 void AppleSEPBooter::_bootAction(void *, void *): SEP accepted IMG4
17:23:17 [PMP:main.cpp:4480] PMP started
17:23:17 RTBuddy(GFX): Resuming...
17:23:17 
17:23:17 apfs_module_start:3058: load: com.apple.filesystems.apfs, v2142.140.9, apfs-2142.140.9, 2023/07/10
17:23:17 ktriage_register_subsystem_strings: set subsystem 7 strings
17:23:17 HID: Legacy shim 2
17:23:17 nfs_kext_start: successfully loaded NFS kext
17:23:17 Couldn't alloc class "AppleKeyStoreTest"
17:23:17 com.apple.AppleFSCompressionTypeDataless load succeeded
17:23:17 com.apple.AppleFSCompressionTypeZlib load succeeded
17:23:17 Setting up notifier for CoreAnalyticsHub
17:23:17 calling mpo_policy_init for ASP
17:23:17 calling mpo_policy_initbsd for ASP
17:23:17 ASP: NVRAM pointer initialized
17:23:17 ASP: No recovery key set
17:23:17 Security policy loaded: Apple System Policy (ASP)
17:23:17 Codec Input: Could not find the safety offset seed property.
17:23:17 Loopback: Could not find the safety offset seed property.
17:23:17 IOMFB: service matched: AppleDCPExpert
17:23:17 AppleA7IOPNub: withRegistryEntry, 47: allocated nub <ptr>
17:23:17 
17:23:17 apfs_sysctl_register:1562: done registering sysctls.
17:23:17 com_apple_filesystems_nfs: successfully loaded NFS module
17:23:17 [DCP:dpointInterface.cpp:606] [AFK][AFKMailboxSharedMemoryEndpointInterface:#67] if:1 inCmd:7 inResp:7 outRepErr:0 outCmdErr:0 t:5667217884
17:23:17 RTBuddy(DCPEXT): start(<ptr>) - (Jul  5 2023@22:21:21)
17:23:17 [DCP:dpointInterface.cpp:606] [AFK][AFKMailboxSharedMemoryEndpointInterface:#63] if:1 inCmd:0 inResp:0 outRepErr:0 outCmdErr:0 t:5667454762
17:23:17 AppleH13amIn::start - ISP SPMI0 register map physicl address = 0x22C900000.
17:23:17 AppleH13amIn::start - ISP SPMI register addresses = 0x<ptr> - 0x<ptr> - 0x<ptr> - 0x<ptr> - 0x00020000.
17:23:17 L2TP domain init
17:23:17 L2TP domain init complete
17:23:17 Load request for com.apple.nke.pptp failed: -603946991
17:23:17 Couldn't alloc class "AppleKeyStoreTest"
17:23:17 rooting via boot-uuid from /chosen: 7A704A30-6E9E-4FD9-B36B-96DC32EA800F
17:23:17 Waiting on <dict ID="0"><key>IOProviderClass</key><string ID="1">IOResources</string><key>IOResourceMatch</key><string ID="2">boot-uuid-media</string></dict>
17:23:17 HID: Legacy shim 2
17:23:17 Speaker: Could not find the safety offset seed property.
17:23:17 HID: Legacy shim 2
17:23:17 IOMFB: AppleDCPLinkService heap size increment: 0x0
17:23:17 IOMFB: service matched: AppleDCPLinkService (pipe:0)
17:23:17 IOMFB: AP DRIVER START!
17:23:18 IOMFB: driver commit: 
17:23:18 start: AP instance name disp0
17:23:18 dart_allows_pte_remap = 1
17:23:18 (apciec1) AppleT8103PCIeC::setPowerState (<ptr>) 0
17:23:18 virtual bool AppleM2ScalerCSCDriver::start(IOService *): DONE Waiting for IOSurfaceRoot
17:23:18 void AppleM2ScalerCSCDriver::getPerfStatesByEDTValue(IOService *) mMaxPerfStateClock = 0
17:23:18 WARNING: getDartPowerByEDTValue, Line=5472: Scaler DRIVER: EDT key direct-dart-power not found: EDT key manual-availability needed. Driver may fail.
17:23:18 virtual bool AppleM2ScalerCSCHal::mapRegisterMemory(IOService *): Scaler 0 RegisterMemoryMap[<ptr>]: base=<ptr> physical address = 0x263000000 length = 163840
17:23:18 HID: Legacy shim 2
17:23:18 virtual void AppleM2ScalerCSCHalMSR::detectHardwareVersion(socVersion): Scaler HW version: 0xb001c 
17:23:18 bool AppleM2ScalerCSCHal::initScalerPropertiesAndExtents(): Checking for SOC 0xa, HwVersion 0xb001c, against table SOC 0x1, and table version 0x10001
17:23:18 bool AppleM2ScalerCSCHal::initScalerPropertiesAndExtents(): Checking for SOC 0xa, HwVersion 0xb001c, against table SOC 0x1, and table version 0x10002
17:23:18 bool AppleM2ScalerCSCHal::initScalerPropertiesAndExtents(): Checking for SOC 0xa, HwVersion 0xb001c, against table SOC 0x2, and table version 0x20000
17:23:18 bool AppleM2ScalerCSCHal::initScalerPropertiesAndExtents(): Checking for SOC 0xa, HwVersion 0xb001c, against table SOC 0x2, and table version 0x30000
17:23:18 bool AppleM2ScalerCSCHal::initScalerPropertiesAndExtents(): Checking for SOC 0xa, HwVersion 0xb001c, against table SOC 0x2, and table version 0x40000
17:23:18 bool AppleM2ScalerCSCHal::initScalerPropertiesAndExtents(): Checking for SOC 0xa, HwVersion 0xb001c, against table SOC 0x3, and table version 0x50000
17:23:18 bool AppleM2ScalerCSCHal::initScalerPropertiesAndExtents(): Checking for SOC 0xa, HwVersion 0xb001c, against table SOC 0x5, and table version 0x60000
17:23:18 bool AppleM2ScalerCSCHal::initScalerPropertiesAndExtents(): Checking for SOC 0xa, HwVersion 0xb001c, against table SOC 0x6, and table version 0x70000
17:23:18 bool AppleM2ScalerCSCHal::initScalerPropertiesAndExtents(): Checking for SOC 0xa, HwVersion 0xb001c, against table SOC 0x7, and table version 0x8003f
17:23:18 bool AppleM2ScalerCSCHal::initScalerPropertiesAndExtents(): Checking for SOC 0xa, HwVersion 0xb001c, against table SOC 0x7, and table version 0x80040
17:23:18 bool AppleM2ScalerCSCHal::initScalerPropertiesAndExtents(): Checking for SOC 0xa, HwVersion 0xb001c, against table SOC 0x8, and table version 0x90082
17:23:18 bool AppleM2ScalerCSCHal::initScalerPropertiesAndExtents(): Checking for SOC 0xa, HwVersion 0xb001c, against table SOC 0x8, and table version 0x9009b
17:23:18 bool AppleM2ScalerCSCHal::initScalerPropertiesAndExtents(): Checking for SOC 0xa, HwVersion 0xb001c, against table SOC 0x8, and table version 0x900a7
17:23:18 bool AppleM2ScalerCSCHal::initScalerPropertiesAndExtents(): Checking for SOC 0xa, HwVersion 0xb001c, against table SOC 0x9, and table version 0xa000e
17:23:18 bool AppleM2ScalerCSCHal::initScalerPropertiesAndExtents(): Checking for SOC 0xa, HwVersion 0xb001c, against table SOC 0x9, and table version 0xa0012
17:23:19 bool AppleM2ScalerCSCHal::initScalerPropertiesAndExtents(): Checking for SOC 0xa, HwVersion 0xb001c, against table SOC 0xa, and table version 0xb0014
17:23:19 bool AppleM2ScalerCSCHal::initScalerPropertiesAndExtents(): Checking for SOC 0xa, HwVersion 0xb001c, against table SOC 0xa, and table version 0xb001b
17:23:19 bool AppleM2ScalerCSCHal::initScalerPropertiesAndExtents(): Checking for SOC 0xa, HwVersion 0xb001c, against table SOC 0xa, and table version 0xb001c
17:23:19 bool AppleM2ScalerCSCHal::initScalerPropertiesAndExtents(): Found properties and extents entry 17
17:23:19 HID: Legacy shim 2
17:23:19 HID: Legacy shim 2
17:23:19 virtual bool AppleM2ScalerCSCDriver::start(IOService *): Object=<ptr>: Provider=<ptr>: Register Service
17:23:19 HID: Legacy shim 2
17:23:19 HID: Legacy shim 2
17:23:19 static AppleNVMeRequestPoolTagReserve *AppleNVMeRequestPoolTagReserve::Create(AppleNVMeWorkLoop *, uint8_t, uint16_t, uint32_t, bool, NVMeBufferAllocator *, lck_mtx_t *, NVMeCGType_t, IOMapper *)::138:NVMe Request Pool Init (Tag Reservation Case). First pvirtual IOReturn IONVMeController::CreateSubmissionQueue(uint16_t, uint8_t)::3177:SQ index=0 entrysize=64
17:23:19 virtual IOReturn IONVMeController::CreateSubmissionQueue(uint16_t, uint8_t)::3177:SQ index=1 entrysize=64
17:23:19 virtual void AppleANS3NVMeController::EnableLinearSQ()::127:Enabling LSQ
17:23:19 virtual void AppleANS2CGNVMeController::SetupAdminQueue()::216:Successfully enabled NVMe CoastGuard
17:23:19 virtual void AppleANS2NVMeController::SetModeselRegister(uint32_t)::1214:Setting modesel to 0
17:23:19 [ANS2:client1] Restarting rebuild from lba 12288
17:23:19 [ANS2:client1]  boot mode normal
17:23:19 HID: Legacy shim 2
17:23:19 virtual bool AppleM2ScalerCSCDriver::start(IOService *): this=<ptr>, Added Scaler Number = 0
17:23:19 HID: Legacy shim 2
17:23:19 [DCP:ap_link.c:299] shared memory dva: 0xf041f4000 0xffffffff00152000
17:23:19 Couldn't alloc class "AppleKeyStoreTest"
17:23:19 AppleFileSystemDriver: using apfs-preboot-uuid
17:23:19 IOHIDInterface(0x100000579): matching deferred by AppleUserHIDEventService
17:23:19 hotPlug_notify_gated: AP disp0 HPD notification not registered yet, hpdPending 1 hpdState 1
17:23:19 AppleT8103USBXDCI@: IOUSBDeviceController::prepareDefaults: model MacBookAir version 10.1
17:23:19 SOCD container control key may not exist on this platform. SMCResult = (kSMCKeyNotFound)
17:23:19 virtual IOReturn AppleNVMeRequestPoolTagReserve::Rebuild(uint8_t, uint32_t, bool, NVMeCGType_t, IOMapper *)::181:NVMe Request Pool Init (Tag Reservation Case). Second phase, RequestCount = 64
17:23:19 virtual IOReturn AppleANS2NVMeController::EnableCompletionQueue(uint16_t)::1948:nvme: Setting IOCQ base addr 0x824ca0000
17:23:19 virtual IOReturn AppleANS2NVMeController::EnableSubmissionQueue(uint16_t)::1918:nvme: Setting IOSQ base addr 0x824ca8000
17:23:19 bool AppleEmbeddedNVMeController::IdentifyNamespaces()::2009:nvme: Vendor ID     : 0x106b
17:23:19 bool AppleEmbeddedNVMeController::IdentifyNamespaces()::2010:nvme: Model Number  : APPLE SSD AP0512Q                       
17:23:19 bool AppleEmbeddedNVMeController::IdentifyNamespaces()::2011:nvme: Serial Number : 0ba0160c42cd141d    
17:23:19 bool AppleEmbeddedNVMeController::IdentifyNamespaces()::2012:nvme: Firmware Rev  : 359.60.3
17:23:19 bool AppleEmbeddedNVMeController::IdentifyNamespaces()::2080:nvme: S5E A0 Toshiba BiCS 4 tlc 3D 2 plane 512GB NAND
17:23:19 bool AppleEmbeddedNVMeController::IdentifyNamespaces()::2100:ECCVersion   : 1
17:23:19 bool AppleEmbeddedNVMeController::IdentifyNamespaces()::2104:FTL Rev      : 37.1
17:23:19 bool AppleEmbeddedNVMeController::IdentifyNamespaces()::2105:DM_Version   : 178
17:23:19 bool AppleEmbeddedNVMeController::IdentifyNamespaces()::2106:=======================
17:23:19 bool AppleEmbeddedNVMeController::IdentifyNamespaces()::2113:Found 3 namespaces in current NAnot enabling long period watchdog (cleared SoC watchdog if enabled prior), panic SoC watchdog disabled
17:23:19 AppleSMC detected kPanicBegin
17:23:19 panic(cpu 0 caller 0xfffffe0012e8bd78): rootvp not authenticated after mounting @bsd_init.c:953
17:23:19 Debugger message: panic
17:23:19 Memory ID: 0x6
17:23:19 OS release type: Not set yet
17:23:19 OS version: Not set yet
17:23:19 Kernel version: Darwin Kernel Version 22.6.0: Wed Jul  5 22:22:52 PDT 2023; root:xnu-8796.141.3~6/RELEASE_ARM64_T8103
17:23:19 Fileset Kernelcache UUID: B4088A9806A5FC3B1915B024AD2BD3F2
17:23:19 Kernel UUID: CE831117-201E-35F6-A293-FCC0F02097A3
17:23:19 Boot session UUID: 753778CC-362C-4264-94C5-110405CC7F56
17:23:19 iBoot version: iBoot-8422.141.2
17:23:19 secure boot?: YES
17:23:19 roots installed: 0
17:23:19 Paniclog version: 14
17:23:19 KernelCache slide: 0x000000000a62c000
17:23:19 KernelCache base:  0xfffffe0011630000
17:23:19 Kernel slide:      0x000000000a634000
17:23:19 Kernel text base:  0xfffffe0011638000
17:23:19 Kernel text exec slide: 0x000000000b9ec000
17:23:19 Kernel text exec base:  0xfffffe00129f0000
17:23:19 mach_absolute_time: 0x1515d09be
17:23:19 Epoch Time:        sec       usec
17:23:19   Boot    : 0x6aac9745 0x000d99a0
17:23:19   Sleep   : 0x00000000 0x00000000
17:23:19   Wake    : 0x00000000 0x00000000
17:23:19   Calendar: 0x6aac9746 0x00080aac
17:23:19 
17:23:19 Zone info:
17:23:19   Zone map: 0xfffffe100079c000 - 0xfffffe300079c000
17:23:19   . VM    : 0xfffffe100079c000 - 0xfffffe14cd468000
17:23:19   . RO    : 0xfffffe14cd468000 - 0xfffffe1666e00000
17:23:19   . GEN0  : 0xfffffe1666e00000 - 0xfffffe1b33acc000
17:23:19   . GEN1  : 0xfffffe1b33acc000 - 0xfffffe2000798000
17:23:19   . GEN2  : 0xfffffe2000798000 - 0xfffffe24cd464000
17:23:19   . GEN3  : 0xfffffe24cd464000 - 0xfffffe299a130000
17:23:19   . DATA  : 0xfffffe299a130000 - 0xfffffe300079c000
17:23:19   Metadata: 0xfffffe3007af8000 - 0xfffffe300faf8000
17:23:19   Bitmaps : 0xfffffe300faf8000 - 0xfffffe3012820000
17:23:19   Extra   : 0 - 0
17:23:19 
17:23:19 CORE 0 recently retired instr at 0xfffffe0012b7eedc
17:23:19 CORE 1 recently retired instr at 0xfffffe0012b805fc
17:23:19 CORE 2 recently retired instr at 0xfffffe0012b805f4
17:23:19 CORE 3 recently retired instr at 0xfffffe0012b805fc
17:23:19 CORE 4 recently retired instr at 0xfffffe0012b805fc
17:23:19 CORE 5 recently retired instr at 0xfffffe0012b805fc
17:23:19 CORE 6 recently retired instr at 0xfffffe0012b805fc
17:23:19 CORE 7 recently retired instr at 0xfffffe0012b805fc
17:23:19 TPIDRx_ELy = {1: 0xfffffe1666e36020  0: 0x0000000000000000  0ro: 0x0000000000000000 }
17:23:19 CORE 0 PVH locks held: None
17:23:19 CORE 1 PVH locks held: None
17:23:19 CORE 2 PVH locks held: None
17:23:19 CORE 3 PVH locks held: None
17:23:19 CORE 4 PVH locks held: None
17:23:19 CORE 5 PVH locks held: None
17:23:19 CORE 6 PVH locks held: None
17:23:19 CORE 7 PVH locks held: None
17:23:19 CORE 0 is the one that panicked. Check the full backtrace for details.
17:23:19 CORE 1: PC=0xfffffe0013159df4, LR=0xfffffe001315afe4, FP=0xfffffe3f5340f720
17:23:19 CORE 2: PC=0xfffffe00129f3914, LR=0xfffffe00129f3a54, FP=0xfffffe3f52c83aa0
17:23:19 CORE 3: PC=0xfffffe0012a9990c, LR=0xfffffe0012a998f0, FP=0xfffffe3f5242b990
17:23:19 CORE 4: PC=0xfffffe0012a7e000, LR=0xfffffe0012a7e000, FP=0xfffffe3f5295fef0
17:23:19 CORE 5: PC=0xfffffe0012a7e000, LR=0xfffffe0012a7e000, FP=0xfffffe3f52977ef0
17:23:19 CORE 6: PC=0xfffffe0012b7b3c8, LR=0xfffffe0012a7e00c, FP=0xfffffe3f52167e80
17:23:19 CORE 7: PC=0xfffffe0012b7b3c8, LR=0xfffffe0012a7e00c, FP=0xfffffe3f521bbe80
17:23:19 Compressor Info: 0% of compressed pages limit (OK) and 0% of segments limit (OK) with 0 swapfiles and OK swap space
17:23:19 Panicked task 0xfffffe299a0a2bf8: 0 pages, 390 threads: pid 0: kernel_task
17:23:19 Panicked thread: 0xfffffe1666e36020, backtrace: 0xfffffe3f51fff390, tid: 101
17:23:19 		  lr: 0xfffffe0012a465fc  fp: 0xfffffe3f51fff410
17:23:19 		  lr: 0xfffffe0012b866e4  fp: 0xfffffe3f51fff430
17:23:19 		  lr: 0xfffffe0012b77e4c  fp: 0xfffffe3f51fff4a0
17:23:19 		  lr: 0xfffffe0012b76518  fp: 0xfffffe3f51fff560
17:23:19 		  lr: 0xfffffe00129f77f8  fp: 0xfffffe3f51fff570
17:23:19 		  lr: 0xfffffe0012a45ee4  fp: 0xfffffe3f51fff920
17:23:19 		  lr: 0xfffffe00131c2548  fp: 0xfffffe3f51fff940
17:23:19 		  lr: 0xfffffe0012e8bd78  fp: 0xfffffe3f51fffea0
17:23:19 		  lr: 0xfffffe0012a84428  fp: 0xfffffe3f51ffff20
17:23:19 		  lr: 0xfffffe0012a00e98  fp: 0x0000000000000000
17:23:19 
17:23:19 last started kext at 5657212958: com.apple.driver.AppleALSColorSensor	1.0.0d1 (addr 0xfffffe001173f400, size 14854)
17:23:19 loaded kexts:
17:23:19 com.apple.driver.AppleALSColorSensor	1.0.0d1
17:23:19 com.apple.driver.AppleUSBDeviceNCM	5.0.0
17:23:19 com.apple.driver.AppleAOPVoiceTrigger	250.2
17:23:19 com.apple.driver.AppleThunderboltIP	4.0.3
17:23:19 com.apple.driver.SEPHibernation	1
17:23:19 com.apple.driver.AppleSmartBatteryManager	161.0.0
17:23:19 com.apple.driver.AppleFileSystemDriver	3.0.1
17:23:19 com.apple.nke.l2tp	1.9
17:23:19 com.apple.filesystems.tmpfs	1
17:23:19 com.apple.filesystems.nfs	1
17:23:19 com.apple.filesystems.lifs	1
17:23:19 com.apple.filesystems.apfs	2142.140.9
17:23:19 com.apple.IOTextEncryptionFamily	1.0.0
17:23:19 com.apple.filesystems.hfs.kext	627.100.6
17:23:19 com.apple.security.BootPolicy	1
17:23:19 com.apple.BootCache	40
17:23:19 com.apple.AppleFSCompression.AppleFSCompressionTypeZlib	1.0.0
17:23:19 com.apple.AppleFSCompression.AppleFSCompressionTypeDataless	1.0.0d1
17:23:19 com.apple.driver.AppleJPEGDriver	5.4.0
17:23:19 com.apple.driver.AppleAVE2	670.13.2
17:23:19 com.apple.driver.AppleAVD	728.3.1
17:23:19 com.apple.AGXG13G	227.7.14
17:23:19 com.apple.driver.ApplePMP	1
17:23:19 com.apple.driver.AppleSmartIO2	1
17:23:19 com.apple.driver.ApplePMPFirmware	1
17:23:19 com.apple.driver.AppleSPMIPMU	1.0.1
17:23:19 com.apple.AppleEmbeddedSimpleSPINORFlasher	1
17:23:19 com.apple.driver.AppleDPDisplayTCON	1
17:23:19 com.apple.driver.usb.AppleSynopsysUSB40XHCI	1
17:23:19 com.apple.driver.AppleCS42L83Audio	640.8
17:23:19 com.apple.driver.AppleTAS5770LAmp	640.8
17:23:19 com.apple.driver.AppleSerialShim	1
17:23:19 com.apple.driver.AudioDMAController-T8103	240.2
17:23:19 com.apple.driver.AppleMobileDispH13G-DCP	140.0
17:23:19 com.apple.driver.AppleT8020SOCTuner	1
17:23:19 com.apple.driver.AppleEventLogHandler	1
17:23:19 com.apple.driver.AppleS5L8960XNCO	1
17:23:19 com.apple.driver.AppleT8103PMGR	1
17:23:19 com.apple.driver.AppleS8000AES	1
17:23:19 com.apple.driver.AppleS8000DWI	1.0.0d1
17:23:19 com.apple.driver.AppleInterruptController	1.0.0d1
17:23:19 com.apple.driver.AppleT8020DART	1
17:23:19 com.apple.driver.AppleBluetoothModule	1
17:23:19 com.apple.driver.AppleSamsungSerial	1.0.0d1
17:23:19 com.apple.driver.AppleBCMWLANBusInterfacePCIe	1
17:23:19 com.apple.driver.AppleS5L8920XPWM	1.0.0d1
17:23:19 com.apple.driver.AppleS5L8940XI2C	1.0.0d2
17:23:19 com.apple.driver.AppleSPIMC	1
17:23:19 com.apple.driver.AppleT8101	1
17:23:19 com.apple.driver.AppleM68Buttons	1.0.0d1
17:23:19 com.apple.iokit.IOUserEthernet	1.0.1
17:23:19 com.apple.driver.usb.AppleUSBUserHCI	1
17:23:19 com.apple.iokit.IOKitRegistryCompatibility	1
17:23:19 com.apple.iokit.EndpointSecurity	1
17:23:19 com.apple.driver.AppleDiskImages2	198.100.13
17:23:19 com.apple.AppleSystemPolicy	2.0.0
17:23:19 com.apple.nke.applicationfirewall	404
17:23:19 com.apple.kec.InvalidateHmac	1
17:23:19 com.apple.kec.Compression	1
17:23:19 com.apple.kec.AppleEncryptedArchive	1
17:23:19 com.apple.driver.AppleConvergedIPCOLYBTControl	1
17:23:19 com.apple.driver.AppleConvergedPCI	1
17:23:19 com.apple.driver.AppleBluetoothDebug	1
17:23:19 com.apple.driver.AppleBTM	1.0.1
17:23:19 com.apple.driver.usb.networking	5.0.0
17:23:19 com.apple.driver.AppleXsanScheme	3
17:23:19 com.apple.driver.AppleAOPAudio	240.5
17:23:19 com.apple.driver.AppleSEPHDCPManager	1.0.1
17:23:19 com.apple.driver.AppleTrustedAccessory	1
17:23:19 com.apple.iokit.AppleSEPGenericTransfer	1
17:23:19 com.apple.driver.AppleDCPDPTXProxy	1.0.0
17:23:19 com.apple.nke.ppp	1.9
17:23:19 com.apple.driver.DCPDPFamilyProxy	1
17:23:19 com.apple.driver.AppleThunderboltDPInAdapter	8.5.1
17:23:19 com.apple.driver.AppleThunderboltDPAdapterFamily	8.5.1
17:23:19 com.apple.driver.AppleThunderboltUSBDownAdapter	1.0.4
17:23:19 com.apple.driver.AppleBSDKextStarter	3
17:23:19 com.apple.kext.triggers	1.0
17:23:19 com.apple.driver.IOHIDPowerSource	1
17:23:19 com.apple.driver.AppleCallbackPowerSource	1
17:23:19 com.apple.filesystems.hfs.encodings.kext	1
17:23:19 com.apple.driver.AppleSyntheticGameController	10.7.1
17:23:19 com.apple.driver.AppleThunderboltPCIDownAdapter	4.1.1
17:23:19 com.apple.AGXFirmwareKextG13GRTBuddy	227.7.14
17:23:19 com.apple.AGXFirmwareKextRTBuddy64	227.7.14
17:23:19 com.apple.driver.DCPAVFamilyProxy	1
17:23:19 com.apple.iokit.IOGPUFamily	65.60.1
17:23:19 com.apple.driver.AppleHIDTransportSPI	6460.1
17:23:19 com.apple.driver.AppleHIDTransport	6460.1
17:23:19 com.apple.driver.AppleInputDeviceSupport	6460.1
17:23:19 com.apple.driver.AppleUSBXDCIARM	1.0
17:23:19 com.apple.driver.AppleUSBXDCI	1.0
17:23:19 com.apple.iokit.IOUSBDeviceFamily	2.0.0
17:23:19 com.apple.driver.AppleSPU	1
17:23:19 com.apple.driver.AppleDialogPMU	1.0.1
17:23:19 com.apple.driver.AppleH11ANEInterface	6.602.1
17:23:19 com.apple.driver.AppleDiagnosticDataAccessReadOnly	1.0.0
17:23:19 com.apple.iokit.IONVMeFamily	2.1.0
17:23:19 com.apple.driver.AppleNANDConfigAccess	1.0.0
17:23:19 com.apple.driver.AppleStockholmControl	1.0.0
17:23:19 com.apple.driver.AppleH13CameraInterface	7.608.0
17:23:19 com.apple.driver.AppleH10PearlCameraInterface	17.0.8
17:23:19 com.apple.driver.usb.AppleSynopsysUSBXHCI	1
17:23:19 com.apple.driver.usb.AppleUSBXHCI	1.2
17:23:19 com.apple.driver.AppleEmbeddedUSBHost	1
17:23:19 com.apple.driver.usb.AppleUSBHub	1.2
17:23:19 com.apple.driver.usb.AppleUSBHostCompositeDevice	1.2
17:23:19 com.apple.driver.AppleHPM	3.4.4
17:23:19 com.apple.driver.AppleT8103TypeCPhy	1
17:23:19 com.apple.driver.AppleCSEmbeddedAudio	640.8
17:23:19 com.apple.driver.AppleEmbeddedAudio	640.8
17:23:19 com.apple.iokit.AppleARMIISAudio	240.2
17:23:19 com.apple.driver.AppleSPMI	1.0.1
17:23:19 com.apple.iokit.IOMobileGraphicsFamily-DCP	343.0.0
17:23:19 com.apple.driver.AppleDCP	1
17:23:20 com.apple.driver.AppleFirmwareKit	1
17:23:20 com.apple.iokit.IOMobileGraphicsFamily	343.0.0
17:23:20 com.apple.driver.ApplePassthroughPPM	3.0
17:23:20 com.apple.driver.AppleSART	1
17:23:20 com.apple.driver.ApplePMGR	1
17:23:20 com.apple.driver.AppleARMWatchdogTimer	1
17:23:20 com.apple.driver.AppleDisplayCrossbar	1.0.0
17:23:20 com.apple.iokit.IODisplayPortFamily	1.0.0
17:23:20 com.apple.driver.AppleTypeCPhy	1
17:23:20 com.apple.driver.AppleThunderboltNHI	7.2.81
17:23:20 com.apple.driver.AppleT8103PCIeC	1
17:23:20 com.apple.iokit.IOThunderboltFamily	9.3.3
17:23:20 com.apple.driver.ApplePIODMA	1
17:23:20 com.apple.driver.AppleT8103PCIe	1
17:23:20 com.apple.driver.AppleMultiFunctionManager	1
17:23:20 com.apple.driver.AppleBluetoothDebugService	1
17:23:20 com.apple.driver.AppleBCMWLANCore	1.0.0
17:23:20 com.apple.iokit.IO80211Family	1200.13.0
17:23:20 com.apple.driver.IOImageLoader	1.0.0
17:23:20 com.apple.driver.AppleOLYHAL	1
17:23:20 com.apple.driver.corecapture	1.0.4
17:23:20 com.apple.driver.AppleEmbeddedPCIE	1
17:23:20 com.apple.driver.AppleMCA2-T8103	740.3
17:23:20 com.apple.driver.AppleEmbeddedAudioLibs	240.1
17:23:20 com.apple.driver.AppleFirmwareUpdateKext	1
17:23:20 com.apple.driver.AppleGPIOICController	1.0.2
17:23:20 com.apple.driver.AppleFireStormErrorHandler	1
17:23:20 com.apple.driver.AppleMobileApNonce	1
17:23:20 com.apple.driver.usb.AppleUSBHostPacketFilter	1.0
17:23:20 com.apple.iokit.IOTimeSyncFamily	1150.2
17:23:20 com.apple.driver.DiskImages	493.0.0
17:23:20 com.apple.iokit.IOGraphicsFamily	597
17:23:20 com.apple.iokit.IOBluetoothSerialManager	9.0.0
17:23:20 com.apple.iokit.IOBluetoothHostControllerUSBTransport	9.0.0
17:23:20 com.apple.iokit.IOBluetoothHostControllerUARTTransport	9.0.0
17:23:20 com.apple.iokit.IOBluetoothHostControllerTransport	9.0.0
17:23:20 com.apple.driver.IOBluetoothHostControllerPCIeTransport	9.0.0
17:23:20 com.apple.iokit.IOBluetoothFamily	9.0.0
17:23:20 com.apple.iokit.CSRBluetoothHostControllerUSBTransport	9.0.0
17:23:20 com.apple.iokit.BroadcomBluetoothHostControllerUSBTransport	9.0.0
17:23:20 com.apple.driver.AppleSSE	1.0
17:23:20 com.apple.driver.AppleSEPKeyStore	2
17:23:20 com.apple.driver.AppleUSBTDM	554
17:23:20 com.apple.iokit.IOUSBMassStorageDriver	235.140.2
17:23:20 com.apple.iokit.IOPCIFamily	2.9
17:23:20 com.apple.iokit.IOSCSIBlockCommandsDevice	482.120.2
17:23:20 com.apple.iokit.IOSCSIArchitectureModelFamily	482.120.2
17:23:20 com.apple.driver.AppleRSMChannel	1
17:23:20 com.apple.iokit.IORSMFamily	1
17:23:20 com.apple.driver.AppleIPAppender	1.0
17:23:20 com.apple.driver.AppleFDEKeyStore	28.30
17:23:20 com.apple.driver.AppleEffaceableStorage	1.0
17:23:20 com.apple.driver.AppleCredentialManager	1.0
17:23:20 com.apple.driver.KernelRelayHost	1
17:23:20 com.apple.iokit.IOUSBHostFamily	1.2
17:23:20 com.apple.driver.AppleUSBHostMergeProperties	1.2
17:23:20 com.apple.driver.usb.AppleUSBCommon	1.0
17:23:20 com.apple.driver.AppleSMC	3.1.9
17:23:20 com.apple.driver.RTBuddy	1.0.0
17:23:20 com.apple.driver.AppleEmbeddedTempSensor	1.0.0
17:23:20 com.apple.driver.AppleARMPMU	1.0
17:23:20 com.apple.iokit.IOAccessoryManager	1.0.0
17:23:20 com.apple.driver.AppleOnboardSerial	1.0
17:23:20 com.apple.iokit.IOSkywalkFamily	1.0
17:23:20 com.apple.driver.mDNSOffloadUserClient	1.0.1b8
17:23:20 com.apple.iokit.IONetworkingFamily	3.4
17:23:20 com.apple.iokit.IOSerialFamily	11
17:23:20 com.apple.driver.AppleSEPManager	1.0.1
17:23:20 com.apple.driver.AppleA7IOP	1.0.2
17:23:20 com.apple.driver.IOSlaveProcessor	1
17:23:20 com.apple.driver.AppleBiometricSensor	2
17:23:20 com.apple.iokit.IOHIDFamily	2.0.0
17:23:20 com.apple.AUC	1.0
17:23:20 com.apple.iokit.IOAVFamily	1.0.0
17:23:20 com.apple.iokit.IOHDCPFamily	1.0.0
17:23:20 com.apple.iokit.IOCECFamily	1
17:23:20 com.apple.iokit.IOAudio2Family	1.0
17:23:20 com.apple.driver.AppleIISController	240.1
17:23:20 com.apple.driver.AppleAudioClockLibs	240.1
17:23:20 com.apple.driver.AppleM2ScalerCSCDriver	265.0.0
17:23:20 com.apple.iokit.IOSurface	336.60.1
17:23:20 com.apple.driver.IODARTFamily	1
17:23:20 com.apple.driver.FairPlayIOKit	71.1.0
17:23:20 com.apple.driver.AppleARMPlatform	1.0.2
17:23:20 com.apple.iokit.IOSlowAdaptiveClockingFamily	1.0.0
17:23:20 com.apple.iokit.IOReportFamily	47
17:23:20 com.apple.security.quarantine	4
17:23:20 com.apple.security.sandbox	300.0
17:23:20 com.apple.iokit.IOStorageFamily	2.1
17:23:20 com.apple.kext.AppleMatch	1.0.0d1
17:23:20 com.apple.driver.AppleMobileFileIntegrity	1.0.5
17:23:20 com.apple.iokit.CoreAnalyticsFamily	1
17:23:20 com.apple.security.AppleImage4	5.0.0
17:23:20 com.apple.kext.CoreTrust	1
17:23:20 com.apple.iokit.IOCryptoAcceleratorFamily	1.0.1
17:23:20 com.apple.kec.pthread	1
17:23:20 com.apple.kec.Libm	1
17:23:20 com.apple.kec.corecrypto	12.0
17:23:20 
17:23:20 
17:23:20 ** Stackshot Succeeded ** Bytes Traced 37462 (Uncompressed 128688) **
17:23:20 AppleSMC detected kPanicEnd
17:23:20 AppleSMC received kSMCNotifySMCPanicDone
17:23:20 AppleSMC received kSMCNotifySMCPanicDone
17:23:20 wdog panic (attempt 1)
17:23:20 not enabling long period watchdog (cleared SoC watchdog if enabled prior), panic SoC watchdog disabled
# 17:23:22 port error: read failed: [Errno 6] Device not configured; retrying
# 17:23:23 port error: [Errno 2] could not open port /dev/cu.usbmodemC02GR0ZMQ6LT3: [Errno 2] No such file or directory: '/dev/cu.usbmodemC02GR0ZMQ6LT3'; retrying
# 17:23:24 port error: [Errno 2] could not open port /dev/cu.usbmodemC02GR0ZMQ6LT3: [Errno 2] No such file or directory: '/dev/cu.usbmodemC02GR0ZMQ6LT3'; retrying
# 17:23:25 port error: [Errno 2] could not open port /dev/cu.usbmodemC02GR0ZMQ6LT3: [Errno 2] No such file or directory: '/dev/cu.usbmodemC02GR0ZMQ6LT3'; retrying
# 17:23:26 port error: [Errno 2] could not open port /dev/cu.usbmodemC02GR0ZMQ6LT3: [Errno 2] No such file or directory: '/dev/cu.usbmodemC02GR0ZMQ6LT3'; retrying
# 17:23:27 port error: [Errno 2] could not open port /dev/cu.usbmodemC02GR0ZMQ6LT3: [Errno 2] No such file or directory: '/dev/cu.usbmodemC02GR0ZMQ6LT3'; retrying
# 17:23:28 port error: [Errno 2] could not open port /dev/cu.usbmodemC02GR0ZMQ6LT3: [Errno 2] No such file or directory: '/dev/cu.usbmodemC02GR0ZMQ6LT3'; retrying
# 17:23:29 port error: [Errno 2] could not open port /dev/cu.usbmodemC02GR0ZMQ6LT3: [Errno 2] No such file or directory: '/dev/cu.usbmodemC02GR0ZMQ6LT3'; retrying
# opened /dev/cu.usbmodemC02GR0ZMQ6LT3 17:23:30
# RELAUNCH6 13.5 bogus boot-uuid Sun Sep 20 17:25:40 +03 2026
17:25:47 Darwin Kernel Version 22.6.0: Wed Jul  5 22:22:52 PDT 2023; root:xnu-8796.141.3~6/RELEASE_ARM64_T8103
17:25:47 pmap_startup() init/release time: 16442 microsec
17:25:47 pmap_startup() delayed init/release of 0 pages
17:25:47 vm_page_bootstrap: 981511 free pages, 11709 wired pages, (up to 0 of which are delayed free)
17:25:47 VM boostrap: 97 maps, 204 entries and 512 holes available
17:25:47 Maximum number of VM swap files: 100
17:25:47 "vm_compressor_mode" is 4
17:25:47 VM bootstrap done: 84 maps, 165 entries and 501 holes left
17:25:47 Log queues configured: slot count: 64, per-slot size: 32768, total size: 2097152
17:25:47 OSLog stream configured: stream: 8192 bytes, cache: 2112 bytes
17:25:47 Long logs support configured: size: 16384
17:25:47 Firehose configured: 16 chunks, 8 io pages
17:25:47 standard timeslicing quantum is 10000 us
17:25:47 standard background quantum is 2500 us
17:25:47 mig_table_max_displ = 54 mach_kobj_count = 375
17:25:47 kdp_core zlib memory 0x8000
17:25:47 Serial requested, consistent debug disabled or debug boot arg not present, configuring debugging over serial
17:25:47 iBoot version: iBoot-8422.141.2
17:25:47 Darwin Image4 Validator Version 5.0.0: Mon Jul 10 22:18:56 PDT 2023; root:AppleImage4-202.120.2~861/AppleImage4/RELEASE_ARM64E
17:25:47 calling mpo_policy_init for AppleImage4
17:25:47 Security policy loaded: AppleImage4 sysctl hook (AppleImage4)
17:25:47 AppleImage4: failed to read nvram property: oblit-inprogress: 2
17:25:47 AMFI: UDID enforcement enabled
17:25:47 calling mpo_policy_init for AMFI
17:25:47 Security policy loaded: Apple Mobile File Integrity (AMFI)
17:25:47 calling mpo_policy_init for Sandbox
17:25:47 Security policy loaded: Seatbelt sandbox policy (Sandbox)
17:25:47 calling mpo_policy_init for Quarantine
17:25:47 Security policy loaded: Quarantine policy (Quarantine)
17:25:47 initialized XNU provisioning profile data
17:25:47 initialized PPL provisioning profile data
17:25:47 attempting to load 2 external trust cache modules
17:25:47 loaded external trust cache module: 0
17:25:47 loaded external trust cache module: 1
17:25:47 completed loading external trust cache modules
17:25:47 IOG flags 0x3 (0x51)
17:25:47 AppleCredentialManager: init: inited KE[1] (ready=NO, AVP=NO) -> true.
17:25:47 AppleCredentialManager: probe: probed KE[1] (ready=NO) -> true (score=0).
17:25:47 Couldn't alloc class "AppleKeyStoreTest"
17:25:47 Warning: arc4random not implemented
17:25:47 Warning: arc4random not implemented
17:25:47 Warning: arc4random not implemented
17:25:47 logIosaActivity: log activity queue is null
17:25:47 logIosaActivity: log activity queue is null
17:25:47 AppleARMBootPerf: Warning: profile->magic (0x42545244) != 'BTRC'
17:25:47 AppleCredentialManager: start: starting KE[1] (ready=NO) -> true.
17:25:47 AppleCredentialManager: initImpl: called, KE[1].
17:25:47 ACMFirstResponderKernelService: init: called, .
17:25:47 ACMTRM-S: init: called, starting PersistentStore service.
17:25:47 ACMTRM-A: init: called, starting TRM Analytics service.
17:25:47 ACMTRM-C: init: called, starting AccessoryCache service.
17:25:47 ACMKernelService: initValueFromBootArgAliasesUInt32: acc-cache size = 48 (default).
17:25:47 ACMKernelService: initValueFromBootArgAliasesUInt32: acc-cache expiration = 2592000 (default).
17:25:47 ACM: TRMAccCache_SetupEmpty: called, cacheSize=48 expiration=2592000.
17:25:47 ACMTRM: init: called, starting TRM service.
17:25:47 ACMKernelService: initValueFromBootArgAliasesUInt32: policy supported in BaseSystem = 0 (default).
17:25:47 ACMKernelService: initValueFromBootArgAliasesUInt32: config profile = 4294967295 (default).
17:25:47 ACMTRM: _getDefaultConfigProfile: config profile: 2 (boot-arg=2 edt-prop=2*).
17:25:47 ACMKernelService: initValueFromBootArgAliasesUInt32: policy mode timeout = 604800 (default).
17:25:47 ACMKernelService: initValueFromBootArgAliasesUInt32: grace period (bounded) timeout = 259200 (default).
17:25:47 ACMKernelService: initValueFromBootArgAliasesUInt32: unlocked period timeout = 86400 (default).
17:25:47 ACMKernelService: initValueFromBootArgAliasesUInt32: enabled by default = 1 (default).
17:25:47 ACMTRM: _disableBy: [TRM ENABLED=YES] (mask=0, DISABLED BY: Def=NO* BtArg=NO HW=NO DevT=NO OSEnv=NO ExBt=NO | MgCo=NO DwOS=NO ChBd=NO GSw=NO CPro=NO BSys=NO MBud=NO SmCrd=NO ApSet=NO).
17:25:47 ACMTRM: _disableBy: [TRM ENABLED=YES] (mask=0, DISABLED BY: Def=NO BtArg=NO* HW=NO DevT=NO OSEnv=NO ExBt=NO | MgCo=NO DwOS=NO ChBd=NO GSw=NO CPro=NO BSys=NO MBud=NO SmCrd=NO ApSet=NO).
17:25:47 ACMTRM: _disableBy: [TRM ENABLED=YES] (mask=0, DISABLED BY: Def=NO BtArg=NO HW=NO* DevT=NO OSEnv=NO ExBt=NO | MgCo=NO DwOS=NO ChBd=NO GSw=NO CPro=NO BSys=NO MBud=NO SmCrd=NO ApSet=NO).
17:25:47 ACMKernelService: initValueFromBootArgAliasesUInt32: enabled by device type = 4294967295 (default).
17:25:47 ACMTRM: _loadEnabledByDeviceType: enabled by device type: YES (boot-arg=NO edt-prop=YES*).
17:25:47 ACMTRM: _disableBy: [TRM ENABLED=YES] (mask=0, DISABLED BY: Def=NO BtArg=NO HW=NO DevT=NO* OSEnv=NO ExBt=NO | MgCo=NO DwOS=NO ChBd=NO GSw=NO CPro=NO BSys=NO MBud=NO SmCrd=NO ApSet=NO).
17:25:47 ACMTRM: _loadDisabledByExternalBoot: disabled by ExternalBoot: NO.
17:25:47 ACMTRM: _disableBy: [TRM ENABLED=YES] (mask=0, DISABLED BY: Def=NO BtArg=NO HW=NO DevT=NO OSEnv=NO ExBt=NO* | MgCo=NO DwOS=NO ChBd=NO GSw=NO CPro=NO BSys=NO MBud=NO SmCrd=NO ApSet=NO).
17:25:47 ACMTRM: _loadDisabledByOSEnvironment: disabled by OSEnvironment: NO.
17:25:47 ACMTRM: _disableBy: [TRM ENABLED=YES] (mask=0, DISABLED BY: Def=NO BtArg=NO HW=NO DevT=NO OSEnv=NO* ExBt=NO | MgCo=NO DwOS=NO ChBd=NO GSw=NO CPro=NO BSys=NO MBud=NO SmCrd=NO ApSet=NO).
17:25:47 ACMTRM: _mapAndPublishTRM: set TRM_PolicyTimeout = 604800.
17:25:47 ACMTRM: _mapAndPublishTRM: set TRM_UnlockedPeriodTimeout = 86400.
17:25:47 ACMTRM: _mapAndPublishTRM: sending kIOMessageServicePropertyChange(#changes=2) while LOCKED(1), TRM: 604800/-(255) 4294967295/-(255) M=255/4294967295/4294967295 ---(255)/---(255) L=255 BS=255 R=255 UP=86400/255, CUR: -(255) -(255).
17:25:47 AppleCredentialManager: initImpl: KE[1] INITED.
17:25:47 AppleCredentialManager: initImpl: returning, KE[1] -> true.
17:25:47 AppleCredentialManager: startImpl: called, KE[1].
17:25:47 ACMTRM: start: security.mac.acm.root_pivot_occurred sysctl registered.
17:25:47 AppleCredentialManager: startImpl: initializing power management.
17:25:48 AppleCredentialManager: startImpl: will join SEPManager's PM tree in getSEPEndpoint().
17:25:48 AppleCredentialManager: startImpl: registering notifications.
17:25:48 AppleCredentialManager: startImpl: KE[1] STARTED.
17:25:48 AppleCredentialManager: startImpl: returning, KE[1] -> true.
17:25:48 AppleCredentialManager: start: started KE[1] (ready=YES) -> true.
17:25:48 AppleSEPKeyStore:330:0: starting (BUILT: Jul 10 2023 22:11:57) (normal variant)
17:25:48 AppleSEPKeyStore:533:0: _sep_enabled = 1
17:25:48 AppleSSE::start called
17:25:48 AppleSSE::start returning, result = 1
17:25:48 virtual bool CoreAnalyticsHub::start(IOService *)::139:CoreAnalyticsHub start
17:25:48 Registered CoreAnalyticsHub functions with xnu.virtual bool CoreAnalyticsHub::start(IOService *)::218:CoreAnalyticsHub start completed
17:25:48 Couldn't alloc class "AppleKeyStoreTest"
17:25:48 AppleARMBacklight::start: Using new Backlight Architecture 1
17:25:48 AppleARMBacklight::start: no DBV offset data
17:25:48 AppleARMBacklight::start: no DBV max data
17:25:48 AppleARMBacklight::start: _calibratedMaxCurrent=13799
17:25:48 AppleARMBacklight::start: _calibratedMidCurrent=3199
17:25:48 AppleARMBacklight::start: mA2Nits2ndOrderCoef=-1
17:25:48 AppleARMBacklight::start: mA2Nits1stOrderCoef=75
17:25:48 AppleARMBacklight::start: mA2Nits0thOrderCoef=-2
17:25:48 AppleARMBacklight::start: nits2mAmps2ndOrderCoef=628
17:25:48 AppleARMBacklight::start: nits2mAmps1stOrderCoef=13279
17:25:48 AppleARMBacklight::start: nits2mAmps0thOrderCoef=18
17:25:48 AppleARMBacklight::start: _lMaxProduct=27525120
17:25:48 AppleARMBacklight::start: _lMidProduct=9175040
17:25:48 AppleARMBacklight::start: _lMinProduct=262144
17:25:48 AppleARMBacklight::exportCalibration: _lMaxProduct=27525120, _lMidProduct=9175040, _lMinProduct=262144, _lMaxPanel=27525119, _lMidPanel=6568085, _lMinPanel=262079, _milliAmps2NitsScaleFactor=423092
17:25:48 AppleARMBacklight::start: no backlight enable function
17:25:48 AppleARMBacklight::start: no backlight update function
17:25:48 AppleARMBacklight::start: _minDACLevel=469 _maxDACLevel=1968
17:25:48 Copyright (c) 1982, 1986, 1989, 1991, 1993
17:25:48 	The Regents of the University of California. All rights reserved.
17:25:48 
17:25:48 MAC Framework successfully initialized
17:25:48 using 16384 buffer headers and 10240 cluster IO buffer headers
17:25:48 AMFI: developer mode is force enabled on this platform
17:25:48 AMFI: finished: 1 1
17:25:48 spi3 AppleSPIMCController::start:129: using CCLK 120000000
17:25:48 spi4 AppleSPIMCController::start:129: using CCLK 120000000
17:25:48 AppleS5L8940XI2CController::start: i2c1 this: <ptr> _i2cBaseAddress: <ptr>
17:25:48 AppleS5L8940XI2CController::start: i2c3 this: <ptr> _i2cBaseAddress: <ptr>
17:25:48 AppleOLYHAL::probe: score = 1000
17:25:48 AppleBCMWLANBusInterfacePCIe::isIOKitEnvironment() WLAN Active Driver mode IOKit
17:25:48 AppleOLYHAL::start: entry with provider 0xffffa98d2f81f890
17:25:48 Creating an object of AppleOLYHALPlatformFunctionEmbeddedAMFM class
17:25:48 Couldn't alloc class "AppleKeyStoreTest"
17:25:48 pci (build 22:14:13 Jul  5 2023), flags 0xc3008
17:25:48 AppleEmbeddedPCIE::start this = <ptr>, _debugFlags = 0xfffffffe
17:25:48 144699034us IOThunderboltFamily (build 22:14:27 Jul  5 2023)
17:25:48 pci (build 22:14:13 Jul  5 2023), flags 0xc3008
17:25:48 AppleTunneledPCIE::start(apciec1) this = <ptr>, _debugFlags = 0x80000001
17:25:48 144705759us AppleThunderboltGenericHAL::probe
17:25:48 144706362us AppleThunderboltGenericHAL(0)::start
17:25:48 AppleInterruptController::start: Num Shared Timestamps == 16
17:25:48 Couldn't find sioaesdisable-offset from DeviceTree to override
17:25:48 Couldn't find sioaesdisableuid1-offset from DeviceTree to override
17:25:48 Couldn't find sioaesdisablegid0-offset from DeviceTree to override
17:25:48 Couldn't find sioaesdisablegid1-offset from DeviceTree to override
17:25:48 AppleS8000AES::start: registers at phys:0x0x23500c000/0x0x23d2d0000 virt:0x<ptr>/0x0x4000 / 0x<ptr>/0x0x4000
17:25:48 AppleGPIOICController::start: this: <ptr>, _gpioicBaseAddress: <ptr>
17:25:48 AppleGPIOICController::start: this: <ptr>, _gpioicBaseAddress: <ptr>
17:25:48 AppleGPIOICController::start: this: <ptr>, _gpioicBaseAddress: <ptr>
17:25:48 AppleGPIOICController::start: this: <ptr>, _gpioicBaseAddress: <ptr>
17:25:48 ApplePMGR: Starting AppleT8103PMGR
17:25:48 spi2 AppleSPIMCController::start:129: using CCLK 120000000
17:25:48 ApplePMGR: mcx-fast-pcpu-frequency set to 2184 MHz
17:25:48 ApplePassthroughPPM::start (<ptr>)
17:25:48 ApplePPM::start (<ptr>)
17:25:48 ApplePPMCPMS::initLocal (<ptr>)
17:25:48 Platform supports LPEM: 0ApplePPM::initLocal success
17:25:48 Couldn't alloc class "AppleKeyStoreTest"
17:25:48 AppleEventLogHandler: started
17:25:48 AppleA7IOPNub: withRegistryEntry, 47: allocated nub <ptr>
17:25:48 
17:25:48 RTBuddy(ANS2): start(<ptr>) - (Jul  5 2023@22:21:21)
17:25:48 AppleA7IOPNub: withRegistryEntry, 47: allocated nub <ptr>
17:25:48 
17:25:48 RTBuddy(ANS2): Boot args override: wdt = -1
17:25:48 RTBuddy(ANS2): Resuming...
17:25:48 
17:25:48 AppleGen1SPMIController[aop-spmi1]:61: Start
17:25:48 AppleGen1SPMIController[nub-spmi1]:61: Start
17:25:48 AppleS5L8940XI2CController::start: i2c0 this: <ptr> _i2cBaseAddress: <ptr>
17:25:48 AppleA7IOPNub: withRegistryEntry, 47: allocated nub <ptr>
17:25:48 pmu fault log: rst_in,reset_in_rise rst_in,reset_in_fall
17:25:48 AppleDialogSPMIPMU::start: Non-primary PMU detected
17:25:48 
17:25:48 AppleARMRTC started!#####
17:25:48 RTBuddy(AOP): start(<ptr>) - (Jul  5 2023@22:21:21)
17:25:48 RTBuddy(AOP): Boot args override: wdt = -1
17:25:48 AppleDialogSPMIPMURTC started!******
17:25:48 AppleGen1SPMIController[nub-spmi]:61: Start
17:25:49 DP855 ok=1
17:25:49 AppleTCON::publishMemoryDevicesBelow matched lcd-pmicwp
17:25:49 admac-sio: Built on Jul  5 2023 at 22:13:23.           
17:25:49 General panic behavior:
17:25:49           	debugFacility = 0x80000001
17:25:49           	chan debug    = 0x0000ffff
17:25:49           	Gen PanicMask = 0x000087fb
17:25:49           
17:25:49 Test features:
17:25:49           	PseudoMem     = 0x00000000
17:25:49           	PeriphDisable = 0x00000000
17:25:49           	DMADisable    = 0x00000000
17:25:49           	AXIBurstSize  = 0x00000003
17:25:49           	TSC Mode      = 0x00000000
17:25:49           
17:25:49 Jitter:
17:25:49           	Tx WA mask    = 0x0000ffff
17:25:49           	Rx WA mask    = 0x0000ffff
17:25:49           	HiJ panic msk = 0x00000000
17:25:49           	HiJ threshold = 0x00000960
17:25:49           
17:25:49 _getExecutionPlatform: AudioDMAController::admac-sio::483: Running on silicon.
17:25:49 Couldn't alloc class "AppleKeyStoreTest"
17:25:49 AppleT8020MTRTempSensor::start: missing device tree value (alarm0-temp)
17:25:49 AppleT8020MTRTempSensor::start: missing device tree value (alarm1-temp)
17:25:49 HID: Legacy shim 2
17:25:49 AppleT8015TempSensor::start: missing device tree value (sensor-offset-CTL2)
17:25:49 AppleT8015TempSensor::start: missing device tree value (sensor-offset-CTL1)
17:25:49 HID: Legacy shim 2
17:25:49 AppleT8020MTRTempSensor::start: missing device tree value (alarm0-temp)
17:25:49 AppleT8020MTRTempSensor::start: missing device tree value (alarm1-temp)
17:25:49 HID: Legacy shim 2
17:25:49 RTBuddy(ACIO1): start(<ptr>) - (Jul  5 2023@22:21:21)
17:25:49 [dockchannel] Started AppleSerialShim.
17:25:49 RTBuddy(ACIO1): Boot args override: wdt = -1
17:25:49 Couldn't alloc class "AppleKeyStoreTest"
17:25:49 spi1 AppleSPIMCController::start:129: using CCLK 200000000
17:25:49 AppleSPUFirmwareService: found node AOP
17:25:49 virtual bool AppleARMLightEmUp::start(IOService *): starting...
17:25:49 AppleTCON::publishMemoryDevicesBelow matched lcd-pmic
17:25:49 AppleA7IOPNub: withRegistryEntry, 47: allocated nub <ptr>
17:25:49 
17:25:49 AppleA7IOPNub: withRegistryEntry, 47: allocated nub <ptr>
17:25:49 
17:25:49 AppleA7IOPNub: withRegistryEntry, 47: allocated nub <ptr>
17:25:49 
17:25:49 RTBuddy(AOP): Resuming...
17:25:49 
17:25:49 AppleA7IOPNub: withRegistryEntry, 47: allocated nub <ptr>
17:25:49 
17:25:49 admac-aop-audio: Built on Jul  5 2023 at 22:13:23.           
17:25:49 General panic behavior:
17:25:49           	debugFacility = 0x80000001
17:25:49           	chan debug    = 0x0000ffff
17:25:49           	Gen PanicMask = 0x000087fb
17:25:49           
17:25:49 Test features:
17:25:49           	PseudoMem     = 0x00000000
17:25:49           	PeriphDisable = 0x00000000
17:25:49           	DMADisable    = 0x00000000
17:25:49           	AXIBurstSize  = 0x00000003
17:25:49           	TSC Mode      = 0x00000000
17:25:49           
17:25:49 Jitter:
17:25:49           	Tx WA mask    = 0x0000ffff
17:25:49           	Rx WA mask    = 0x0000ffff
17:25:49           	HiJ panic msk = 0x00000000
17:25:49           	HiJ threshold = 0x00000960
17:25:49           
17:25:49 _getExecutionPlatform: AudioDMAController::admac-aop-audio::483: Running on silicon.
17:25:49 virtual bool AppleSEPManager::start(IOService *): 
17:25:49 AppleA7IOPNub: withRegistryEntry, 47: allocated nub <ptr>
17:25:49 
17:25:49 virtual bool AppleSEPManager::start(IOService *): SEP memory IS coherent
17:25:49 virtual bool AppleSEPManager::start(IOService *): control endpoints created
17:25:49 setDirectionAndRole: APA0TX::admac-aop-audio::578: TX:Initialized.
17:25:49 RTBuddy(PMP): start(<ptr>) - (Jul  5 2023@22:21:21)
17:25:49 virtual bool AppleSEPManager::start(IOService *): PM init done
17:25:49 virtual bool AppleSEPManager::start(IOService *): registered
17:25:49 IOReturn AppleSEPManager::_setPowerState(unsigned long *): power state 0 -> 2
17:25:49 static IOService *AppleSEPManager::getReadableNvram(): Waiting for IODTNVRAM
17:25:49 static IOService *AppleSEPManager::getReadableNvram(): Got IODTNVRAM OK
17:25:49 void AppleSEPManager::_loadFlagData(): Didn't find oblit-inprogress in NVRAM
17:25:49 
17:25:49 void AppleSEPBooter::_bootAction(void *, void *): SEP status: 1
17:25:49 void AppleSEPBooter::_bootAction(void *, void *): SEP accepted Tz0
17:25:49 [AOP:AOP_oslog_init.cpp:96] Start AOP OSLog init
17:25:49 setDirectionAndRole: APA1TX::admac-aop-audio::578: TX:Initialized.
17:25:49 RTBuddy(AOP): OSLog endpoint registering to logd(uuid: 0779D154-BD5B-3344-9824-A5F545091EC6, role: AOP, range_start: 0, range_end: 255, fw_type: 1)
17:25:49 setDirectionAndRole: APA2TX::admac-aop-audio::578: TX:Initialized.
17:25:49 setDirectionAndRole: APA3TX::admac-aop-audio::578: TX:Initialized.
17:25:49 [AOP:P_os_log_support.cpp:60] AOP os log initialized
17:25:49 setDirectionAndRole: APA4TX::admac-aop-audio::578: TX:Initialized.
17:25:49 [AOP:SPU_dram_client.cpp:211] AOP platform dram client initialized
17:25:49 setDirectionAndRole: APA5TX::admac-aop-audio::578: TX:Initialized.
17:25:49 setDirectionAndRole: APA6TX::admac-aop-audio::578: TX:Initialized.
17:25:49 setDirectionAndRole: APA7TX::admac-aop-audio::578: TX:Initialized.
17:25:49 setDirectionAndRole: APA8TX::admac-aop-audio::578: TX:Initialized.
17:25:49 setDirectionAndRole: APA9TX::admac-aop-audio::578: TX:Initialized.
17:25:49 setDirectionAndRole: APAATX::admac-aop-audio::578: TX:Initialized.
17:25:49 setDirectionAndRole: APABTX::admac-aop-audio::578: TX:Initialized.
17:25:49 setDirectionAndRole: APACTX::admac-aop-audio::578: TX:Initialized.
17:25:49 setDirectionAndRole: APADTX::admac-aop-audio::578: TX:Initialized.
17:25:49 setDirectionAndRole: APAETX::admac-aop-audio::578: TX:Initialized.
17:25:49 setDirectionAndRole: APAFTX::admac-aop-audio::578: TX:Initialized.
17:25:49 setDirectionAndRole: APA0RX::admac-aop-audio::578: RX:Initialized.
17:25:49 setDirectionAndRole: APA1RX::admac-aop-audio::578: RX:Initialized.
17:25:49 setDirectionAndRole: APA2RX::admac-aop-audio::578: RX:Initialized.
17:25:49 setDirectionAndRole: APA3RX::admac-aop-audio::578: RX:Initialized.
17:25:49 setDirectionAndRole: APA4RX::admac-aop-audio::578: RX:Initialized.
17:25:49 setDirectionAndRole: APA5RX::admac-aop-audio::578: RX:Initialized.
17:25:49 setDirectionAndRole: APA6RX::admac-aop-audio::578: RX:Initialized.
17:25:49 setDirectionAndRole: APA7RX::admac-aop-audio::578: RX:Initialized.
17:25:49 setDirectionAndRole: APA8RX::admac-aop-audio::578: RX:Initialized.
17:25:49 setDirectionAndRole: APA9RX::admac-aop-audio::578: RX:Initialized.
17:25:49 setDirectionAndRole: APAARX::admac-aop-audio::578: RX:Initialized.
17:25:49 setDirectionAndRole: APABRX::admac-aop-audio::578: RX:Initialized.
17:25:49 setDirectionAndRole: APACRX::admac-aop-audio::578: RX:Initialized.
17:25:49 setDirectionAndRole: APADRX::admac-aop-audio::578: RX:Initialized.
17:25:49 setDirectionAndRole: APAERX::admac-aop-audio::578: RX:Initialized.
17:25:49 setDirectionAndRole: APAFRX::admac-aop-audio::578: RX:Initialized.
17:25:49 RTBuddy(PMP): Boot args override: wdt = -1
17:25:49 [ PCI configuration begin ]
17:25:49 IOPCIConfigurator::configure kIOPCIEnumerationWaitTime is 900
17:25:49 Couldn't alloc class "AppleSEPARTService"
17:25:49 AppleCredentialManager: sepManagerMatchedGated: AppleSEPManager matched.
17:25:49 [ PCI configuration end, bridges 2, devices 0 ]
17:25:49 [AOP:ALSCT720.cpp:57] probe
17:25:49 
17:25:49 [AOP:ALSCT720.cpp:85] CT720 device found.
17:25:49 [AOP:ALSVD6286.cpp:80] [ALS2] VD6286 device NOT found. Calibration Override:0
17:25:49 [AOP:ClientInfo.cpp:184] exp "inCallbackAction(it.key(), inRef)" fail, RunActionOnClientManagers(), ln 1...
17:25:49 [AOP:ALSCT720.cpp:93] start
17:25:49 
17:25:49 Couldn't alloc class "AppleKeyStoreTest"
17:25:49 AppleT8015TempSensor::start: missing device tree value (sensor-offset-CTL2)
17:25:49 AppleT8015TempSensor::start: missing device tree value (sensor-offset-CTL1)
17:25:49 HID: Legacy shim 2
17:25:49 AppleT8015TempSensor::start: missing device tree value (sensor-offset-CTL2)
17:25:49 AppleT8015TempSensor::start: missing device tree value (sensor-offset-CTL1)
17:25:49 HID: Legacy shim 2
17:25:49 void AppleSEPBooter::_bootAction(void *, void *): SEP status: 2
17:25:49 void AppleSEPBooter::_bootAction(void *, void *): SEP status: 2
17:25:49 IOReturn AppleSEPBooter::bootSEP(AppleSEPFirmware *, bool, AppleSEPSharedMemoryBuffer *, bool): SEP booting
17:25:49 IOReturn AppleSEPBooter::bootSEP(AppleSEPFirmware *, bool, AppleSEPSharedMemoryBuffer *, bool): Shmbuf for SEP: { slave addr = 0x600000, size = 0x1c000 }
17:25:49 AppleT8015TempSensor::start: missing device tree value (sensor-offset-CTL2)
17:25:49 AppleT8015TempSensor::start: missing device tree value (sensor-offset-CTL1)
17:25:49 HID: Legacy shim 2
17:25:49 AppleA7IOPNub: withRegistryEntry, 47: allocated nub <ptr>
17:25:49 
17:25:49 AppleT8015TempSensor::start: missing device tree value (sensor-offset-CTL2)
17:25:49 AppleT8015TempSensor::start: missing device tree value (sensor-offset-CTL1)
17:25:49 HID: Legacy shim 2
17:25:49 AppleT8015TempSensor::start: missing device tree value (sensor-offset-CTL2)
17:25:49 AppleT8015TempSensor::start: missing device tree value (sensor-offset-CTL1)
17:25:49 HID: Legacy shim 2
17:25:49 AppleT8015TempSensor::start: missing device tree value (sensor-offset-CTL2)
17:25:49 AppleT8015TempSensor::start: missing device tree value (sensor-offset-CTL2)
17:25:49 AppleT8015TempSensor::start: missing device tree value (sensor-offset-CTL1)
17:25:49 HID: Legacy shim 2
17:25:49 RTBuddy(SMC): start(<ptr>) - (Jul  5 2023@22:21:21)
17:25:49 RTBuddy(SMC): Boot args override: wdt = -1
17:25:49 RTBuddy(SMC): Resuming...
17:25:49 
17:25:49 AppleT8015TempSensor::start: missing device tree value (sensor-offset-CTL2)
17:25:49 AppleT8015TempSensor::start: missing device tree value (sensor-offset-CTL1)
17:25:49 HID: Legacy shim 2
17:25:49 AppleT8015TempSensor::start: missing device tree value (sensor-offset-CTL2)
17:25:49 AppleT8015TempSensor::start: missing device tree value (sensor-offset-CTL1)
17:25:49 HID: Legacy shim 2
17:25:49 Starting AppleSMC kext(<ptr>) - (Jul  5 2023@22:22:53)
17:25:49 AppleSMCEmbedded::setPowerState(): ENTER powerStateOrdinal=1, _activeKeyCommand=0 newState=1
17:25:49 AppleT8015TempSensor::start: missing device tree value (sensor-offset-CTL2)
17:25:49 AppleT8015TempSensor::start: missing device tree value (sensor-offset-CTL1)
17:25:49 HID: Legacy shim 2
17:25:49 AppleT8015TempSensor::start: missing device tree value (sensor-offset-CTL2)
17:25:49 AppleT8015TempSensor::start: missing device tree value (sensor-offset-CTL1)
17:25:49 HID: Legacy shim 2
17:25:49 AppleT8015TempSensor::start: missing device tree value (sensor-offset-CTL2)
17:25:49 AppleT8015TempSensor::start: missing device tree value (sensor-offset-CTL1)
17:25:49 HID: Legacy shim 2
17:25:49 ApplePPMCPMS::initLocal success
17:25:49 ApplePPM::start success
17:25:49 ApplePassthroughPPM::start success
17:25:49 AppleT8015TempSensor::start: missing device tree value (sensor-offset-CTL2)
17:25:49 AppleT8015TempSensor::start: missing device tree value (sensor-offset-CTL1)
17:25:49 HID: Legacy shim 2
17:25:49 virtual bool AppleM2ScalerCSCDriver::start(IOService *): Name=scaler0 Lock=<ptr> id=0 max_msrs=8 msr_mask=0xff scaler_count=0
17:25:49 virtual bool AppleM2ScalerCSCDriver::start(IOService *): MSR Driver Waiting for IOSurfaceRoot
17:25:49 AppleT8015TempSensor::start: missing device tree value (invokes-sochot)
17:25:49 HID: Legacy shim 2
17:25:49 AppleT8015TempSensor::start: missing device tree value (invokes-sochot)
17:25:49 HID: Legacy shim 2
17:25:49 AppleHPMARMI2C::start - Unable to read hpmlog boot-arg
17:25:49 pmu fault log: rst_in,reset_in_rise rst_in,reset_in_fall wdog,reset_in_1
17:25:49 SOCD: BASE 0xAB00, COUNT 0x0400
17:25:49 SOCD: Magic value 49h 4Eh 49h 54h
17:25:49 AppleDialogSPMIPMU::start: Primary PMU detected
17:25:49 AppleT8015TempSensor::start: missing device tree value (invokes-sochot)
17:25:49 HID: Legacy shim 2
17:25:49 HID: Legacy shim 2
17:25:49 AppleTCON::publishMemoryDevicesBelow matched lcd-sswp
17:25:49 AppleTCON::publishMemoryDevicesBelow matched lcd-ss
17:25:49 AppleTCON::publishMemoryDevicesBelow matched tcon-registers
17:25:49 AppleTCON::publishMemoryDevicesBelow matched lcd-eeprom
17:25:49 HID: Legacy shim 2
17:25:49 HID: Legacy shim 2
17:25:49 [uart] Started AppleSerialShim.
17:25:49 Couldn't alloc class "AppleKeyStoreTest"
17:25:49 RTBuddy(DCP): start(<ptr>) - (Jul  5 2023@22:21:21)
17:25:49 RTBuddy(SIO): start(<ptr>) - (Jul  5 2023@22:21:21)
17:25:49 RTBuddy(GFX): start(<ptr>) - (Jul  5 2023@22:21:21)
17:25:49 RTBuddy(DCP): Boot args override: wdt = -1
17:25:49 RTBuddy(DCP): Resuming...
17:25:49 
17:25:49 AppleA7IOPNub: withRegistryEntry, 47: allocated nub <ptr>
17:25:49 
17:25:49 RTBuddy(SIO): Boot args override: wdt = -1
17:25:49 RTBuddy(SIO): Resuming...
17:25:49 
17:25:49 RTBuddy(DCP): OSLog endpoint registering to logd(uuid: 00000000-0000-0000-0000-000000000000, role: DCP, range_start: 0, range_end: 255, fw_type: 1)
17:25:49 AppleSmartIO (RTBuddy-based)::start (<ptr>) - (Jul  5 2023@22:14:30)
17:25:49 HID: Legacy shim 2
17:25:49 RTBuddy(DCPEXT): start(<ptr>) - (Jul  5 2023@22:21:21)
17:25:49 AppleARMRTC started!#####
17:25:49 AppleDialogSPMIPMURTC started!******
17:25:49 RTBuddy(GFX): Boot args override: wdt = -1
17:25:49 virtual IOService *AppleANS2NVMeController::probe(IOService *, SInt32 *)::194:Found (ANS2) provider, returning score 100000
17:25:49 virtual IOService *AppleANS3NVMeController::probe(IOService *, SInt32 *)::82:Found (ANS2) provider and linear-sq, returning score 300000
17:25:49 AppleDialogSPMIPMURTC tick read!&&&&&&&
17:25:49 AppleDialogSPMIPMURTC ending!%%%
17:25:49 AppleT8015TempSensor::start: missing device tree value (sensor-offset-CTL1)
17:25:49 AppleHPM runtime power conservation disabled.
17:25:50 virtual bool AppleANS2NVMeController::start(IOService *)::416:Found the ANS2Endpoint1
17:25:50 RTBuddy(DCPEXT): Boot args override: wdt = -1
17:25:50 IOMFB: service matched: AppleDCPExpert
17:25:50 IOMFB: AppleDCPLinkService heap size increment: 0x0
17:25:50 IOMFB: service matched: AppleDCPLinkService (pipe:0)
17:25:50 IOMFB: AP DRIVER START!
17:25:50 IOMFB: driver commit: 
17:25:50 [DCP:ap_link.c:299] shared memory dva: 0xf0415c000 0xffffffff000ea000
17:25:50 
17:25:50 [DCP:ap_link.c:276] ap_link: IOMFB: DCP heap size: 0x1030000 [iBoot:0x1030000] [LinkService:0x0]
17:25:50 
17:25:50 
17:25:50 RTBuddy(DCPEXT): Resuming...
17:25:50 
17:25:50 bool AppleEmbeddedNVMeController::SetNamespacesStruct()::194:Obtained 3 namespaces from DT
17:25:50 virtual bool IONVMeController::start(IOService *)::793:IONVMeController::start
17:25:50 virtual IOFilterInterruptEventSource *AppleANS2NVMeController::CreateDeviceInterrupt(IOInterruptEventSource::Action, IOFilterInterruptEventSource::Filter, IOService *)::2806:ANS2 NVMe interrupt index - 0x4
17:25:50 virtual uint32_t AppleANS2CGNVMeController::GetNVMePPLQueueEntries()::420:NVMePPL Queue Entries=65
17:25:50 virtual bool AppleANS2CGNVMeController::InitializePCI()::177:Successfully initialized NVMe CoastGuard
17:25:50 AppleTCControllerAssignableTransport::probe - failed!
17:25:50 AppleTCControllerType10::start
17:25:50 AppleTCController::genericStart(@0x0) - Start
17:25:50 AppleARMRTC registering service!@@@@@@
17:25:50 AppleARMRTC service registered!$$$$$
17:25:50 HID: Legacy shim 2
17:25:50 HID: Legacy shim 2
17:25:50 HID: Legacy shim 2
17:25:50 RTBuddy(PMP): Resuming...
17:25:50 
17:25:50 AppleARMRTC publishing service!^^^^^^
17:25:50 HID: Legacy shim 2
17:25:50 ktriage_register_subsystem_strings: set subsystem 8 strings
17:25:50 mcache: 8 CPU(s), 128 bytes CPU cache line size
17:25:50 mbinit: done [256 MB total pool size, (170/85) split]
17:25:50 dlil_init: Waiting for all the create dlil kernel threads to get scheduled at least once.
17:25:50 dlil_init: All the created dlil kernel threads have been scheduled at least once. Proceeding.
17:25:50 HID: Legacy shim 2
17:25:50 HID: Legacy shim 2
17:25:50 HID: Legacy shim 2
17:25:50 ifnet_attach: All kernel threads created for interface lo0 have been scheduled at least once. Proceeding.
17:25:50 ifnet_attach: Waiting for all kernel threads created for interface gif0 to get scheduled at least once.
17:25:50 [DCP:dpointInterface.cpp:606] [AFK][AFKMailboxSharedMemoryEndpointInterface:#63] if:1 inCmd:0 inResp:0 outRepErr:0 outCmdErr:0 t:3501670106
17:25:50 ifnet_attach: All kernel threads created for interface gif0 have been scheduled at least once. Proceeding.
17:25:50 [DCP:dpointInterface.cpp:606] [AFK][AFKMailboxSharedMemoryEndpointInterface:#66] if:3 inCmd:0 inResp:0 outRepErr:0 outCmdErr:0 t:3501671423
17:25:50 void AppleSEPBooter::_bootAction(void *, void *): SEP accepted IMG4
17:25:50 skip attaching fsw to lo0 using legacy TX modelifnet_attach: Waiting for all kernel threads created for interface stf0 to get scheduled at least once.
17:25:50 ifnet_attach: All kernel threads created for interface stf0 have been scheduled at least once. Proceeding.
17:25:50 RTBuddy(DCPEXT): OSLog endpoint registering to logd(uuid: 00000000-0000-0000-0000-000000000000, role: DCPEXT, range_start: 0, range_end: 255, fw_type: 1)
17:25:50 [DCP:dpointInterface.cpp:606] [AFK][AFKMailboxSharedMemoryEndpointInterface:#67] if:1 inCmd:7 inResp:7 outRepErr:0 outCmdErr:0 t:3503716392
17:25:50 HID: Legacy shim 2
17:25:50 HID: Legacy shim 2
17:25:50 HID: Legacy shim 2
17:25:50 HID: Legacy shim 2
17:25:50 HID: Legacy shim 2
17:25:50 SPINORFlasherDriver::virtual bool AppleEmbeddedSimpleSPINORFlasherDriver::start(IOService *): service = IOPlatformDevice found.
17:25:50 SPINORFlasherDriver::virtual bool AppleEmbeddedSimpleSPINORFlasherDriver::start(IOService *): dual-iboot-support = true
17:25:50 SPINORFlasherDriver::virtual bool AppleEmbeddedSimpleSPINORFlasherDriver::start(IOService *): atomic-firmware-update-support = true
17:25:50 [DCP:dpointInterface.cpp:606] [AFK][AFKMailboxSharedMemoryEndpointInterface:#68] if:1 inCmd:11 inResp:11 outRepErr:0 outCmdErr:0 t:3504220338
17:25:50 HID: Legacy shim 2
17:25:50 HID: Legacy shim 2
17:25:50 HID: Legacy shim 2
17:25:50 HID: Legacy shim 2
17:25:50 [DCP:dpointInterface.cpp:606] [AFK][AFKMailboxSharedMemoryEndpointInterface:#69] if:1 inCmd:0 inResp:0 outRepErr:0 outCmdErr:0 t:3504319312
17:25:50 HID: Legacy shim 2
17:25:50 HID: Legacy shim 2
17:25:50 HID: Legacy shim 2
17:25:50 [DCP:dpointInterface.cpp:606] [AFK][AFKMailboxSharedMemoryEndpointInterface:#70] if:3 inCmd:0 inResp:0 outRepErr:0 outCmdErr:0 t:3504418433
17:25:50 HID: Legacy shim 2
17:25:50 HID: Legacy shim 2
17:25:50 HID: Legacy shim 2
17:25:50 HID: Legacy shim 2
17:25:50 HID: Legacy shim 2
17:25:50 HID: Legacy shim 2
17:25:50 HID: Legacy shim 2
17:25:50 HID: Legacy shim 2
17:25:50 com.apple.AppleFSCompressionTypeDataless kmod start
17:25:50 HID: Legacy shim 2
17:25:50 HID: Legacy shim 2
17:25:50 HID: Legacy shim 2
17:25:50 HID: Legacy shim 2
17:25:50 HID: Legacy shim 2
17:25:50 HID: Legacy shim 2
17:25:50 com.apple.AppleFSCompressionTypeZlib kmod start
17:25:50 HID: Legacy shim 2
17:25:50 HID: Legacy shim 2
17:25:50 HID: Legacy shim 2
17:25:50 HID: Legacy shim 2
17:25:50 HID: Legacy shim 2
17:25:50 HID: Legacy shim 2
17:25:50 HID: Legacy shim 2
17:25:50 HID: Legacy shim 2
17:25:50 HID: Legacy shim 2
17:25:50 HID: Legacy shim 2
17:25:50 HID: Legacy shim 2
17:25:50 HID: Legacy shim 2
17:25:50 HID: Legacy shim 2
17:25:50 HID: Legacy shim 2
17:25:50 HID: Legacy shim 2
17:25:50 HID: Legacy shim 2
17:25:50 HID: Legacy shim 2
17:25:50 HID: Legacy shim 2
17:25:50 HID: Legacy shim 2
17:25:50 HID: Legacy shim 2
17:25:50 HID: Legacy shim 2
17:25:50 HID: Legacy shim 2
17:25:50 HID: Legacy shim 2
17:25:50 HID: Legacy shim 2
17:25:50 HID: Legacy shim 2
17:25:50 HID: Legacy shim 2
17:25:50 HID: Legacy shim 2
17:25:50 HID: Legacy shim 2
17:25:50 HID: Legacy shim 2
17:25:50 HID: Legacy shim 2
17:25:50 HID: Legacy shim 2
17:25:50 HID: Legacy shim 2
17:25:50 HID: Legacy shim 2
17:25:50 HID: Legacy shim 2
17:25:50 HID: Legacy shim 2
17:25:50 HID: Legacy shim 2
17:25:50 HID: Legacy shim 2
17:25:50 HID: Legacy shim 2
17:25:50 HID: Legacy shim 2
17:25:50 HID: Legacy shim 2
17:25:50 HID: Legacy shim 2
17:25:50 HID: Legacy shim 2
17:25:50 HID: Legacy shim 2
17:25:50 HID: Legacy shim 2
17:25:50 HID: Legacy shim 2
17:25:50 HID: Legacy shim 2
17:25:50 HID: Legacy shim 2
17:25:50 HID: Legacy shim 2
17:25:50 HID: Legacy shim 2
17:25:50 HID: Legacy shim 2
17:25:50 HID: Legacy shim 2
17:25:50 apfs_module_start:3058: load: com.apple.filesystems.apfs, v2142.140.9, apfs-2142.140.9, 2023/07/10
17:25:50 ktriage_register_subsystem_strings: set subsystem 7 strings
17:25:50 HID: Legacy shim 2
17:25:50 HID: Legacy shim 2
17:25:50 HID: Legacy shim 2
17:25:50 HID: Legacy shim 2
17:25:50 HID: Legacy shim 2
17:25:50 HID: Legacy shim 2
17:25:50 HID: Legacy shim 2
17:25:50 HID: Legacy shim 2
17:25:50 HID: Legacy shim 2
17:25:50 HID: Legacy shim 2
17:25:50 nfs_kext_start: successfully loaded NFS kext
17:25:50 Couldn't alloc class "AppleKeyStoreTest"
17:25:50 com.apple.AppleFSCompressionTypeDataless load succeeded
17:25:50 com.apple.AppleFSCompressionTypeZlib load succeeded
17:25:50 Setting up notifier for CoreAnalyticsHub
17:25:50 calling mpo_policy_init for ASP
17:25:50 calling mpo_policy_initbsd for ASP
17:25:50 AppleARMNORNVRAM.cpp:start:48 - bank size=0x10000, bank count=0x10, current bank=0x9
17:25:50 Identified Serial Port uart2 at 0x235208000(<ptr>)
17:25:50 ASP: NVRAM pointer initialized
17:25:50 ApplePMP: started
17:25:50 IOMFB: service matched: AppleDCPExpert
17:25:50 IOMFB: AppleDCPLinkService heap size increment: 0x0
17:25:50 IOMFB: service matched: AppleDCPLinkService (pipe:1)
17:25:50 [DCPEXT:ap_link.c:299] shared memory dva: 0xf01340000 0xffffffff00029000
17:25:50 
17:25:50 [DCPEXT:ap_link.c:276] ap_link: IOMFB: DCP heap size: 0x1030000 [iBoot:0x1030000] [LinkService:0x0]
17:25:50 
17:25:50 
17:25:50 AppleBiometricSensor: Found SandDollarFamily
17:25:50 
17:25:50 void AppleSEPManager::_notifyOSActiveGated(): SEP/OS is alive
17:25:51 AppleBiometricSensor: Found SandDollarFamily
17:25:51 
17:25:51 IOMFB: AP DRIVER START!
17:25:51 IOMFB: driver commit: 
17:25:51 setDirectionAndRole: SIO0TX::admac-sio::578: TX:Initialized.
17:25:51 setDirectionAndRole: SIO1TX::admac-sio::578: TX:Initialized.
17:25:51 setDirectionAndRole: SIO2TX::admac-sio::578: TX:Initialized.
17:25:51 setDirectionAndRole: SIO3TX::admac-sio::578: TX:Initialized.
17:25:51 setDirectionAndRole: SIO4TX::admac-sio::578: TX:Initialized.
17:25:51 setDirectionAndRole: SIO5TX::admac-sio::578: TX:Initialized.
17:25:51 setDirectionAndRole: SIO6TX::admac-sio::578: TX:Initialized.
17:25:51 setDirectionAndRole: SIO7TX::admac-sio::578: TX:Initialized.
17:25:51 setDirectionAndRole: SIO8TX::admac-sio::578: TX:Initialized.
17:25:51 setDirectionAndRole: SIO9TX::admac-sio::578: TX:Initialized.
17:25:51 setDirectionAndRole: SIOATX::admac-sio::578: TX:Initialized.
17:25:51 setDirectionAndRole: SIOBTX::admac-sio::578: TX:Initialized.
17:25:51 setDirectionAndRole: SIO0RX::admac-sio::578: RX:Initialized.
17:25:51 setDirectionAndRole: SIO1RX::admac-sio::578: RX:Initialized.
17:25:51 setDirectionAndRole: SIO2RX::admac-sio::578: RX:Initialized.
17:25:51 setDirectionAndRole: SIO3RX::admac-sio::578: RX:Initialized.
17:25:51 setDirectionAndRole: SIO4RX::admac-sio::578: RX:Initialized.
17:25:51 setDirectionAndRole: SIO5RX::admac-sio::578: RX:Initialized.
17:25:51 setDirectionAndRole: SIO6RX::admac-sio::578: RX:Initialized.
17:25:51 setDirectionAndRole: SIO7RX::admac-sio::578: RX:Initialized.
17:25:51 setDirectionAndRole: SIO8RX::admac-sio::578: RX:Initialized.
17:25:51 setDirectionAndRole: SIO9RX::admac-sio::578: RX:Initialized.
17:25:51 setDirectionAndRole: SIOARX::admac-sio::578: RX:Initialized.
17:25:51 setDirectionAndRole: SIOBRX::admac-sio::578: RX:Initialized.
17:25:51 SEP EP 24 enabled
17:25:51 void AppleSEPManager::_updateDeviceTree(): updateDeviceTreeThread started
17:25:51 virtual bool HibernationService::start(IOService *): Starting HibernationService
17:25:51 static void AppleSEPManager::_updateDeviceTreeThread(void *): updateDeviceTree Success
17:25:51 HID: Legacy shim 2
17:25:51 SEP EP 14 enabled
17:25:51 SEP EP 14 disabled
17:25:51 AppleBiometricSensor: Looking for AOP driver...
17:25:51 AppleBiometricSensor: start(): SensorStatus:    16B | 80 20 00 10 00 00 00 00 60 00 00 00 52 33 00 00 
17:25:51 HID: Legacy shim 2
17:25:51 [AOP:iggerController.cpp:129] VoiceTrig ready!! <AppleAOPVoiceTriggerController v240.2 built: Jun 30 202317:4...
17:25:51 [AOP:ClientInfo.cpp:184] exp "inCallbackAction(it.key(), inRef)" fail, RunActionOnClientManagers(), ln 1...
17:25:51 [AOP:Controller.cpp:160] RTKitAudioFramework v240.4 (built Jun 30 2023 17:51:05) ready!! {12 nodes}
17:25:51 [AOP:Controller.cpp:251] aop-audio v240.10 (built Jun 30 2023 17:56:11, debug 0x0) ready!!
17:25:51 AppleSPU::_handleReadyReport, serviceName (SPUApp) 
17:25:51 AppleSPU::_handleReadyReport, serviceName (aop-voicetrigger) 
17:25:51 AppleSPU::_handleReadyReport, serviceName (aop-audio) 
17:25:51 [AOP:SPU_init.cpp:320] ===( AOP IS READY )===
17:25:51 callPlatformFunction: IODMAController000000A4::admac-sio::1296: Allocated suspend ARMFunction <ptr>.
17:25:51 AppleSPU::_handleReadyReport, serviceName (i2c) 
17:25:51 ASP: No recovery key set
17:25:51 Security policy loaded: Apple System Policy (ASP)
17:25:51 callPlatformFunction: IODMAController000000A4::admac-sio::1296: Allocated suspend ARMFunction <ptr>.
17:25:51 callPlatformFunction: IODMAController000000A4::admac-sio::1296: Allocated suspend ARMFunction <ptr>.
17:25:51 callPlatformFunction: IODMAController000000A4::admac-sio::1296: Allocated suspend ARMFunction <ptr>.
17:25:51 Couldn't alloc class "AppleSPULogDriver"
17:25:51 HID: Legacy shim 2
17:25:51 HID: Legacy shim 2
17:25:51 HID: Legacy shim 2
17:25:51 [System Event] [3489737040] [INFO] [Subsystem: nvram] [Event: write] display-crossbar0 with data size 0x60
17:25:51 HID: Legacy shim 2
17:25:51 Loopback: Could not find the safety offset seed property.
17:25:51 HID: Legacy shim 2
17:25:51 HID: Legacy shim 2
17:25:51 HID: Legacy shim 2
17:25:51 [AOPAudio](error) expression "getNamedProperty(inName, static_cast<void*>(outProperty), &sz)" failed, AppleAOPAudioLPMicInDevice::getNamedProperty(), line 300, status: 0xe00002f0
17:25:51 [AOPAudio](error) expression "getNamedProperty(inName, static_cast<void*>(outProperty), &sz)" failed, AppleAOPAudioLPMicInDevice::getNamedProperty(), line 300, status: 0xe00002f0
17:25:51 callPlatformFunction: IODMAController000000A5::admac-aop-audio::1296: Allocated suspend ARMFunction <ptr>.
17:25:51 Digital Mic: Could not find the safety offset seed property.
17:25:51 open by AppleSPUHIDDriver 0x1000005db (0x0)
17:25:51 [AOP:udioPDMNodeBase.cpp:115] PDMDev<pdm0> LPClkCfg=Src:pll ,Freq:2400000
17:25:51 [AOP:udioPDMNodeBase.cpp:554] PDMDev<pdm0> off ->xi0 , 0->2400000 AP state 1
17:25:51 apfs_sysctl_register:1562: done registering sysctls.
17:25:51 com_apple_filesystems_nfs: successfully loaded NFS module
17:25:51 HID: Legacy shim 2
17:25:51 HID: Legacy shim 2
17:25:51 L2TP domain init
17:25:51 L2TP domain init complete
17:25:51 Load request for com.apple.nke.pptp failed: -603946991
17:25:51 Codec Input: Could not find the safety offset seed property.
17:25:51 Speaker: Could not find the safety offset seed property.
17:25:51 virtual bool AppleM2ScalerCSCDriver::start(IOService *): DONE Waiting for IOSurfaceRoot
17:25:51 start: AP instance name dispext0
17:25:51 dart_allows_pte_remap = 1
17:25:51 AppleH13amIn::start - ISP SPMI0 register map physicl address = 0x22C900000.
17:25:51 AppleH13amIn::start - ISP SPMI register addresses = 0x<ptr> - 0x<ptr> - 0x<ptr> - 0x<ptr> - 0x00020000.
17:25:51 void AppleM2ScalerCSCDriver::getPerfStatesByEDTValue(IOService *) mMaxPerfStateClock = 0
17:25:51 WARNING: getDartPowerByEDTValue, Line=5472: Scaler DRIVER: EDT key direct-dart-power not found: EDT key manual-availability needed. Driver may fail.
17:25:51 virtual bool AppleM2ScalerCSCHal::mapRegisterMemory(IOService *): Scaler 0 RegisterMemoryMap[<ptr>]: base=<ptr> physical address = 0x263000000 length = 163840
17:25:51 virtual void AppleM2ScalerCSCHalMSR::detectHardwareVersion(socVersion): Scaler HW version: 0xb001c 
17:25:51 bool AppleM2ScalerCSCHal::initScalerPropertiesAndExtents(): Checking for SOC 0xa, HwVersion 0xb001c, against table SOC 0x1, and table version 0x10001
17:25:51 bool AppleM2ScalerCSCHal::initScalerPropertiesAndExtents(): Checking for SOC 0xa, HwVersion 0xb001c, against table SOC 0x1, and table version 0x10002
17:25:51 bool AppleM2ScalerCSCHal::initScalerPropertiesAndExtents(): Checking for SOC 0xa, HwVersion 0xb001c, against table SOC 0x2, and table version 0x20000
17:25:51 bool AppleM2ScalerCSCHal::initScalerPropertiesAndExtents(): Checking for SOC 0xa, HwVersion 0xb001c, against table SOC 0x2, and table version 0x30000
17:25:51 bool AppleM2ScalerCSCHal::initScalerPropertiesAndExtents(): Checking for SOC 0xa, HwVersion 0xb001c, against table SOC 0x2, and table version 0x40000
17:25:51 bool AppleM2ScalerCSCHal::initScalerPropertiesAndExtents(): Checking for SOC 0xa, HwVersion 0xb001c, against table SOC 0x3, and table version 0x50000
17:25:51 bool AppleM2ScalerCSCHal::initScalerPropertiesAndExtents(): Checking for SOC 0xa, HwVersion 0xb001c, against table SOC 0x5, and table version 0x60000
17:25:51 bool AppleM2ScalerCSCHal::initScalerPropertiesAndExtents(): Checking for SOC 0xa, HwVersion 0xb001c, against table SOC 0x6, and table version 0x70000
17:25:51 bool AppleM2ScalerCSCHal::initScalerPropertiesAndExtents(): Checking for SOC 0xa, HwVersion 0xb001c, against table SOC 0x7, and table version 0x8003f
17:25:51 bool AppleM2ScalerCSCHal::initScalerPropertiesAndExtents(): Checking for SOC 0xa, HwVersion 0xb001c, against table SOC 0x7, and table version 0x80040
17:25:51 bool AppleM2ScalerCSCHal::initScalerPropertiesAndExtents(): Checking for SOC 0xa, HwVersion 0xb001c, against table SOC 0x8, and table version 0x90082
17:25:51 bool AppleM2ScalerCSCHal::initScalerPropertiesAndExtents(): Checking for SOC 0xa, HwVersion 0xb001c, against table SOC 0x8, and table version 0x9009b
17:25:51 bool AppleM2ScalerCSCHal::initScalerPropertiesAndExtents(): Checking for SOC 0xa, HwVersion 0xb001c, against table SOC 0x8, and table version 0x900a7
17:25:51 bool AppleM2ScalerCSCHal::initScalerPropertiesAndExtents(): Checking for SOC 0xa, HwVersion 0xb001c, against table SOC 0x9, and table version 0xa000e
17:25:51 bool AppleM2ScalerCSCHal::initScalerPropertiesAndExtents(): Checking for SOC 0xa, HwVersion 0xb001c, against table SOC 0x9, and table version 0xa0012
17:25:51 bool AppleM2ScalerCSCHal::initScalerPropertiesAndExtents(): Checking for SOC 0xa, HwVersion 0xb001c, against table SOC 0xa, and table version 0xb0014
17:25:51 bool AppleM2ScalerCSCHal::initScalerPropertiesAndExtents(): Checking for SOC 0xa, HwVersion 0xb001c, against table SOC 0xa, and table version 0xb001b
17:25:51 bool AppleM2ScalerCSCHal::initScalerPropertiesAndExtents(): Checking for SOC 0xa, HwVersion 0xb001c, against table SOC 0xa, and table version 0xb001c
17:25:51 bool AppleM2ScalerCSCHal::initScalerPropertiesAndExtents(): Found properties and extents entry 17
17:25:51 [DCPEXT:nifiedPipeline.cpp:4175] IOMFB: Could not find PMU service
17:25:51 
17:25:51 [PMP:main.cpp:4480] PMP started
17:25:51 virtual bool AppleM2ScalerCSCDriver::start(IOService *): Object=<ptr>: Provider=<ptr>: Register Service
17:25:51 virtual bool AppleM2ScalerCSCDriver::start(IOService *): this=<ptr>, Added Scaler Number = 0
17:25:51 RTBuddy(GFX): Resuming...
17:25:51 
17:25:51 [DCPEXT:nifiedPipeline.cpp:4191] IOMFB: Could not find Backlight service
17:25:51 
17:25:51 start: AP instance name disp0
17:25:51 dart_allows_pte_remap = 1
17:25:51 Couldn't alloc class "AppleKeyStoreTest"
17:25:51 probe: manufacturer FireFish2
17:25:51 probe: manufacturer FireFish2
17:25:51 [DCP:nifiedPipeline.cpp:4175] IOMFB: Could not find PMU service
17:25:51 
17:25:51 rooting via boot-uuid from /chosen: DEADBEEF-DEAD-BEEF-DEAD-BEEFDEADBEEF
17:25:51 Waiting on <dict ID="0"><key>IOProviderClass</key><string ID="1">IOResources</string><key>IOResourceMatch</key><string ID="2">boot-uuid-media</string></dict>
17:25:51 probe: manufacturer FireFish2
17:25:51 probe: manufacturer FireFish2
17:25:51 probe: manufacturer FireFish2
17:25:51 Firefish driver found
17:25:51 AppleARMBacklight::start: No AAP function
17:25:51 AppleARMBacklight::start: Pre-strobe iDAC=2046 default 
17:25:51 probe: manufacturer FireFish2
17:25:51 probe: manufacturer FireFish2
17:25:51 probe: manufacturer FireFish2
17:25:51 AppleSPUVD6286 probe: manufacturer FireFish2
17:25:51 AppleSPUVD6287 probe: device name FireFish2
17:25:51 open by AppleSPUCT720 0x1000005fa (0x0)
17:25:51 [DCPEXT:nifiedPipeline.cpp:4199] IOMFB: Could not find nvram service
17:25:51 HID: Legacy shim 2
17:25:51 HID: Legacy shim 2
17:25:51 HID: Legacy shim 2
17:25:51 static AppleNVMeRequestPoolTagReserve *AppleNVMeRequestPoolTagReserve::Create(AppleNVMeWorkLoop *, uint8_t, uint16_t, uint32_t, bool, NVMeBufferAllocator *, lck_mtx_t *, NVMeCGType_t, IOMapper *)::138:NVMe Request Pool Init (Tag Reservation Case). First pvirtual IOReturn IONVMeController::CreateSubmissionQueue(uint16_t, uint8_t)::3177:SQ index=0 entrysize=64
17:25:51 virtual IOReturn IONVMeController::CreateSubmissionQueue(uint16_t, uint8_t)::3177:SQ index=1 entrysize=64
17:25:51 virtual void AppleANS3NVMeController::EnableLinearSQ()::127:Enabling LSQ
17:25:51 virtual void AppleANS2CGNVMeController::SetupAdminQueue()::216:Successfully enabled NVMe CoastGuard
17:25:51 virtual void AppleANS2NVMeController::SetModeselRegister(uint32_t)::1214:Setting modesel to 0
17:25:51 [ANS2:client1] Restarting rebuild from lba 7561006
17:25:51 [ANS2:client1]  boot mode normal
17:25:51 IOHIDInterface(0x100000607): matching deferred by AppleUserHIDEventService
17:25:51 [DCP:nifiedPipeline.cpp:4191] IOMFB: Could not find Backlight service
17:25:51 
17:25:51 [DCP:nifiedPipeline.cpp:4199] IOMFB: Could not find nvram service
17:25:51 
17:25:51 [DCP:nifiedPipeline.cpp:1838] virtual bool UnifiedPipeline::start_ios_gated(): Created AP Services
17:25:51 
17:25:51 [DCP:nifiedPipeline.cpp:1864] start_ios_gated: trigger pending HPD notification
17:25:51 
17:25:51 hotPlug_notify_gated: AP disp0 HPD notification not registered yet, hpdPending 1 hpdState 1
17:25:51 virtual IOReturn AppleNVMeRequestPoolTagReserve::Rebuild(uint8_t, uint32_t, bool, NVMeCGType_t, IOMapper *)::181:NVMe Request Pool Init (Tag Reservation Case). Second phase, RequestCount = 64
17:25:51 virtual IOReturn AppleANS2NVMeController::EnableCompletionQueue(uint16_t)::1948:nvme: Setting IOCQ base addr 0x825d28000
17:25:51 virtual IOReturn AppleANS2NVMeController::EnableSubmissionQueue(uint16_t)::1918:nvme: Setting IOSQ base addr 0x825d30000
17:25:51 bool AppleEmbeddedNVMeController::IdentifyNamespaces()::2009:nvme: Vendor ID     : 0x106b
17:25:51 bool AppleEmbeddedNVMeController::IdentifyNamespaces()::2010:nvme: Model Number  : APPLE SSD AP0512Q                       
17:25:51 bool AppleEmbeddedNVMeController::IdentifyNamespaces()::2011:nvme: Serial Number : 0ba0160c42cd141d    
17:25:51 bool AppleEmbeddedNVMeController::IdentifyNamespaces()::2012:nvme: Firmware Rev  : 359.60.3
17:25:51 bool AppleEmbeddedNVMeController::IdentifyNamespaces()::2080:nvme: S5E A0 Toshiba BiCS 4 tlc 3D 2 plane 512GB NAND
17:25:51 bool AppleEmbeddedNVMeController::IdentifyNamespaces()::2100:ECCVersion   : 1
17:25:51 bool AppleEmbeddedNVMeController::IdentifyNamespaces()::2104:FTL Rev      : 37.1
17:25:51 bool AppleEmbeddedNVMeController::IdentifyNamespaces()::2105:DM_Version   : 178
17:25:51 bool AppleEmbeddedNVMeController::IdentifyNamespaces()::2106:=======================
17:25:51 bool AppleEmbeddedNVMeController::IdentifyNamespaces()::2113:Found 3 namespaces in current NAND
17:25:51 bool AppleEmbeddedNVMeController::DetermineNamespaces()::2538:Identified nsid[1] as nstype[1]
17:25:51 bool AppleEmbeddedNVMeController::DetermineNamespaces()::2538:Identified nsid[2] as nstype[8]
17:25:51 bool AppleEmbeddedNVMeController::DetermineNamespaces()::2538:Identified nsid[3] as nstype[13]
17:25:51 [ANS2:client1]  setting walltime time 2605 --> 3592 and calendar 1637163886  --> 1789695966
17:25:51 HID: Legacy shim 2
17:25:51 virtual bool AppleEmbeddedNVMeController::AllocateNodes(bool)::1622:allocateAll 1
17:25:51 Couldn't alloc class "AppleKeyStoreTest"
17:25:51 AppleFileSystemDriver: using apfs-preboot-uuid
17:25:51 Codec Output: Could not find the safety offset seed property.
17:25:51 IOAccessoryManager::configureAccessoryPowerGated: AppleHPMDevice: Configuring Accessory Power to (1)
17:25:51 AppleTCControllerType10::configureAccessoryPowerGated: PowerModeOff
17:25:51 AppleTCControllerType10::configureAccessoryPowerInternal: _powerState=1, _powerStateInternal=0, _sleeping=0, _accessoryPowerModeExtOffRequested 0
17:25:52 AppleTCControllerType10::configureAccessoryPowerInternal: !getAccessoryPowerReady(); set PowerModeOff?
17:25:52 AppleTCControllerType10::configureAccessoryPowerInternal: handleAccessoryPowerWillChange, confirm PowerModeOff
17:25:52 [DCP:nifiedPipeline.cpp:1871] virtual bool UnifiedPipeline::start_ios_gated(): Flushed RTPs
17:25:52 
17:25:52 HID: Legacy shim 2
17:25:52 HID: Legacy shim 2
17:25:52 [ERROR] IOPort::initPortType(): [AppleTCControllerType10@102] Cannot init port type - it is already set! (m_portType: 2, portType: 2)
17:25:52 
17:25:52 HID: Legacy shim 2
17:25:52 IOPort::registerService(): [Port-USB-C@2] Registering service Port-USB-C@2...
17:25:52 
17:25:52 IOPort::registerService(): [Port-USB-C@2] Registering service Port-USB-C@2...
17:25:52 
17:25:52 SOCD container control key may not exist on this platform. SMCResult = (kSMCKeyNotFound)
17:25:52 IOPortTransportState::start(): [Port-USB-C@2: CC] m_parentPort->isFeatureSupported(kIOPortFeatureTRM): YES, this->isTRMSupported(): NO, (transportType: 1, parentPortType: 2, parentPortNumber: 2)
17:25:52 IOPortTransportState::registerService(): [Port-USB-C@2: CC] Registering service CC@... (transportType: 1, provider: Port-USB-C@2)
17:25:52 [ANS2:client1] Finished rebuilding GC Search BM
17:25:52 IOMFB set_ffr_index: Disabling overdrive (missing EDT data)
17:25:52 IOAccessoryTRM::start(): bootedFromRamDisk: NO, dockSupportsTRM: NO (m_mgrPrimaryPortID: 258)
17:25:52 IOAccessoryTRM::_setPropertiesGated(): Setting USB Restricted Mode: NO... (m_mgrPrimaryPortID: 258)
17:25:52 IOAccessoryTRM::_setPropertiesGated(): Could not set USB RM state - no reference to USB Connect Shim!
17:25:52 IOAccessoryTRM::start(): Registering service IOAccessoryTRM... (m_mgrPrimaryPortID: 258)
17:25:52 Couldn't alloc class "AppleKeyStoreTest"
17:25:52 AppleTCControllerType10::poweredStart(@0x3f) - start
17:25:52 AppleSMCSensorDispatcher::start: Found 12 sensors from the device tree
17:25:52 AppleSMCSensorDispatcher::start: Found 2 GPU sensor offsets from the device tree
17:25:52 AppleSMCSensorDispatcher::start: Start success
17:25:52 
17:25:52 [DCP:PPipeDCP_H13P.cpp:11092] IOMFB updateFrequencies: minimum-frequency property not found, using getClockFrequency(0) instead.
17:25:52 
17:25:52 
17:25:52 145589507us AppleThunderboltNHIType5(1)::unpoweredStart - enabled-ring-mask: 0
17:25:52 AppleTCController::setCurrentModeFlags(@0x3f) - No plug detected, all flags cleared
17:25:52 function-mcc_dataset not found 
17:25:52 IOMFB Ext RTBandwidth: using LEGACY
17:25:52 IOMFB Ext RTBandwidth: Scratch: 0x23b738018
17:25:52 IOMFB Ext RTBandwidth: Legacy IRQ: 0x23bc3c000, bit 3
17:25:52 IOMFB set_ffr_index: Disabling overdrive (missing EDT data)
17:25:52 [DCP:nifiedPipeline.cpp:1356] set_device_enabled_gated: current state: 1, requested state: 1
17:25:52 
17:25:52 [DCP:PPipeDCP_H13P.cpp:11092] IOMFB updateFrequencies: minimum-frequency property not found, using getClockFrequency(0) instead.
17:25:52 
17:25:52 IOThunderboltSwitch(1@0)::setupTRMPolicyForPort - trm_policy = <ptr>
17:25:52 APCIECPort::autoEnable(pcic1-bridge)
17:25:52 IOPort::registerService(): [Port-USB-C@2] Registering service Port-USB-C@2...
17:25:52 
17:25:52 [ PCI configuration begin ]
17:25:52 IOPCIConfigurator::configure kIOPCIEnumerationWaitTime is 900
17:25:52 [ PCI configuration end, bridges 2, devices 0 ]
17:25:52 AppleT8103USBXHCI@: AppleT8103USBXHCI::start: _powerControlInterrupt created
17:25:52 AppleSMCPMU::start
17:25:52 AppleT8103USBXDCI@: IOUSBDeviceController::prepareDefaults: model MacBookAir version 10.1
17:25:52 [DCPEXT:nifiedPipeline.cpp:1838] virtual bool UnifiedPipeline::start_ios_gated(): Created AP Services
17:25:52 function-mcc_dataset found 
17:25:52 AppleT8103USBXDCI@1: IOUSBDeviceController::createUSBDevice: configuration: No Description Provided
17:25:52 AppleT8103USBXDCI@1: IOUSBDeviceController::createUSBDevice:    interface: AppleUSBNCMControl
17:25:52 AppleT8103USBXDCI@1: IOUSBDeviceController::createUSBDevice:    interface: AppleUSBNCMData
17:25:52 AppleT8103USBXDCI@1: IOUSBDeviceController::createUSBDevice:    interface: AppleUSBNCMControlAux
17:25:52 AppleT8103USBXDCI@1: IOUSBDeviceController::createUSBDevice:    interface: AppleUSBNCMDataAux
17:25:52 (apciec1) AppleT8103PCIeC::setPowerState (<ptr>) 0
17:25:52 HID: Legacy shim 2
17:25:52 cryptoAlloc:650: Using 64 buffers with size 16384, 512 buffers size 65536
17:25:52 cryptoAlloc:650: Using 64 buffers with size 16384, 512 buffers size 65536
17:25:52 cryptoAlloc:650: Using 64 buffers with size 16384, 512 buffers size 65536
17:25:52 usb-drd1-port-ss@01200000: AppleUSB40XHCITypeCPort::cableChangeOccurred: cable disconnected, no action
17:25:52 usb-drd1-port-hs@01100000: AppleUSB20XHCITypeCPort::cableChangeOccurred: cable disconnected, no action
17:25:52 IOMFB Int RTBandwidth: using LEGACY
17:25:52 IOMFB Int RTBandwidth: Scratch: 0x23b738014
17:25:52 IOMFB Int RTBandwidth: Legacy IRQ: 0x23bc3c000, bit 2
17:25:52 [DCP:PPipeDCP_H13P.cpp:10490] set_run_mode_safe: deferring: 2 -> 4
17:25:52 
17:25:52 [DCP:PPipeDCP_H13P.cpp:10395] virtual IOMFBStatus IOMFB::UPPipeDCP_H13P::ready_for_run_mode_change(IOMFB::AppleRegisterStream *): initiating deferred run mod...
17:25:52 [DCP:M3Hal_v1.cpp:197] IOMFB: load APT M3 IMem : size 0x7948
17:25:52 
17:25:52 [DCP:M3Hal_v1.cpp:197] IOMFB: load APT M3 DMem : size 0x6f60
17:25:52 
17:25:52 [DCP:CAHandler.cpp:188] IOMFB load_ca_data: Unrecognized data version 0 (expected 1 or 2)
17:25:52 [DCP:UPPipe.cpp:3767] IOMFB read_pmu_data_sync: pmu ram read error (e00800d8)
17:25:52 
17:25:52 cryptoAlloc:650: Using 64 buffers with size 16384, 512 buffers size 65536
17:25:52 IOUSBDeviceConfigurator: controller->createUSBDevice()=0x00000000
17:25:52 [DCP:PPipeDCP_H13P.cpp:14085] IOMFB Int RTBandwidth: program_M3_rt_config: Using Legacy, scratch 23b738014
17:25:52 
17:25:52 [DCP:PPipeDCP_H13P.cpp:14105] IOMFB Int RTBandwidth: using legacy. Doorbell 23bc3c000, bit 2
17:25:52 
17:25:52 [DCP:UPTSQManager.cpp:133] IOMFB: clearing M3 reset
17:25:52 
17:25:52 [DCP:UPTSQ_Hal_v1.cpp:349] IOMFB: timebase_offset = 4
17:25:52 
17:25:52 swcrypto_threadpool_init:1504: Starting ThreadPool
17:25:52 swcrypto_threadpool_init:1526: 4 threads would be used for the ThreadPool
17:25:52 specread_work_queue_init:162: number of threads used for specread work queue 3
17:25:52 [DCP:UPTSQManager.cpp:105] IOMFB: switch to normal mode succeeded
17:25:52 
17:25:52 
17:25:52 dev_init:296: disk0s6 device accelerated crypto: 0 (compiled @ Jul 10 2023 22:11:39)
17:25:52 dev_init:299: disk0s6 device_handle block size 4096 block count 1310709 features 0 internal 
17:25:52 nx_mount:1224: disk0s6 initializing cache w/hash_size 8192 and cache size 32768
17:25:52 dev_init:296: disk0s2 device accelerated crypto: 0 (compiled @ Jul 10 2023 22:11:39)
17:25:52 dev_init:299: disk0s2 device_handle block size 4096 block count 62500096 features 0 internal 
17:25:52 nx_mount:1224: disk0s2 initializing cache w/hash_size 8192 and cache size 32768
17:25:52 AppleBTM::start
17:25:52 AppleSeraBTM::start (<ptr>)
17:25:52 AppleSeraBTM::start success
17:25:52 AppleT8103USBXDCI@1: IOUSBDeviceController::gated_registerFunction: register function AppleUSBNCMControl
17:25:52 AppleT8103USBXDCI@1: IOUSBDeviceController::gated_registerFunction: register function AppleUSBNCMControlAux
17:25:52 nx_mount:1553: disk0s6 checkpoint search: largest xid 143, best xid 143 @ 25
17:25:52 nx_mount:1580: disk0s6 stable checkpoint indices: desc 24 data 638
17:25:52 145728094us AppleThunderboltGenericHAL(1)::start - status = 0x0
17:25:52 AppleT8103USBXDCI@1: IOUSBDeviceController::gated_registerFunction: register function AppleUSBNCMData
17:25:52 AppleT8103USBXDCI@1: IOUSBDeviceController::gated_registerFunction: register function AppleUSBNCMDataAux
17:25:52 AppleT8103USBXDCI@1: IOUSBDeviceController::startUSBStack: starting usb stack
17:25:52 AppleT8103USBXDCI@1: IOUSBDeviceController::startUSBStack: not connected
17:25:52 AppleT8103USBXDCI@1: AppleUSBXDCI::goOnBus: not on bus
17:25:52 probe:3995: disk0s6 Caching extended container info for container disk0s6
17:25:52 Couldn't alloc class "AppleKeyStoreTest"
17:25:52 dev_init:296: disk0s1 device accelerated crypto: 0 (compiled @ Jul 10 2023 22:11:39)
17:25:52 dev_init:299: disk0s1 device_handle block size 4096 block count 128000 features 0 internal 
17:25:52 import_iboot_forwarded_roothash:3317: importing root hash (basesystem ? 0)...
17:25:52 nx_mount:1224: disk0s1 initializing cache w/hash_size 8192 and cache size 32768
17:25:52 dev_init:296: disk0s3 device accelerated crypto: 0 (compiled @ Jul 10 2023 22:11:39)
17:25:52 dev_init:299: disk0s3 device_handle block size 4096 block count 610304 features 0 internal 
17:25:52 nx_mount:1224: disk0s3 initializing cache w/hash_size 8192 and cache size 32768
17:25:52 ifnet_attach: All kernel threads created for interface anpi1 have been scheduled at least once. Proceeding.
17:25:52  nameBSDInterface() [anpi 1] returning 0x00000000
17:25:52  enableBSDInterface() [anpi1], returning 0x00000000
17:25:52 _dlil_get_flowswitch_buffer_size: anpi1 1500 1500
17:25:52  configureIPv6LLOnBSDInterface() [anpi1], IPv6 enable returning 0x00000000
17:25:52  disableTrafficShapingOnBSDInterface() [anpi1], disable traffic shaping returning 0x00000000
17:25:52 nx_mount:1553: disk0s1 checkpoint search: largest xid 26938, best xid 26938 @ 3
17:25:52 nx_mount:1580: disk0s1 stable checkpoint indices: desc 2 data 238
17:25:52 probe:3995: disk0s1 Caching extended container info for container disk0s1
17:25:52 nx_mount:1553: disk0s3 checkpoint search: largest xid 153, best xid 153 @ 25
17:25:52 nx_mount:1580: disk0s3 stable checkpoint indices: desc 24 data 606
17:25:52 nx_get_volume_group:8053: disk0s3 volume groups tree is not setup yet
17:25:52 getVolumeGroupMountFrom:8529: disk0s3 nx_get_volume_group(7A704A30-6E9E-4FD9-B36B-96DC32EA800F) failed with error 2
17:25:52 nx_get_volume_group:8053: disk0s3 volume groups tree is not setup yet
17:25:52 getVolumeGroupMountFrom:8529: disk0s3 nx_get_volume_group(7A704A30-6E9E-4FD9-B36B-96DC32EA800F) failed with error 2
17:25:52 probe:3995: disk0s3 Caching extended container info for container disk0s3
17:25:52 [DCPEXT:nifiedPipeline.cpp:1871] virtual bool UnifiedPipeline::start_ios_gated(): Flushed RTPs
17:25:52 nx_mount:1553: disk0s2 checkpoint search: largest xid 48121731, best xid 48121731 @ 249
17:25:52 nx_mount:1580: disk0s2 stable checkpoint indices: desc 248 data 17603
17:25:52 nx_get_volume_group:8053: disk0s2 volume groups tree is not setup yet
17:25:52 getVolumeGroupMountFrom:8529: disk0s2 nx_get_volume_group(5D1E4039-B994-4378-889A-C8752A56EA9C) failed with error 2
17:25:52 nx_get_volume_group:8053: disk0s2 volume groups tree is not setup yet
17:25:52 getVolumeGroupMountFrom:8529: disk0s2 nx_get_volume_group(5D1E4039-B994-4378-889A-C8752A56EA9C) failed with error 2
17:25:52 probe:3995: disk0s2 Caching extended container info for container disk0s2
17:25:52 virtual bool AppleEmbeddedNVMeController::AllocateNodes(bool)::1649:Creating blockdevice with NSID - 2, NSTYPE - 8
17:25:52 virtual IOReturn AppleNVMeNamespaceDevice::GetDeviceProperties()::272: Logical Blocks Size = 4096 
17:25:52  virtual IOReturn AppleNVMeNamespaceDevice::GetDeviceProperties()::275: Block Count = 768 
17:25:52  virtual bool AppleNVMeNamespaceDevice::start(IOService *)::111:NVMe Namespace Device registration done for NSID: 2, NSTYPE: 8
17:25:52 virtual bool AppleEmbeddedNVMeController::AllocateNodes(bool)::1649:Creating blockdevice with NSID - 3, NSTYPE - 13
17:25:52 virtual IOReturn AppleNVMeNamespaceDevice::GetDeviceProperties()::272: Logical Blocks Size = 4096 
17:25:52  virtual IOReturn AppleNVMeNamespaceDevice::GetDeviceProperties()::275: Block Count = 32768 
17:25:52  virtual bool AppleNVMeEAN::StartDevice(IOService *)::273:EAN StartDevice Done
17:25:52 virtual bool AppleNVMeNamespaceDevice::start(IOService *)::111:NVMe Namespace Device registration done for NSID: 3, NSTYPE: 13
17:25:52 virtual bool AppleEmbeddedNVMeController::StartController()::1591:Setting NAND status to Ready
17:25:52 virtual bool IONVMeController::start(IOService *)::849:Successfully initialized NVMe drive
17:25:52 void IONVMeController::HandleCompletionErrors(AppleNVMeRequest *, uint32_t)::6255:DWORD0=0x003f00c2 DWORD10=0x00000000 NVMeStatus=0xc0
17:25:52 void IONVMeController::HandleCompletionErrors(AppleNVMeRequest *, uint32_t)::6255:DWORD0=0x003f00c2 DWORD10=0x00000000 NVMeStatus=0xc0
17:25:52 
17:25:52 [DCPEXT:PPipeDCP_H13P.cpp:11122] IOMFB setup_video_limits called on secondary display with no timing set
17:25:52 IOPCIConfigurator::configure kIOPCIEnumerationWaitTime is 900
17:25:52 
17:25:52 AppleBCMWLANBusInterfacePCIe::isIOKitEnvironment() WLAN Active Driver mode IOKit
17:25:52 [DCPEXT:nifiedPipeline.cpp:1356] set_device_enabled_gated: current state: 1, requested state: 1
17:25:52 AppleBCMWLANBusInterfacePCIe::isIOKitEnvironment() WLAN Active Driver mode IOKit
17:25:52 
17:25:52 [DCPEXT:PPipeDCP_H13P.cpp:11122] IOMFB setup_video_limits called on secondary display with no timing set
17:25:52 AppleBCMWLANCore::init IO80211_kexts-1132.54 "IO80211_kexts-1132.54" Jul 10 2023 22:11:48
17:25:52 AppleBCMWLANV3_Drivers-1102.3 "AppleBCMWLANV3_Drivers-1102.3" Jul 10 2023 22:12:15 release  ([Debuggable - verbose] [Debuggable - socram] )
17:25:52 IO80211Controller::createIOReporters 0xffff9f4509542d7e
17:25:52 Couldn't alloc class "AppleKeyStoreTest"
17:25:52 IO80211 LQM Logging configure: 3
17:25:52  CCFlags: 0x3, CCLevel: 5 ConsoleFlags: 0x0, ConsoleLevel: -1
17:25:52  CCFlags: 0x4, CCLevel: 5 ConsoleFlags: 0x0, ConsoleLevel: -1
17:25:52 IO80211Controller::findAndAttachToFaultReporter found matching faultReporter
17:25:52 IO80211Controller::start _controller is 0xffff9f4509542d7e, provider is 0xffffc8973473b74a
17:25:52 Couldn't alloc class "AppleKeyStoreTest"
17:25:52 Couldn't alloc class "AppleKeyStoreTest"
17:25:52 Couldn't alloc class "AppleKeyStoreTest"
17:25:52 Couldn't alloc class "AppleKeyStoreTest"
17:25:52 
17:25:52 [DCPEXT:PPipeDCP_H13P.cpp:10468] set_run_mode_safe: no need to defer: 2 -> 1
17:25:52 CPMS: ASB has arrived
17:25:52 
17:25:52 [DCPEXT:PPipeDCP_H13P.cpp:10468] set_run_mode_safe: no need to defer: 1 -> 0
17:25:52 
17:25:52 [DCPEXT:nifiedPipeline.cpp:1356] set_device_enabled_gated: current state: 1, requested state: 0
17:25:52 
17:26:01 AssertMacros: err == 0 ,  file: /AppleInternal/Library/BuildRoots/ac308551-1a46-11ee-ab79-46d450270006/Library/Caches/com.apple.xbs/Sources/AppleSEPGenericTransfer/AppleSEPGenericTransfer/AppleSEPGenericTransfer.cpp, line: 577, value: -536870186
17:26:01 ERROR: AppleTrustedAccessoryManager::analyticsUpdateDailyDataHandler: AssertMacros: err == 0  (value = 0xffffffffe00002d6),  file: /AppleInternal/Library/BuildRoots/ac308551-1a46-11ee-ab79-46d450270006/Library/Caches/com.apple.xbs/Sources/TrustedAccessory
17:26:01 
17:26:52 [System Event] [4932384017] [INFO] [Subsystem: nvram] [Event: write] boot-picker-bringup-reason with data size 0x12
17:26:52 [System Event] [4932478494] [INFO] [Subsystem: nvram] [Event: sync] triggered
17:26:52 [System Event] [4932738423] [INFO] [Subsystem: nvram] [Event: write] boot-command to recover-system
17:26:52 [System Event] [4932814251] [INFO] [Subsystem: nvram] [Event: sync] triggered
17:26:52 Couldn't alloc class "AppleKeyStoreTest"
17:26:52 
17:26:52 About to reboot into Recovery!
17:26:52 [System Event] [4933025274] [INFO] [Subsystem: nvram] [Event: sync] triggered
17:26:52 AppleTAS5770LAmp _setPowerStage:1143 Set PowerStage (4 -> 8)
17:26:52 AppleTAS5770LAmp::_changePowerState:959 _powerStage=8
17:26:52 AppleTAS5770LAmp _setPowerStage:1143 Set PowerStage (8 -> 1)
17:26:52 AppleTAS5770LAmp::acknowledgeAllPendingPowerOffRequests [2]
17:26:52 AppleCS42L83Audio _setPowerStage:1143 Set PowerStage (4 -> 8)
17:26:52 AppleCS42L83Audio::_changePowerState:959 _powerStage=8
17:26:52 AppleCS42L83Audio _setPowerStage:1143 Set PowerStage (8 -> 1)
17:26:52 AppleCS42L83Audio::acknowledgeAllPendingPowerOffRequests [2]
17:26:52 [DCP:PPipeDCP_H13P.cpp:10490] set_run_mode_safe: deferring: 4 -> 1
17:26:52 
17:26:52 [DCP:PPipeDCP_H13P.cpp:10395] virtual IOMFBStatus IOMFB::UPPipeDCP_H13P::ready_for_run_mode_change(IOMFB::AppleRegisterStream *): initiating deferred run mod...
17:26:52 [DCP:UPTSQManager.cpp:150] IOMFBStatus IOMFB::UPTSQManager::power_down_M3(IOMFB::AppleRegisterStream *, UPTSQManager::ModeChangeWaiter *): request mode ch...
17:26:52 [DCP:UPTSQManager.cpp:162] IOMFBStatus IOMFB::UPTSQManager::power_down_M3(IOMFB::AppleRegisterStream *, UPTSQManager::ModeChangeWaiter *): disabling M3
17:26:52 
17:26:52 [DCP:PPipeDCP_H13P.cpp:10468] set_run_mode_safe: no need to defer: 1 -> 0
17:26:52 
17:26:52 [DCP:eoInterfaceIOAV.cpp:433] IOMFB: VideoInterfaceIOAV::did_power_off: m_power_ctrl->setPower( 0 )
17:26:52 
17:26:52 [DCP:eoInterfaceIOAV.cpp:146] IOMFB: IOAVVideoInterface terminated
17:26:52 AppleT8103USBXDCI@1: AppleUSBXDCI::goOnBus: not on bus
# 17:26:52 port error: read failed: [Errno 6] Device not configured; retrying
# 17:26:53 port error: [Errno 2] could not open port /dev/cu.usbmodemC02GR0ZMQ6LT3: [Errno 2] No such file or directory: '/dev/cu.usbmodemC02GR0ZMQ6LT3'; retrying
# 17:26:54 port error: [Errno 2] could not open port /dev/cu.usbmodemC02GR0ZMQ6LT3: [Errno 2] No such file or directory: '/dev/cu.usbmodemC02GR0ZMQ6LT3'; retrying
# 17:26:55 port error: [Errno 2] could not open port /dev/cu.usbmodemC02GR0ZMQ6LT3: [Errno 2] No such file or directory: '/dev/cu.usbmodemC02GR0ZMQ6LT3'; retrying
# 17:26:56 port error: [Errno 2] could not open port /dev/cu.usbmodemC02GR0ZMQ6LT3: [Errno 2] No such file or directory: '/dev/cu.usbmodemC02GR0ZMQ6LT3'; retrying
# 17:26:57 port error: [Errno 2] could not open port /dev/cu.usbmodemC02GR0ZMQ6LT3: [Errno 2] No such file or directory: '/dev/cu.usbmodemC02GR0ZMQ6LT3'; retrying
# 17:26:58 port error: [Errno 2] could not open port /dev/cu.usbmodemC02GR0ZMQ6LT3: [Errno 2] No such file or directory: '/dev/cu.usbmodemC02GR0ZMQ6LT3'; retrying
# 17:26:59 port error: [Errno 2] could not open port /dev/cu.usbmodemC02GR0ZMQ6LT3: [Errno 2] No such file or directory: '/dev/cu.usbmodemC02GR0ZMQ6LT3'; retrying
# 17:27:00 port error: [Errno 2] could not open port /dev/cu.usbmodemC02GR0ZMQ6LT3: [Errno 2] No such file or directory: '/dev/cu.usbmodemC02GR0ZMQ6LT3'; retrying
# 17:27:01 port error: [Errno 2] could not open port /dev/cu.usbmodemC02GR0ZMQ6LT3: [Errno 2] No such file or directory: '/dev/cu.usbmodemC02GR0ZMQ6LT3'; retrying
# 17:27:02 port error: [Errno 2] could not open port /dev/cu.usbmodemC02GR0ZMQ6LT3: [Errno 2] No such file or directory: '/dev/cu.usbmodemC02GR0ZMQ6LT3'; retrying
# 17:27:03 port error: [Errno 2] could not open port /dev/cu.usbmodemC02GR0ZMQ6LT3: [Errno 2] No such file or directory: '/dev/cu.usbmodemC02GR0ZMQ6LT3'; retrying
# 17:27:04 port error: [Errno 2] could not open port /dev/cu.usbmodemC02GR0ZMQ6LT3: [Errno 2] No such file or directory: '/dev/cu.usbmodemC02GR0ZMQ6LT3'; retrying
# 17:27:05 port error: [Errno 2] could not open port /dev/cu.usbmodemC02GR0ZMQ6LT3: [Errno 2] No such file or directory: '/dev/cu.usbmodemC02GR0ZMQ6LT3'; retrying
# 17:27:06 port error: [Errno 2] could not open port /dev/cu.usbmodemC02GR0ZMQ6LT3: [Errno 2] No such file or directory: '/dev/cu.usbmodemC02GR0ZMQ6LT3'; retrying
# 17:27:07 port error: [Errno 2] could not open port /dev/cu.usbmodemC02GR0ZMQ6LT3: [Errno 2] No such file or directory: '/dev/cu.usbmodemC02GR0ZMQ6LT3'; retrying
# 17:27:08 port error: [Errno 2] could not open port /dev/cu.usbmodemC02GR0ZMQ6LT3: [Errno 2] No such file or directory: '/dev/cu.usbmodemC02GR0ZMQ6LT3'; retrying
# 17:27:09 port error: [Errno 2] could not open port /dev/cu.usbmodemC02GR0ZMQ6LT3: [Errno 2] No such file or directory: '/dev/cu.usbmodemC02GR0ZMQ6LT3'; retrying
# 17:27:10 port error: [Errno 2] could not open port /dev/cu.usbmodemC02GR0ZMQ6LT3: [Errno 2] No such file or directory: '/dev/cu.usbmodemC02GR0ZMQ6LT3'; retrying
# 17:27:11 port error: [Errno 2] could not open port /dev/cu.usbmodemC02GR0ZMQ6LT3: [Errno 2] No such file or directory: '/dev/cu.usbmodemC02GR0ZMQ6LT3'; retrying
# 17:27:12 port error: [Errno 2] could not open port /dev/cu.usbmodemC02GR0ZMQ6LT3: [Errno 2] No such file or directory: '/dev/cu.usbmodemC02GR0ZMQ6LT3'; retrying
# 17:27:13 port error: [Errno 2] could not open port /dev/cu.usbmodemC02GR0ZMQ6LT3: [Errno 2] No such file or directory: '/dev/cu.usbmodemC02GR0ZMQ6LT3'; retrying
# 17:27:14 port error: [Errno 2] could not open port /dev/cu.usbmodemC02GR0ZMQ6LT3: [Errno 2] No such file or directory: '/dev/cu.usbmodemC02GR0ZMQ6LT3'; retrying
# 17:27:15 port error: [Errno 2] could not open port /dev/cu.usbmodemC02GR0ZMQ6LT3: [Errno 2] No such file or directory: '/dev/cu.usbmodemC02GR0ZMQ6LT3'; retrying
# 17:27:16 port error: [Errno 2] could not open port /dev/cu.usbmodemC02GR0ZMQ6LT3: [Errno 2] No such file or directory: '/dev/cu.usbmodemC02GR0ZMQ6LT3'; retrying
# 17:27:17 port error: [Errno 2] could not open port /dev/cu.usbmodemC02GR0ZMQ6LT3: [Errno 2] No such file or directory: '/dev/cu.usbmodemC02GR0ZMQ6LT3'; retrying
# 17:27:18 port error: [Errno 2] could not open port /dev/cu.usbmodemC02GR0ZMQ6LT3: [Errno 2] No such file or directory: '/dev/cu.usbmodemC02GR0ZMQ6LT3'; retrying
# 17:27:19 port error: [Errno 2] could not open port /dev/cu.usbmodemC02GR0ZMQ6LT3: [Errno 2] No such file or directory: '/dev/cu.usbmodemC02GR0ZMQ6LT3'; retrying
# 17:27:20 port error: [Errno 2] could not open port /dev/cu.usbmodemC02GR0ZMQ6LT3: [Errno 2] No such file or directory: '/dev/cu.usbmodemC02GR0ZMQ6LT3'; retrying
# 17:27:21 port error: [Errno 2] could not open port /dev/cu.usbmodemC02GR0ZMQ6LT3: [Errno 2] No such file or directory: '/dev/cu.usbmodemC02GR0ZMQ6LT3'; retrying
# 17:27:22 port error: [Errno 2] could not open port /dev/cu.usbmodemC02GR0ZMQ6LT3: [Errno 2] No such file or directory: '/dev/cu.usbmodemC02GR0ZMQ6LT3'; retrying
# 17:27:23 port error: [Errno 2] could not open port /dev/cu.usbmodemC02GR0ZMQ6LT3: [Errno 2] No such file or directory: '/dev/cu.usbmodemC02GR0ZMQ6LT3'; retrying
# 17:27:24 port error: [Errno 2] could not open port /dev/cu.usbmodemC02GR0ZMQ6LT3: [Errno 2] No such file or directory: '/dev/cu.usbmodemC02GR0ZMQ6LT3'; retrying
# 17:27:25 port error: [Errno 2] could not open port /dev/cu.usbmodemC02GR0ZMQ6LT3: [Errno 2] No such file or directory: '/dev/cu.usbmodemC02GR0ZMQ6LT3'; retrying
# 17:27:26 port error: [Errno 2] could not open port /dev/cu.usbmodemC02GR0ZMQ6LT3: [Errno 2] No such file or directory: '/dev/cu.usbmodemC02GR0ZMQ6LT3'; retrying
# 17:27:27 port error: [Errno 2] could not open port /dev/cu.usbmodemC02GR0ZMQ6LT3: [Errno 2] No such file or directory: '/dev/cu.usbmodemC02GR0ZMQ6LT3'; retrying
# 17:27:28 port error: [Errno 2] could not open port /dev/cu.usbmodemC02GR0ZMQ6LT3: [Errno 2] No such file or directory: '/dev/cu.usbmodemC02GR0ZMQ6LT3'; retrying
# 17:27:29 port error: [Errno 2] could not open port /dev/cu.usbmodemC02GR0ZMQ6LT3: [Errno 2] No such file or directory: '/dev/cu.usbmodemC02GR0ZMQ6LT3'; retrying
# 17:27:30 port error: [Errno 2] could not open port /dev/cu.usbmodemC02GR0ZMQ6LT3: [Errno 2] No such file or directory: '/dev/cu.usbmodemC02GR0ZMQ6LT3'; retrying
# 17:27:31 port error: [Errno 2] could not open port /dev/cu.usbmodemC02GR0ZMQ6LT3: [Errno 2] No such file or directory: '/dev/cu.usbmodemC02GR0ZMQ6LT3'; retrying
# 17:27:32 port error: [Errno 2] could not open port /dev/cu.usbmodemC02GR0ZMQ6LT3: [Errno 2] No such file or directory: '/dev/cu.usbmodemC02GR0ZMQ6LT3'; retrying
# 17:27:33 port error: [Errno 2] could not open port /dev/cu.usbmodemC02GR0ZMQ6LT3: [Errno 2] No such file or directory: '/dev/cu.usbmodemC02GR0ZMQ6LT3'; retrying
# 17:27:34 port error: [Errno 2] could not open port /dev/cu.usbmodemC02GR0ZMQ6LT3: [Errno 2] No such file or directory: '/dev/cu.usbmodemC02GR0ZMQ6LT3'; retrying
# 17:27:35 port error: [Errno 2] could not open port /dev/cu.usbmodemC02GR0ZMQ6LT3: [Errno 2] No such file or directory: '/dev/cu.usbmodemC02GR0ZMQ6LT3'; retrying
# 17:27:36 port error: [Errno 2] could not open port /dev/cu.usbmodemC02GR0ZMQ6LT3: [Errno 2] No such file or directory: '/dev/cu.usbmodemC02GR0ZMQ6LT3'; retrying
# 17:27:37 port error: [Errno 2] could not open port /dev/cu.usbmodemC02GR0ZMQ6LT3: [Errno 2] No such file or directory: '/dev/cu.usbmodemC02GR0ZMQ6LT3'; retrying
# 17:27:38 port error: [Errno 2] could not open port /dev/cu.usbmodemC02GR0ZMQ6LT3: [Errno 2] No such file or directory: '/dev/cu.usbmodemC02GR0ZMQ6LT3'; retrying
# 17:27:39 port error: [Errno 2] could not open port /dev/cu.usbmodemC02GR0ZMQ6LT3: [Errno 2] No such file or directory: '/dev/cu.usbmodemC02GR0ZMQ6LT3'; retrying
# 17:27:41 port error: [Errno 2] could not open port /dev/cu.usbmodemC02GR0ZMQ6LT3: [Errno 2] No such file or directory: '/dev/cu.usbmodemC02GR0ZMQ6LT3'; retrying
# 17:27:42 port error: [Errno 2] could not open port /dev/cu.usbmodemC02GR0ZMQ6LT3: [Errno 2] No such file or directory: '/dev/cu.usbmodemC02GR0ZMQ6LT3'; retrying
# 17:27:43 port error: [Errno 2] could not open port /dev/cu.usbmodemC02GR0ZMQ6LT3: [Errno 2] No such file or directory: '/dev/cu.usbmodemC02GR0ZMQ6LT3'; retrying
# 17:27:44 port error: [Errno 2] could not open port /dev/cu.usbmodemC02GR0ZMQ6LT3: [Errno 2] No such file or directory: '/dev/cu.usbmodemC02GR0ZMQ6LT3'; retrying
# 17:27:45 port error: [Errno 2] could not open port /dev/cu.usbmodemC02GR0ZMQ6LT3: [Errno 2] No such file or directory: '/dev/cu.usbmodemC02GR0ZMQ6LT3'; retrying
# 17:27:46 port error: [Errno 2] could not open port /dev/cu.usbmodemC02GR0ZMQ6LT3: [Errno 2] No such file or directory: '/dev/cu.usbmodemC02GR0ZMQ6LT3'; retrying
# 17:27:47 port error: [Errno 2] could not open port /dev/cu.usbmodemC02GR0ZMQ6LT3: [Errno 2] No such file or directory: '/dev/cu.usbmodemC02GR0ZMQ6LT3'; retrying
# 17:27:48 port error: [Errno 2] could not open port /dev/cu.usbmodemC02GR0ZMQ6LT3: [Errno 2] No such file or directory: '/dev/cu.usbmodemC02GR0ZMQ6LT3'; retrying
# 17:27:49 port error: [Errno 2] could not open port /dev/cu.usbmodemC02GR0ZMQ6LT3: [Errno 2] No such file or directory: '/dev/cu.usbmodemC02GR0ZMQ6LT3'; retrying
# 17:27:50 port error: [Errno 2] could not open port /dev/cu.usbmodemC02GR0ZMQ6LT3: [Errno 2] No such file or directory: '/dev/cu.usbmodemC02GR0ZMQ6LT3'; retrying
# 17:27:51 port error: [Errno 2] could not open port /dev/cu.usbmodemC02GR0ZMQ6LT3: [Errno 2] No such file or directory: '/dev/cu.usbmodemC02GR0ZMQ6LT3'; retrying
# 17:27:52 port error: [Errno 2] could not open port /dev/cu.usbmodemC02GR0ZMQ6LT3: [Errno 2] No such file or directory: '/dev/cu.usbmodemC02GR0ZMQ6LT3'; retrying
# 17:27:53 port error: [Errno 2] could not open port /dev/cu.usbmodemC02GR0ZMQ6LT3: [Errno 2] No such file or directory: '/dev/cu.usbmodemC02GR0ZMQ6LT3'; retrying
# 17:27:54 port error: [Errno 2] could not open port /dev/cu.usbmodemC02GR0ZMQ6LT3: [Errno 2] No such file or directory: '/dev/cu.usbmodemC02GR0ZMQ6LT3'; retrying
# 17:27:55 port error: [Errno 2] could not open port /dev/cu.usbmodemC02GR0ZMQ6LT3: [Errno 2] No such file or directory: '/dev/cu.usbmodemC02GR0ZMQ6LT3'; retrying
# 17:27:56 port error: [Errno 2] could not open port /dev/cu.usbmodemC02GR0ZMQ6LT3: [Errno 2] No such file or directory: '/dev/cu.usbmodemC02GR0ZMQ6LT3'; retrying
# 17:27:57 port error: [Errno 2] could not open port /dev/cu.usbmodemC02GR0ZMQ6LT3: [Errno 2] No such file or directory: '/dev/cu.usbmodemC02GR0ZMQ6LT3'; retrying
# 17:27:58 port error: [Errno 2] could not open port /dev/cu.usbmodemC02GR0ZMQ6LT3: [Errno 2] No such file or directory: '/dev/cu.usbmodemC02GR0ZMQ6LT3'; retrying
# 17:27:59 port error: [Errno 2] could not open port /dev/cu.usbmodemC02GR0ZMQ6LT3: [Errno 2] No such file or directory: '/dev/cu.usbmodemC02GR0ZMQ6LT3'; retrying
# 17:28:00 port error: [Errno 2] could not open port /dev/cu.usbmodemC02GR0ZMQ6LT3: [Errno 2] No such file or directory: '/dev/cu.usbmodemC02GR0ZMQ6LT3'; retrying
# 17:28:01 port error: [Errno 2] could not open port /dev/cu.usbmodemC02GR0ZMQ6LT3: [Errno 2] No such file or directory: '/dev/cu.usbmodemC02GR0ZMQ6LT3'; retrying
# 17:28:02 port error: [Errno 2] could not open port /dev/cu.usbmodemC02GR0ZMQ6LT3: [Errno 2] No such file or directory: '/dev/cu.usbmodemC02GR0ZMQ6LT3'; retrying
# 17:28:03 port error: [Errno 2] could not open port /dev/cu.usbmodemC02GR0ZMQ6LT3: [Errno 2] No such file or directory: '/dev/cu.usbmodemC02GR0ZMQ6LT3'; retrying
# 17:28:04 port error: [Errno 2] could not open port /dev/cu.usbmodemC02GR0ZMQ6LT3: [Errno 2] No such file or directory: '/dev/cu.usbmodemC02GR0ZMQ6LT3'; retrying
# 17:28:05 port error: [Errno 2] could not open port /dev/cu.usbmodemC02GR0ZMQ6LT3: [Errno 2] No such file or directory: '/dev/cu.usbmodemC02GR0ZMQ6LT3'; retrying
# 17:28:06 port error: [Errno 2] could not open port /dev/cu.usbmodemC02GR0ZMQ6LT3: [Errno 2] No such file or directory: '/dev/cu.usbmodemC02GR0ZMQ6LT3'; retrying
# 17:28:07 port error: [Errno 2] could not open port /dev/cu.usbmodemC02GR0ZMQ6LT3: [Errno 2] No such file or directory: '/dev/cu.usbmodemC02GR0ZMQ6LT3'; retrying
# 17:28:08 port error: [Errno 2] could not open port /dev/cu.usbmodemC02GR0ZMQ6LT3: [Errno 2] No such file or directory: '/dev/cu.usbmodemC02GR0ZMQ6LT3'; retrying
# 17:28:09 port error: [Errno 2] could not open port /dev/cu.usbmodemC02GR0ZMQ6LT3: [Errno 2] No such file or directory: '/dev/cu.usbmodemC02GR0ZMQ6LT3'; retrying
# 17:28:10 port error: [Errno 2] could not open port /dev/cu.usbmodemC02GR0ZMQ6LT3: [Errno 2] No such file or directory: '/dev/cu.usbmodemC02GR0ZMQ6LT3'; retrying
# 17:28:11 port error: [Errno 2] could not open port /dev/cu.usbmodemC02GR0ZMQ6LT3: [Errno 2] No such file or directory: '/dev/cu.usbmodemC02GR0ZMQ6LT3'; retrying
# 17:28:12 port error: [Errno 2] could not open port /dev/cu.usbmodemC02GR0ZMQ6LT3: [Errno 2] No such file or directory: '/dev/cu.usbmodemC02GR0ZMQ6LT3'; retrying
# 17:28:13 port error: [Errno 2] could not open port /dev/cu.usbmodemC02GR0ZMQ6LT3: [Errno 2] No such file or directory: '/dev/cu.usbmodemC02GR0ZMQ6LT3'; retrying
# 17:28:14 port error: [Errno 2] could not open port /dev/cu.usbmodemC02GR0ZMQ6LT3: [Errno 2] No such file or directory: '/dev/cu.usbmodemC02GR0ZMQ6LT3'; retrying
# 17:28:15 port error: [Errno 2] could not open port /dev/cu.usbmodemC02GR0ZMQ6LT3: [Errno 2] No such file or directory: '/dev/cu.usbmodemC02GR0ZMQ6LT3'; retrying
# 17:28:16 port error: [Errno 2] could not open port /dev/cu.usbmodemC02GR0ZMQ6LT3: [Errno 2] No such file or directory: '/dev/cu.usbmodemC02GR0ZMQ6LT3'; retrying
# 17:28:17 port error: [Errno 2] could not open port /dev/cu.usbmodemC02GR0ZMQ6LT3: [Errno 2] No such file or directory: '/dev/cu.usbmodemC02GR0ZMQ6LT3'; retrying
# 17:28:18 port error: [Errno 2] could not open port /dev/cu.usbmodemC02GR0ZMQ6LT3: [Errno 2] No such file or directory: '/dev/cu.usbmodemC02GR0ZMQ6LT3'; retrying
# 17:28:19 port error: [Errno 2] could not open port /dev/cu.usbmodemC02GR0ZMQ6LT3: [Errno 2] No such file or directory: '/dev/cu.usbmodemC02GR0ZMQ6LT3'; retrying
# 17:28:20 port error: [Errno 2] could not open port /dev/cu.usbmodemC02GR0ZMQ6LT3: [Errno 2] No such file or directory: '/dev/cu.usbmodemC02GR0ZMQ6LT3'; retrying
# 17:28:21 port error: [Errno 2] could not open port /dev/cu.usbmodemC02GR0ZMQ6LT3: [Errno 2] No such file or directory: '/dev/cu.usbmodemC02GR0ZMQ6LT3'; retrying
# 17:28:22 port error: [Errno 2] could not open port /dev/cu.usbmodemC02GR0ZMQ6LT3: [Errno 2] No such file or directory: '/dev/cu.usbmodemC02GR0ZMQ6LT3'; retrying
# 17:28:23 port error: [Errno 2] could not open port /dev/cu.usbmodemC02GR0ZMQ6LT3: [Errno 2] No such file or directory: '/dev/cu.usbmodemC02GR0ZMQ6LT3'; retrying
# 17:28:24 port error: [Errno 2] could not open port /dev/cu.usbmodemC02GR0ZMQ6LT3: [Errno 2] No such file or directory: '/dev/cu.usbmodemC02GR0ZMQ6LT3'; retrying
# 17:28:25 port error: [Errno 2] could not open port /dev/cu.usbmodemC02GR0ZMQ6LT3: [Errno 2] No such file or directory: '/dev/cu.usbmodemC02GR0ZMQ6LT3'; retrying
# 17:28:26 port error: [Errno 2] could not open port /dev/cu.usbmodemC02GR0ZMQ6LT3: [Errno 2] No such file or directory: '/dev/cu.usbmodemC02GR0ZMQ6LT3'; retrying
# 17:28:27 port error: [Errno 2] could not open port /dev/cu.usbmodemC02GR0ZMQ6LT3: [Errno 2] No such file or directory: '/dev/cu.usbmodemC02GR0ZMQ6LT3'; retrying
# 17:28:28 port error: [Errno 2] could not open port /dev/cu.usbmodemC02GR0ZMQ6LT3: [Errno 2] No such file or directory: '/dev/cu.usbmodemC02GR0ZMQ6LT3'; retrying
# 17:28:29 port error: [Errno 2] could not open port /dev/cu.usbmodemC02GR0ZMQ6LT3: [Errno 2] No such file or directory: '/dev/cu.usbmodemC02GR0ZMQ6LT3'; retrying
# 17:28:30 port error: [Errno 2] could not open port /dev/cu.usbmodemC02GR0ZMQ6LT3: [Errno 2] No such file or directory: '/dev/cu.usbmodemC02GR0ZMQ6LT3'; retrying
# 17:28:31 port error: [Errno 2] could not open port /dev/cu.usbmodemC02GR0ZMQ6LT3: [Errno 2] No such file or directory: '/dev/cu.usbmodemC02GR0ZMQ6LT3'; retrying
# 17:28:32 port error: [Errno 2] could not open port /dev/cu.usbmodemC02GR0ZMQ6LT3: [Errno 2] No such file or directory: '/dev/cu.usbmodemC02GR0ZMQ6LT3'; retrying
# 17:28:33 port error: [Errno 2] could not open port /dev/cu.usbmodemC02GR0ZMQ6LT3: [Errno 2] No such file or directory: '/dev/cu.usbmodemC02GR0ZMQ6LT3'; retrying
# 17:28:34 port error: [Errno 2] could not open port /dev/cu.usbmodemC02GR0ZMQ6LT3: [Errno 2] No such file or directory: '/dev/cu.usbmodemC02GR0ZMQ6LT3'; retrying
# 17:28:35 port error: [Errno 2] could not open port /dev/cu.usbmodemC02GR0ZMQ6LT3: [Errno 2] No such file or directory: '/dev/cu.usbmodemC02GR0ZMQ6LT3'; retrying
# 17:28:36 port error: [Errno 2] could not open port /dev/cu.usbmodemC02GR0ZMQ6LT3: [Errno 2] No such file or directory: '/dev/cu.usbmodemC02GR0ZMQ6LT3'; retrying
# 17:28:37 port error: [Errno 2] could not open port /dev/cu.usbmodemC02GR0ZMQ6LT3: [Errno 2] No such file or directory: '/dev/cu.usbmodemC02GR0ZMQ6LT3'; retrying
# 17:28:38 port error: [Errno 2] could not open port /dev/cu.usbmodemC02GR0ZMQ6LT3: [Errno 2] No such file or directory: '/dev/cu.usbmodemC02GR0ZMQ6LT3'; retrying
# 17:28:39 port error: [Errno 2] could not open port /dev/cu.usbmodemC02GR0ZMQ6LT3: [Errno 2] No such file or directory: '/dev/cu.usbmodemC02GR0ZMQ6LT3'; retrying
# 17:28:40 port error: [Errno 2] could not open port /dev/cu.usbmodemC02GR0ZMQ6LT3: [Errno 2] No such file or directory: '/dev/cu.usbmodemC02GR0ZMQ6LT3'; retrying
# 17:28:41 port error: [Errno 2] could not open port /dev/cu.usbmodemC02GR0ZMQ6LT3: [Errno 2] No such file or directory: '/dev/cu.usbmodemC02GR0ZMQ6LT3'; retrying
# 17:28:42 port error: [Errno 2] could not open port /dev/cu.usbmodemC02GR0ZMQ6LT3: [Errno 2] No such file or directory: '/dev/cu.usbmodemC02GR0ZMQ6LT3'; retrying
# 17:28:43 port error: [Errno 2] could not open port /dev/cu.usbmodemC02GR0ZMQ6LT3: [Errno 2] No such file or directory: '/dev/cu.usbmodemC02GR0ZMQ6LT3'; retrying
# 17:28:44 port error: [Errno 2] could not open port /dev/cu.usbmodemC02GR0ZMQ6LT3: [Errno 2] No such file or directory: '/dev/cu.usbmodemC02GR0ZMQ6LT3'; retrying
# 17:28:45 port error: [Errno 2] could not open port /dev/cu.usbmodemC02GR0ZMQ6LT3: [Errno 2] No such file or directory: '/dev/cu.usbmodemC02GR0ZMQ6LT3'; retrying
# 17:28:46 port error: [Errno 2] could not open port /dev/cu.usbmodemC02GR0ZMQ6LT3: [Errno 2] No such file or directory: '/dev/cu.usbmodemC02GR0ZMQ6LT3'; retrying
# 17:28:47 port error: [Errno 2] could not open port /dev/cu.usbmodemC02GR0ZMQ6LT3: [Errno 2] No such file or directory: '/dev/cu.usbmodemC02GR0ZMQ6LT3'; retrying
# 17:28:48 port error: [Errno 2] could not open port /dev/cu.usbmodemC02GR0ZMQ6LT3: [Errno 2] No such file or directory: '/dev/cu.usbmodemC02GR0ZMQ6LT3'; retrying
# 17:28:49 port error: [Errno 2] could not open port /dev/cu.usbmodemC02GR0ZMQ6LT3: [Errno 2] No such file or directory: '/dev/cu.usbmodemC02GR0ZMQ6LT3'; retrying
# 17:28:50 port error: [Errno 2] could not open port /dev/cu.usbmodemC02GR0ZMQ6LT3: [Errno 2] No such file or directory: '/dev/cu.usbmodemC02GR0ZMQ6LT3'; retrying
# 17:28:51 port error: [Errno 2] could not open port /dev/cu.usbmodemC02GR0ZMQ6LT3: [Errno 2] No such file or directory: '/dev/cu.usbmodemC02GR0ZMQ6LT3'; retrying
# 17:28:52 port error: [Errno 2] could not open port /dev/cu.usbmodemC02GR0ZMQ6LT3: [Errno 2] No such file or directory: '/dev/cu.usbmodemC02GR0ZMQ6LT3'; retrying
# 17:28:53 port error: [Errno 2] could not open port /dev/cu.usbmodemC02GR0ZMQ6LT3: [Errno 2] No such file or directory: '/dev/cu.usbmodemC02GR0ZMQ6LT3'; retrying
# 17:28:54 port error: [Errno 2] could not open port /dev/cu.usbmodemC02GR0ZMQ6LT3: [Errno 2] No such file or directory: '/dev/cu.usbmodemC02GR0ZMQ6LT3'; retrying
# 17:28:55 port error: [Errno 2] could not open port /dev/cu.usbmodemC02GR0ZMQ6LT3: [Errno 2] No such file or directory: '/dev/cu.usbmodemC02GR0ZMQ6LT3'; retrying
# 17:28:56 port error: [Errno 2] could not open port /dev/cu.usbmodemC02GR0ZMQ6LT3: [Errno 2] No such file or directory: '/dev/cu.usbmodemC02GR0ZMQ6LT3'; retrying
# 17:28:57 port error: [Errno 2] could not open port /dev/cu.usbmodemC02GR0ZMQ6LT3: [Errno 2] No such file or directory: '/dev/cu.usbmodemC02GR0ZMQ6LT3'; retrying
# 17:28:58 port error: [Errno 2] could not open port /dev/cu.usbmodemC02GR0ZMQ6LT3: [Errno 2] No such file or directory: '/dev/cu.usbmodemC02GR0ZMQ6LT3'; retrying
# 17:28:59 port error: [Errno 2] could not open port /dev/cu.usbmodemC02GR0ZMQ6LT3: [Errno 2] No such file or directory: '/dev/cu.usbmodemC02GR0ZMQ6LT3'; retrying
# 17:29:00 port error: [Errno 2] could not open port /dev/cu.usbmodemC02GR0ZMQ6LT3: [Errno 2] No such file or directory: '/dev/cu.usbmodemC02GR0ZMQ6LT3'; retrying
# 17:29:01 port error: [Errno 2] could not open port /dev/cu.usbmodemC02GR0ZMQ6LT3: [Errno 2] No such file or directory: '/dev/cu.usbmodemC02GR0ZMQ6LT3'; retrying
# 17:29:02 port error: [Errno 2] could not open port /dev/cu.usbmodemC02GR0ZMQ6LT3: [Errno 2] No such file or directory: '/dev/cu.usbmodemC02GR0ZMQ6LT3'; retrying
# 17:29:03 port error: [Errno 2] could not open port /dev/cu.usbmodemC02GR0ZMQ6LT3: [Errno 2] No such file or directory: '/dev/cu.usbmodemC02GR0ZMQ6LT3'; retrying
# 17:29:04 port error: [Errno 2] could not open port /dev/cu.usbmodemC02GR0ZMQ6LT3: [Errno 2] No such file or directory: '/dev/cu.usbmodemC02GR0ZMQ6LT3'; retrying
# 17:29:05 port error: [Errno 2] could not open port /dev/cu.usbmodemC02GR0ZMQ6LT3: [Errno 2] No such file or directory: '/dev/cu.usbmodemC02GR0ZMQ6LT3'; retrying
# 17:29:06 port error: [Errno 2] could not open port /dev/cu.usbmodemC02GR0ZMQ6LT3: [Errno 2] No such file or directory: '/dev/cu.usbmodemC02GR0ZMQ6LT3'; retrying
# 17:29:07 port error: [Errno 2] could not open port /dev/cu.usbmodemC02GR0ZMQ6LT3: [Errno 2] No such file or directory: '/dev/cu.usbmodemC02GR0ZMQ6LT3'; retrying
# 17:29:08 port error: [Errno 2] could not open port /dev/cu.usbmodemC02GR0ZMQ6LT3: [Errno 2] No such file or directory: '/dev/cu.usbmodemC02GR0ZMQ6LT3'; retrying
# 17:29:09 port error: [Errno 2] could not open port /dev/cu.usbmodemC02GR0ZMQ6LT3: [Errno 2] No such file or directory: '/dev/cu.usbmodemC02GR0ZMQ6LT3'; retrying
# 17:29:10 port error: [Errno 2] could not open port /dev/cu.usbmodemC02GR0ZMQ6LT3: [Errno 2] No such file or directory: '/dev/cu.usbmodemC02GR0ZMQ6LT3'; retrying
# 17:29:11 port error: [Errno 2] could not open port /dev/cu.usbmodemC02GR0ZMQ6LT3: [Errno 2] No such file or directory: '/dev/cu.usbmodemC02GR0ZMQ6LT3'; retrying
# 17:29:12 port error: [Errno 2] could not open port /dev/cu.usbmodemC02GR0ZMQ6LT3: [Errno 2] No such file or directory: '/dev/cu.usbmodemC02GR0ZMQ6LT3'; retrying
# 17:29:13 port error: [Errno 2] could not open port /dev/cu.usbmodemC02GR0ZMQ6LT3: [Errno 2] No such file or directory: '/dev/cu.usbmodemC02GR0ZMQ6LT3'; retrying
# 17:29:14 port error: [Errno 2] could not open port /dev/cu.usbmodemC02GR0ZMQ6LT3: [Errno 2] No such file or directory: '/dev/cu.usbmodemC02GR0ZMQ6LT3'; retrying
# 17:29:15 port error: [Errno 2] could not open port /dev/cu.usbmodemC02GR0ZMQ6LT3: [Errno 2] No such file or directory: '/dev/cu.usbmodemC02GR0ZMQ6LT3'; retrying
# 17:29:16 port error: [Errno 2] could not open port /dev/cu.usbmodemC02GR0ZMQ6LT3: [Errno 2] No such file or directory: '/dev/cu.usbmodemC02GR0ZMQ6LT3'; retrying
# 17:29:17 port error: [Errno 2] could not open port /dev/cu.usbmodemC02GR0ZMQ6LT3: [Errno 2] No such file or directory: '/dev/cu.usbmodemC02GR0ZMQ6LT3'; retrying
# 17:29:18 port error: [Errno 2] could not open port /dev/cu.usbmodemC02GR0ZMQ6LT3: [Errno 2] No such file or directory: '/dev/cu.usbmodemC02GR0ZMQ6LT3'; retrying
# 17:29:19 port error: [Errno 2] could not open port /dev/cu.usbmodemC02GR0ZMQ6LT3: [Errno 2] No such file or directory: '/dev/cu.usbmodemC02GR0ZMQ6LT3'; retrying
# 17:29:20 port error: [Errno 2] could not open port /dev/cu.usbmodemC02GR0ZMQ6LT3: [Errno 2] No such file or directory: '/dev/cu.usbmodemC02GR0ZMQ6LT3'; retrying
# 17:29:21 port error: [Errno 2] could not open port /dev/cu.usbmodemC02GR0ZMQ6LT3: [Errno 2] No such file or directory: '/dev/cu.usbmodemC02GR0ZMQ6LT3'; retrying
# 17:29:22 port error: [Errno 2] could not open port /dev/cu.usbmodemC02GR0ZMQ6LT3: [Errno 2] No such file or directory: '/dev/cu.usbmodemC02GR0ZMQ6LT3'; retrying
# 17:29:23 port error: [Errno 2] could not open port /dev/cu.usbmodemC02GR0ZMQ6LT3: [Errno 2] No such file or directory: '/dev/cu.usbmodemC02GR0ZMQ6LT3'; retrying
# 17:29:24 port error: [Errno 2] could not open port /dev/cu.usbmodemC02GR0ZMQ6LT3: [Errno 2] No such file or directory: '/dev/cu.usbmodemC02GR0ZMQ6LT3'; retrying
# 17:29:25 port error: [Errno 2] could not open port /dev/cu.usbmodemC02GR0ZMQ6LT3: [Errno 2] No such file or directory: '/dev/cu.usbmodemC02GR0ZMQ6LT3'; retrying
# 17:29:26 port error: [Errno 2] could not open port /dev/cu.usbmodemC02GR0ZMQ6LT3: [Errno 2] No such file or directory: '/dev/cu.usbmodemC02GR0ZMQ6LT3'; retrying
# 17:29:27 port error: [Errno 2] could not open port /dev/cu.usbmodemC02GR0ZMQ6LT3: [Errno 2] No such file or directory: '/dev/cu.usbmodemC02GR0ZMQ6LT3'; retrying
# 17:29:28 port error: [Errno 2] could not open port /dev/cu.usbmodemC02GR0ZMQ6LT3: [Errno 2] No such file or directory: '/dev/cu.usbmodemC02GR0ZMQ6LT3'; retrying
# 17:29:29 port error: [Errno 2] could not open port /dev/cu.usbmodemC02GR0ZMQ6LT3: [Errno 2] No such file or directory: '/dev/cu.usbmodemC02GR0ZMQ6LT3'; retrying
# 17:29:30 port error: [Errno 2] could not open port /dev/cu.usbmodemC02GR0ZMQ6LT3: [Errno 2] No such file or directory: '/dev/cu.usbmodemC02GR0ZMQ6LT3'; retrying
# 17:29:31 port error: [Errno 2] could not open port /dev/cu.usbmodemC02GR0ZMQ6LT3: [Errno 2] No such file or directory: '/dev/cu.usbmodemC02GR0ZMQ6LT3'; retrying
# 17:29:32 port error: [Errno 2] could not open port /dev/cu.usbmodemC02GR0ZMQ6LT3: [Errno 2] No such file or directory: '/dev/cu.usbmodemC02GR0ZMQ6LT3'; retrying
# 17:29:33 port error: [Errno 2] could not open port /dev/cu.usbmodemC02GR0ZMQ6LT3: [Errno 2] No such file or directory: '/dev/cu.usbmodemC02GR0ZMQ6LT3'; retrying
# 17:29:34 port error: [Errno 2] could not open port /dev/cu.usbmodemC02GR0ZMQ6LT3: [Errno 2] No such file or directory: '/dev/cu.usbmodemC02GR0ZMQ6LT3'; retrying
# 17:29:35 port error: [Errno 2] could not open port /dev/cu.usbmodemC02GR0ZMQ6LT3: [Errno 2] No such file or directory: '/dev/cu.usbmodemC02GR0ZMQ6LT3'; retrying
# 17:29:36 port error: [Errno 2] could not open port /dev/cu.usbmodemC02GR0ZMQ6LT3: [Errno 2] No such file or directory: '/dev/cu.usbmodemC02GR0ZMQ6LT3'; retrying
# 17:29:37 port error: [Errno 2] could not open port /dev/cu.usbmodemC02GR0ZMQ6LT3: [Errno 2] No such file or directory: '/dev/cu.usbmodemC02GR0ZMQ6LT3'; retrying
# 17:29:38 port error: [Errno 2] could not open port /dev/cu.usbmodemC02GR0ZMQ6LT3: [Errno 2] No such file or directory: '/dev/cu.usbmodemC02GR0ZMQ6LT3'; retrying
# 17:29:39 port error: [Errno 2] could not open port /dev/cu.usbmodemC02GR0ZMQ6LT3: [Errno 2] No such file or directory: '/dev/cu.usbmodemC02GR0ZMQ6LT3'; retrying
# 17:29:40 port error: [Errno 2] could not open port /dev/cu.usbmodemC02GR0ZMQ6LT3: [Errno 2] No such file or directory: '/dev/cu.usbmodemC02GR0ZMQ6LT3'; retrying
# 17:29:41 port error: [Errno 2] could not open port /dev/cu.usbmodemC02GR0ZMQ6LT3: [Errno 2] No such file or directory: '/dev/cu.usbmodemC02GR0ZMQ6LT3'; retrying
# 17:29:42 port error: [Errno 2] could not open port /dev/cu.usbmodemC02GR0ZMQ6LT3: [Errno 2] No such file or directory: '/dev/cu.usbmodemC02GR0ZMQ6LT3'; retrying
# 17:29:43 port error: [Errno 2] could not open port /dev/cu.usbmodemC02GR0ZMQ6LT3: [Errno 2] No such file or directory: '/dev/cu.usbmodemC02GR0ZMQ6LT3'; retrying
# 17:29:44 port error: [Errno 2] could not open port /dev/cu.usbmodemC02GR0ZMQ6LT3: [Errno 2] No such file or directory: '/dev/cu.usbmodemC02GR0ZMQ6LT3'; retrying
# 17:29:45 port error: [Errno 2] could not open port /dev/cu.usbmodemC02GR0ZMQ6LT3: [Errno 2] No such file or directory: '/dev/cu.usbmodemC02GR0ZMQ6LT3'; retrying
# 17:29:46 port error: [Errno 2] could not open port /dev/cu.usbmodemC02GR0ZMQ6LT3: [Errno 2] No such file or directory: '/dev/cu.usbmodemC02GR0ZMQ6LT3'; retrying
# 17:29:47 port error: [Errno 2] could not open port /dev/cu.usbmodemC02GR0ZMQ6LT3: [Errno 2] No such file or directory: '/dev/cu.usbmodemC02GR0ZMQ6LT3'; retrying
# 17:29:48 port error: [Errno 2] could not open port /dev/cu.usbmodemC02GR0ZMQ6LT3: [Errno 2] No such file or directory: '/dev/cu.usbmodemC02GR0ZMQ6LT3'; retrying
# 17:29:49 port error: [Errno 2] could not open port /dev/cu.usbmodemC02GR0ZMQ6LT3: [Errno 2] No such file or directory: '/dev/cu.usbmodemC02GR0ZMQ6LT3'; retrying
# 17:29:50 port error: [Errno 2] could not open port /dev/cu.usbmodemC02GR0ZMQ6LT3: [Errno 2] No such file or directory: '/dev/cu.usbmodemC02GR0ZMQ6LT3'; retrying
# 17:29:51 port error: [Errno 2] could not open port /dev/cu.usbmodemC02GR0ZMQ6LT3: [Errno 2] No such file or directory: '/dev/cu.usbmodemC02GR0ZMQ6LT3'; retrying
# 17:29:52 port error: [Errno 2] could not open port /dev/cu.usbmodemC02GR0ZMQ6LT3: [Errno 2] No such file or directory: '/dev/cu.usbmodemC02GR0ZMQ6LT3'; retrying
# 17:29:53 port error: [Errno 2] could not open port /dev/cu.usbmodemC02GR0ZMQ6LT3: [Errno 2] No such file or directory: '/dev/cu.usbmodemC02GR0ZMQ6LT3'; retrying
# 17:29:55 port error: [Errno 2] could not open port /dev/cu.usbmodemC02GR0ZMQ6LT3: [Errno 2] No such file or directory: '/dev/cu.usbmodemC02GR0ZMQ6LT3'; retrying
# 17:29:56 port error: [Errno 2] could not open port /dev/cu.usbmodemC02GR0ZMQ6LT3: [Errno 2] No such file or directory: '/dev/cu.usbmodemC02GR0ZMQ6LT3'; retrying
# 17:29:57 port error: [Errno 2] could not open port /dev/cu.usbmodemC02GR0ZMQ6LT3: [Errno 2] No such file or directory: '/dev/cu.usbmodemC02GR0ZMQ6LT3'; retrying
# 17:29:58 port error: [Errno 2] could not open port /dev/cu.usbmodemC02GR0ZMQ6LT3: [Errno 2] No such file or directory: '/dev/cu.usbmodemC02GR0ZMQ6LT3'; retrying
# 17:29:59 port error: [Errno 2] could not open port /dev/cu.usbmodemC02GR0ZMQ6LT3: [Errno 2] No such file or directory: '/dev/cu.usbmodemC02GR0ZMQ6LT3'; retrying
# 17:30:00 port error: [Errno 2] could not open port /dev/cu.usbmodemC02GR0ZMQ6LT3: [Errno 2] No such file or directory: '/dev/cu.usbmodemC02GR0ZMQ6LT3'; retrying
# 17:30:01 port error: [Errno 2] could not open port /dev/cu.usbmodemC02GR0ZMQ6LT3: [Errno 2] No such file or directory: '/dev/cu.usbmodemC02GR0ZMQ6LT3'; retrying
# 17:30:02 port error: [Errno 2] could not open port /dev/cu.usbmodemC02GR0ZMQ6LT3: [Errno 2] No such file or directory: '/dev/cu.usbmodemC02GR0ZMQ6LT3'; retrying
# 17:30:03 port error: [Errno 2] could not open port /dev/cu.usbmodemC02GR0ZMQ6LT3: [Errno 2] No such file or directory: '/dev/cu.usbmodemC02GR0ZMQ6LT3'; retrying
# 17:30:04 port error: [Errno 2] could not open port /dev/cu.usbmodemC02GR0ZMQ6LT3: [Errno 2] No such file or directory: '/dev/cu.usbmodemC02GR0ZMQ6LT3'; retrying
# 17:30:05 port error: [Errno 2] could not open port /dev/cu.usbmodemC02GR0ZMQ6LT3: [Errno 2] No such file or directory: '/dev/cu.usbmodemC02GR0ZMQ6LT3'; retrying
# 17:30:06 port error: [Errno 2] could not open port /dev/cu.usbmodemC02GR0ZMQ6LT3: [Errno 2] No such file or directory: '/dev/cu.usbmodemC02GR0ZMQ6LT3'; retrying
# 17:30:07 port error: [Errno 2] could not open port /dev/cu.usbmodemC02GR0ZMQ6LT3: [Errno 2] No such file or directory: '/dev/cu.usbmodemC02GR0ZMQ6LT3'; retrying
# 17:30:08 port error: [Errno 2] could not open port /dev/cu.usbmodemC02GR0ZMQ6LT3: [Errno 2] No such file or directory: '/dev/cu.usbmodemC02GR0ZMQ6LT3'; retrying
# 17:30:09 port error: [Errno 2] could not open port /dev/cu.usbmodemC02GR0ZMQ6LT3: [Errno 2] No such file or directory: '/dev/cu.usbmodemC02GR0ZMQ6LT3'; retrying
# 17:30:10 port error: [Errno 2] could not open port /dev/cu.usbmodemC02GR0ZMQ6LT3: [Errno 2] No such file or directory: '/dev/cu.usbmodemC02GR0ZMQ6LT3'; retrying
# 17:30:11 port error: [Errno 2] could not open port /dev/cu.usbmodemC02GR0ZMQ6LT3: [Errno 2] No such file or directory: '/dev/cu.usbmodemC02GR0ZMQ6LT3'; retrying
# 17:30:12 port error: [Errno 2] could not open port /dev/cu.usbmodemC02GR0ZMQ6LT3: [Errno 2] No such file or directory: '/dev/cu.usbmodemC02GR0ZMQ6LT3'; retrying
# 17:30:13 port error: [Errno 2] could not open port /dev/cu.usbmodemC02GR0ZMQ6LT3: [Errno 2] No such file or directory: '/dev/cu.usbmodemC02GR0ZMQ6LT3'; retrying
# 17:30:14 port error: [Errno 2] could not open port /dev/cu.usbmodemC02GR0ZMQ6LT3: [Errno 2] No such file or directory: '/dev/cu.usbmodemC02GR0ZMQ6LT3'; retrying
# 17:30:15 port error: [Errno 2] could not open port /dev/cu.usbmodemC02GR0ZMQ6LT3: [Errno 2] No such file or directory: '/dev/cu.usbmodemC02GR0ZMQ6LT3'; retrying
# 17:30:16 port error: [Errno 2] could not open port /dev/cu.usbmodemC02GR0ZMQ6LT3: [Errno 2] No such file or directory: '/dev/cu.usbmodemC02GR0ZMQ6LT3'; retrying
# 17:30:17 port error: [Errno 2] could not open port /dev/cu.usbmodemC02GR0ZMQ6LT3: [Errno 2] No such file or directory: '/dev/cu.usbmodemC02GR0ZMQ6LT3'; retrying
# 17:30:18 port error: [Errno 2] could not open port /dev/cu.usbmodemC02GR0ZMQ6LT3: [Errno 2] No such file or directory: '/dev/cu.usbmodemC02GR0ZMQ6LT3'; retrying
# 17:30:19 port error: [Errno 2] could not open port /dev/cu.usbmodemC02GR0ZMQ6LT3: [Errno 2] No such file or directory: '/dev/cu.usbmodemC02GR0ZMQ6LT3'; retrying
# 17:30:20 port error: [Errno 2] could not open port /dev/cu.usbmodemC02GR0ZMQ6LT3: [Errno 2] No such file or directory: '/dev/cu.usbmodemC02GR0ZMQ6LT3'; retrying
# 17:30:21 port error: [Errno 2] could not open port /dev/cu.usbmodemC02GR0ZMQ6LT3: [Errno 2] No such file or directory: '/dev/cu.usbmodemC02GR0ZMQ6LT3'; retrying
# 17:30:22 port error: [Errno 2] could not open port /dev/cu.usbmodemC02GR0ZMQ6LT3: [Errno 2] No such file or directory: '/dev/cu.usbmodemC02GR0ZMQ6LT3'; retrying
# 17:30:23 port error: [Errno 2] could not open port /dev/cu.usbmodemC02GR0ZMQ6LT3: [Errno 2] No such file or directory: '/dev/cu.usbmodemC02GR0ZMQ6LT3'; retrying
# 17:30:24 port error: [Errno 2] could not open port /dev/cu.usbmodemC02GR0ZMQ6LT3: [Errno 2] No such file or directory: '/dev/cu.usbmodemC02GR0ZMQ6LT3'; retrying
# 17:30:25 port error: [Errno 2] could not open port /dev/cu.usbmodemC02GR0ZMQ6LT3: [Errno 2] No such file or directory: '/dev/cu.usbmodemC02GR0ZMQ6LT3'; retrying
# 17:30:26 port error: [Errno 2] could not open port /dev/cu.usbmodemC02GR0ZMQ6LT3: [Errno 2] No such file or directory: '/dev/cu.usbmodemC02GR0ZMQ6LT3'; retrying
# 17:30:27 port error: [Errno 2] could not open port /dev/cu.usbmodemC02GR0ZMQ6LT3: [Errno 2] No such file or directory: '/dev/cu.usbmodemC02GR0ZMQ6LT3'; retrying
# 17:30:28 port error: [Errno 2] could not open port /dev/cu.usbmodemC02GR0ZMQ6LT3: [Errno 2] No such file or directory: '/dev/cu.usbmodemC02GR0ZMQ6LT3'; retrying
# 17:30:29 port error: [Errno 2] could not open port /dev/cu.usbmodemC02GR0ZMQ6LT3: [Errno 2] No such file or directory: '/dev/cu.usbmodemC02GR0ZMQ6LT3'; retrying
# 17:30:30 port error: [Errno 2] could not open port /dev/cu.usbmodemC02GR0ZMQ6LT3: [Errno 2] No such file or directory: '/dev/cu.usbmodemC02GR0ZMQ6LT3'; retrying
# 17:30:31 port error: [Errno 2] could not open port /dev/cu.usbmodemC02GR0ZMQ6LT3: [Errno 2] No such file or directory: '/dev/cu.usbmodemC02GR0ZMQ6LT3'; retrying
# 17:30:32 port error: [Errno 2] could not open port /dev/cu.usbmodemC02GR0ZMQ6LT3: [Errno 2] No such file or directory: '/dev/cu.usbmodemC02GR0ZMQ6LT3'; retrying
# 17:30:33 port error: [Errno 2] could not open port /dev/cu.usbmodemC02GR0ZMQ6LT3: [Errno 2] No such file or directory: '/dev/cu.usbmodemC02GR0ZMQ6LT3'; retrying
# 17:30:34 port error: [Errno 2] could not open port /dev/cu.usbmodemC02GR0ZMQ6LT3: [Errno 2] No such file or directory: '/dev/cu.usbmodemC02GR0ZMQ6LT3'; retrying
# 17:30:35 port error: [Errno 2] could not open port /dev/cu.usbmodemC02GR0ZMQ6LT3: [Errno 2] No such file or directory: '/dev/cu.usbmodemC02GR0ZMQ6LT3'; retrying
# 17:30:36 port error: [Errno 2] could not open port /dev/cu.usbmodemC02GR0ZMQ6LT3: [Errno 2] No such file or directory: '/dev/cu.usbmodemC02GR0ZMQ6LT3'; retrying
# 17:30:37 port error: [Errno 2] could not open port /dev/cu.usbmodemC02GR0ZMQ6LT3: [Errno 2] No such file or directory: '/dev/cu.usbmodemC02GR0ZMQ6LT3'; retrying
# 17:30:38 port error: [Errno 2] could not open port /dev/cu.usbmodemC02GR0ZMQ6LT3: [Errno 2] No such file or directory: '/dev/cu.usbmodemC02GR0ZMQ6LT3'; retrying
# 17:30:39 port error: [Errno 2] could not open port /dev/cu.usbmodemC02GR0ZMQ6LT3: [Errno 2] No such file or directory: '/dev/cu.usbmodemC02GR0ZMQ6LT3'; retrying
# 17:30:40 port error: [Errno 2] could not open port /dev/cu.usbmodemC02GR0ZMQ6LT3: [Errno 2] No such file or directory: '/dev/cu.usbmodemC02GR0ZMQ6LT3'; retrying
# 17:30:41 port error: [Errno 2] could not open port /dev/cu.usbmodemC02GR0ZMQ6LT3: [Errno 2] No such file or directory: '/dev/cu.usbmodemC02GR0ZMQ6LT3'; retrying
# 17:30:42 port error: [Errno 2] could not open port /dev/cu.usbmodemC02GR0ZMQ6LT3: [Errno 2] No such file or directory: '/dev/cu.usbmodemC02GR0ZMQ6LT3'; retrying
# 17:30:43 port error: [Errno 2] could not open port /dev/cu.usbmodemC02GR0ZMQ6LT3: [Errno 2] No such file or directory: '/dev/cu.usbmodemC02GR0ZMQ6LT3'; retrying
# 17:30:44 port error: [Errno 2] could not open port /dev/cu.usbmodemC02GR0ZMQ6LT3: [Errno 2] No such file or directory: '/dev/cu.usbmodemC02GR0ZMQ6LT3'; retrying
# 17:30:45 port error: [Errno 2] could not open port /dev/cu.usbmodemC02GR0ZMQ6LT3: [Errno 2] No such file or directory: '/dev/cu.usbmodemC02GR0ZMQ6LT3'; retrying
# 17:30:46 port error: [Errno 2] could not open port /dev/cu.usbmodemC02GR0ZMQ6LT3: [Errno 2] No such file or directory: '/dev/cu.usbmodemC02GR0ZMQ6LT3'; retrying
# 17:30:47 port error: [Errno 2] could not open port /dev/cu.usbmodemC02GR0ZMQ6LT3: [Errno 2] No such file or directory: '/dev/cu.usbmodemC02GR0ZMQ6LT3'; retrying
# 17:30:48 port error: [Errno 2] could not open port /dev/cu.usbmodemC02GR0ZMQ6LT3: [Errno 2] No such file or directory: '/dev/cu.usbmodemC02GR0ZMQ6LT3'; retrying
# 17:30:49 port error: [Errno 2] could not open port /dev/cu.usbmodemC02GR0ZMQ6LT3: [Errno 2] No such file or directory: '/dev/cu.usbmodemC02GR0ZMQ6LT3'; retrying
# 17:30:50 port error: [Errno 2] could not open port /dev/cu.usbmodemC02GR0ZMQ6LT3: [Errno 2] No such file or directory: '/dev/cu.usbmodemC02GR0ZMQ6LT3'; retrying
# 17:30:51 port error: [Errno 2] could not open port /dev/cu.usbmodemC02GR0ZMQ6LT3: [Errno 2] No such file or directory: '/dev/cu.usbmodemC02GR0ZMQ6LT3'; retrying
# 17:30:52 port error: [Errno 2] could not open port /dev/cu.usbmodemC02GR0ZMQ6LT3: [Errno 2] No such file or directory: '/dev/cu.usbmodemC02GR0ZMQ6LT3'; retrying
# 17:30:53 port error: [Errno 2] could not open port /dev/cu.usbmodemC02GR0ZMQ6LT3: [Errno 2] No such file or directory: '/dev/cu.usbmodemC02GR0ZMQ6LT3'; retrying
# 17:30:54 port error: [Errno 2] could not open port /dev/cu.usbmodemC02GR0ZMQ6LT3: [Errno 2] No such file or directory: '/dev/cu.usbmodemC02GR0ZMQ6LT3'; retrying
# 17:30:55 port error: [Errno 2] could not open port /dev/cu.usbmodemC02GR0ZMQ6LT3: [Errno 2] No such file or directory: '/dev/cu.usbmodemC02GR0ZMQ6LT3'; retrying
# 17:30:56 port error: [Errno 2] could not open port /dev/cu.usbmodemC02GR0ZMQ6LT3: [Errno 2] No such file or directory: '/dev/cu.usbmodemC02GR0ZMQ6LT3'; retrying
# 17:30:57 port error: [Errno 2] could not open port /dev/cu.usbmodemC02GR0ZMQ6LT3: [Errno 2] No such file or directory: '/dev/cu.usbmodemC02GR0ZMQ6LT3'; retrying
# 17:30:58 port error: [Errno 2] could not open port /dev/cu.usbmodemC02GR0ZMQ6LT3: [Errno 2] No such file or directory: '/dev/cu.usbmodemC02GR0ZMQ6LT3'; retrying
# 17:30:59 port error: [Errno 2] could not open port /dev/cu.usbmodemC02GR0ZMQ6LT3: [Errno 2] No such file or directory: '/dev/cu.usbmodemC02GR0ZMQ6LT3'; retrying
# 17:31:00 port error: [Errno 2] could not open port /dev/cu.usbmodemC02GR0ZMQ6LT3: [Errno 2] No such file or directory: '/dev/cu.usbmodemC02GR0ZMQ6LT3'; retrying
# 17:31:01 port error: [Errno 2] could not open port /dev/cu.usbmodemC02GR0ZMQ6LT3: [Errno 2] No such file or directory: '/dev/cu.usbmodemC02GR0ZMQ6LT3'; retrying
# 17:31:02 port error: [Errno 2] could not open port /dev/cu.usbmodemC02GR0ZMQ6LT3: [Errno 2] No such file or directory: '/dev/cu.usbmodemC02GR0ZMQ6LT3'; retrying
# 17:31:03 port error: [Errno 2] could not open port /dev/cu.usbmodemC02GR0ZMQ6LT3: [Errno 2] No such file or directory: '/dev/cu.usbmodemC02GR0ZMQ6LT3'; retrying
# 17:31:04 port error: [Errno 2] could not open port /dev/cu.usbmodemC02GR0ZMQ6LT3: [Errno 2] No such file or directory: '/dev/cu.usbmodemC02GR0ZMQ6LT3'; retrying
# 17:31:05 port error: [Errno 2] could not open port /dev/cu.usbmodemC02GR0ZMQ6LT3: [Errno 2] No such file or directory: '/dev/cu.usbmodemC02GR0ZMQ6LT3'; retrying
# 17:31:06 port error: [Errno 2] could not open port /dev/cu.usbmodemC02GR0ZMQ6LT3: [Errno 2] No such file or directory: '/dev/cu.usbmodemC02GR0ZMQ6LT3'; retrying
# 17:31:07 port error: [Errno 2] could not open port /dev/cu.usbmodemC02GR0ZMQ6LT3: [Errno 2] No such file or directory: '/dev/cu.usbmodemC02GR0ZMQ6LT3'; retrying
# 17:31:08 port error: [Errno 2] could not open port /dev/cu.usbmodemC02GR0ZMQ6LT3: [Errno 2] No such file or directory: '/dev/cu.usbmodemC02GR0ZMQ6LT3'; retrying
# 17:31:09 port error: [Errno 2] could not open port /dev/cu.usbmodemC02GR0ZMQ6LT3: [Errno 2] No such file or directory: '/dev/cu.usbmodemC02GR0ZMQ6LT3'; retrying
# 17:31:10 port error: [Errno 2] could not open port /dev/cu.usbmodemC02GR0ZMQ6LT3: [Errno 2] No such file or directory: '/dev/cu.usbmodemC02GR0ZMQ6LT3'; retrying
# 17:31:11 port error: [Errno 2] could not open port /dev/cu.usbmodemC02GR0ZMQ6LT3: [Errno 2] No such file or directory: '/dev/cu.usbmodemC02GR0ZMQ6LT3'; retrying
# 17:31:12 port error: [Errno 2] could not open port /dev/cu.usbmodemC02GR0ZMQ6LT3: [Errno 2] No such file or directory: '/dev/cu.usbmodemC02GR0ZMQ6LT3'; retrying
# 17:31:13 port error: [Errno 2] could not open port /dev/cu.usbmodemC02GR0ZMQ6LT3: [Errno 2] No such file or directory: '/dev/cu.usbmodemC02GR0ZMQ6LT3'; retrying
# 17:31:14 port error: [Errno 2] could not open port /dev/cu.usbmodemC02GR0ZMQ6LT3: [Errno 2] No such file or directory: '/dev/cu.usbmodemC02GR0ZMQ6LT3'; retrying
# 17:31:15 port error: [Errno 2] could not open port /dev/cu.usbmodemC02GR0ZMQ6LT3: [Errno 2] No such file or directory: '/dev/cu.usbmodemC02GR0ZMQ6LT3'; retrying
# 17:31:16 port error: [Errno 2] could not open port /dev/cu.usbmodemC02GR0ZMQ6LT3: [Errno 2] No such file or directory: '/dev/cu.usbmodemC02GR0ZMQ6LT3'; retrying
# 17:31:17 port error: [Errno 2] could not open port /dev/cu.usbmodemC02GR0ZMQ6LT3: [Errno 2] No such file or directory: '/dev/cu.usbmodemC02GR0ZMQ6LT3'; retrying
# 17:31:18 port error: [Errno 2] could not open port /dev/cu.usbmodemC02GR0ZMQ6LT3: [Errno 2] No such file or directory: '/dev/cu.usbmodemC02GR0ZMQ6LT3'; retrying
# 17:31:19 port error: [Errno 2] could not open port /dev/cu.usbmodemC02GR0ZMQ6LT3: [Errno 2] No such file or directory: '/dev/cu.usbmodemC02GR0ZMQ6LT3'; retrying
# 17:31:20 port error: [Errno 2] could not open port /dev/cu.usbmodemC02GR0ZMQ6LT3: [Errno 2] No such file or directory: '/dev/cu.usbmodemC02GR0ZMQ6LT3'; retrying
# 17:31:21 port error: [Errno 2] could not open port /dev/cu.usbmodemC02GR0ZMQ6LT3: [Errno 2] No such file or directory: '/dev/cu.usbmodemC02GR0ZMQ6LT3'; retrying
# 17:31:22 port error: [Errno 2] could not open port /dev/cu.usbmodemC02GR0ZMQ6LT3: [Errno 2] No such file or directory: '/dev/cu.usbmodemC02GR0ZMQ6LT3'; retrying
# 17:31:23 port error: [Errno 2] could not open port /dev/cu.usbmodemC02GR0ZMQ6LT3: [Errno 2] No such file or directory: '/dev/cu.usbmodemC02GR0ZMQ6LT3'; retrying
# 17:31:24 port error: [Errno 2] could not open port /dev/cu.usbmodemC02GR0ZMQ6LT3: [Errno 2] No such file or directory: '/dev/cu.usbmodemC02GR0ZMQ6LT3'; retrying
# 17:31:25 port error: [Errno 2] could not open port /dev/cu.usbmodemC02GR0ZMQ6LT3: [Errno 2] No such file or directory: '/dev/cu.usbmodemC02GR0ZMQ6LT3'; retrying
# 17:31:26 port error: [Errno 2] could not open port /dev/cu.usbmodemC02GR0ZMQ6LT3: [Errno 2] No such file or directory: '/dev/cu.usbmodemC02GR0ZMQ6LT3'; retrying
# 17:31:27 port error: [Errno 2] could not open port /dev/cu.usbmodemC02GR0ZMQ6LT3: [Errno 2] No such file or directory: '/dev/cu.usbmodemC02GR0ZMQ6LT3'; retrying
# 17:31:28 port error: [Errno 2] could not open port /dev/cu.usbmodemC02GR0ZMQ6LT3: [Errno 2] No such file or directory: '/dev/cu.usbmodemC02GR0ZMQ6LT3'; retrying
# 17:31:29 port error: [Errno 2] could not open port /dev/cu.usbmodemC02GR0ZMQ6LT3: [Errno 2] No such file or directory: '/dev/cu.usbmodemC02GR0ZMQ6LT3'; retrying
# 17:31:30 port error: [Errno 2] could not open port /dev/cu.usbmodemC02GR0ZMQ6LT3: [Errno 2] No such file or directory: '/dev/cu.usbmodemC02GR0ZMQ6LT3'; retrying
# 17:31:31 port error: [Errno 2] could not open port /dev/cu.usbmodemC02GR0ZMQ6LT3: [Errno 2] No such file or directory: '/dev/cu.usbmodemC02GR0ZMQ6LT3'; retrying
# 17:31:32 port error: [Errno 2] could not open port /dev/cu.usbmodemC02GR0ZMQ6LT3: [Errno 2] No such file or directory: '/dev/cu.usbmodemC02GR0ZMQ6LT3'; retrying
# 17:31:33 port error: [Errno 2] could not open port /dev/cu.usbmodemC02GR0ZMQ6LT3: [Errno 2] No such file or directory: '/dev/cu.usbmodemC02GR0ZMQ6LT3'; retrying
# 17:31:34 port error: [Errno 2] could not open port /dev/cu.usbmodemC02GR0ZMQ6LT3: [Errno 2] No such file or directory: '/dev/cu.usbmodemC02GR0ZMQ6LT3'; retrying
# 17:31:35 port error: [Errno 2] could not open port /dev/cu.usbmodemC02GR0ZMQ6LT3: [Errno 2] No such file or directory: '/dev/cu.usbmodemC02GR0ZMQ6LT3'; retrying
# 17:31:36 port error: [Errno 2] could not open port /dev/cu.usbmodemC02GR0ZMQ6LT3: [Errno 2] No such file or directory: '/dev/cu.usbmodemC02GR0ZMQ6LT3'; retrying
# 17:31:37 port error: [Errno 2] could not open port /dev/cu.usbmodemC02GR0ZMQ6LT3: [Errno 2] No such file or directory: '/dev/cu.usbmodemC02GR0ZMQ6LT3'; retrying
# 17:31:38 port error: [Errno 2] could not open port /dev/cu.usbmodemC02GR0ZMQ6LT3: [Errno 2] No such file or directory: '/dev/cu.usbmodemC02GR0ZMQ6LT3'; retrying
# 17:31:39 port error: [Errno 2] could not open port /dev/cu.usbmodemC02GR0ZMQ6LT3: [Errno 2] No such file or directory: '/dev/cu.usbmodemC02GR0ZMQ6LT3'; retrying
# 17:31:40 port error: [Errno 2] could not open port /dev/cu.usbmodemC02GR0ZMQ6LT3: [Errno 2] No such file or directory: '/dev/cu.usbmodemC02GR0ZMQ6LT3'; retrying
# 17:31:41 port error: [Errno 2] could not open port /dev/cu.usbmodemC02GR0ZMQ6LT3: [Errno 2] No such file or directory: '/dev/cu.usbmodemC02GR0ZMQ6LT3'; retrying
# 17:31:42 port error: [Errno 2] could not open port /dev/cu.usbmodemC02GR0ZMQ6LT3: [Errno 2] No such file or directory: '/dev/cu.usbmodemC02GR0ZMQ6LT3'; retrying
# 17:31:43 port error: [Errno 2] could not open port /dev/cu.usbmodemC02GR0ZMQ6LT3: [Errno 2] No such file or directory: '/dev/cu.usbmodemC02GR0ZMQ6LT3'; retrying
# 17:31:44 port error: [Errno 2] could not open port /dev/cu.usbmodemC02GR0ZMQ6LT3: [Errno 2] No such file or directory: '/dev/cu.usbmodemC02GR0ZMQ6LT3'; retrying
# 17:31:45 port error: [Errno 2] could not open port /dev/cu.usbmodemC02GR0ZMQ6LT3: [Errno 2] No such file or directory: '/dev/cu.usbmodemC02GR0ZMQ6LT3'; retrying
# 17:31:46 port error: [Errno 2] could not open port /dev/cu.usbmodemC02GR0ZMQ6LT3: [Errno 2] No such file or directory: '/dev/cu.usbmodemC02GR0ZMQ6LT3'; retrying
# 17:31:47 port error: [Errno 2] could not open port /dev/cu.usbmodemC02GR0ZMQ6LT3: [Errno 2] No such file or directory: '/dev/cu.usbmodemC02GR0ZMQ6LT3'; retrying
# 17:31:48 port error: [Errno 2] could not open port /dev/cu.usbmodemC02GR0ZMQ6LT3: [Errno 2] No such file or directory: '/dev/cu.usbmodemC02GR0ZMQ6LT3'; retrying
# 17:31:49 port error: [Errno 2] could not open port /dev/cu.usbmodemC02GR0ZMQ6LT3: [Errno 2] No such file or directory: '/dev/cu.usbmodemC02GR0ZMQ6LT3'; retrying
# 17:31:50 port error: [Errno 2] could not open port /dev/cu.usbmodemC02GR0ZMQ6LT3: [Errno 2] No such file or directory: '/dev/cu.usbmodemC02GR0ZMQ6LT3'; retrying
# 17:31:51 port error: [Errno 2] could not open port /dev/cu.usbmodemC02GR0ZMQ6LT3: [Errno 2] No such file or directory: '/dev/cu.usbmodemC02GR0ZMQ6LT3'; retrying
# 17:31:52 port error: [Errno 2] could not open port /dev/cu.usbmodemC02GR0ZMQ6LT3: [Errno 2] No such file or directory: '/dev/cu.usbmodemC02GR0ZMQ6LT3'; retrying
# 17:31:53 port error: [Errno 2] could not open port /dev/cu.usbmodemC02GR0ZMQ6LT3: [Errno 2] No such file or directory: '/dev/cu.usbmodemC02GR0ZMQ6LT3'; retrying
# 17:31:54 port error: [Errno 2] could not open port /dev/cu.usbmodemC02GR0ZMQ6LT3: [Errno 2] No such file or directory: '/dev/cu.usbmodemC02GR0ZMQ6LT3'; retrying
# 17:31:55 port error: [Errno 2] could not open port /dev/cu.usbmodemC02GR0ZMQ6LT3: [Errno 2] No such file or directory: '/dev/cu.usbmodemC02GR0ZMQ6LT3'; retrying
# 17:31:56 port error: [Errno 2] could not open port /dev/cu.usbmodemC02GR0ZMQ6LT3: [Errno 2] No such file or directory: '/dev/cu.usbmodemC02GR0ZMQ6LT3'; retrying
# 17:31:57 port error: [Errno 2] could not open port /dev/cu.usbmodemC02GR0ZMQ6LT3: [Errno 2] No such file or directory: '/dev/cu.usbmodemC02GR0ZMQ6LT3'; retrying
# 17:31:58 port error: [Errno 2] could not open port /dev/cu.usbmodemC02GR0ZMQ6LT3: [Errno 2] No such file or directory: '/dev/cu.usbmodemC02GR0ZMQ6LT3'; retrying
# 17:31:59 port error: [Errno 2] could not open port /dev/cu.usbmodemC02GR0ZMQ6LT3: [Errno 2] No such file or directory: '/dev/cu.usbmodemC02GR0ZMQ6LT3'; retrying
# 17:32:00 port error: [Errno 2] could not open port /dev/cu.usbmodemC02GR0ZMQ6LT3: [Errno 2] No such file or directory: '/dev/cu.usbmodemC02GR0ZMQ6LT3'; retrying
# 17:32:01 port error: [Errno 2] could not open port /dev/cu.usbmodemC02GR0ZMQ6LT3: [Errno 2] No such file or directory: '/dev/cu.usbmodemC02GR0ZMQ6LT3'; retrying
# 17:32:02 port error: [Errno 2] could not open port /dev/cu.usbmodemC02GR0ZMQ6LT3: [Errno 2] No such file or directory: '/dev/cu.usbmodemC02GR0ZMQ6LT3'; retrying
# 17:32:04 port error: [Errno 2] could not open port /dev/cu.usbmodemC02GR0ZMQ6LT3: [Errno 2] No such file or directory: '/dev/cu.usbmodemC02GR0ZMQ6LT3'; retrying
# 17:32:05 port error: [Errno 2] could not open port /dev/cu.usbmodemC02GR0ZMQ6LT3: [Errno 2] No such file or directory: '/dev/cu.usbmodemC02GR0ZMQ6LT3'; retrying
# 17:32:06 port error: [Errno 2] could not open port /dev/cu.usbmodemC02GR0ZMQ6LT3: [Errno 2] No such file or directory: '/dev/cu.usbmodemC02GR0ZMQ6LT3'; retrying
# 17:32:07 port error: [Errno 2] could not open port /dev/cu.usbmodemC02GR0ZMQ6LT3: [Errno 2] No such file or directory: '/dev/cu.usbmodemC02GR0ZMQ6LT3'; retrying
# 17:32:08 port error: [Errno 2] could not open port /dev/cu.usbmodemC02GR0ZMQ6LT3: [Errno 2] No such file or directory: '/dev/cu.usbmodemC02GR0ZMQ6LT3'; retrying
# 17:32:09 port error: [Errno 2] could not open port /dev/cu.usbmodemC02GR0ZMQ6LT3: [Errno 2] No such file or directory: '/dev/cu.usbmodemC02GR0ZMQ6LT3'; retrying
# 17:32:10 port error: [Errno 2] could not open port /dev/cu.usbmodemC02GR0ZMQ6LT3: [Errno 2] No such file or directory: '/dev/cu.usbmodemC02GR0ZMQ6LT3'; retrying
# 17:32:11 port error: [Errno 2] could not open port /dev/cu.usbmodemC02GR0ZMQ6LT3: [Errno 2] No such file or directory: '/dev/cu.usbmodemC02GR0ZMQ6LT3'; retrying
# 17:32:12 port error: [Errno 2] could not open port /dev/cu.usbmodemC02GR0ZMQ6LT3: [Errno 2] No such file or directory: '/dev/cu.usbmodemC02GR0ZMQ6LT3'; retrying
# 17:32:13 port error: [Errno 2] could not open port /dev/cu.usbmodemC02GR0ZMQ6LT3: [Errno 2] No such file or directory: '/dev/cu.usbmodemC02GR0ZMQ6LT3'; retrying
# 17:32:14 port error: [Errno 2] could not open port /dev/cu.usbmodemC02GR0ZMQ6LT3: [Errno 2] No such file or directory: '/dev/cu.usbmodemC02GR0ZMQ6LT3'; retrying
# 17:32:15 port error: [Errno 2] could not open port /dev/cu.usbmodemC02GR0ZMQ6LT3: [Errno 2] No such file or directory: '/dev/cu.usbmodemC02GR0ZMQ6LT3'; retrying
# 17:32:16 port error: [Errno 2] could not open port /dev/cu.usbmodemC02GR0ZMQ6LT3: [Errno 2] No such file or directory: '/dev/cu.usbmodemC02GR0ZMQ6LT3'; retrying
# 17:32:17 port error: [Errno 2] could not open port /dev/cu.usbmodemC02GR0ZMQ6LT3: [Errno 2] No such file or directory: '/dev/cu.usbmodemC02GR0ZMQ6LT3'; retrying
# 17:32:18 port error: [Errno 2] could not open port /dev/cu.usbmodemC02GR0ZMQ6LT3: [Errno 2] No such file or directory: '/dev/cu.usbmodemC02GR0ZMQ6LT3'; retrying
# 17:32:19 port error: [Errno 2] could not open port /dev/cu.usbmodemC02GR0ZMQ6LT3: [Errno 2] No such file or directory: '/dev/cu.usbmodemC02GR0ZMQ6LT3'; retrying
# 17:32:20 port error: [Errno 2] could not open port /dev/cu.usbmodemC02GR0ZMQ6LT3: [Errno 2] No such file or directory: '/dev/cu.usbmodemC02GR0ZMQ6LT3'; retrying
# 17:32:21 port error: [Errno 2] could not open port /dev/cu.usbmodemC02GR0ZMQ6LT3: [Errno 2] No such file or directory: '/dev/cu.usbmodemC02GR0ZMQ6LT3'; retrying
# 17:32:22 port error: [Errno 2] could not open port /dev/cu.usbmodemC02GR0ZMQ6LT3: [Errno 2] No such file or directory: '/dev/cu.usbmodemC02GR0ZMQ6LT3'; retrying
# 17:32:23 port error: [Errno 2] could not open port /dev/cu.usbmodemC02GR0ZMQ6LT3: [Errno 2] No such file or directory: '/dev/cu.usbmodemC02GR0ZMQ6LT3'; retrying
# 17:32:24 port error: [Errno 2] could not open port /dev/cu.usbmodemC02GR0ZMQ6LT3: [Errno 2] No such file or directory: '/dev/cu.usbmodemC02GR0ZMQ6LT3'; retrying
# 17:32:25 port error: [Errno 2] could not open port /dev/cu.usbmodemC02GR0ZMQ6LT3: [Errno 2] No such file or directory: '/dev/cu.usbmodemC02GR0ZMQ6LT3'; retrying
# 17:32:26 port error: [Errno 2] could not open port /dev/cu.usbmodemC02GR0ZMQ6LT3: [Errno 2] No such file or directory: '/dev/cu.usbmodemC02GR0ZMQ6LT3'; retrying
# 17:32:27 port error: [Errno 2] could not open port /dev/cu.usbmodemC02GR0ZMQ6LT3: [Errno 2] No such file or directory: '/dev/cu.usbmodemC02GR0ZMQ6LT3'; retrying
# 17:32:28 port error: [Errno 2] could not open port /dev/cu.usbmodemC02GR0ZMQ6LT3: [Errno 2] No such file or directory: '/dev/cu.usbmodemC02GR0ZMQ6LT3'; retrying
# 17:32:29 port error: [Errno 2] could not open port /dev/cu.usbmodemC02GR0ZMQ6LT3: [Errno 2] No such file or directory: '/dev/cu.usbmodemC02GR0ZMQ6LT3'; retrying
# 17:32:30 port error: [Errno 2] could not open port /dev/cu.usbmodemC02GR0ZMQ6LT3: [Errno 2] No such file or directory: '/dev/cu.usbmodemC02GR0ZMQ6LT3'; retrying
# 17:32:31 port error: [Errno 2] could not open port /dev/cu.usbmodemC02GR0ZMQ6LT3: [Errno 2] No such file or directory: '/dev/cu.usbmodemC02GR0ZMQ6LT3'; retrying
# 17:32:32 port error: [Errno 2] could not open port /dev/cu.usbmodemC02GR0ZMQ6LT3: [Errno 2] No such file or directory: '/dev/cu.usbmodemC02GR0ZMQ6LT3'; retrying
# 17:32:33 port error: [Errno 2] could not open port /dev/cu.usbmodemC02GR0ZMQ6LT3: [Errno 2] No such file or directory: '/dev/cu.usbmodemC02GR0ZMQ6LT3'; retrying
# 17:32:34 port error: [Errno 2] could not open port /dev/cu.usbmodemC02GR0ZMQ6LT3: [Errno 2] No such file or directory: '/dev/cu.usbmodemC02GR0ZMQ6LT3'; retrying
# 17:32:35 port error: [Errno 2] could not open port /dev/cu.usbmodemC02GR0ZMQ6LT3: [Errno 2] No such file or directory: '/dev/cu.usbmodemC02GR0ZMQ6LT3'; retrying
# 17:32:36 port error: [Errno 2] could not open port /dev/cu.usbmodemC02GR0ZMQ6LT3: [Errno 2] No such file or directory: '/dev/cu.usbmodemC02GR0ZMQ6LT3'; retrying
# 17:32:37 port error: [Errno 2] could not open port /dev/cu.usbmodemC02GR0ZMQ6LT3: [Errno 2] No such file or directory: '/dev/cu.usbmodemC02GR0ZMQ6LT3'; retrying
# 17:32:38 port error: [Errno 2] could not open port /dev/cu.usbmodemC02GR0ZMQ6LT3: [Errno 2] No such file or directory: '/dev/cu.usbmodemC02GR0ZMQ6LT3'; retrying
# 17:32:39 port error: [Errno 2] could not open port /dev/cu.usbmodemC02GR0ZMQ6LT3: [Errno 2] No such file or directory: '/dev/cu.usbmodemC02GR0ZMQ6LT3'; retrying
# 17:32:40 port error: [Errno 2] could not open port /dev/cu.usbmodemC02GR0ZMQ6LT3: [Errno 2] No such file or directory: '/dev/cu.usbmodemC02GR0ZMQ6LT3'; retrying
# 17:32:41 port error: [Errno 2] could not open port /dev/cu.usbmodemC02GR0ZMQ6LT3: [Errno 2] No such file or directory: '/dev/cu.usbmodemC02GR0ZMQ6LT3'; retrying
# 17:32:42 port error: [Errno 2] could not open port /dev/cu.usbmodemC02GR0ZMQ6LT3: [Errno 2] No such file or directory: '/dev/cu.usbmodemC02GR0ZMQ6LT3'; retrying
# 17:32:43 port error: [Errno 2] could not open port /dev/cu.usbmodemC02GR0ZMQ6LT3: [Errno 2] No such file or directory: '/dev/cu.usbmodemC02GR0ZMQ6LT3'; retrying
# 17:32:44 port error: [Errno 2] could not open port /dev/cu.usbmodemC02GR0ZMQ6LT3: [Errno 2] No such file or directory: '/dev/cu.usbmodemC02GR0ZMQ6LT3'; retrying
# 17:32:45 port error: [Errno 2] could not open port /dev/cu.usbmodemC02GR0ZMQ6LT3: [Errno 2] No such file or directory: '/dev/cu.usbmodemC02GR0ZMQ6LT3'; retrying
# 17:32:46 port error: [Errno 2] could not open port /dev/cu.usbmodemC02GR0ZMQ6LT3: [Errno 2] No such file or directory: '/dev/cu.usbmodemC02GR0ZMQ6LT3'; retrying
# 17:32:47 port error: [Errno 2] could not open port /dev/cu.usbmodemC02GR0ZMQ6LT3: [Errno 2] No such file or directory: '/dev/cu.usbmodemC02GR0ZMQ6LT3'; retrying
# 17:32:48 port error: [Errno 2] could not open port /dev/cu.usbmodemC02GR0ZMQ6LT3: [Errno 2] No such file or directory: '/dev/cu.usbmodemC02GR0ZMQ6LT3'; retrying
# 17:32:49 port error: [Errno 2] could not open port /dev/cu.usbmodemC02GR0ZMQ6LT3: [Errno 2] No such file or directory: '/dev/cu.usbmodemC02GR0ZMQ6LT3'; retrying
# 17:32:50 port error: [Errno 2] could not open port /dev/cu.usbmodemC02GR0ZMQ6LT3: [Errno 2] No such file or directory: '/dev/cu.usbmodemC02GR0ZMQ6LT3'; retrying
# 17:32:51 port error: [Errno 2] could not open port /dev/cu.usbmodemC02GR0ZMQ6LT3: [Errno 2] No such file or directory: '/dev/cu.usbmodemC02GR0ZMQ6LT3'; retrying
# 17:32:52 port error: [Errno 2] could not open port /dev/cu.usbmodemC02GR0ZMQ6LT3: [Errno 2] No such file or directory: '/dev/cu.usbmodemC02GR0ZMQ6LT3'; retrying
# 17:32:53 port error: [Errno 2] could not open port /dev/cu.usbmodemC02GR0ZMQ6LT3: [Errno 2] No such file or directory: '/dev/cu.usbmodemC02GR0ZMQ6LT3'; retrying
# 17:32:54 port error: [Errno 2] could not open port /dev/cu.usbmodemC02GR0ZMQ6LT3: [Errno 2] No such file or directory: '/dev/cu.usbmodemC02GR0ZMQ6LT3'; retrying
# 17:32:55 port error: [Errno 2] could not open port /dev/cu.usbmodemC02GR0ZMQ6LT3: [Errno 2] No such file or directory: '/dev/cu.usbmodemC02GR0ZMQ6LT3'; retrying
# 17:32:56 port error: [Errno 2] could not open port /dev/cu.usbmodemC02GR0ZMQ6LT3: [Errno 2] No such file or directory: '/dev/cu.usbmodemC02GR0ZMQ6LT3'; retrying
# 17:32:57 port error: [Errno 2] could not open port /dev/cu.usbmodemC02GR0ZMQ6LT3: [Errno 2] No such file or directory: '/dev/cu.usbmodemC02GR0ZMQ6LT3'; retrying
# 17:32:58 port error: [Errno 2] could not open port /dev/cu.usbmodemC02GR0ZMQ6LT3: [Errno 2] No such file or directory: '/dev/cu.usbmodemC02GR0ZMQ6LT3'; retrying
# 17:32:59 port error: [Errno 2] could not open port /dev/cu.usbmodemC02GR0ZMQ6LT3: [Errno 2] No such file or directory: '/dev/cu.usbmodemC02GR0ZMQ6LT3'; retrying
# 17:33:00 port error: [Errno 2] could not open port /dev/cu.usbmodemC02GR0ZMQ6LT3: [Errno 2] No such file or directory: '/dev/cu.usbmodemC02GR0ZMQ6LT3'; retrying
# 17:33:01 port error: [Errno 2] could not open port /dev/cu.usbmodemC02GR0ZMQ6LT3: [Errno 2] No such file or directory: '/dev/cu.usbmodemC02GR0ZMQ6LT3'; retrying
# 17:33:02 port error: [Errno 2] could not open port /dev/cu.usbmodemC02GR0ZMQ6LT3: [Errno 2] No such file or directory: '/dev/cu.usbmodemC02GR0ZMQ6LT3'; retrying
# 17:33:03 port error: [Errno 2] could not open port /dev/cu.usbmodemC02GR0ZMQ6LT3: [Errno 2] No such file or directory: '/dev/cu.usbmodemC02GR0ZMQ6LT3'; retrying
# 17:33:04 port error: [Errno 2] could not open port /dev/cu.usbmodemC02GR0ZMQ6LT3: [Errno 2] No such file or directory: '/dev/cu.usbmodemC02GR0ZMQ6LT3'; retrying
# 17:33:05 port error: [Errno 2] could not open port /dev/cu.usbmodemC02GR0ZMQ6LT3: [Errno 2] No such file or directory: '/dev/cu.usbmodemC02GR0ZMQ6LT3'; retrying
# 17:33:06 port error: [Errno 2] could not open port /dev/cu.usbmodemC02GR0ZMQ6LT3: [Errno 2] No such file or directory: '/dev/cu.usbmodemC02GR0ZMQ6LT3'; retrying
# 17:33:07 port error: [Errno 2] could not open port /dev/cu.usbmodemC02GR0ZMQ6LT3: [Errno 2] No such file or directory: '/dev/cu.usbmodemC02GR0ZMQ6LT3'; retrying
# 17:33:08 port error: [Errno 2] could not open port /dev/cu.usbmodemC02GR0ZMQ6LT3: [Errno 2] No such file or directory: '/dev/cu.usbmodemC02GR0ZMQ6LT3'; retrying
# 17:33:09 port error: [Errno 2] could not open port /dev/cu.usbmodemC02GR0ZMQ6LT3: [Errno 2] No such file or directory: '/dev/cu.usbmodemC02GR0ZMQ6LT3'; retrying
# 17:33:10 port error: [Errno 2] could not open port /dev/cu.usbmodemC02GR0ZMQ6LT3: [Errno 2] No such file or directory: '/dev/cu.usbmodemC02GR0ZMQ6LT3'; retrying
# 17:33:11 port error: [Errno 2] could not open port /dev/cu.usbmodemC02GR0ZMQ6LT3: [Errno 2] No such file or directory: '/dev/cu.usbmodemC02GR0ZMQ6LT3'; retrying
# 17:33:12 port error: [Errno 2] could not open port /dev/cu.usbmodemC02GR0ZMQ6LT3: [Errno 2] No such file or directory: '/dev/cu.usbmodemC02GR0ZMQ6LT3'; retrying
# 17:33:13 port error: [Errno 2] could not open port /dev/cu.usbmodemC02GR0ZMQ6LT3: [Errno 2] No such file or directory: '/dev/cu.usbmodemC02GR0ZMQ6LT3'; retrying
# 17:33:14 port error: [Errno 2] could not open port /dev/cu.usbmodemC02GR0ZMQ6LT3: [Errno 2] No such file or directory: '/dev/cu.usbmodemC02GR0ZMQ6LT3'; retrying
# 17:33:15 port error: [Errno 2] could not open port /dev/cu.usbmodemC02GR0ZMQ6LT3: [Errno 2] No such file or directory: '/dev/cu.usbmodemC02GR0ZMQ6LT3'; retrying
# 17:33:16 port error: [Errno 2] could not open port /dev/cu.usbmodemC02GR0ZMQ6LT3: [Errno 2] No such file or directory: '/dev/cu.usbmodemC02GR0ZMQ6LT3'; retrying
# 17:33:17 port error: [Errno 2] could not open port /dev/cu.usbmodemC02GR0ZMQ6LT3: [Errno 2] No such file or directory: '/dev/cu.usbmodemC02GR0ZMQ6LT3'; retrying
# 17:33:18 port error: [Errno 2] could not open port /dev/cu.usbmodemC02GR0ZMQ6LT3: [Errno 2] No such file or directory: '/dev/cu.usbmodemC02GR0ZMQ6LT3'; retrying
# 17:33:19 port error: [Errno 2] could not open port /dev/cu.usbmodemC02GR0ZMQ6LT3: [Errno 2] No such file or directory: '/dev/cu.usbmodemC02GR0ZMQ6LT3'; retrying
# 17:33:20 port error: [Errno 2] could not open port /dev/cu.usbmodemC02GR0ZMQ6LT3: [Errno 2] No such file or directory: '/dev/cu.usbmodemC02GR0ZMQ6LT3'; retrying
# 17:33:21 port error: [Errno 2] could not open port /dev/cu.usbmodemC02GR0ZMQ6LT3: [Errno 2] No such file or directory: '/dev/cu.usbmodemC02GR0ZMQ6LT3'; retrying
# 17:33:22 port error: [Errno 2] could not open port /dev/cu.usbmodemC02GR0ZMQ6LT3: [Errno 2] No such file or directory: '/dev/cu.usbmodemC02GR0ZMQ6LT3'; retrying
# 17:33:23 port error: [Errno 2] could not open port /dev/cu.usbmodemC02GR0ZMQ6LT3: [Errno 2] No such file or directory: '/dev/cu.usbmodemC02GR0ZMQ6LT3'; retrying
# 17:33:24 port error: [Errno 2] could not open port /dev/cu.usbmodemC02GR0ZMQ6LT3: [Errno 2] No such file or directory: '/dev/cu.usbmodemC02GR0ZMQ6LT3'; retrying
# 17:33:25 port error: [Errno 2] could not open port /dev/cu.usbmodemC02GR0ZMQ6LT3: [Errno 2] No such file or directory: '/dev/cu.usbmodemC02GR0ZMQ6LT3'; retrying
# 17:33:26 port error: [Errno 2] could not open port /dev/cu.usbmodemC02GR0ZMQ6LT3: [Errno 2] No such file or directory: '/dev/cu.usbmodemC02GR0ZMQ6LT3'; retrying
# 17:33:27 port error: [Errno 2] could not open port /dev/cu.usbmodemC02GR0ZMQ6LT3: [Errno 2] No such file or directory: '/dev/cu.usbmodemC02GR0ZMQ6LT3'; retrying
# 17:33:28 port error: [Errno 2] could not open port /dev/cu.usbmodemC02GR0ZMQ6LT3: [Errno 2] No such file or directory: '/dev/cu.usbmodemC02GR0ZMQ6LT3'; retrying
# 17:33:29 port error: [Errno 2] could not open port /dev/cu.usbmodemC02GR0ZMQ6LT3: [Errno 2] No such file or directory: '/dev/cu.usbmodemC02GR0ZMQ6LT3'; retrying
# 17:33:30 port error: [Errno 2] could not open port /dev/cu.usbmodemC02GR0ZMQ6LT3: [Errno 2] No such file or directory: '/dev/cu.usbmodemC02GR0ZMQ6LT3'; retrying
# 17:33:31 port error: [Errno 2] could not open port /dev/cu.usbmodemC02GR0ZMQ6LT3: [Errno 2] No such file or directory: '/dev/cu.usbmodemC02GR0ZMQ6LT3'; retrying
# 17:33:32 port error: [Errno 2] could not open port /dev/cu.usbmodemC02GR0ZMQ6LT3: [Errno 2] No such file or directory: '/dev/cu.usbmodemC02GR0ZMQ6LT3'; retrying
# 17:33:33 port error: [Errno 2] could not open port /dev/cu.usbmodemC02GR0ZMQ6LT3: [Errno 2] No such file or directory: '/dev/cu.usbmodemC02GR0ZMQ6LT3'; retrying
# 17:33:34 port error: [Errno 2] could not open port /dev/cu.usbmodemC02GR0ZMQ6LT3: [Errno 2] No such file or directory: '/dev/cu.usbmodemC02GR0ZMQ6LT3'; retrying
# 17:33:35 port error: [Errno 2] could not open port /dev/cu.usbmodemC02GR0ZMQ6LT3: [Errno 2] No such file or directory: '/dev/cu.usbmodemC02GR0ZMQ6LT3'; retrying
# 17:33:36 port error: [Errno 2] could not open port /dev/cu.usbmodemC02GR0ZMQ6LT3: [Errno 2] No such file or directory: '/dev/cu.usbmodemC02GR0ZMQ6LT3'; retrying
# 17:33:37 port error: [Errno 2] could not open port /dev/cu.usbmodemC02GR0ZMQ6LT3: [Errno 2] No such file or directory: '/dev/cu.usbmodemC02GR0ZMQ6LT3'; retrying
# 17:33:38 port error: [Errno 2] could not open port /dev/cu.usbmodemC02GR0ZMQ6LT3: [Errno 2] No such file or directory: '/dev/cu.usbmodemC02GR0ZMQ6LT3'; retrying
# 17:33:39 port error: [Errno 2] could not open port /dev/cu.usbmodemC02GR0ZMQ6LT3: [Errno 2] No such file or directory: '/dev/cu.usbmodemC02GR0ZMQ6LT3'; retrying
# 17:33:40 port error: [Errno 2] could not open port /dev/cu.usbmodemC02GR0ZMQ6LT3: [Errno 2] No such file or directory: '/dev/cu.usbmodemC02GR0ZMQ6LT3'; retrying
# 17:33:41 port error: [Errno 2] could not open port /dev/cu.usbmodemC02GR0ZMQ6LT3: [Errno 2] No such file or directory: '/dev/cu.usbmodemC02GR0ZMQ6LT3'; retrying
# 17:33:42 port error: [Errno 2] could not open port /dev/cu.usbmodemC02GR0ZMQ6LT3: [Errno 2] No such file or directory: '/dev/cu.usbmodemC02GR0ZMQ6LT3'; retrying
# 17:33:43 port error: [Errno 2] could not open port /dev/cu.usbmodemC02GR0ZMQ6LT3: [Errno 2] No such file or directory: '/dev/cu.usbmodemC02GR0ZMQ6LT3'; retrying
# 17:33:44 port error: [Errno 2] could not open port /dev/cu.usbmodemC02GR0ZMQ6LT3: [Errno 2] No such file or directory: '/dev/cu.usbmodemC02GR0ZMQ6LT3'; retrying
# 17:33:45 port error: [Errno 2] could not open port /dev/cu.usbmodemC02GR0ZMQ6LT3: [Errno 2] No such file or directory: '/dev/cu.usbmodemC02GR0ZMQ6LT3'; retrying
# 17:33:46 port error: [Errno 2] could not open port /dev/cu.usbmodemC02GR0ZMQ6LT3: [Errno 2] No such file or directory: '/dev/cu.usbmodemC02GR0ZMQ6LT3'; retrying
# 17:33:47 port error: [Errno 2] could not open port /dev/cu.usbmodemC02GR0ZMQ6LT3: [Errno 2] No such file or directory: '/dev/cu.usbmodemC02GR0ZMQ6LT3'; retrying
# 17:33:48 port error: [Errno 2] could not open port /dev/cu.usbmodemC02GR0ZMQ6LT3: [Errno 2] No such file or directory: '/dev/cu.usbmodemC02GR0ZMQ6LT3'; retrying
# 17:33:49 port error: [Errno 2] could not open port /dev/cu.usbmodemC02GR0ZMQ6LT3: [Errno 2] No such file or directory: '/dev/cu.usbmodemC02GR0ZMQ6LT3'; retrying
# 17:33:50 port error: [Errno 2] could not open port /dev/cu.usbmodemC02GR0ZMQ6LT3: [Errno 2] No such file or directory: '/dev/cu.usbmodemC02GR0ZMQ6LT3'; retrying
# 17:33:51 port error: [Errno 2] could not open port /dev/cu.usbmodemC02GR0ZMQ6LT3: [Errno 2] No such file or directory: '/dev/cu.usbmodemC02GR0ZMQ6LT3'; retrying
# 17:33:52 port error: [Errno 2] could not open port /dev/cu.usbmodemC02GR0ZMQ6LT3: [Errno 2] No such file or directory: '/dev/cu.usbmodemC02GR0ZMQ6LT3'; retrying
# 17:33:53 port error: [Errno 2] could not open port /dev/cu.usbmodemC02GR0ZMQ6LT3: [Errno 2] No such file or directory: '/dev/cu.usbmodemC02GR0ZMQ6LT3'; retrying
# 17:33:54 port error: [Errno 2] could not open port /dev/cu.usbmodemC02GR0ZMQ6LT3: [Errno 2] No such file or directory: '/dev/cu.usbmodemC02GR0ZMQ6LT3'; retrying
# 17:33:55 port error: [Errno 2] could not open port /dev/cu.usbmodemC02GR0ZMQ6LT3: [Errno 2] No such file or directory: '/dev/cu.usbmodemC02GR0ZMQ6LT3'; retrying
# 17:33:56 port error: [Errno 2] could not open port /dev/cu.usbmodemC02GR0ZMQ6LT3: [Errno 2] No such file or directory: '/dev/cu.usbmodemC02GR0ZMQ6LT3'; retrying
# 17:33:57 port error: [Errno 2] could not open port /dev/cu.usbmodemC02GR0ZMQ6LT3: [Errno 2] No such file or directory: '/dev/cu.usbmodemC02GR0ZMQ6LT3'; retrying
# 17:33:58 port error: [Errno 2] could not open port /dev/cu.usbmodemC02GR0ZMQ6LT3: [Errno 2] No such file or directory: '/dev/cu.usbmodemC02GR0ZMQ6LT3'; retrying
# 17:33:59 port error: [Errno 2] could not open port /dev/cu.usbmodemC02GR0ZMQ6LT3: [Errno 2] No such file or directory: '/dev/cu.usbmodemC02GR0ZMQ6LT3'; retrying
# 17:34:00 port error: [Errno 2] could not open port /dev/cu.usbmodemC02GR0ZMQ6LT3: [Errno 2] No such file or directory: '/dev/cu.usbmodemC02GR0ZMQ6LT3'; retrying
# 17:34:01 port error: [Errno 2] could not open port /dev/cu.usbmodemC02GR0ZMQ6LT3: [Errno 2] No such file or directory: '/dev/cu.usbmodemC02GR0ZMQ6LT3'; retrying
# 17:34:02 port error: [Errno 2] could not open port /dev/cu.usbmodemC02GR0ZMQ6LT3: [Errno 2] No such file or directory: '/dev/cu.usbmodemC02GR0ZMQ6LT3'; retrying
# 17:34:03 port error: [Errno 2] could not open port /dev/cu.usbmodemC02GR0ZMQ6LT3: [Errno 2] No such file or directory: '/dev/cu.usbmodemC02GR0ZMQ6LT3'; retrying
# 17:34:04 port error: [Errno 2] could not open port /dev/cu.usbmodemC02GR0ZMQ6LT3: [Errno 2] No such file or directory: '/dev/cu.usbmodemC02GR0ZMQ6LT3'; retrying
# 17:34:05 port error: [Errno 2] could not open port /dev/cu.usbmodemC02GR0ZMQ6LT3: [Errno 2] No such file or directory: '/dev/cu.usbmodemC02GR0ZMQ6LT3'; retrying
# 17:34:06 port error: [Errno 2] could not open port /dev/cu.usbmodemC02GR0ZMQ6LT3: [Errno 2] No such file or directory: '/dev/cu.usbmodemC02GR0ZMQ6LT3'; retrying
# 17:34:07 port error: [Errno 2] could not open port /dev/cu.usbmodemC02GR0ZMQ6LT3: [Errno 2] No such file or directory: '/dev/cu.usbmodemC02GR0ZMQ6LT3'; retrying
# 17:34:08 port error: [Errno 2] could not open port /dev/cu.usbmodemC02GR0ZMQ6LT3: [Errno 2] No such file or directory: '/dev/cu.usbmodemC02GR0ZMQ6LT3'; retrying
# 17:34:09 port error: [Errno 2] could not open port /dev/cu.usbmodemC02GR0ZMQ6LT3: [Errno 2] No such file or directory: '/dev/cu.usbmodemC02GR0ZMQ6LT3'; retrying
# 17:34:10 port error: [Errno 2] could not open port /dev/cu.usbmodemC02GR0ZMQ6LT3: [Errno 2] No such file or directory: '/dev/cu.usbmodemC02GR0ZMQ6LT3'; retrying
# 17:34:11 port error: [Errno 2] could not open port /dev/cu.usbmodemC02GR0ZMQ6LT3: [Errno 2] No such file or directory: '/dev/cu.usbmodemC02GR0ZMQ6LT3'; retrying
# 17:34:12 port error: [Errno 2] could not open port /dev/cu.usbmodemC02GR0ZMQ6LT3: [Errno 2] No such file or directory: '/dev/cu.usbmodemC02GR0ZMQ6LT3'; retrying
# 17:34:13 port error: [Errno 2] could not open port /dev/cu.usbmodemC02GR0ZMQ6LT3: [Errno 2] No such file or directory: '/dev/cu.usbmodemC02GR0ZMQ6LT3'; retrying
# 17:34:14 port error: [Errno 2] could not open port /dev/cu.usbmodemC02GR0ZMQ6LT3: [Errno 2] No such file or directory: '/dev/cu.usbmodemC02GR0ZMQ6LT3'; retrying
# 17:34:15 port error: [Errno 2] could not open port /dev/cu.usbmodemC02GR0ZMQ6LT3: [Errno 2] No such file or directory: '/dev/cu.usbmodemC02GR0ZMQ6LT3'; retrying
# 17:34:16 port error: [Errno 2] could not open port /dev/cu.usbmodemC02GR0ZMQ6LT3: [Errno 2] No such file or directory: '/dev/cu.usbmodemC02GR0ZMQ6LT3'; retrying
# 17:34:17 port error: [Errno 2] could not open port /dev/cu.usbmodemC02GR0ZMQ6LT3: [Errno 2] No such file or directory: '/dev/cu.usbmodemC02GR0ZMQ6LT3'; retrying
# 17:34:18 port error: [Errno 2] could not open port /dev/cu.usbmodemC02GR0ZMQ6LT3: [Errno 2] No such file or directory: '/dev/cu.usbmodemC02GR0ZMQ6LT3'; retrying
# 17:34:19 port error: [Errno 2] could not open port /dev/cu.usbmodemC02GR0ZMQ6LT3: [Errno 2] No such file or directory: '/dev/cu.usbmodemC02GR0ZMQ6LT3'; retrying
# 17:34:20 port error: [Errno 2] could not open port /dev/cu.usbmodemC02GR0ZMQ6LT3: [Errno 2] No such file or directory: '/dev/cu.usbmodemC02GR0ZMQ6LT3'; retrying
# 17:34:21 port error: [Errno 2] could not open port /dev/cu.usbmodemC02GR0ZMQ6LT3: [Errno 2] No such file or directory: '/dev/cu.usbmodemC02GR0ZMQ6LT3'; retrying
# 17:34:22 port error: [Errno 2] could not open port /dev/cu.usbmodemC02GR0ZMQ6LT3: [Errno 2] No such file or directory: '/dev/cu.usbmodemC02GR0ZMQ6LT3'; retrying
# 17:34:23 port error: [Errno 2] could not open port /dev/cu.usbmodemC02GR0ZMQ6LT3: [Errno 2] No such file or directory: '/dev/cu.usbmodemC02GR0ZMQ6LT3'; retrying
# 17:34:24 port error: [Errno 2] could not open port /dev/cu.usbmodemC02GR0ZMQ6LT3: [Errno 2] No such file or directory: '/dev/cu.usbmodemC02GR0ZMQ6LT3'; retrying
# 17:34:25 port error: [Errno 2] could not open port /dev/cu.usbmodemC02GR0ZMQ6LT3: [Errno 2] No such file or directory: '/dev/cu.usbmodemC02GR0ZMQ6LT3'; retrying
# 17:34:26 port error: [Errno 2] could not open port /dev/cu.usbmodemC02GR0ZMQ6LT3: [Errno 2] No such file or directory: '/dev/cu.usbmodemC02GR0ZMQ6LT3'; retrying
# 17:34:28 port error: [Errno 2] could not open port /dev/cu.usbmodemC02GR0ZMQ6LT3: [Errno 2] No such file or directory: '/dev/cu.usbmodemC02GR0ZMQ6LT3'; retrying
# 17:34:29 port error: [Errno 2] could not open port /dev/cu.usbmodemC02GR0ZMQ6LT3: [Errno 2] No such file or directory: '/dev/cu.usbmodemC02GR0ZMQ6LT3'; retrying
# 17:34:30 port error: [Errno 2] could not open port /dev/cu.usbmodemC02GR0ZMQ6LT3: [Errno 2] No such file or directory: '/dev/cu.usbmodemC02GR0ZMQ6LT3'; retrying
# 17:34:31 port error: [Errno 2] could not open port /dev/cu.usbmodemC02GR0ZMQ6LT3: [Errno 2] No such file or directory: '/dev/cu.usbmodemC02GR0ZMQ6LT3'; retrying
# 17:34:32 port error: [Errno 2] could not open port /dev/cu.usbmodemC02GR0ZMQ6LT3: [Errno 2] No such file or directory: '/dev/cu.usbmodemC02GR0ZMQ6LT3'; retrying
# 17:34:33 port error: [Errno 2] could not open port /dev/cu.usbmodemC02GR0ZMQ6LT3: [Errno 2] No such file or directory: '/dev/cu.usbmodemC02GR0ZMQ6LT3'; retrying
# 17:34:34 port error: [Errno 2] could not open port /dev/cu.usbmodemC02GR0ZMQ6LT3: [Errno 2] No such file or directory: '/dev/cu.usbmodemC02GR0ZMQ6LT3'; retrying
# 17:34:35 port error: [Errno 2] could not open port /dev/cu.usbmodemC02GR0ZMQ6LT3: [Errno 2] No such file or directory: '/dev/cu.usbmodemC02GR0ZMQ6LT3'; retrying
# 17:34:36 port error: [Errno 2] could not open port /dev/cu.usbmodemC02GR0ZMQ6LT3: [Errno 2] No such file or directory: '/dev/cu.usbmodemC02GR0ZMQ6LT3'; retrying
# 17:34:37 port error: [Errno 2] could not open port /dev/cu.usbmodemC02GR0ZMQ6LT3: [Errno 2] No such file or directory: '/dev/cu.usbmodemC02GR0ZMQ6LT3'; retrying
# 17:34:38 port error: [Errno 2] could not open port /dev/cu.usbmodemC02GR0ZMQ6LT3: [Errno 2] No such file or directory: '/dev/cu.usbmodemC02GR0ZMQ6LT3'; retrying
# 17:34:39 port error: [Errno 2] could not open port /dev/cu.usbmodemC02GR0ZMQ6LT3: [Errno 2] No such file or directory: '/dev/cu.usbmodemC02GR0ZMQ6LT3'; retrying
# 17:34:40 port error: [Errno 2] could not open port /dev/cu.usbmodemC02GR0ZMQ6LT3: [Errno 2] No such file or directory: '/dev/cu.usbmodemC02GR0ZMQ6LT3'; retrying
# 17:34:41 port error: [Errno 2] could not open port /dev/cu.usbmodemC02GR0ZMQ6LT3: [Errno 2] No such file or directory: '/dev/cu.usbmodemC02GR0ZMQ6LT3'; retrying
# 17:34:42 port error: [Errno 2] could not open port /dev/cu.usbmodemC02GR0ZMQ6LT3: [Errno 2] No such file or directory: '/dev/cu.usbmodemC02GR0ZMQ6LT3'; retrying
# 17:34:43 port error: [Errno 2] could not open port /dev/cu.usbmodemC02GR0ZMQ6LT3: [Errno 2] No such file or directory: '/dev/cu.usbmodemC02GR0ZMQ6LT3'; retrying
# 17:34:44 port error: [Errno 2] could not open port /dev/cu.usbmodemC02GR0ZMQ6LT3: [Errno 2] No such file or directory: '/dev/cu.usbmodemC02GR0ZMQ6LT3'; retrying
# 17:34:45 port error: [Errno 2] could not open port /dev/cu.usbmodemC02GR0ZMQ6LT3: [Errno 2] No such file or directory: '/dev/cu.usbmodemC02GR0ZMQ6LT3'; retrying
# 17:34:46 port error: [Errno 2] could not open port /dev/cu.usbmodemC02GR0ZMQ6LT3: [Errno 2] No such file or directory: '/dev/cu.usbmodemC02GR0ZMQ6LT3'; retrying
# 17:34:47 port error: [Errno 2] could not open port /dev/cu.usbmodemC02GR0ZMQ6LT3: [Errno 2] No such file or directory: '/dev/cu.usbmodemC02GR0ZMQ6LT3'; retrying
# 17:34:48 port error: [Errno 2] could not open port /dev/cu.usbmodemC02GR0ZMQ6LT3: [Errno 2] No such file or directory: '/dev/cu.usbmodemC02GR0ZMQ6LT3'; retrying
# 17:34:49 port error: [Errno 2] could not open port /dev/cu.usbmodemC02GR0ZMQ6LT3: [Errno 2] No such file or directory: '/dev/cu.usbmodemC02GR0ZMQ6LT3'; retrying
# 17:34:50 port error: [Errno 2] could not open port /dev/cu.usbmodemC02GR0ZMQ6LT3: [Errno 2] No such file or directory: '/dev/cu.usbmodemC02GR0ZMQ6LT3'; retrying
# 17:34:51 port error: [Errno 2] could not open port /dev/cu.usbmodemC02GR0ZMQ6LT3: [Errno 2] No such file or directory: '/dev/cu.usbmodemC02GR0ZMQ6LT3'; retrying
# 17:34:52 port error: [Errno 2] could not open port /dev/cu.usbmodemC02GR0ZMQ6LT3: [Errno 2] No such file or directory: '/dev/cu.usbmodemC02GR0ZMQ6LT3'; retrying
# 17:34:53 port error: [Errno 2] could not open port /dev/cu.usbmodemC02GR0ZMQ6LT3: [Errno 2] No such file or directory: '/dev/cu.usbmodemC02GR0ZMQ6LT3'; retrying
# 17:34:54 port error: [Errno 2] could not open port /dev/cu.usbmodemC02GR0ZMQ6LT3: [Errno 2] No such file or directory: '/dev/cu.usbmodemC02GR0ZMQ6LT3'; retrying
# 17:34:55 port error: [Errno 2] could not open port /dev/cu.usbmodemC02GR0ZMQ6LT3: [Errno 2] No such file or directory: '/dev/cu.usbmodemC02GR0ZMQ6LT3'; retrying
# 17:34:56 port error: [Errno 2] could not open port /dev/cu.usbmodemC02GR0ZMQ6LT3: [Errno 2] No such file or directory: '/dev/cu.usbmodemC02GR0ZMQ6LT3'; retrying
# 17:34:57 port error: [Errno 2] could not open port /dev/cu.usbmodemC02GR0ZMQ6LT3: [Errno 2] No such file or directory: '/dev/cu.usbmodemC02GR0ZMQ6LT3'; retrying
# 17:34:58 port error: [Errno 2] could not open port /dev/cu.usbmodemC02GR0ZMQ6LT3: [Errno 2] No such file or directory: '/dev/cu.usbmodemC02GR0ZMQ6LT3'; retrying
# 17:34:59 port error: [Errno 2] could not open port /dev/cu.usbmodemC02GR0ZMQ6LT3: [Errno 2] No such file or directory: '/dev/cu.usbmodemC02GR0ZMQ6LT3'; retrying
# 17:35:00 port error: [Errno 2] could not open port /dev/cu.usbmodemC02GR0ZMQ6LT3: [Errno 2] No such file or directory: '/dev/cu.usbmodemC02GR0ZMQ6LT3'; retrying
# 17:35:01 port error: [Errno 2] could not open port /dev/cu.usbmodemC02GR0ZMQ6LT3: [Errno 2] No such file or directory: '/dev/cu.usbmodemC02GR0ZMQ6LT3'; retrying
# 17:35:02 port error: [Errno 2] could not open port /dev/cu.usbmodemC02GR0ZMQ6LT3: [Errno 2] No such file or directory: '/dev/cu.usbmodemC02GR0ZMQ6LT3'; retrying
# 17:35:03 port error: [Errno 2] could not open port /dev/cu.usbmodemC02GR0ZMQ6LT3: [Errno 2] No such file or directory: '/dev/cu.usbmodemC02GR0ZMQ6LT3'; retrying
# 17:35:04 port error: [Errno 2] could not open port /dev/cu.usbmodemC02GR0ZMQ6LT3: [Errno 2] No such file or directory: '/dev/cu.usbmodemC02GR0ZMQ6LT3'; retrying
# 17:35:05 port error: [Errno 2] could not open port /dev/cu.usbmodemC02GR0ZMQ6LT3: [Errno 2] No such file or directory: '/dev/cu.usbmodemC02GR0ZMQ6LT3'; retrying
# 17:35:06 port error: [Errno 2] could not open port /dev/cu.usbmodemC02GR0ZMQ6LT3: [Errno 2] No such file or directory: '/dev/cu.usbmodemC02GR0ZMQ6LT3'; retrying
# 17:35:07 port error: [Errno 2] could not open port /dev/cu.usbmodemC02GR0ZMQ6LT3: [Errno 2] No such file or directory: '/dev/cu.usbmodemC02GR0ZMQ6LT3'; retrying
# 17:35:08 port error: [Errno 2] could not open port /dev/cu.usbmodemC02GR0ZMQ6LT3: [Errno 2] No such file or directory: '/dev/cu.usbmodemC02GR0ZMQ6LT3'; retrying
# 17:35:09 port error: [Errno 2] could not open port /dev/cu.usbmodemC02GR0ZMQ6LT3: [Errno 2] No such file or directory: '/dev/cu.usbmodemC02GR0ZMQ6LT3'; retrying
# 17:35:10 port error: [Errno 2] could not open port /dev/cu.usbmodemC02GR0ZMQ6LT3: [Errno 2] No such file or directory: '/dev/cu.usbmodemC02GR0ZMQ6LT3'; retrying
# 17:35:11 port error: [Errno 2] could not open port /dev/cu.usbmodemC02GR0ZMQ6LT3: [Errno 2] No such file or directory: '/dev/cu.usbmodemC02GR0ZMQ6LT3'; retrying
# 17:35:12 port error: [Errno 2] could not open port /dev/cu.usbmodemC02GR0ZMQ6LT3: [Errno 2] No such file or directory: '/dev/cu.usbmodemC02GR0ZMQ6LT3'; retrying
# 17:35:13 port error: [Errno 2] could not open port /dev/cu.usbmodemC02GR0ZMQ6LT3: [Errno 2] No such file or directory: '/dev/cu.usbmodemC02GR0ZMQ6LT3'; retrying
# 17:35:14 port error: [Errno 2] could not open port /dev/cu.usbmodemC02GR0ZMQ6LT3: [Errno 2] No such file or directory: '/dev/cu.usbmodemC02GR0ZMQ6LT3'; retrying
# 17:35:15 port error: [Errno 2] could not open port /dev/cu.usbmodemC02GR0ZMQ6LT3: [Errno 2] No such file or directory: '/dev/cu.usbmodemC02GR0ZMQ6LT3'; retrying
# 17:35:16 port error: [Errno 2] could not open port /dev/cu.usbmodemC02GR0ZMQ6LT3: [Errno 2] No such file or directory: '/dev/cu.usbmodemC02GR0ZMQ6LT3'; retrying
# 17:35:17 port error: [Errno 2] could not open port /dev/cu.usbmodemC02GR0ZMQ6LT3: [Errno 2] No such file or directory: '/dev/cu.usbmodemC02GR0ZMQ6LT3'; retrying
# 17:35:18 port error: [Errno 2] could not open port /dev/cu.usbmodemC02GR0ZMQ6LT3: [Errno 2] No such file or directory: '/dev/cu.usbmodemC02GR0ZMQ6LT3'; retrying
# 17:35:19 port error: [Errno 2] could not open port /dev/cu.usbmodemC02GR0ZMQ6LT3: [Errno 2] No such file or directory: '/dev/cu.usbmodemC02GR0ZMQ6LT3'; retrying
# 17:35:20 port error: [Errno 2] could not open port /dev/cu.usbmodemC02GR0ZMQ6LT3: [Errno 2] No such file or directory: '/dev/cu.usbmodemC02GR0ZMQ6LT3'; retrying
# 17:35:21 port error: [Errno 2] could not open port /dev/cu.usbmodemC02GR0ZMQ6LT3: [Errno 2] No such file or directory: '/dev/cu.usbmodemC02GR0ZMQ6LT3'; retrying
# 17:35:22 port error: [Errno 2] could not open port /dev/cu.usbmodemC02GR0ZMQ6LT3: [Errno 2] No such file or directory: '/dev/cu.usbmodemC02GR0ZMQ6LT3'; retrying
# 17:35:23 port error: [Errno 2] could not open port /dev/cu.usbmodemC02GR0ZMQ6LT3: [Errno 2] No such file or directory: '/dev/cu.usbmodemC02GR0ZMQ6LT3'; retrying
# 17:35:24 port error: [Errno 2] could not open port /dev/cu.usbmodemC02GR0ZMQ6LT3: [Errno 2] No such file or directory: '/dev/cu.usbmodemC02GR0ZMQ6LT3'; retrying
# 17:35:25 port error: [Errno 2] could not open port /dev/cu.usbmodemC02GR0ZMQ6LT3: [Errno 2] No such file or directory: '/dev/cu.usbmodemC02GR0ZMQ6LT3'; retrying
# 17:35:26 port error: [Errno 2] could not open port /dev/cu.usbmodemC02GR0ZMQ6LT3: [Errno 2] No such file or directory: '/dev/cu.usbmodemC02GR0ZMQ6LT3'; retrying
# 17:35:27 port error: [Errno 2] could not open port /dev/cu.usbmodemC02GR0ZMQ6LT3: [Errno 2] No such file or directory: '/dev/cu.usbmodemC02GR0ZMQ6LT3'; retrying
# 17:35:28 port error: [Errno 2] could not open port /dev/cu.usbmodemC02GR0ZMQ6LT3: [Errno 2] No such file or directory: '/dev/cu.usbmodemC02GR0ZMQ6LT3'; retrying
# 17:35:29 port error: [Errno 2] could not open port /dev/cu.usbmodemC02GR0ZMQ6LT3: [Errno 2] No such file or directory: '/dev/cu.usbmodemC02GR0ZMQ6LT3'; retrying
# 17:35:30 port error: [Errno 2] could not open port /dev/cu.usbmodemC02GR0ZMQ6LT3: [Errno 2] No such file or directory: '/dev/cu.usbmodemC02GR0ZMQ6LT3'; retrying
# 17:35:31 port error: [Errno 2] could not open port /dev/cu.usbmodemC02GR0ZMQ6LT3: [Errno 2] No such file or directory: '/dev/cu.usbmodemC02GR0ZMQ6LT3'; retrying
# 17:35:32 port error: [Errno 2] could not open port /dev/cu.usbmodemC02GR0ZMQ6LT3: [Errno 2] No such file or directory: '/dev/cu.usbmodemC02GR0ZMQ6LT3'; retrying
# 17:35:33 port error: [Errno 2] could not open port /dev/cu.usbmodemC02GR0ZMQ6LT3: [Errno 2] No such file or directory: '/dev/cu.usbmodemC02GR0ZMQ6LT3'; retrying
# 17:35:34 port error: [Errno 2] could not open port /dev/cu.usbmodemC02GR0ZMQ6LT3: [Errno 2] No such file or directory: '/dev/cu.usbmodemC02GR0ZMQ6LT3'; retrying
# 17:35:35 port error: [Errno 2] could not open port /dev/cu.usbmodemC02GR0ZMQ6LT3: [Errno 2] No such file or directory: '/dev/cu.usbmodemC02GR0ZMQ6LT3'; retrying
# 17:35:36 port error: [Errno 2] could not open port /dev/cu.usbmodemC02GR0ZMQ6LT3: [Errno 2] No such file or directory: '/dev/cu.usbmodemC02GR0ZMQ6LT3'; retrying
# 17:35:37 port error: [Errno 2] could not open port /dev/cu.usbmodemC02GR0ZMQ6LT3: [Errno 2] No such file or directory: '/dev/cu.usbmodemC02GR0ZMQ6LT3'; retrying
# 17:35:38 port error: [Errno 2] could not open port /dev/cu.usbmodemC02GR0ZMQ6LT3: [Errno 2] No such file or directory: '/dev/cu.usbmodemC02GR0ZMQ6LT3'; retrying
# 17:35:39 port error: [Errno 2] could not open port /dev/cu.usbmodemC02GR0ZMQ6LT3: [Errno 2] No such file or directory: '/dev/cu.usbmodemC02GR0ZMQ6LT3'; retrying
# 17:35:40 port error: [Errno 2] could not open port /dev/cu.usbmodemC02GR0ZMQ6LT3: [Errno 2] No such file or directory: '/dev/cu.usbmodemC02GR0ZMQ6LT3'; retrying
# 17:35:41 port error: [Errno 2] could not open port /dev/cu.usbmodemC02GR0ZMQ6LT3: [Errno 2] No such file or directory: '/dev/cu.usbmodemC02GR0ZMQ6LT3'; retrying
# 17:35:42 port error: [Errno 2] could not open port /dev/cu.usbmodemC02GR0ZMQ6LT3: [Errno 2] No such file or directory: '/dev/cu.usbmodemC02GR0ZMQ6LT3'; retrying
# 17:35:43 port error: [Errno 2] could not open port /dev/cu.usbmodemC02GR0ZMQ6LT3: [Errno 2] No such file or directory: '/dev/cu.usbmodemC02GR0ZMQ6LT3'; retrying
# 17:35:44 port error: [Errno 2] could not open port /dev/cu.usbmodemC02GR0ZMQ6LT3: [Errno 2] No such file or directory: '/dev/cu.usbmodemC02GR0ZMQ6LT3'; retrying
# 17:35:45 port error: [Errno 2] could not open port /dev/cu.usbmodemC02GR0ZMQ6LT3: [Errno 2] No such file or directory: '/dev/cu.usbmodemC02GR0ZMQ6LT3'; retrying
# 17:35:46 port error: [Errno 2] could not open port /dev/cu.usbmodemC02GR0ZMQ6LT3: [Errno 2] No such file or directory: '/dev/cu.usbmodemC02GR0ZMQ6LT3'; retrying
# 17:35:47 port error: [Errno 2] could not open port /dev/cu.usbmodemC02GR0ZMQ6LT3: [Errno 2] No such file or directory: '/dev/cu.usbmodemC02GR0ZMQ6LT3'; retrying
# 17:35:48 port error: [Errno 2] could not open port /dev/cu.usbmodemC02GR0ZMQ6LT3: [Errno 2] No such file or directory: '/dev/cu.usbmodemC02GR0ZMQ6LT3'; retrying
# 17:35:49 port error: [Errno 2] could not open port /dev/cu.usbmodemC02GR0ZMQ6LT3: [Errno 2] No such file or directory: '/dev/cu.usbmodemC02GR0ZMQ6LT3'; retrying
# 17:35:50 port error: [Errno 2] could not open port /dev/cu.usbmodemC02GR0ZMQ6LT3: [Errno 2] No such file or directory: '/dev/cu.usbmodemC02GR0ZMQ6LT3'; retrying
# 17:35:51 port error: [Errno 2] could not open port /dev/cu.usbmodemC02GR0ZMQ6LT3: [Errno 2] No such file or directory: '/dev/cu.usbmodemC02GR0ZMQ6LT3'; retrying
# 17:35:52 port error: [Errno 2] could not open port /dev/cu.usbmodemC02GR0ZMQ6LT3: [Errno 2] No such file or directory: '/dev/cu.usbmodemC02GR0ZMQ6LT3'; retrying
# 17:35:53 port error: [Errno 2] could not open port /dev/cu.usbmodemC02GR0ZMQ6LT3: [Errno 2] No such file or directory: '/dev/cu.usbmodemC02GR0ZMQ6LT3'; retrying
# 17:35:54 port error: [Errno 2] could not open port /dev/cu.usbmodemC02GR0ZMQ6LT3: [Errno 2] No such file or directory: '/dev/cu.usbmodemC02GR0ZMQ6LT3'; retrying
# 17:35:55 port error: [Errno 2] could not open port /dev/cu.usbmodemC02GR0ZMQ6LT3: [Errno 2] No such file or directory: '/dev/cu.usbmodemC02GR0ZMQ6LT3'; retrying
# 17:35:56 port error: [Errno 2] could not open port /dev/cu.usbmodemC02GR0ZMQ6LT3: [Errno 2] No such file or directory: '/dev/cu.usbmodemC02GR0ZMQ6LT3'; retrying
# 17:35:57 port error: [Errno 2] could not open port /dev/cu.usbmodemC02GR0ZMQ6LT3: [Errno 2] No such file or directory: '/dev/cu.usbmodemC02GR0ZMQ6LT3'; retrying
# 17:35:58 port error: [Errno 2] could not open port /dev/cu.usbmodemC02GR0ZMQ6LT3: [Errno 2] No such file or directory: '/dev/cu.usbmodemC02GR0ZMQ6LT3'; retrying
# 17:35:59 port error: [Errno 2] could not open port /dev/cu.usbmodemC02GR0ZMQ6LT3: [Errno 2] No such file or directory: '/dev/cu.usbmodemC02GR0ZMQ6LT3'; retrying
# 17:36:00 port error: [Errno 2] could not open port /dev/cu.usbmodemC02GR0ZMQ6LT3: [Errno 2] No such file or directory: '/dev/cu.usbmodemC02GR0ZMQ6LT3'; retrying
# 17:36:01 port error: [Errno 2] could not open port /dev/cu.usbmodemC02GR0ZMQ6LT3: [Errno 2] No such file or directory: '/dev/cu.usbmodemC02GR0ZMQ6LT3'; retrying
# 17:36:02 port error: [Errno 2] could not open port /dev/cu.usbmodemC02GR0ZMQ6LT3: [Errno 2] No such file or directory: '/dev/cu.usbmodemC02GR0ZMQ6LT3'; retrying
# 17:36:03 port error: [Errno 2] could not open port /dev/cu.usbmodemC02GR0ZMQ6LT3: [Errno 2] No such file or directory: '/dev/cu.usbmodemC02GR0ZMQ6LT3'; retrying
# 17:36:04 port error: [Errno 2] could not open port /dev/cu.usbmodemC02GR0ZMQ6LT3: [Errno 2] No such file or directory: '/dev/cu.usbmodemC02GR0ZMQ6LT3'; retrying
# 17:36:05 port error: [Errno 2] could not open port /dev/cu.usbmodemC02GR0ZMQ6LT3: [Errno 2] No such file or directory: '/dev/cu.usbmodemC02GR0ZMQ6LT3'; retrying
# 17:36:06 port error: [Errno 2] could not open port /dev/cu.usbmodemC02GR0ZMQ6LT3: [Errno 2] No such file or directory: '/dev/cu.usbmodemC02GR0ZMQ6LT3'; retrying
# 17:36:07 port error: [Errno 2] could not open port /dev/cu.usbmodemC02GR0ZMQ6LT3: [Errno 2] No such file or directory: '/dev/cu.usbmodemC02GR0ZMQ6LT3'; retrying
# 17:36:08 port error: [Errno 2] could not open port /dev/cu.usbmodemC02GR0ZMQ6LT3: [Errno 2] No such file or directory: '/dev/cu.usbmodemC02GR0ZMQ6LT3'; retrying
# 17:36:09 port error: [Errno 2] could not open port /dev/cu.usbmodemC02GR0ZMQ6LT3: [Errno 2] No such file or directory: '/dev/cu.usbmodemC02GR0ZMQ6LT3'; retrying
# 17:36:10 port error: [Errno 2] could not open port /dev/cu.usbmodemC02GR0ZMQ6LT3: [Errno 2] No such file or directory: '/dev/cu.usbmodemC02GR0ZMQ6LT3'; retrying
# 17:36:11 port error: [Errno 2] could not open port /dev/cu.usbmodemC02GR0ZMQ6LT3: [Errno 2] No such file or directory: '/dev/cu.usbmodemC02GR0ZMQ6LT3'; retrying
# 17:36:12 port error: [Errno 2] could not open port /dev/cu.usbmodemC02GR0ZMQ6LT3: [Errno 2] No such file or directory: '/dev/cu.usbmodemC02GR0ZMQ6LT3'; retrying
# 17:36:13 port error: [Errno 2] could not open port /dev/cu.usbmodemC02GR0ZMQ6LT3: [Errno 2] No such file or directory: '/dev/cu.usbmodemC02GR0ZMQ6LT3'; retrying
# 17:36:14 port error: [Errno 2] could not open port /dev/cu.usbmodemC02GR0ZMQ6LT3: [Errno 2] No such file or directory: '/dev/cu.usbmodemC02GR0ZMQ6LT3'; retrying
# 17:36:15 port error: [Errno 2] could not open port /dev/cu.usbmodemC02GR0ZMQ6LT3: [Errno 2] No such file or directory: '/dev/cu.usbmodemC02GR0ZMQ6LT3'; retrying
# 17:36:16 port error: [Errno 2] could not open port /dev/cu.usbmodemC02GR0ZMQ6LT3: [Errno 2] No such file or directory: '/dev/cu.usbmodemC02GR0ZMQ6LT3'; retrying
# 17:36:17 port error: [Errno 2] could not open port /dev/cu.usbmodemC02GR0ZMQ6LT3: [Errno 2] No such file or directory: '/dev/cu.usbmodemC02GR0ZMQ6LT3'; retrying
# 17:36:18 port error: [Errno 2] could not open port /dev/cu.usbmodemC02GR0ZMQ6LT3: [Errno 2] No such file or directory: '/dev/cu.usbmodemC02GR0ZMQ6LT3'; retrying
# 17:36:19 port error: [Errno 2] could not open port /dev/cu.usbmodemC02GR0ZMQ6LT3: [Errno 2] No such file or directory: '/dev/cu.usbmodemC02GR0ZMQ6LT3'; retrying
# 17:36:20 port error: [Errno 2] could not open port /dev/cu.usbmodemC02GR0ZMQ6LT3: [Errno 2] No such file or directory: '/dev/cu.usbmodemC02GR0ZMQ6LT3'; retrying
# 17:36:21 port error: [Errno 2] could not open port /dev/cu.usbmodemC02GR0ZMQ6LT3: [Errno 2] No such file or directory: '/dev/cu.usbmodemC02GR0ZMQ6LT3'; retrying
# 17:36:22 port error: [Errno 2] could not open port /dev/cu.usbmodemC02GR0ZMQ6LT3: [Errno 2] No such file or directory: '/dev/cu.usbmodemC02GR0ZMQ6LT3'; retrying
# 17:36:23 port error: [Errno 2] could not open port /dev/cu.usbmodemC02GR0ZMQ6LT3: [Errno 2] No such file or directory: '/dev/cu.usbmodemC02GR0ZMQ6LT3'; retrying
# 17:36:24 port error: [Errno 2] could not open port /dev/cu.usbmodemC02GR0ZMQ6LT3: [Errno 2] No such file or directory: '/dev/cu.usbmodemC02GR0ZMQ6LT3'; retrying
# 17:36:25 port error: [Errno 2] could not open port /dev/cu.usbmodemC02GR0ZMQ6LT3: [Errno 2] No such file or directory: '/dev/cu.usbmodemC02GR0ZMQ6LT3'; retrying
# 17:36:26 port error: [Errno 2] could not open port /dev/cu.usbmodemC02GR0ZMQ6LT3: [Errno 2] No such file or directory: '/dev/cu.usbmodemC02GR0ZMQ6LT3'; retrying
# 17:36:27 port error: [Errno 2] could not open port /dev/cu.usbmodemC02GR0ZMQ6LT3: [Errno 2] No such file or directory: '/dev/cu.usbmodemC02GR0ZMQ6LT3'; retrying
# 17:36:28 port error: [Errno 2] could not open port /dev/cu.usbmodemC02GR0ZMQ6LT3: [Errno 2] No such file or directory: '/dev/cu.usbmodemC02GR0ZMQ6LT3'; retrying
# 17:36:29 port error: [Errno 2] could not open port /dev/cu.usbmodemC02GR0ZMQ6LT3: [Errno 2] No such file or directory: '/dev/cu.usbmodemC02GR0ZMQ6LT3'; retrying
# 17:36:30 port error: [Errno 2] could not open port /dev/cu.usbmodemC02GR0ZMQ6LT3: [Errno 2] No such file or directory: '/dev/cu.usbmodemC02GR0ZMQ6LT3'; retrying
# 17:36:31 port error: [Errno 2] could not open port /dev/cu.usbmodemC02GR0ZMQ6LT3: [Errno 2] No such file or directory: '/dev/cu.usbmodemC02GR0ZMQ6LT3'; retrying
# 17:36:32 port error: [Errno 2] could not open port /dev/cu.usbmodemC02GR0ZMQ6LT3: [Errno 2] No such file or directory: '/dev/cu.usbmodemC02GR0ZMQ6LT3'; retrying
# 17:36:33 port error: [Errno 2] could not open port /dev/cu.usbmodemC02GR0ZMQ6LT3: [Errno 2] No such file or directory: '/dev/cu.usbmodemC02GR0ZMQ6LT3'; retrying
# 17:36:34 port error: [Errno 2] could not open port /dev/cu.usbmodemC02GR0ZMQ6LT3: [Errno 2] No such file or directory: '/dev/cu.usbmodemC02GR0ZMQ6LT3'; retrying
# 17:36:35 port error: [Errno 2] could not open port /dev/cu.usbmodemC02GR0ZMQ6LT3: [Errno 2] No such file or directory: '/dev/cu.usbmodemC02GR0ZMQ6LT3'; retrying
# 17:36:36 port error: [Errno 2] could not open port /dev/cu.usbmodemC02GR0ZMQ6LT3: [Errno 2] No such file or directory: '/dev/cu.usbmodemC02GR0ZMQ6LT3'; retrying
# 17:36:37 port error: [Errno 2] could not open port /dev/cu.usbmodemC02GR0ZMQ6LT3: [Errno 2] No such file or directory: '/dev/cu.usbmodemC02GR0ZMQ6LT3'; retrying
# 17:36:38 port error: [Errno 2] could not open port /dev/cu.usbmodemC02GR0ZMQ6LT3: [Errno 2] No such file or directory: '/dev/cu.usbmodemC02GR0ZMQ6LT3'; retrying
# 17:36:39 port error: [Errno 2] could not open port /dev/cu.usbmodemC02GR0ZMQ6LT3: [Errno 2] No such file or directory: '/dev/cu.usbmodemC02GR0ZMQ6LT3'; retrying
# 17:36:40 port error: [Errno 2] could not open port /dev/cu.usbmodemC02GR0ZMQ6LT3: [Errno 2] No such file or directory: '/dev/cu.usbmodemC02GR0ZMQ6LT3'; retrying
# 17:36:41 port error: [Errno 2] could not open port /dev/cu.usbmodemC02GR0ZMQ6LT3: [Errno 2] No such file or directory: '/dev/cu.usbmodemC02GR0ZMQ6LT3'; retrying
# 17:36:42 port error: [Errno 2] could not open port /dev/cu.usbmodemC02GR0ZMQ6LT3: [Errno 2] No such file or directory: '/dev/cu.usbmodemC02GR0ZMQ6LT3'; retrying
# 17:36:43 port error: [Errno 2] could not open port /dev/cu.usbmodemC02GR0ZMQ6LT3: [Errno 2] No such file or directory: '/dev/cu.usbmodemC02GR0ZMQ6LT3'; retrying
# 17:36:44 port error: [Errno 2] could not open port /dev/cu.usbmodemC02GR0ZMQ6LT3: [Errno 2] No such file or directory: '/dev/cu.usbmodemC02GR0ZMQ6LT3'; retrying
# 17:36:45 port error: [Errno 2] could not open port /dev/cu.usbmodemC02GR0ZMQ6LT3: [Errno 2] No such file or directory: '/dev/cu.usbmodemC02GR0ZMQ6LT3'; retrying
# 17:36:46 port error: [Errno 2] could not open port /dev/cu.usbmodemC02GR0ZMQ6LT3: [Errno 2] No such file or directory: '/dev/cu.usbmodemC02GR0ZMQ6LT3'; retrying
# 17:36:47 port error: [Errno 2] could not open port /dev/cu.usbmodemC02GR0ZMQ6LT3: [Errno 2] No such file or directory: '/dev/cu.usbmodemC02GR0ZMQ6LT3'; retrying
# 17:36:48 port error: [Errno 2] could not open port /dev/cu.usbmodemC02GR0ZMQ6LT3: [Errno 2] No such file or directory: '/dev/cu.usbmodemC02GR0ZMQ6LT3'; retrying
# 17:36:49 port error: [Errno 2] could not open port /dev/cu.usbmodemC02GR0ZMQ6LT3: [Errno 2] No such file or directory: '/dev/cu.usbmodemC02GR0ZMQ6LT3'; retrying
# 17:36:51 port error: [Errno 2] could not open port /dev/cu.usbmodemC02GR0ZMQ6LT3: [Errno 2] No such file or directory: '/dev/cu.usbmodemC02GR0ZMQ6LT3'; retrying
# 17:36:52 port error: [Errno 2] could not open port /dev/cu.usbmodemC02GR0ZMQ6LT3: [Errno 2] No such file or directory: '/dev/cu.usbmodemC02GR0ZMQ6LT3'; retrying
# 17:36:53 port error: [Errno 2] could not open port /dev/cu.usbmodemC02GR0ZMQ6LT3: [Errno 2] No such file or directory: '/dev/cu.usbmodemC02GR0ZMQ6LT3'; retrying
# 17:36:54 port error: [Errno 2] could not open port /dev/cu.usbmodemC02GR0ZMQ6LT3: [Errno 2] No such file or directory: '/dev/cu.usbmodemC02GR0ZMQ6LT3'; retrying
# 17:36:55 port error: [Errno 2] could not open port /dev/cu.usbmodemC02GR0ZMQ6LT3: [Errno 2] No such file or directory: '/dev/cu.usbmodemC02GR0ZMQ6LT3'; retrying
# 17:36:56 port error: [Errno 2] could not open port /dev/cu.usbmodemC02GR0ZMQ6LT3: [Errno 2] No such file or directory: '/dev/cu.usbmodemC02GR0ZMQ6LT3'; retrying
# 17:36:57 port error: [Errno 2] could not open port /dev/cu.usbmodemC02GR0ZMQ6LT3: [Errno 2] No such file or directory: '/dev/cu.usbmodemC02GR0ZMQ6LT3'; retrying
# 17:36:58 port error: [Errno 2] could not open port /dev/cu.usbmodemC02GR0ZMQ6LT3: [Errno 2] No such file or directory: '/dev/cu.usbmodemC02GR0ZMQ6LT3'; retrying
# 17:36:59 port error: [Errno 2] could not open port /dev/cu.usbmodemC02GR0ZMQ6LT3: [Errno 2] No such file or directory: '/dev/cu.usbmodemC02GR0ZMQ6LT3'; retrying
# 17:37:00 port error: [Errno 2] could not open port /dev/cu.usbmodemC02GR0ZMQ6LT3: [Errno 2] No such file or directory: '/dev/cu.usbmodemC02GR0ZMQ6LT3'; retrying
# 17:37:01 port error: [Errno 2] could not open port /dev/cu.usbmodemC02GR0ZMQ6LT3: [Errno 2] No such file or directory: '/dev/cu.usbmodemC02GR0ZMQ6LT3'; retrying
# 17:37:02 port error: [Errno 2] could not open port /dev/cu.usbmodemC02GR0ZMQ6LT3: [Errno 2] No such file or directory: '/dev/cu.usbmodemC02GR0ZMQ6LT3'; retrying
# 17:37:03 port error: [Errno 2] could not open port /dev/cu.usbmodemC02GR0ZMQ6LT3: [Errno 2] No such file or directory: '/dev/cu.usbmodemC02GR0ZMQ6LT3'; retrying
# 17:37:04 port error: [Errno 2] could not open port /dev/cu.usbmodemC02GR0ZMQ6LT3: [Errno 2] No such file or directory: '/dev/cu.usbmodemC02GR0ZMQ6LT3'; retrying
# 17:37:05 port error: [Errno 2] could not open port /dev/cu.usbmodemC02GR0ZMQ6LT3: [Errno 2] No such file or directory: '/dev/cu.usbmodemC02GR0ZMQ6LT3'; retrying
# 17:37:06 port error: [Errno 2] could not open port /dev/cu.usbmodemC02GR0ZMQ6LT3: [Errno 2] No such file or directory: '/dev/cu.usbmodemC02GR0ZMQ6LT3'; retrying
# 17:37:07 port error: [Errno 2] could not open port /dev/cu.usbmodemC02GR0ZMQ6LT3: [Errno 2] No such file or directory: '/dev/cu.usbmodemC02GR0ZMQ6LT3'; retrying
# 17:37:08 port error: [Errno 2] could not open port /dev/cu.usbmodemC02GR0ZMQ6LT3: [Errno 2] No such file or directory: '/dev/cu.usbmodemC02GR0ZMQ6LT3'; retrying
# 17:37:09 port error: [Errno 2] could not open port /dev/cu.usbmodemC02GR0ZMQ6LT3: [Errno 2] No such file or directory: '/dev/cu.usbmodemC02GR0ZMQ6LT3'; retrying
# 17:37:10 port error: [Errno 2] could not open port /dev/cu.usbmodemC02GR0ZMQ6LT3: [Errno 2] No such file or directory: '/dev/cu.usbmodemC02GR0ZMQ6LT3'; retrying
# 17:37:11 port error: [Errno 2] could not open port /dev/cu.usbmodemC02GR0ZMQ6LT3: [Errno 2] No such file or directory: '/dev/cu.usbmodemC02GR0ZMQ6LT3'; retrying
# 17:37:12 port error: [Errno 2] could not open port /dev/cu.usbmodemC02GR0ZMQ6LT3: [Errno 2] No such file or directory: '/dev/cu.usbmodemC02GR0ZMQ6LT3'; retrying
# 17:37:13 port error: [Errno 2] could not open port /dev/cu.usbmodemC02GR0ZMQ6LT3: [Errno 2] No such file or directory: '/dev/cu.usbmodemC02GR0ZMQ6LT3'; retrying
# 17:37:14 port error: [Errno 2] could not open port /dev/cu.usbmodemC02GR0ZMQ6LT3: [Errno 2] No such file or directory: '/dev/cu.usbmodemC02GR0ZMQ6LT3'; retrying
# 17:37:15 port error: [Errno 2] could not open port /dev/cu.usbmodemC02GR0ZMQ6LT3: [Errno 2] No such file or directory: '/dev/cu.usbmodemC02GR0ZMQ6LT3'; retrying
# 17:37:16 port error: [Errno 2] could not open port /dev/cu.usbmodemC02GR0ZMQ6LT3: [Errno 2] No such file or directory: '/dev/cu.usbmodemC02GR0ZMQ6LT3'; retrying
# 17:37:17 port error: [Errno 2] could not open port /dev/cu.usbmodemC02GR0ZMQ6LT3: [Errno 2] No such file or directory: '/dev/cu.usbmodemC02GR0ZMQ6LT3'; retrying
# 17:37:18 port error: [Errno 2] could not open port /dev/cu.usbmodemC02GR0ZMQ6LT3: [Errno 2] No such file or directory: '/dev/cu.usbmodemC02GR0ZMQ6LT3'; retrying
# 17:37:19 port error: [Errno 2] could not open port /dev/cu.usbmodemC02GR0ZMQ6LT3: [Errno 2] No such file or directory: '/dev/cu.usbmodemC02GR0ZMQ6LT3'; retrying
# 17:37:20 port error: [Errno 2] could not open port /dev/cu.usbmodemC02GR0ZMQ6LT3: [Errno 2] No such file or directory: '/dev/cu.usbmodemC02GR0ZMQ6LT3'; retrying
# 17:37:21 port error: [Errno 2] could not open port /dev/cu.usbmodemC02GR0ZMQ6LT3: [Errno 2] No such file or directory: '/dev/cu.usbmodemC02GR0ZMQ6LT3'; retrying
# 17:37:22 port error: [Errno 2] could not open port /dev/cu.usbmodemC02GR0ZMQ6LT3: [Errno 2] No such file or directory: '/dev/cu.usbmodemC02GR0ZMQ6LT3'; retrying
# 17:37:23 port error: [Errno 2] could not open port /dev/cu.usbmodemC02GR0ZMQ6LT3: [Errno 2] No such file or directory: '/dev/cu.usbmodemC02GR0ZMQ6LT3'; retrying
# 17:37:24 port error: [Errno 2] could not open port /dev/cu.usbmodemC02GR0ZMQ6LT3: [Errno 2] No such file or directory: '/dev/cu.usbmodemC02GR0ZMQ6LT3'; retrying
# 17:37:25 port error: [Errno 2] could not open port /dev/cu.usbmodemC02GR0ZMQ6LT3: [Errno 2] No such file or directory: '/dev/cu.usbmodemC02GR0ZMQ6LT3'; retrying
# 17:37:26 port error: [Errno 2] could not open port /dev/cu.usbmodemC02GR0ZMQ6LT3: [Errno 2] No such file or directory: '/dev/cu.usbmodemC02GR0ZMQ6LT3'; retrying
# 17:37:27 port error: [Errno 2] could not open port /dev/cu.usbmodemC02GR0ZMQ6LT3: [Errno 2] No such file or directory: '/dev/cu.usbmodemC02GR0ZMQ6LT3'; retrying
# 17:37:28 port error: [Errno 2] could not open port /dev/cu.usbmodemC02GR0ZMQ6LT3: [Errno 2] No such file or directory: '/dev/cu.usbmodemC02GR0ZMQ6LT3'; retrying
# 17:37:29 port error: [Errno 2] could not open port /dev/cu.usbmodemC02GR0ZMQ6LT3: [Errno 2] No such file or directory: '/dev/cu.usbmodemC02GR0ZMQ6LT3'; retrying
# 17:37:30 port error: [Errno 2] could not open port /dev/cu.usbmodemC02GR0ZMQ6LT3: [Errno 2] No such file or directory: '/dev/cu.usbmodemC02GR0ZMQ6LT3'; retrying
# 17:37:31 port error: [Errno 2] could not open port /dev/cu.usbmodemC02GR0ZMQ6LT3: [Errno 2] No such file or directory: '/dev/cu.usbmodemC02GR0ZMQ6LT3'; retrying
# 17:37:32 port error: [Errno 2] could not open port /dev/cu.usbmodemC02GR0ZMQ6LT3: [Errno 2] No such file or directory: '/dev/cu.usbmodemC02GR0ZMQ6LT3'; retrying
# 17:37:33 port error: [Errno 2] could not open port /dev/cu.usbmodemC02GR0ZMQ6LT3: [Errno 2] No such file or directory: '/dev/cu.usbmodemC02GR0ZMQ6LT3'; retrying
# 17:37:34 port error: [Errno 2] could not open port /dev/cu.usbmodemC02GR0ZMQ6LT3: [Errno 2] No such file or directory: '/dev/cu.usbmodemC02GR0ZMQ6LT3'; retrying
# 17:37:35 port error: [Errno 2] could not open port /dev/cu.usbmodemC02GR0ZMQ6LT3: [Errno 2] No such file or directory: '/dev/cu.usbmodemC02GR0ZMQ6LT3'; retrying
# 17:37:36 port error: [Errno 2] could not open port /dev/cu.usbmodemC02GR0ZMQ6LT3: [Errno 2] No such file or directory: '/dev/cu.usbmodemC02GR0ZMQ6LT3'; retrying
# 17:37:37 port error: [Errno 2] could not open port /dev/cu.usbmodemC02GR0ZMQ6LT3: [Errno 2] No such file or directory: '/dev/cu.usbmodemC02GR0ZMQ6LT3'; retrying
# 17:37:38 port error: [Errno 2] could not open port /dev/cu.usbmodemC02GR0ZMQ6LT3: [Errno 2] No such file or directory: '/dev/cu.usbmodemC02GR0ZMQ6LT3'; retrying
# 17:37:39 port error: [Errno 2] could not open port /dev/cu.usbmodemC02GR0ZMQ6LT3: [Errno 2] No such file or directory: '/dev/cu.usbmodemC02GR0ZMQ6LT3'; retrying
# 17:37:40 port error: [Errno 2] could not open port /dev/cu.usbmodemC02GR0ZMQ6LT3: [Errno 2] No such file or directory: '/dev/cu.usbmodemC02GR0ZMQ6LT3'; retrying
# 17:37:41 port error: [Errno 2] could not open port /dev/cu.usbmodemC02GR0ZMQ6LT3: [Errno 2] No such file or directory: '/dev/cu.usbmodemC02GR0ZMQ6LT3'; retrying
# 17:37:42 port error: [Errno 2] could not open port /dev/cu.usbmodemC02GR0ZMQ6LT3: [Errno 2] No such file or directory: '/dev/cu.usbmodemC02GR0ZMQ6LT3'; retrying
# 17:37:43 port error: [Errno 2] could not open port /dev/cu.usbmodemC02GR0ZMQ6LT3: [Errno 2] No such file or directory: '/dev/cu.usbmodemC02GR0ZMQ6LT3'; retrying
# 17:37:44 port error: [Errno 2] could not open port /dev/cu.usbmodemC02GR0ZMQ6LT3: [Errno 2] No such file or directory: '/dev/cu.usbmodemC02GR0ZMQ6LT3'; retrying
# 17:37:45 port error: [Errno 2] could not open port /dev/cu.usbmodemC02GR0ZMQ6LT3: [Errno 2] No such file or directory: '/dev/cu.usbmodemC02GR0ZMQ6LT3'; retrying
# 17:37:46 port error: [Errno 2] could not open port /dev/cu.usbmodemC02GR0ZMQ6LT3: [Errno 2] No such file or directory: '/dev/cu.usbmodemC02GR0ZMQ6LT3'; retrying
# 17:37:47 port error: [Errno 2] could not open port /dev/cu.usbmodemC02GR0ZMQ6LT3: [Errno 2] No such file or directory: '/dev/cu.usbmodemC02GR0ZMQ6LT3'; retrying
# 17:37:48 port error: [Errno 2] could not open port /dev/cu.usbmodemC02GR0ZMQ6LT3: [Errno 2] No such file or directory: '/dev/cu.usbmodemC02GR0ZMQ6LT3'; retrying
# 17:37:49 port error: [Errno 2] could not open port /dev/cu.usbmodemC02GR0ZMQ6LT3: [Errno 2] No such file or directory: '/dev/cu.usbmodemC02GR0ZMQ6LT3'; retrying
# 17:37:50 port error: [Errno 2] could not open port /dev/cu.usbmodemC02GR0ZMQ6LT3: [Errno 2] No such file or directory: '/dev/cu.usbmodemC02GR0ZMQ6LT3'; retrying
# 17:37:51 port error: [Errno 2] could not open port /dev/cu.usbmodemC02GR0ZMQ6LT3: [Errno 2] No such file or directory: '/dev/cu.usbmodemC02GR0ZMQ6LT3'; retrying
# 17:37:52 port error: [Errno 2] could not open port /dev/cu.usbmodemC02GR0ZMQ6LT3: [Errno 2] No such file or directory: '/dev/cu.usbmodemC02GR0ZMQ6LT3'; retrying
# 17:37:53 port error: [Errno 2] could not open port /dev/cu.usbmodemC02GR0ZMQ6LT3: [Errno 2] No such file or directory: '/dev/cu.usbmodemC02GR0ZMQ6LT3'; retrying
# 17:37:54 port error: [Errno 2] could not open port /dev/cu.usbmodemC02GR0ZMQ6LT3: [Errno 2] No such file or directory: '/dev/cu.usbmodemC02GR0ZMQ6LT3'; retrying
# 17:37:55 port error: [Errno 2] could not open port /dev/cu.usbmodemC02GR0ZMQ6LT3: [Errno 2] No such file or directory: '/dev/cu.usbmodemC02GR0ZMQ6LT3'; retrying
# 17:37:56 port error: [Errno 2] could not open port /dev/cu.usbmodemC02GR0ZMQ6LT3: [Errno 2] No such file or directory: '/dev/cu.usbmodemC02GR0ZMQ6LT3'; retrying
# 17:37:57 port error: [Errno 2] could not open port /dev/cu.usbmodemC02GR0ZMQ6LT3: [Errno 2] No such file or directory: '/dev/cu.usbmodemC02GR0ZMQ6LT3'; retrying
# 17:37:58 port error: [Errno 2] could not open port /dev/cu.usbmodemC02GR0ZMQ6LT3: [Errno 2] No such file or directory: '/dev/cu.usbmodemC02GR0ZMQ6LT3'; retrying
# 17:37:59 port error: [Errno 2] could not open port /dev/cu.usbmodemC02GR0ZMQ6LT3: [Errno 2] No such file or directory: '/dev/cu.usbmodemC02GR0ZMQ6LT3'; retrying
# 17:38:00 port error: [Errno 2] could not open port /dev/cu.usbmodemC02GR0ZMQ6LT3: [Errno 2] No such file or directory: '/dev/cu.usbmodemC02GR0ZMQ6LT3'; retrying
# 17:38:01 port error: [Errno 2] could not open port /dev/cu.usbmodemC02GR0ZMQ6LT3: [Errno 2] No such file or directory: '/dev/cu.usbmodemC02GR0ZMQ6LT3'; retrying
# 17:38:02 port error: [Errno 2] could not open port /dev/cu.usbmodemC02GR0ZMQ6LT3: [Errno 2] No such file or directory: '/dev/cu.usbmodemC02GR0ZMQ6LT3'; retrying
# 17:38:03 port error: [Errno 2] could not open port /dev/cu.usbmodemC02GR0ZMQ6LT3: [Errno 2] No such file or directory: '/dev/cu.usbmodemC02GR0ZMQ6LT3'; retrying
# 17:38:04 port error: [Errno 2] could not open port /dev/cu.usbmodemC02GR0ZMQ6LT3: [Errno 2] No such file or directory: '/dev/cu.usbmodemC02GR0ZMQ6LT3'; retrying
# 17:38:05 port error: [Errno 2] could not open port /dev/cu.usbmodemC02GR0ZMQ6LT3: [Errno 2] No such file or directory: '/dev/cu.usbmodemC02GR0ZMQ6LT3'; retrying
# 17:38:06 port error: [Errno 2] could not open port /dev/cu.usbmodemC02GR0ZMQ6LT3: [Errno 2] No such file or directory: '/dev/cu.usbmodemC02GR0ZMQ6LT3'; retrying
# 17:38:07 port error: [Errno 2] could not open port /dev/cu.usbmodemC02GR0ZMQ6LT3: [Errno 2] No such file or directory: '/dev/cu.usbmodemC02GR0ZMQ6LT3'; retrying
# 17:38:08 port error: [Errno 2] could not open port /dev/cu.usbmodemC02GR0ZMQ6LT3: [Errno 2] No such file or directory: '/dev/cu.usbmodemC02GR0ZMQ6LT3'; retrying
# 17:38:09 port error: [Errno 2] could not open port /dev/cu.usbmodemC02GR0ZMQ6LT3: [Errno 2] No such file or directory: '/dev/cu.usbmodemC02GR0ZMQ6LT3'; retrying
# 17:38:10 port error: [Errno 2] could not open port /dev/cu.usbmodemC02GR0ZMQ6LT3: [Errno 2] No such file or directory: '/dev/cu.usbmodemC02GR0ZMQ6LT3'; retrying
# 17:38:11 port error: [Errno 2] could not open port /dev/cu.usbmodemC02GR0ZMQ6LT3: [Errno 2] No such file or directory: '/dev/cu.usbmodemC02GR0ZMQ6LT3'; retrying
# 17:38:12 port error: [Errno 2] could not open port /dev/cu.usbmodemC02GR0ZMQ6LT3: [Errno 2] No such file or directory: '/dev/cu.usbmodemC02GR0ZMQ6LT3'; retrying
# 17:38:13 port error: [Errno 2] could not open port /dev/cu.usbmodemC02GR0ZMQ6LT3: [Errno 2] No such file or directory: '/dev/cu.usbmodemC02GR0ZMQ6LT3'; retrying
# 17:38:14 port error: [Errno 2] could not open port /dev/cu.usbmodemC02GR0ZMQ6LT3: [Errno 2] No such file or directory: '/dev/cu.usbmodemC02GR0ZMQ6LT3'; retrying
# 17:38:15 port error: [Errno 2] could not open port /dev/cu.usbmodemC02GR0ZMQ6LT3: [Errno 2] No such file or directory: '/dev/cu.usbmodemC02GR0ZMQ6LT3'; retrying
# 17:38:16 port error: [Errno 2] could not open port /dev/cu.usbmodemC02GR0ZMQ6LT3: [Errno 2] No such file or directory: '/dev/cu.usbmodemC02GR0ZMQ6LT3'; retrying
# 17:38:17 port error: [Errno 2] could not open port /dev/cu.usbmodemC02GR0ZMQ6LT3: [Errno 2] No such file or directory: '/dev/cu.usbmodemC02GR0ZMQ6LT3'; retrying
# 17:38:18 port error: [Errno 2] could not open port /dev/cu.usbmodemC02GR0ZMQ6LT3: [Errno 2] No such file or directory: '/dev/cu.usbmodemC02GR0ZMQ6LT3'; retrying
# 17:38:19 port error: [Errno 2] could not open port /dev/cu.usbmodemC02GR0ZMQ6LT3: [Errno 2] No such file or directory: '/dev/cu.usbmodemC02GR0ZMQ6LT3'; retrying
# 17:38:20 port error: [Errno 2] could not open port /dev/cu.usbmodemC02GR0ZMQ6LT3: [Errno 2] No such file or directory: '/dev/cu.usbmodemC02GR0ZMQ6LT3'; retrying
# 17:38:21 port error: [Errno 2] could not open port /dev/cu.usbmodemC02GR0ZMQ6LT3: [Errno 2] No such file or directory: '/dev/cu.usbmodemC02GR0ZMQ6LT3'; retrying
# 17:38:22 port error: [Errno 2] could not open port /dev/cu.usbmodemC02GR0ZMQ6LT3: [Errno 2] No such file or directory: '/dev/cu.usbmodemC02GR0ZMQ6LT3'; retrying
# 17:38:23 port error: [Errno 2] could not open port /dev/cu.usbmodemC02GR0ZMQ6LT3: [Errno 2] No such file or directory: '/dev/cu.usbmodemC02GR0ZMQ6LT3'; retrying
# 17:38:24 port error: [Errno 2] could not open port /dev/cu.usbmodemC02GR0ZMQ6LT3: [Errno 2] No such file or directory: '/dev/cu.usbmodemC02GR0ZMQ6LT3'; retrying
# 17:38:25 port error: [Errno 2] could not open port /dev/cu.usbmodemC02GR0ZMQ6LT3: [Errno 2] No such file or directory: '/dev/cu.usbmodemC02GR0ZMQ6LT3'; retrying
# 17:38:26 port error: [Errno 2] could not open port /dev/cu.usbmodemC02GR0ZMQ6LT3: [Errno 2] No such file or directory: '/dev/cu.usbmodemC02GR0ZMQ6LT3'; retrying
# 17:38:27 port error: [Errno 2] could not open port /dev/cu.usbmodemC02GR0ZMQ6LT3: [Errno 2] No such file or directory: '/dev/cu.usbmodemC02GR0ZMQ6LT3'; retrying
# 17:38:28 port error: [Errno 2] could not open port /dev/cu.usbmodemC02GR0ZMQ6LT3: [Errno 2] No such file or directory: '/dev/cu.usbmodemC02GR0ZMQ6LT3'; retrying
# 17:38:29 port error: [Errno 2] could not open port /dev/cu.usbmodemC02GR0ZMQ6LT3: [Errno 2] No such file or directory: '/dev/cu.usbmodemC02GR0ZMQ6LT3'; retrying
# 17:38:30 port error: [Errno 2] could not open port /dev/cu.usbmodemC02GR0ZMQ6LT3: [Errno 2] No such file or directory: '/dev/cu.usbmodemC02GR0ZMQ6LT3'; retrying
# 17:38:31 port error: [Errno 2] could not open port /dev/cu.usbmodemC02GR0ZMQ6LT3: [Errno 2] No such file or directory: '/dev/cu.usbmodemC02GR0ZMQ6LT3'; retrying
# 17:38:32 port error: [Errno 2] could not open port /dev/cu.usbmodemC02GR0ZMQ6LT3: [Errno 2] No such file or directory: '/dev/cu.usbmodemC02GR0ZMQ6LT3'; retrying
# 17:38:33 port error: [Errno 2] could not open port /dev/cu.usbmodemC02GR0ZMQ6LT3: [Errno 2] No such file or directory: '/dev/cu.usbmodemC02GR0ZMQ6LT3'; retrying
# 17:38:34 port error: [Errno 2] could not open port /dev/cu.usbmodemC02GR0ZMQ6LT3: [Errno 2] No such file or directory: '/dev/cu.usbmodemC02GR0ZMQ6LT3'; retrying
# 17:38:35 port error: [Errno 2] could not open port /dev/cu.usbmodemC02GR0ZMQ6LT3: [Errno 2] No such file or directory: '/dev/cu.usbmodemC02GR0ZMQ6LT3'; retrying
# 17:38:36 port error: [Errno 2] could not open port /dev/cu.usbmodemC02GR0ZMQ6LT3: [Errno 2] No such file or directory: '/dev/cu.usbmodemC02GR0ZMQ6LT3'; retrying
# 17:38:37 port error: [Errno 2] could not open port /dev/cu.usbmodemC02GR0ZMQ6LT3: [Errno 2] No such file or directory: '/dev/cu.usbmodemC02GR0ZMQ6LT3'; retrying
# 17:38:38 port error: [Errno 2] could not open port /dev/cu.usbmodemC02GR0ZMQ6LT3: [Errno 2] No such file or directory: '/dev/cu.usbmodemC02GR0ZMQ6LT3'; retrying
# 17:38:39 port error: [Errno 2] could not open port /dev/cu.usbmodemC02GR0ZMQ6LT3: [Errno 2] No such file or directory: '/dev/cu.usbmodemC02GR0ZMQ6LT3'; retrying
# 17:38:40 port error: [Errno 2] could not open port /dev/cu.usbmodemC02GR0ZMQ6LT3: [Errno 2] No such file or directory: '/dev/cu.usbmodemC02GR0ZMQ6LT3'; retrying
# 17:38:41 port error: [Errno 2] could not open port /dev/cu.usbmodemC02GR0ZMQ6LT3: [Errno 2] No such file or directory: '/dev/cu.usbmodemC02GR0ZMQ6LT3'; retrying
# 17:38:42 port error: [Errno 2] could not open port /dev/cu.usbmodemC02GR0ZMQ6LT3: [Errno 2] No such file or directory: '/dev/cu.usbmodemC02GR0ZMQ6LT3'; retrying
# 17:38:43 port error: [Errno 2] could not open port /dev/cu.usbmodemC02GR0ZMQ6LT3: [Errno 2] No such file or directory: '/dev/cu.usbmodemC02GR0ZMQ6LT3'; retrying
# 17:38:44 port error: [Errno 2] could not open port /dev/cu.usbmodemC02GR0ZMQ6LT3: [Errno 2] No such file or directory: '/dev/cu.usbmodemC02GR0ZMQ6LT3'; retrying
# 17:38:45 port error: [Errno 2] could not open port /dev/cu.usbmodemC02GR0ZMQ6LT3: [Errno 2] No such file or directory: '/dev/cu.usbmodemC02GR0ZMQ6LT3'; retrying
# 17:38:46 port error: [Errno 2] could not open port /dev/cu.usbmodemC02GR0ZMQ6LT3: [Errno 2] No such file or directory: '/dev/cu.usbmodemC02GR0ZMQ6LT3'; retrying
# 17:38:47 port error: [Errno 2] could not open port /dev/cu.usbmodemC02GR0ZMQ6LT3: [Errno 2] No such file or directory: '/dev/cu.usbmodemC02GR0ZMQ6LT3'; retrying
# 17:38:48 port error: [Errno 2] could not open port /dev/cu.usbmodemC02GR0ZMQ6LT3: [Errno 2] No such file or directory: '/dev/cu.usbmodemC02GR0ZMQ6LT3'; retrying
# 17:38:49 port error: [Errno 2] could not open port /dev/cu.usbmodemC02GR0ZMQ6LT3: [Errno 2] No such file or directory: '/dev/cu.usbmodemC02GR0ZMQ6LT3'; retrying
# 17:38:50 port error: [Errno 2] could not open port /dev/cu.usbmodemC02GR0ZMQ6LT3: [Errno 2] No such file or directory: '/dev/cu.usbmodemC02GR0ZMQ6LT3'; retrying
# 17:38:51 port error: [Errno 2] could not open port /dev/cu.usbmodemC02GR0ZMQ6LT3: [Errno 2] No such file or directory: '/dev/cu.usbmodemC02GR0ZMQ6LT3'; retrying
# 17:38:52 port error: [Errno 2] could not open port /dev/cu.usbmodemC02GR0ZMQ6LT3: [Errno 2] No such file or directory: '/dev/cu.usbmodemC02GR0ZMQ6LT3'; retrying
# 17:38:53 port error: [Errno 2] could not open port /dev/cu.usbmodemC02GR0ZMQ6LT3: [Errno 2] No such file or directory: '/dev/cu.usbmodemC02GR0ZMQ6LT3'; retrying
# 17:38:54 port error: [Errno 2] could not open port /dev/cu.usbmodemC02GR0ZMQ6LT3: [Errno 2] No such file or directory: '/dev/cu.usbmodemC02GR0ZMQ6LT3'; retrying
# 17:38:55 port error: [Errno 2] could not open port /dev/cu.usbmodemC02GR0ZMQ6LT3: [Errno 2] No such file or directory: '/dev/cu.usbmodemC02GR0ZMQ6LT3'; retrying
# 17:38:56 port error: [Errno 2] could not open port /dev/cu.usbmodemC02GR0ZMQ6LT3: [Errno 2] No such file or directory: '/dev/cu.usbmodemC02GR0ZMQ6LT3'; retrying
# 17:38:57 port error: [Errno 2] could not open port /dev/cu.usbmodemC02GR0ZMQ6LT3: [Errno 2] No such file or directory: '/dev/cu.usbmodemC02GR0ZMQ6LT3'; retrying
# 17:38:58 port error: [Errno 2] could not open port /dev/cu.usbmodemC02GR0ZMQ6LT3: [Errno 2] No such file or directory: '/dev/cu.usbmodemC02GR0ZMQ6LT3'; retrying
# 17:38:59 port error: [Errno 2] could not open port /dev/cu.usbmodemC02GR0ZMQ6LT3: [Errno 2] No such file or directory: '/dev/cu.usbmodemC02GR0ZMQ6LT3'; retrying
# 17:39:00 port error: [Errno 2] could not open port /dev/cu.usbmodemC02GR0ZMQ6LT3: [Errno 2] No such file or directory: '/dev/cu.usbmodemC02GR0ZMQ6LT3'; retrying
# 17:39:01 port error: [Errno 2] could not open port /dev/cu.usbmodemC02GR0ZMQ6LT3: [Errno 2] No such file or directory: '/dev/cu.usbmodemC02GR0ZMQ6LT3'; retrying
# 17:39:02 port error: [Errno 2] could not open port /dev/cu.usbmodemC02GR0ZMQ6LT3: [Errno 2] No such file or directory: '/dev/cu.usbmodemC02GR0ZMQ6LT3'; retrying
# 17:39:03 port error: [Errno 2] could not open port /dev/cu.usbmodemC02GR0ZMQ6LT3: [Errno 2] No such file or directory: '/dev/cu.usbmodemC02GR0ZMQ6LT3'; retrying
# 17:39:04 port error: [Errno 2] could not open port /dev/cu.usbmodemC02GR0ZMQ6LT3: [Errno 2] No such file or directory: '/dev/cu.usbmodemC02GR0ZMQ6LT3'; retrying
# 17:39:05 port error: [Errno 2] could not open port /dev/cu.usbmodemC02GR0ZMQ6LT3: [Errno 2] No such file or directory: '/dev/cu.usbmodemC02GR0ZMQ6LT3'; retrying
# 17:39:06 port error: [Errno 2] could not open port /dev/cu.usbmodemC02GR0ZMQ6LT3: [Errno 2] No such file or directory: '/dev/cu.usbmodemC02GR0ZMQ6LT3'; retrying
# 17:39:07 port error: [Errno 2] could not open port /dev/cu.usbmodemC02GR0ZMQ6LT3: [Errno 2] No such file or directory: '/dev/cu.usbmodemC02GR0ZMQ6LT3'; retrying
# 17:39:08 port error: [Errno 2] could not open port /dev/cu.usbmodemC02GR0ZMQ6LT3: [Errno 2] No such file or directory: '/dev/cu.usbmodemC02GR0ZMQ6LT3'; retrying
# 17:39:09 port error: [Errno 2] could not open port /dev/cu.usbmodemC02GR0ZMQ6LT3: [Errno 2] No such file or directory: '/dev/cu.usbmodemC02GR0ZMQ6LT3'; retrying
# 17:39:10 port error: [Errno 2] could not open port /dev/cu.usbmodemC02GR0ZMQ6LT3: [Errno 2] No such file or directory: '/dev/cu.usbmodemC02GR0ZMQ6LT3'; retrying
# 17:39:11 port error: [Errno 2] could not open port /dev/cu.usbmodemC02GR0ZMQ6LT3: [Errno 2] No such file or directory: '/dev/cu.usbmodemC02GR0ZMQ6LT3'; retrying
# 17:39:12 port error: [Errno 2] could not open port /dev/cu.usbmodemC02GR0ZMQ6LT3: [Errno 2] No such file or directory: '/dev/cu.usbmodemC02GR0ZMQ6LT3'; retrying
# 17:39:13 port error: [Errno 2] could not open port /dev/cu.usbmodemC02GR0ZMQ6LT3: [Errno 2] No such file or directory: '/dev/cu.usbmodemC02GR0ZMQ6LT3'; retrying
# 17:39:14 port error: [Errno 2] could not open port /dev/cu.usbmodemC02GR0ZMQ6LT3: [Errno 2] No such file or directory: '/dev/cu.usbmodemC02GR0ZMQ6LT3'; retrying
# 17:39:15 port error: [Errno 2] could not open port /dev/cu.usbmodemC02GR0ZMQ6LT3: [Errno 2] No such file or directory: '/dev/cu.usbmodemC02GR0ZMQ6LT3'; retrying
# 17:39:16 port error: [Errno 2] could not open port /dev/cu.usbmodemC02GR0ZMQ6LT3: [Errno 2] No such file or directory: '/dev/cu.usbmodemC02GR0ZMQ6LT3'; retrying
# 17:39:17 port error: [Errno 2] could not open port /dev/cu.usbmodemC02GR0ZMQ6LT3: [Errno 2] No such file or directory: '/dev/cu.usbmodemC02GR0ZMQ6LT3'; retrying
# 17:39:18 port error: [Errno 2] could not open port /dev/cu.usbmodemC02GR0ZMQ6LT3: [Errno 2] No such file or directory: '/dev/cu.usbmodemC02GR0ZMQ6LT3'; retrying
# 17:39:19 port error: [Errno 2] could not open port /dev/cu.usbmodemC02GR0ZMQ6LT3: [Errno 2] No such file or directory: '/dev/cu.usbmodemC02GR0ZMQ6LT3'; retrying
# 17:39:20 port error: [Errno 2] could not open port /dev/cu.usbmodemC02GR0ZMQ6LT3: [Errno 2] No such file or directory: '/dev/cu.usbmodemC02GR0ZMQ6LT3'; retrying
# 17:39:21 port error: [Errno 2] could not open port /dev/cu.usbmodemC02GR0ZMQ6LT3: [Errno 2] No such file or directory: '/dev/cu.usbmodemC02GR0ZMQ6LT3'; retrying
# 17:39:22 port error: [Errno 2] could not open port /dev/cu.usbmodemC02GR0ZMQ6LT3: [Errno 2] No such file or directory: '/dev/cu.usbmodemC02GR0ZMQ6LT3'; retrying
# 17:39:23 port error: [Errno 2] could not open port /dev/cu.usbmodemC02GR0ZMQ6LT3: [Errno 2] No such file or directory: '/dev/cu.usbmodemC02GR0ZMQ6LT3'; retrying
# 17:39:24 port error: [Errno 2] could not open port /dev/cu.usbmodemC02GR0ZMQ6LT3: [Errno 2] No such file or directory: '/dev/cu.usbmodemC02GR0ZMQ6LT3'; retrying
# 17:39:25 port error: [Errno 2] could not open port /dev/cu.usbmodemC02GR0ZMQ6LT3: [Errno 2] No such file or directory: '/dev/cu.usbmodemC02GR0ZMQ6LT3'; retrying
# 17:39:26 port error: [Errno 2] could not open port /dev/cu.usbmodemC02GR0ZMQ6LT3: [Errno 2] No such file or directory: '/dev/cu.usbmodemC02GR0ZMQ6LT3'; retrying
# 17:39:27 port error: [Errno 2] could not open port /dev/cu.usbmodemC02GR0ZMQ6LT3: [Errno 2] No such file or directory: '/dev/cu.usbmodemC02GR0ZMQ6LT3'; retrying
# 17:39:28 port error: [Errno 2] could not open port /dev/cu.usbmodemC02GR0ZMQ6LT3: [Errno 2] No such file or directory: '/dev/cu.usbmodemC02GR0ZMQ6LT3'; retrying
# 17:39:29 port error: [Errno 2] could not open port /dev/cu.usbmodemC02GR0ZMQ6LT3: [Errno 2] No such file or directory: '/dev/cu.usbmodemC02GR0ZMQ6LT3'; retrying
# 17:39:30 port error: [Errno 2] could not open port /dev/cu.usbmodemC02GR0ZMQ6LT3: [Errno 2] No such file or directory: '/dev/cu.usbmodemC02GR0ZMQ6LT3'; retrying
# 17:39:31 port error: [Errno 2] could not open port /dev/cu.usbmodemC02GR0ZMQ6LT3: [Errno 2] No such file or directory: '/dev/cu.usbmodemC02GR0ZMQ6LT3'; retrying
# 17:39:32 port error: [Errno 2] could not open port /dev/cu.usbmodemC02GR0ZMQ6LT3: [Errno 2] No such file or directory: '/dev/cu.usbmodemC02GR0ZMQ6LT3'; retrying
# 17:39:33 port error: [Errno 2] could not open port /dev/cu.usbmodemC02GR0ZMQ6LT3: [Errno 2] No such file or directory: '/dev/cu.usbmodemC02GR0ZMQ6LT3'; retrying
# 17:39:34 port error: [Errno 2] could not open port /dev/cu.usbmodemC02GR0ZMQ6LT3: [Errno 2] No such file or directory: '/dev/cu.usbmodemC02GR0ZMQ6LT3'; retrying
# 17:39:35 port error: [Errno 2] could not open port /dev/cu.usbmodemC02GR0ZMQ6LT3: [Errno 2] No such file or directory: '/dev/cu.usbmodemC02GR0ZMQ6LT3'; retrying
# 17:39:36 port error: [Errno 2] could not open port /dev/cu.usbmodemC02GR0ZMQ6LT3: [Errno 2] No such file or directory: '/dev/cu.usbmodemC02GR0ZMQ6LT3'; retrying
# 17:39:37 port error: [Errno 2] could not open port /dev/cu.usbmodemC02GR0ZMQ6LT3: [Errno 2] No such file or directory: '/dev/cu.usbmodemC02GR0ZMQ6LT3'; retrying
# opened /dev/cu.usbmodemC02GR0ZMQ6LT3 17:39:38
# RELAUNCH7 13.5 hotplug-window Sun Sep 20 17:39:42 +03 2026
17:39:49 Darwin Kernel Version 22.6.0: Wed Jul  5 22:22:52 PDT 2023; root:xnu-8796.141.3~6/RELEASE_ARM64_T8103
17:39:49 pmap_startup() init/release time: 16424 microsec
17:39:49 pmap_startup() delayed init/release of 0 pages
17:39:49 vm_page_bootstrap: 981056 free pages, 11708 wired pages, (up to 0 of which are delayed free)
17:39:49 VM boostrap: 97 maps, 204 entries and 512 holes available
17:39:49 Maximum number of VM swap files: 100
17:39:49 "vm_compressor_mode" is 4
17:39:49 VM bootstrap done: 84 maps, 165 entries and 500 holes left
17:39:49 Log queues configured: slot count: 64, per-slot size: 32768, total size: 2097152
17:39:49 OSLog stream configured: stream: 8192 bytes, cache: 2112 bytes
17:39:49 Long logs support configured: size: 16384
17:39:49 Firehose configured: 16 chunks, 8 io pages
17:39:49 standard timeslicing quantum is 10000 us
17:39:49 standard background quantum is 2500 us
17:39:49 mig_table_max_displ = 54 mach_kobj_count = 375
17:39:49 kdp_core zlib memory 0x8000
17:39:49 Serial requested, consistent debug disabled or debug boot arg not present, configuring debugging over serial
17:39:49 iBoot version: iBoot-8422.141.2
17:39:49 Darwin Image4 Validator Version 5.0.0: Mon Jul 10 22:18:56 PDT 2023; root:AppleImage4-202.120.2~861/AppleImage4/RELEASE_ARM64E
17:39:49 calling mpo_policy_init for AppleImage4
17:39:49 Security policy loaded: AppleImage4 sysctl hook (AppleImage4)
17:39:49 AppleImage4: failed to read nvram property: oblit-inprogress: 2
17:39:49 AMFI: UDID enforcement enabled
17:39:49 calling mpo_policy_init for AMFI
17:39:49 Security policy loaded: Apple Mobile File Integrity (AMFI)
17:39:49 calling mpo_policy_init for Sandbox
17:39:49 Security policy loaded: Seatbelt sandbox policy (Sandbox)
17:39:49 calling mpo_policy_init for Quarantine
17:39:49 Security policy loaded: Quarantine policy (Quarantine)
17:39:49 initialized XNU provisioning profile data
17:39:49 initialized PPL provisioning profile data
17:39:49 attempting to load 2 external trust cache modules
17:39:49 loaded external trust cache module: 0
17:39:49 loaded external trust cache module: 1
17:39:49 completed loading external trust cache modules
17:39:49 IOG flags 0x3 (0x51)
17:39:49 AppleCredentialManager: init: inited KE[1] (ready=NO, AVP=NO) -> true.
17:39:49 AppleCredentialManager: probe: probed KE[1] (ready=NO) -> true (score=0).
17:39:49 Couldn't alloc class "AppleKeyStoreTest"
17:39:49 Warning: arc4random not implemented
17:39:49 Warning: arc4random not implemented
17:39:49 Warning: arc4random not implemented
17:39:49 logIosaActivity: log activity queue is null
17:39:49 logIosaActivity: log activity queue is null
17:39:49 AppleARMBootPerf: Warning: profile->magic (0x42545244) != 'BTRC'
17:39:49 AppleCredentialManager: start: starting KE[1] (ready=NO) -> true.
17:39:49 AppleCredentialManager: initImpl: called, KE[1].
17:39:49 ACMFirstResponderKernelService: init: called, .
17:39:49 ACMTRM-S: init: called, starting PersistentStore service.
17:39:49 ACMTRM-A: init: called, starting TRM Analytics service.
17:39:49 ACMTRM-C: init: called, starting AccessoryCache service.
17:39:49 ACMKernelService: initValueFromBootArgAliasesUInt32: acc-cache size = 48 (default).
17:39:49 ACMKernelService: initValueFromBootArgAliasesUInt32: acc-cache expiration = 2592000 (default).
17:39:49 ACM: TRMAccCache_SetupEmpty: called, cacheSize=48 expiration=2592000.
17:39:49 ACMTRM: init: called, starting TRM service.
17:39:49 ACMKernelService: initValueFromBootArgAliasesUInt32: policy supported in BaseSystem = 0 (default).
17:39:49 ACMKernelService: initValueFromBootArgAliasesUInt32: config profile = 4294967295 (default).
17:39:49 ACMTRM: _getDefaultConfigProfile: config profile: 2 (boot-arg=2 edt-prop=2*).
17:39:49 ACMKernelService: initValueFromBootArgAliasesUInt32: policy mode timeout = 604800 (default).
17:39:49 ACMKernelService: initValueFromBootArgAliasesUInt32: grace period (bounded) timeout = 259200 (default).
17:39:49 ACMKernelService: initValueFromBootArgAliasesUInt32: unlocked period timeout = 86400 (default).
17:39:49 ACMKernelService: initValueFromBootArgAliasesUInt32: enabled by default = 1 (default).
17:39:49 ACMTRM: _disableBy: [TRM ENABLED=YES] (mask=0, DISABLED BY: Def=NO* BtArg=NO HW=NO DevT=NO OSEnv=NO ExBt=NO | MgCo=NO DwOS=NO ChBd=NO GSw=NO CPro=NO BSys=NO MBud=NO SmCrd=NO ApSet=NO).
17:39:49 ACMTRM: _disableBy: [TRM ENABLED=YES] (mask=0, DISABLED BY: Def=NO BtArg=NO* HW=NO DevT=NO OSEnv=NO ExBt=NO | MgCo=NO DwOS=NO ChBd=NO GSw=NO CPro=NO BSys=NO MBud=NO SmCrd=NO ApSet=NO).
17:39:49 ACMTRM: _disableBy: [TRM ENABLED=YES] (mask=0, DISABLED BY: Def=NO BtArg=NO HW=NO* DevT=NO OSEnv=NO ExBt=NO | MgCo=NO DwOS=NO ChBd=NO GSw=NO CPro=NO BSys=NO MBud=NO SmCrd=NO ApSet=NO).
17:39:49 ACMKernelService: initValueFromBootArgAliasesUInt32: enabled by device type = 4294967295 (default).
17:39:49 ACMTRM: _loadEnabledByDeviceType: enabled by device type: YES (boot-arg=NO edt-prop=YES*).
17:39:49 ACMTRM: _disableBy: [TRM ENABLED=YES] (mask=0, DISABLED BY: Def=NO BtArg=NO HW=NO DevT=NO* OSEnv=NO ExBt=NO | MgCo=NO DwOS=NO ChBd=NO GSw=NO CPro=NO BSys=NO MBud=NO SmCrd=NO ApSet=NO).
17:39:49 ACMTRM: _loadDisabledByExternalBoot: disabled by ExternalBoot: NO.
17:39:49 ACMTRM: _disableBy: [TRM ENABLED=YES] (mask=0, DISABLED BY: Def=NO BtArg=NO HW=NO DevT=NO OSEnv=NO ExBt=NO* | MgCo=NO DwOS=NO ChBd=NO GSw=NO CPro=NO BSys=NO MBud=NO SmCrd=NO ApSet=NO).
17:39:49 ACMTRM: _loadDisabledByOSEnvironment: disabled by OSEnvironment: NO.
17:39:49 ACMTRM: _disableBy: [TRM ENABLED=YES] (mask=0, DISABLED BY: Def=NO BtArg=NO HW=NO DevT=NO OSEnv=NO* ExBt=NO | MgCo=NO DwOS=NO ChBd=NO GSw=NO CPro=NO BSys=NO MBud=NO SmCrd=NO ApSet=NO).
17:39:49 ACMTRM: _mapAndPublishTRM: set TRM_PolicyTimeout = 604800.
17:39:49 ACMTRM: _mapAndPublishTRM: set TRM_UnlockedPeriodTimeout = 86400.
17:39:49 ACMTRM: _mapAndPublishTRM: sending kIOMessageServicePropertyChange(#changes=2) while LOCKED(1), TRM: 604800/-(255) 4294967295/-(255) M=255/4294967295/4294967295 ---(255)/---(255) L=255 BS=255 R=255 UP=86400/255, CUR: -(255) -(255).
17:39:49 AppleCredentialManager: initImpl: KE[1] INITED.
17:39:49 AppleCredentialManager: initImpl: returning, KE[1] -> true.
17:39:49 AppleCredentialManager: startImpl: called, KE[1].
17:39:49 ACMTRM: start: security.mac.acm.root_pivot_occurred sysctl registered.
17:39:49 AppleCredentialManager: startImpl: initializing power management.
17:39:49 AppleCredentialManager: startImpl: will join SEPManager's PM tree in getSEPEndpoint().
17:39:49 AppleCredentialManager: startImpl: registering notifications.
17:39:49 AppleCredentialManager: startImpl: KE[1] STARTED.
17:39:49 AppleCredentialManager: startImpl: returning, KE[1] -> true.
17:39:49 AppleCredentialManager: start: started KE[1] (ready=YES) -> true.
17:39:49 AppleSEPKeyStore:330:0: starting (BUILT: Jul 10 2023 22:11:57) (normal variant)
17:39:49 AppleSEPKeyStore:533:0: _sep_enabled = 1
17:39:49 AppleSSE::start called
17:39:49 AppleSSE::start returning, result = 1
17:39:49 virtual bool CoreAnalyticsHub::start(IOService *)::139:CoreAnalyticsHub start
17:39:49 Registered CoreAnalyticsHub functions with xnu.virtual bool CoreAnalyticsHub::start(IOService *)::218:CoreAnalyticsHub start completed
17:39:49 Couldn't alloc class "AppleKeyStoreTest"
17:39:49 AppleARMBacklight::start: Using new Backlight Architecture 1
17:39:49 AppleARMBacklight::start: no DBV offset data
17:39:49 AppleARMBacklight::start: no DBV max data
17:39:49 AppleARMBacklight::start: _calibratedMaxCurrent=13799
17:39:49 AppleARMBacklight::start: _calibratedMidCurrent=3199
17:39:49 AppleARMBacklight::start: mA2Nits2ndOrderCoef=-1
17:39:49 AppleARMBacklight::start: mA2Nits1stOrderCoef=75
17:39:49 AppleARMBacklight::start: mA2Nits0thOrderCoef=-2
17:39:49 AppleARMBacklight::start: nits2mAmps2ndOrderCoef=628
17:39:49 AppleARMBacklight::start: nits2mAmps1stOrderCoef=13279
17:39:49 AppleARMBacklight::start: nits2mAmps0thOrderCoef=18
17:39:49 AppleARMBacklight::start: _lMaxProduct=27525120
17:39:49 AppleARMBacklight::start: _lMidProduct=9175040
17:39:49 AppleARMBacklight::start: _lMinProduct=262144
17:39:49 AppleARMBacklight::exportCalibration: _lMaxProduct=27525120, _lMidProduct=9175040, _lMinProduct=262144, _lMaxPanel=27525119, _lMidPanel=6568085, _lMinPanel=262079, _milliAmps2NitsScaleFactor=423092
17:39:49 AppleARMBacklight::start: no backlight enable function
17:39:49 AppleARMBacklight::start: no backlight update function
17:39:49 AppleARMBacklight::start: _minDACLevel=469 _maxDACLevel=1968
17:39:49 Copyright (c) 1982, 1986, 1989, 1991, 1993
17:39:49 	The Regents of the University of California. All rights reserved.
17:39:49 
17:39:49 MAC Framework successfully initialized
17:39:49 using 16384 buffer headers and 10240 cluster IO buffer headers
17:39:49 AMFI: developer mode is force enabled on this platform
17:39:49 AMFI: finished: 1 1
17:39:49 spi3 AppleSPIMCController::start:129: using CCLK 120000000
17:39:49 spi4 AppleSPIMCController::start:129: using CCLK 120000000
17:39:49 AppleS5L8940XI2CController::start: i2c1 this: <ptr> _i2cBaseAddress: <ptr>
17:39:49 AppleS5L8940XI2CController::start: i2c3 this: <ptr> _i2cBaseAddress: <ptr>
17:39:49 AppleOLYHAL::probe: score = 1000
17:39:49 AppleBCMWLANBusInterfacePCIe::isIOKitEnvironment() WLAN Active Driver mode IOKit
17:39:49 AppleOLYHAL::start: entry with provider 0x22386f12fd35
17:39:49 Creating an object of AppleOLYHALPlatformFunctionEmbeddedAMFM class
17:39:49 Couldn't alloc class "AppleKeyStoreTest"
17:39:49 pci (build 22:14:13 Jul  5 2023), flags 0xc3008
17:39:49 AppleEmbeddedPCIE::start this = <ptr>, _debugFlags = 0xfffffffe
17:39:49 19403362us IOThunderboltFamily (build 22:14:27 Jul  5 2023)
17:39:49 pci (build 22:14:13 Jul  5 2023), flags 0xc3008
17:39:49 AppleTunneledPCIE::start(apciec1) this = <ptr>, _debugFlags = 0x80000001
17:39:49 19410106us AppleThunderboltGenericHAL::probe
17:39:49 19410748us AppleThunderboltGenericHAL(0)::start
17:39:49 AppleInterruptController::start: Num Shared Timestamps == 16
17:39:49 Couldn't find sioaesdisable-offset from DeviceTree to override
17:39:49 Couldn't find sioaesdisableuid1-offset from DeviceTree to override
17:39:49 Couldn't find sioaesdisablegid0-offset from DeviceTree to override
17:39:49 Couldn't find sioaesdisablegid1-offset from DeviceTree to override
17:39:49 AppleS8000AES::start: registers at phys:0x0x23500c000/0x0x23d2d0000 virt:0x<ptr>/0x0x4000 / 0x<ptr>/0x0x4000
17:39:49 AppleGPIOICController::start: this: <ptr>, _gpioicBaseAddress: <ptr>
17:39:49 AppleGPIOICController::start: this: <ptr>, _gpioicBaseAddress: <ptr>
17:39:49 AppleGPIOICController::start: this: <ptr>, _gpioicBaseAddress: <ptr>
17:39:49 AppleGPIOICController::start: this: <ptr>, _gpioicBaseAddress: <ptr>
17:39:49 ApplePMGR: Starting AppleT8103PMGR
17:39:49 spi2 AppleSPIMCController::start:129: using CCLK 120000000
17:39:49 ApplePMGR: mcx-fast-pcpu-frequency set to 2184 MHz
17:39:49 ApplePassthroughPPM::start (<ptr>)
17:39:49 ApplePPM::start (<ptr>)
17:39:49 ApplePPMCPMS::initLocal (<ptr>)
17:39:49 Platform supports LPEM: 0ApplePPM::initLocal success
17:39:49 Couldn't alloc class "AppleKeyStoreTest"
17:39:50 AppleEventLogHandler: started
17:39:50 AppleA7IOPNub: withRegistryEntry, 47: allocated nub <ptr>
17:39:50 
17:39:50 RTBuddy(ANS2): start(<ptr>) - (Jul  5 2023@22:21:21)
17:39:50 ApplePPMCPMS::initLocal success
17:39:50 ApplePPM::start success
17:39:50 ApplePassthroughPPM::start success
17:39:50 AppleA7IOPNub: withRegistryEntry, 47: allocated nub <ptr>
17:39:50 
17:39:50 RTBuddy(ANS2): Boot args override: wdt = -1
17:39:50 RTBuddy(ANS2): Resuming...
17:39:50 
17:39:50 AppleGen1SPMIController[aop-spmi1]:61: Start
17:39:50 admac-aop-audio: Built on Jul  5 2023 at 22:13:23.           
17:39:50 General panic behavior:
17:39:50           	debugFacility = 0x80000001
17:39:50           	chan debug    = 0x0000ffff
17:39:50           	Gen PanicMask = 0x000087fb
17:39:50           
17:39:50 Test features:
17:39:50           	PseudoMem     = 0x00000000
17:39:50           	PeriphDisable = 0x00000000
17:39:50           	DMADisable    = 0x00000000
17:39:50           	AXIBurstSize  = 0x00000003
17:39:50           	TSC Mode      = 0x00000000
17:39:50           
17:39:50 Jitter:
17:39:50           	Tx WA mask    = 0x0000ffff
17:39:50           	Rx WA mask    = 0x0000ffff
17:39:50           	HiJ panic msk = 0x00000000
17:39:50           	HiJ threshold = 0x00000960
17:39:50           
17:39:50 _getExecutionPlatform: AudioDMAController::admac-aop-audio::483: Running on silicon.
17:39:50 AppleT8015TempSensor::start: missing device tree value (sensor-offset-CTL2)
17:39:50 AppleT8015TempSensor::start: missing device tree value (sensor-offset-CTL1)
17:39:50 HID: Legacy shim 2
17:39:50 AppleGen1SPMIController[nub-spmi1]:61: Start
17:39:50 AppleGen1SPMIController[nub-spmi]:61: Start
17:39:50 AppleT8015TempSensor::start: missing device tree value (sensor-offset-CTL2)
17:39:50 AppleT8015TempSensor::start: missing device tree value (sensor-offset-CTL1)
17:39:50 HID: Legacy shim 2
17:39:50 AppleT8015TempSensor::start: missing device tree value (sensor-offset-CTL2)
17:39:50 AppleT8020MTRTempSensor::start: missing device tree value (alarm0-temp)
17:39:50 AppleT8020MTRTempSensor::start: missing device tree value (alarm1-temp)
17:39:50 HID: Legacy shim 2
17:39:50 pmu fault log: wdog,reset_in_1
17:39:50 SOCD: BASE 0xAB00, COUNT 0x0400
17:39:50 SOCD: Magic value 49h 4Eh 49h 54h
17:39:50 pmu fault log: wdog,reset_in_1 rst_in,reset_in_rise rst_in,reset_in_fall
17:39:50 AppleDialogSPMIPMU::start: Primary PMU detected
17:39:50 AppleDialogSPMIPMU::start: Non-primary PMU detected
17:39:50 AppleARMRTC started!#####
17:39:50 AppleDialogSPMIPMURTC started!******
17:39:50 AppleARMRTC started!#####
17:39:50 AppleDialogSPMIPMURTC started!******
17:39:50 AppleDialogSPMIPMURTC tick read!&&&&&&&
17:39:50 AppleDialogSPMIPMURTC ending!%%%
17:39:50 AppleARMRTC registering service!@@@@@@
17:39:50 AppleARMRTC service registered!$$$$$
17:39:50 AppleARMRTC publishing service!^^^^^^
17:39:50 AppleT8015TempSensor::start: missing device tree value (sensor-offset-CTL2)
17:39:50 AppleT8015TempSensor::start: missing device tree value (sensor-offset-CTL1)
17:39:50 HID: Legacy shim 2
17:39:50 AppleT8020MTRTempSensor::start: missing device tree value (alarm0-temp)
17:39:50 AppleT8020MTRTempSensor::start: missing device tree value (alarm1-temp)
17:39:50 HID: Legacy shim 2
17:39:50 Couldn't alloc class "AppleKeyStoreTest"
17:39:50 Couldn't alloc class "AppleKeyStoreTest"
17:39:50 admac-sio: Built on Jul  5 2023 at 22:13:23.           
17:39:50 General panic behavior:
17:39:50           	debugFacility = 0x80000001
17:39:50           	chan debug    = 0x0000ffff
17:39:50           	Gen PanicMask = 0x000087fb
17:39:50           
17:39:50 Test features:
17:39:50           	PseudoMem     = 0x00000000
17:39:50           	PeriphDisable = 0x00000000
17:39:50           	DMADisable    = 0x00000000
17:39:50           	AXIBurstSize  = 0x00000003
17:39:50           	TSC Mode      = 0x00000000
17:39:50           
17:39:50 Jitter:
17:39:50           	Tx WA mask    = 0x0000ffff
17:39:50           	Rx WA mask    = 0x0000ffff
17:39:50           	HiJ panic msk = 0x00000000
17:39:50           	HiJ threshold = 0x00000960
17:39:50           
17:39:50 _getExecutionPlatform: AudioDMAController::admac-sio::483: Running on silicon.
17:39:50 AppleS5L8940XI2CController::start: i2c0 this: <ptr> _i2cBaseAddress: <ptr>
17:39:50 ktriage_register_subsystem_strings: set subsystem 8 strings
17:39:50 mcache: 8 CPU(s), 128 bytes CPU cache line size
17:39:50 mbinit: done [256 MB total pool size, (170/85) split]
17:39:50 dlil_init: Waiting for all the create dlil kernel threads to get scheduled at least once.
17:39:50 dlil_init: All the created dlil kernel threads have been scheduled at least once. Proceeding.
17:39:50 setDirectionAndRole: APA0TX::admac-aop-audio::578: TX:Initialized.
17:39:50 AppleA7IOPNub: withRegistryEntry, 47: allocated nub <ptr>
17:39:50 
17:39:50 AppleT8015TempSensor::start: missing device tree value (sensor-offset-CTL1)
17:39:50 HID: Legacy shim 2
17:39:50 AppleA7IOPNub: withRegistryEntry, 47: allocated nub <ptr>
17:39:50 
17:39:50 ifnet_attach: All kernel threads created for interface lo0 have been scheduled at least once. Proceeding.
17:39:50 ifnet_attach: Waiting for all kernel threads created for interface gif0 to get scheduled at least once.
17:39:50 ifnet_attach: All kernel threads created for interface gif0 have been scheduled at least once. Proceeding.
17:39:50 skip attaching fsw to lo0 using legacy TX modelifnet_attach: Waiting for all kernel threads created for interface stf0 to get scheduled at least once.
17:39:50 ifnet_attach: All kernel threads created for interface stf0 have been scheduled at least once. Proceeding.
17:39:50 AppleT8015TempSensor::start: missing device tree value (sensor-offset-CTL2)
17:39:50 AppleT8015TempSensor::start: missing device tree value (sensor-offset-CTL1)
17:39:50 HID: Legacy shim 2
17:39:50 RTBuddy(PMP): start(<ptr>) - (Jul  5 2023@22:21:21)
17:39:50 virtual IOService *AppleANS2NVMeController::probe(IOService *, SInt32 *)::194:Found (ANS2) provider, returning score 100000
17:39:50 virtual IOService *AppleANS3NVMeController::probe(IOService *, SInt32 *)::82:Found (ANS2) provider and linear-sq, returning score 300000
17:39:50 RTBuddy(SIO): start(<ptr>) - (Jul  5 2023@22:21:21)
17:39:50 RTBuddy(PMP): Boot args override: wdt = -1
17:39:50 AppleT8015TempSensor::start: missing device tree value (sensor-offset-CTL2)
17:39:50 AppleT8015TempSensor::start: missing device tree value (sensor-offset-CTL1)
17:39:50 HID: Legacy shim 2
17:39:50 RTBuddy(SIO): Boot args override: wdt = -1
17:39:50 RTBuddy(SIO): Resuming...
17:39:50 
17:39:50 DP855 ok=1
17:39:50 AppleTCON::publishMemoryDevicesBelow matched lcd-pmicwp
17:39:50 AppleTCON::publishMemoryDevicesBelow matched lcd-pmic
17:39:50 AppleTCON::publishMemoryDevicesBelow matched lcd-sswp
17:39:50 AppleTCON::publishMemoryDevicesBelow matched lcd-ss
17:39:50 AppleTCON::publishMemoryDevicesBelow matched tcon-registers
17:39:50 RTBuddy(ACIO1): start(<ptr>) - (Jul  5 2023@22:21:21)
17:39:50 RTBuddy(ACIO1): Boot args override: wdt = -1
17:39:50 AppleTCON::publishMemoryDevicesBelow matched lcd-eeprom
17:39:50 virtual bool AppleARMLightEmUp::start(IOService *): starting...
17:39:50 spi1 AppleSPIMCController::start:129: using CCLK 200000000
17:39:50 [ PCI configuration begin ]
17:39:50 IOPCIConfigurator::configure kIOPCIEnumerationWaitTime is 900
17:39:50 AppleT8015TempSensor::start: missing device tree value (sensor-offset-CTL2)
17:39:50 AppleT8015TempSensor::start: missing device tree value (sensor-offset-CTL1)
17:39:50 HID: Legacy shim 2
17:39:50 [ PCI configuration end, bridges 2, devices 0 ]
17:39:50 SPINORFlasherDriver::virtual bool AppleEmbeddedSimpleSPINORFlasherDriver::start(IOService *): service = IOPlatformDevice found.
17:39:50 SPINORFlasherDriver::virtual bool AppleEmbeddedSimpleSPINORFlasherDriver::start(IOService *): dual-iboot-support = true
17:39:50 SPINORFlasherDriver::virtual bool AppleEmbeddedSimpleSPINORFlasherDriver::start(IOService *): atomic-firmware-update-support = true
17:39:50 RTBuddy(PMP): Resuming...
17:39:50 
17:39:50 AppleT8015TempSensor::start: missing device tree value (sensor-offset-CTL2)
17:39:50 AppleT8015TempSensor::start: missing device tree value (sensor-offset-CTL1)
17:39:50 HID: Legacy shim 2
17:39:50 AppleSmartIO (RTBuddy-based)::start (<ptr>) - (Jul  5 2023@22:14:30)
17:39:50 AppleA7IOPNub: withRegistryEntry, 47: allocated nub <ptr>
17:39:50 
17:39:50 AppleT8015TempSensor::start: missing device tree value (sensor-offset-CTL2)
17:39:50 AppleT8015TempSensor::start: missing device tree value (sensor-offset-CTL1)
17:39:50 HID: Legacy shim 2
17:39:50 ApplePMP: started
17:39:50 setDirectionAndRole: APA1TX::admac-aop-audio::578: TX:Initialized.
17:39:50 RTBuddy(AOP): start(<ptr>) - (Jul  5 2023@22:21:21)
17:39:50 RTBuddy(AOP): Boot args override: wdt = -1
17:39:50 AppleA7IOPNub: withRegistryEntry, 47: allocated nub <ptr>
17:39:50 
17:39:50 virtual bool AppleSEPManager::start(IOService *): 
17:39:50 AppleSPUFirmwareService: found node AOP
17:39:51 virtual bool AppleM2ScalerCSCDriver::start(IOService *): Name=scaler0 Lock=<ptr> id=0 max_msrs=8 msr_mask=0xff scaler_count=0
17:39:51 virtual bool AppleSEPManager::start(IOService *): SEP memory IS coherent
17:39:51 virtual bool AppleM2ScalerCSCDriver::start(IOService *): MSR Driver Waiting for IOSurfaceRoot
17:39:51 virtual bool AppleSEPManager::start(IOService *): control endpoints created
17:39:51 AppleT8015TempSensor::start: missing device tree value (sensor-offset-CTL2)
17:39:51 AppleT8015TempSensor::start: missing device tree value (sensor-offset-CTL1)
17:39:51 HID: Legacy shim 2
17:39:51 AppleT8015TempSensor::start: missing device tree value (sensor-offset-CTL2)
17:39:51 AppleT8015TempSensor::start: missing device tree value (sensor-offset-CTL1)
17:39:51 HID: Legacy shim 2
17:39:51 AppleT8015TempSensor::start: missing device tree value (sensor-offset-CTL2)
17:39:51 AppleT8015TempSensor::start: missing device tree value (sensor-offset-CTL1)
17:39:51 AppleA7IOPNub: withRegistryEntry, 47: allocated nub <ptr>
17:39:51 
17:39:51 HID: Legacy shim 2
17:39:51 virtual bool AppleSEPManager::start(IOService *): PM init done
17:39:51 virtual bool AppleSEPManager::start(IOService *): registered
17:39:51 IOReturn AppleSEPManager::_setPowerState(unsigned long *): power state 0 -> 2
17:39:51 static IOService *AppleSEPManager::getReadableNvram(): Waiting for IODTNVRAM
17:39:51 static IOService *AppleSEPManager::getReadableNvram(): Got IODTNVRAM OK
17:39:51 void AppleSEPManager::_loadFlagData(): Didn't find oblit-inprogress in NVRAM
17:39:51 
17:39:51 void AppleSEPBooter::_bootAction(void *, void *): SEP status: 1
17:39:51 void AppleSEPBooter::_bootAction(void *, void *): SEP accepted Tz0
17:39:51 Identified Serial Port uart2 at 0x235208000(<ptr>)
17:39:51 AppleBiometricSensor: Found SandDollarFamily
17:39:51 
17:39:51 AppleBiometricSensor: Found SandDollarFamily
17:39:51 
17:39:51 [dockchannel] Started AppleSerialShim.
17:39:51 RTBuddy(DCPEXT): start(<ptr>) - (Jul  5 2023@22:21:21)
17:39:51 RTBuddy(DCPEXT): Boot args override: wdt = -1
17:39:51 AppleARMNORNVRAM.cpp:start:48 - bank size=0x10000, bank count=0x10, current bank=0x9
17:39:51 setDirectionAndRole: SIO0TX::admac-sio::578: TX:Initialized.
17:39:51 setDirectionAndRole: SIO1TX::admac-sio::578: TX:Initialized.
17:39:51 setDirectionAndRole: SIO2TX::admac-sio::578: TX:Initialized.
17:39:51 setDirectionAndRole: SIO3TX::admac-sio::578: TX:Initialized.
17:39:51 setDirectionAndRole: SIO4TX::admac-sio::578: TX:Initialized.
17:39:51 setDirectionAndRole: SIO5TX::admac-sio::578: TX:Initialized.
17:39:51 setDirectionAndRole: SIO6TX::admac-sio::578: TX:Initialized.
17:39:51 RTBuddy(AOP): Resuming...
17:39:51 
17:39:51 setDirectionAndRole: SIO7TX::admac-sio::578: TX:Initialized.
17:39:51 setDirectionAndRole: SIO8TX::admac-sio::578: TX:Initialized.
17:39:51 setDirectionAndRole: SIO9TX::admac-sio::578: TX:Initialized.
17:39:51 setDirectionAndRole: SIOATX::admac-sio::578: TX:Initialized.
17:39:51 setDirectionAndRole: SIOBTX::admac-sio::578: TX:Initialized.
17:39:51 setDirectionAndRole: SIO0RX::admac-sio::578: RX:Initialized.
17:39:51 setDirectionAndRole: SIO1RX::admac-sio::578: RX:Initialized.
17:39:51 setDirectionAndRole: SIO2RX::admac-sio::578: RX:Initialized.
17:39:51 setDirectionAndRole: SIO3RX::admac-sio::578: RX:Initialized.
17:39:51 setDirectionAndRole: SIO4RX::admac-sio::578: RX:Initialized.
17:39:51 setDirectionAndRole: SIO5RX::admac-sio::578: RX:Initialized.
17:39:51 setDirectionAndRole: SIO6RX::admac-sio::578: RX:Initialized.
17:39:51 setDirectionAndRole: SIO7RX::admac-sio::578: RX:Initialized.
17:39:51 setDirectionAndRole: SIO8RX::admac-sio::578: RX:Initialized.
17:39:51 setDirectionAndRole: SIO9RX::admac-sio::578: RX:Initialized.
17:39:51 setDirectionAndRole: SIOARX::admac-sio::578: RX:Initialized.
17:39:51 setDirectionAndRole: SIOBRX::admac-sio::578: RX:Initialized.
17:39:51 setDirectionAndRole: APA2TX::admac-aop-audio::578: TX:Initialized.
17:39:51 AppleT8015TempSensor::start: missing device tree value (sensor-offset-CTL2)
17:39:51 AppleT8015TempSensor::start: missing device tree value (sensor-offset-CTL1)
17:39:51 HID: Legacy shim 2
17:39:51 void AppleSEPBooter::_bootAction(void *, void *): SEP status: 2
17:39:51 void AppleSEPBooter::_bootAction(void *, void *): SEP status: 2
17:39:51 IOReturn AppleSEPBooter::bootSEP(AppleSEPFirmware *, bool, AppleSEPSharedMemoryBuffer *, bool): SEP booting
17:39:51 IOReturn AppleSEPBooter::bootSEP(AppleSEPFirmware *, bool, AppleSEPSharedMemoryBuffer *, bool): Shmbuf for SEP: { slave addr = 0x600000, size = 0x1c000 }
17:39:51 RTBuddy(DCPEXT): Resuming...
17:39:51 
17:39:51 RTBuddy(DCPEXT): OSLog endpoint registering to logd(uuid: 00000000-0000-0000-0000-000000000000, role: DCPEXT, range_start: 0, range_end: 255, fw_type: 1)
17:39:51 [AOP:AOP_oslog_init.cpp:96] Start AOP OSLog init
17:39:51 RTBuddy(AOP): OSLog endpoint registering to logd(uuid: 0779D154-BD5B-3344-9824-A5F545091EC6, role: AOP, range_start: 0, range_end: 255, fw_type: 1)
17:39:51 [AOP:P_os_log_support.cpp:60] AOP os log initialized
17:39:51 [AOP:SPU_dram_client.cpp:211] AOP platform dram client initialized
17:39:51 AppleA7IOPNub: withRegistryEntry, 47: allocated nub <ptr>
17:39:51 
17:39:51 RTBuddy(DCP): start(<ptr>) - (Jul  5 2023@22:21:21)
17:39:51 RTBuddy(DCP): Boot args override: wdt = -1
17:39:51 void AppleSEPBooter::_bootAction(void *, void *): SEP accepted IMG4
17:39:51 [AOP:ALSCT720.cpp:57] probe
17:39:51 
17:39:51 [AOP:ALSCT720.cpp:85] CT720 device found.
17:39:51 [AOP:ALSVD6286.cpp:80] [ALS2] VD6286 device NOT found. Calibration Override:0
17:39:51 [AOP:ClientInfo.cpp:184] exp "inCallbackAction(it.key(), inRef)" fail, RunActionOnClientManagers(), ln 1...
17:39:51 [AOP:ALSCT720.cpp:93] start
17:39:51 
17:39:51 AppleHPMARMI2C::start - Unable to read hpmlog boot-arg
17:39:51 AppleHPM runtime power conservation disabled.
17:39:51 RTBuddy(DCP): Resuming...
17:39:51 
17:39:51 AppleBiometricSensor: Looking for AOP driver...
17:39:51 AppleBiometricSensor: start(): SensorStatus:    16B | 80 20 00 10 00 00 00 00 60 00 00 00 52 33 00 00 
17:39:51 HID: Legacy shim 2
17:39:51 AppleTCControllerAssignableTransport::probe - failed!
17:39:51 AppleTCControllerType10::start
17:39:51 AppleTCController::genericStart(@0x0) - Start
17:39:51 [AOP:iggerController.cpp:129] VoiceTrig ready!! <AppleAOPVoiceTriggerController v240.2 built: Jun 30 202317:4...
17:39:51 [AOP:ClientInfo.cpp:184] exp "inCallbackAction(it.key(), inRef)" fail, RunActionOnClientManagers(), ln 1...
17:39:51 [AOP:Controller.cpp:160] RTKitAudioFramework v240.4 (built Jun 30 2023 17:51:05) ready!! {12 nodes}
17:39:51 RTBuddy(DCP): OSLog endpoint registering to logd(uuid: 00000000-0000-0000-0000-000000000000, role: DCP, range_start: 0, range_end: 255, fw_type: 1)
17:39:51 [AOP:Controller.cpp:251] aop-audio v240.10 (built Jun 30 2023 17:56:11, debug 0x0) ready!!
17:39:51 [AOP:SPU_init.cpp:320] ===( AOP IS READY )===
17:39:51 AppleSPU::_handleReadyReport, serviceName (SPUApp) 
17:39:51 AppleSPU::_handleReadyReport, serviceName (i2c) 
17:39:51 AppleSPU::_handleReadyReport, serviceName (aop-voicetrigger) 
17:39:51 AppleSPU::_handleReadyReport, serviceName (aop-audio) 
17:39:51 com.apple.AppleFSCompressionTypeDataless kmod start
17:39:51 com.apple.AppleFSCompressionTypeZlib kmod start
17:39:51 setDirectionAndRole: APA3TX::admac-aop-audio::578: TX:Initialized.
17:39:51 apfs_module_start:3058: load: com.apple.filesystems.apfs, v2142.140.9, apfs-2142.140.9, 2023/07/10
17:39:51 ktriage_register_subsystem_strings: set subsystem 7 strings
17:39:51 nfs_kext_start: successfully loaded NFS kext
17:39:51 Couldn't alloc class "AppleKeyStoreTest"
17:39:51 IOMFB: service matched: AppleDCPExpert
17:39:51 com.apple.AppleFSCompressionTypeDataless load succeeded
17:39:51 com.apple.AppleFSCompressionTypeZlib load succeeded
17:39:51 Setting up notifier for CoreAnalyticsHub
17:39:51 IOMFB: AppleDCPLinkService heap size increment: 0x0
17:39:51 IOMFB: service matched: AppleDCPLinkService (pipe:1)
17:39:51 IOMFB: AP DRIVER START!
17:39:51 IOMFB: driver commit: 
17:39:51 [DCPEXT:ap_link.c:299] shared memory dva: 0xf01340000 0xffffffff00031000
17:39:51 
17:39:51 [DCPEXT:ap_link.c:276] ap_link: IOMFB: DCP heap size: 0x1030000 [iBoot:0x1030000] [LinkService:0x0]
17:39:51 
17:39:51 
17:39:51 calling mpo_policy_init for ASP
17:39:51 calling mpo_policy_initbsd for ASP
17:39:51 void AppleSEPManager::_notifyOSActiveGated(): SEP/OS is alive
17:39:51 virtual bool HibernationService::start(IOService *): Starting HibernationService
17:39:51 ASP: NVRAM pointer initialized
17:39:51 ASP: No recovery key set
17:39:51 Security policy loaded: Apple System Policy (ASP)
17:39:51 setDirectionAndRole: APA4TX::admac-aop-audio::578: TX:Initialized.
17:39:51 SEP EP 24 enabled
17:39:51 void AppleSEPManager::_updateDeviceTree(): updateDeviceTreeThread started
17:39:51 static void AppleSEPManager::_updateDeviceTreeThread(void *): updateDeviceTree Success
17:39:51 apfs_sysctl_register:1562: done registering sysctls.
17:39:51 com_apple_filesystems_nfs: successfully loaded NFS module
17:39:51 [AOPAudio](error) expression "getNamedProperty(inName, static_cast<void*>(outProperty), &sz)" failed, AppleAOPAudioLPMicInDevice::getNamedProperty(), line 300, status: 0xe00002f0
17:39:51 [AOPAudio](error) expression "getNamedProperty(inName, static_cast<void*>(outProperty), &sz)" failed, AppleAOPAudioLPMicInDevice::getNamedProperty(), line 300, status: 0xe00002f0
17:39:51 [PMP:main.cpp:4480] PMP started
17:39:51 L2TP domain init
17:39:51 L2TP domain init complete
17:39:51 Load request for com.apple.nke.pptp failed: -603946991
17:39:51 IOMFB: service matched: AppleDCPExpert
17:39:51 IOMFB: AppleDCPLinkService heap size increment: 0x0
17:39:51 IOMFB: service matched: AppleDCPLinkService (pipe:0)
17:39:51 IOMFB: AP DRIVER START!
17:39:51 IOMFB: driver commit: 
17:39:51 [DCP:ap_link.c:299] shared memory dva: 0xf0415c000 0xffffffff000ea000
17:39:51 
17:39:51 [DCP:ap_link.c:276] ap_link: IOMFB: DCP heap size: 0x1030000 [iBoot:0x1030000] [LinkService:0x0]
17:39:51 
17:39:51 
17:39:51 Couldn't alloc class "AppleKeyStoreTest"
17:39:51 [AOP:udioPDMNodeBase.cpp:115] PDMDev<pdm0> LPClkCfg=Src:pll ,Freq:2400000
17:39:51 [AOP:udioPDMNodeBase.cpp:554] PDMDev<pdm0> off ->xi0 , 0->2400000 AP state 1
17:39:51 setDirectionAndRole: APA5TX::admac-aop-audio::578: TX:Initialized.
17:39:51 open by AppleSPUHIDDriver 0x100000449 (0x0)
17:39:51 [DCP:dpointInterface.cpp:606] [AFK][AFKMailboxSharedMemoryEndpointInterface:#63] if:1 inCmd:0 inResp:0 outRepErr:0 outCmdErr:0 t:515545046
17:39:51 [DCP:dpointInterface.cpp:606] [AFK][AFKMailboxSharedMemoryEndpointInterface:#66] if:3 inCmd:0 inResp:0 outRepErr:0 outCmdErr:0 t:515757155
17:39:51 rooting via boot-uuid from /chosen: DEADBEEF-DEAD-BEEF-DEAD-BEEFDEADBEEF
17:39:51 [DCP:dpointInterface.cpp:606] [AFK][AFKMailboxSharedMemoryEndpointInterface:#69] if:1 inCmd:0 inResp:0 outRepErr:0 outCmdErr:0 t:515828246
17:39:51 Waiting on <dict ID="0"><key>IOProviderClass</key><string ID="1">IOResources</string><key>IOResourceMatch</key><string ID="2">boot-uuid-media</string></dict>
17:39:51 AppleARMBacklight::start: No AAP function
17:39:51 AppleARMBacklight::start: Pre-strobe iDAC=2046 default 
17:39:51 [DCP:dpointInterface.cpp:606] [AFK][AFKMailboxSharedMemoryEndpointInterface:#70] if:3 inCmd:0 inResp:0 outRepErr:0 outCmdErr:0 t:515904419
17:39:51 HID: Legacy shim 2
17:39:51 [DCP:dpointInterface.cpp:606] [AFK][AFKMailboxSharedMemoryEndpointInterface:#67] if:1 inCmd:7 inResp:7 outRepErr:0 outCmdErr:0 t:516014040
17:39:51 AppleH13amIn::start - ISP SPMI0 register map physicl address = 0x22C900000.
17:39:51 AppleH13amIn::start - ISP SPMI register addresses = 0x<ptr> - 0x<ptr> - 0x<ptr> - 0x<ptr> - 0x00020000.
17:39:51 virtual bool AppleM2ScalerCSCDriver::start(IOService *): DONE Waiting for IOSurfaceRoot
17:39:51 void AppleM2ScalerCSCDriver::getPerfStatesByEDTValue(IOService *) mMaxPerfStateClock = 0
17:39:51 WARNING: getDartPowerByEDTValue, Line=5472: Scaler DRIVER: EDT key direct-dart-power not found: EDT key manual-availability needed. Driver may fail.
17:39:51 virtual bool AppleM2ScalerCSCHal::mapRegisterMemory(IOService *): Scaler 0 RegisterMemoryMap[<ptr>]: base=<ptr> physical address = 0x263000000 length = 163840
17:39:51 virtual void AppleM2ScalerCSCHalMSR::detectHardwareVersion(socVersion): Scaler HW version: 0xb001c 
17:39:51 bool AppleM2ScalerCSCHal::initScalerPropertiesAndExtents(): Checking for SOC 0xa, HwVersion 0xb001c, against table SOC 0x1, and table version 0x10001
17:39:51 bool AppleM2ScalerCSCHal::initScalerPropertiesAndExtents(): Checking for SOC 0xa, HwVersion 0xb001c, against table SOC 0x1, and table version 0x10002
17:39:51 bool AppleM2ScalerCSCHal::initScalerPropertiesAndExtents(): Checking for SOC 0xa, HwVersion 0xb001c, against table SOC 0x2, and table version 0x20000
17:39:51 bool AppleM2ScalerCSCHal::initScalerPropertiesAndExtents(): Checking for SOC 0xa, HwVersion 0xb001c, against table SOC 0x2, and table version 0x30000
17:39:52 bool AppleM2ScalerCSCHal::initScalerPropertiesAndExtents(): Checking for SOC 0xa, HwVersion 0xb001c, against table SOC 0x2, and table version 0x40000
17:39:52 bool AppleM2ScalerCSCHal::initScalerPropertiesAndExtents(): Checking for SOC 0xa, HwVersion 0xb001c, against table SOC 0x3, and table version 0x50000
17:39:52 bool AppleM2ScalerCSCHal::initScalerPropertiesAndExtents(): Checking for SOC 0xa, HwVersion 0xb001c, against table SOC 0x5, and table version 0x60000
17:39:52 bool AppleM2ScalerCSCHal::initScalerPropertiesAndExtents(): Checking for SOC 0xa, HwVersion 0xb001c, against table SOC 0x6, and table version 0x70000
17:39:52 bool AppleM2ScalerCSCHal::initScalerPropertiesAndExtents(): Checking for SOC 0xa, HwVersion 0xb001c, against table SOC 0x7, and table version 0x8003f
17:39:52 bool AppleM2ScalerCSCHal::initScalerPropertiesAndExtents(): Checking for SOC 0xa, HwVersion 0xb001c, against table SOC 0x7, and table version 0x80040
17:39:52 bool AppleM2ScalerCSCHal::initScalerPropertiesAndExtents(): Checking for SOC 0xa, HwVersion 0xb001c, against table SOC 0x8, and table version 0x90082
17:39:52 bool AppleM2ScalerCSCHal::initScalerPropertiesAndExtents(): Checking for SOC 0xa, HwVersion 0xb001c, against table SOC 0x8, and table version 0x9009b
17:39:52 bool AppleM2ScalerCSCHal::initScalerPropertiesAndExtents(): Checking for SOC 0xa, HwVersion 0xb001c, against table SOC 0x8, and table version 0x900a7
17:39:52 bool AppleM2ScalerCSCHal::initScalerPropertiesAndExtents(): Checking for SOC 0xa, HwVersion 0xb001c, against table SOC 0x9, and table version 0xa000e
17:39:52 bool AppleM2ScalerCSCHal::initScalerPropertiesAndExtents(): Checking for SOC 0xa, HwVersion 0xb001c, against table SOC 0x9, and table version 0xa0012
17:39:53 bool AppleM2ScalerCSCHal::initScalerPropertiesAndExtents(): Checking for SOC 0xa, HwVersion 0xb001c, against table SOC 0xa, and table version 0xb0014
17:39:53 bool AppleM2ScalerCSCHal::initScalerPropertiesAndExtents(): Checking for SOC 0xa, HwVersion 0xb001c, against table SOC 0xa, and table version 0xb001b
17:39:53 bool AppleM2ScalerCSCHal::initScalerPropertiesAndExtents(): Checking for SOC 0xa, HwVersion 0xb001c, against table SOC 0xa, and table version 0xb001c
17:39:53 bool AppleM2ScalerCSCHal::initScalerPropertiesAndExtents(): Found properties and extents entry 17
17:39:53 [DCP:dpointInterface.cpp:606] [AFK][AFKMailboxSharedMemoryEndpointInterface:#68] if:1 inCmd:11 inResp:11 outRepErr:0 outCmdErr:0 t:516090277
17:39:53 probe: manufacturer FireFish2
17:39:53 probe: manufacturer FireFish2
17:39:53 start: AP instance name disp0
17:39:53 probe: manufacturer FireFish2
17:39:53 dart_allows_pte_remap = 1
17:39:53 probe: manufacturer FireFish2
17:39:53 probe: manufacturer FireFish2
17:39:53 Firefish driver found
17:39:53 probe: manufacturer FireFish2
17:39:53 probe: manufacturer FireFish2
17:39:53 [DCP:nifiedPipeline.cpp:4175] IOMFB: Could not find PMU service
17:39:53 
17:39:53 Couldn't alloc class "AppleSPULogDriver"
17:39:53 probe: manufacturer FireFish2
17:39:53 AppleSPUVD6286 probe: manufacturer FireFish2
17:39:53 AppleSPUVD6287 probe: device name FireFish2
17:39:53 open by AppleSPUCT720 0x100000488 (0x0)
17:39:53 [System Event] [480991875] [INFO] [Subsystem: nvram] [Event: write] display-crossbar0 with data size 0x60
17:39:53 HID: Legacy shim 2
17:39:53 IOAccessoryManager::configureAccessoryPowerGated: AppleHPMDevice: Configuring Accessory Power to (1)
17:39:53 AppleTCControllerType10::configureAccessoryPowerGated: PowerModeOff
17:39:53 AppleTCControllerType10::configureAccessoryPowerInternal: _powerState=1, _powerStateInternal=0, _sleeping=0, _accessoryPowerModeExtOffRequested 0
17:39:53 AppleTCControllerType10::configureAccessoryPowerInternal: !getAccessoryPowerReady(); set PowerModeOff?
17:39:53 AppleTCControllerType10::configureAccessoryPowerInternal: handleAccessoryPowerWillChange, confirm PowerModeOff
17:39:53 [ERROR] IOPort::initPortType(): [AppleTCControllerType10@102] Cannot init port type - it is already set! (m_portType: 2, portType: 2)
17:39:53 
17:39:53 Couldn't alloc class "AppleKeyStoreTest"
17:39:53 AppleFileSystemDriver: using apfs-preboot-uuid
17:39:53 [DCP:nifiedPipeline.cpp:4191] IOMFB: Could not find Backlight service
17:39:53 
17:39:53 IOPort::registerService(): [Port-USB-C@2] Registering service Port-USB-C@2...
17:39:53 
17:39:53 [DCP:nifiedPipeline.cpp:4199] IOMFB: Could not find nvram service
17:39:53 
17:39:53 [DCP:nifiedPipeline.cpp:1838] virtual bool UnifiedPipeline::start_ios_gated(): Created AP Services
17:39:53 
17:39:53 [DCP:nifiedPipeline.cpp:1864] start_ios_gated: trigger pending HPD notification
17:39:53 
17:39:53 hotPlug_notify_gated: AP disp0 HPD notification not registered yet, hpdPending 1 hpdState 1
17:39:53 IOPort::registerService(): [Port-USB-C@2] Registering service Port-USB-C@2...
17:39:53 
17:39:53 IOPortTransportState::start(): [Port-USB-C@2: CC] m_parentPort->isFeatureSupported(kIOPortFeatureTRM): YES, this->isTRMSupported(): NO, (transportType: 1, parentPortType: 2, parentPortNumber: 2)
17:39:53 IOPortTransportState::registerService(): [Port-USB-C@2: CC] Registering service CC@... (transportType: 1, provider: Port-USB-C@2)
17:39:53 AppleTCControllerType10::poweredStart(@0x3f) - start
17:39:53 AppleTCController::setCurrentModeFlags(@0x3f) - No plug detected, all flags cleared
17:39:53 setDirectionAndRole: APA6TX::admac-aop-audio::578: TX:Initialized.
17:39:53 [DCP:nifiedPipeline.cpp:1871] virtual bool UnifiedPipeline::start_ios_gated(): Flushed RTPs
17:39:53 
17:39:53 [DCP:PPipeDCP_H13P.cpp:11092] IOMFB updateFrequencies: minimum-frequency property not found, using getClockFrequency(0) instead.
17:39:53 
17:39:53 IOAccessoryTRM::start(): bootedFromRamDisk: NO, dockSupportsTRM: NO (m_mgrPrimaryPortID: 258)
17:39:53 IOAccessoryTRM::_setPropertiesGated(): Setting USB Restricted Mode: NO... (m_mgrPrimaryPortID: 258)
17:39:53 IOAccessoryTRM::_setPropertiesGated(): Could not set USB RM state - no reference to USB Connect Shim!
17:39:53 IOAccessoryTRM::start(): Registering service IOAccessoryTRM... (m_mgrPrimaryPortID: 258)
17:39:53 SEP EP 14 enabled
17:39:53 20087127us AppleThunderboltNHIType5(1)::unpoweredStart - enabled-ring-mask: 0
17:39:53 IOMFB set_ffr_index: Disabling overdrive (missing EDT data)
17:39:53 [DCP:nifiedPipeline.cpp:1356] set_device_enabled_gated: current state: 1, requested state: 1
17:39:53 
17:39:53 SEP EP 14 disabled
17:39:53 [uart] Started AppleSerialShim.
17:39:53 [DCP:PPipeDCP_H13P.cpp:11092] IOMFB updateFrequencies: minimum-frequency property not found, using getClockFrequency(0) instead.
17:39:53 
17:39:53 AppleA7IOPNub: withRegistryEntry, 47: allocated nub <ptr>
17:39:53 
17:39:53 virtual bool AppleANS2NVMeController::start(IOService *)::416:Found the ANS2Endpoint1
17:39:53 AppleT8015TempSensor::start: missing device tree value (sensor-offset-CTL2)
17:39:53 AppleT8015TempSensor::start: missing device tree value (sensor-offset-CTL1)
17:39:53 bool AppleEmbeddedNVMeController::SetNamespacesStruct()::194:Obtained 3 namespaces from DT
17:39:53 virtual bool IONVMeController::start(IOService *)::793:IONVMeController::start
17:39:53 HID: Legacy shim 2
17:39:53 virtual IOFilterInterruptEventSource *AppleANS2NVMeController::CreateDeviceInterrupt(IOInterruptEventSource::Action, IOFilterInterruptEventSource::Filter, IOService *)::2806:ANS2 NVMe interrupt index - 0x4
17:39:53 virtual uint32_t AppleANS2CGNVMeController::GetNVMePPLQueueEntries()::420:NVMePPL Queue Entries=65
17:39:53 virtual bool AppleANS2CGNVMeController::InitializePCI()::177:Successfully initialized NVMe CoastGuard
17:39:53 static AppleNVMeRequestPoolTagReserve *AppleNVMeRequestPoolTagReserve::Create(AppleNVMeWorkLoop *, uint8_t, uint16_t, uint32_t, bool, NVMeBufferAllocator *, lck_mtx_t *, NVMeCGType_t, IOMapper *)::138:NVMe Request Pool Init (Tag Reservation Case). First pvirtual IOReturn IONVMeController::CreateSubmissionQueue(uint16_t, uint8_t)::3177:SQ index=0 entrysize=64
17:39:53 virtual IOReturn IONVMeController::CreateSubmissionQueue(uint16_t, uint8_t)::3177:SQ index=1 entrysize=64
17:39:53 virtual void AppleANS3NVMeController::EnableLinearSQ()::127:Enabling LSQ
17:39:53 virtual void AppleANS2CGNVMeController::SetupAdminQueue()::216:Successfully enabled NVMe CoastGuard
17:39:53 virtual void AppleANS2NVMeController::SetModeselRegister(uint32_t)::1214:Setting modesel to 0
17:39:53 [ANS2:client1] Restarting rebuild from lba 0
17:39:53 [ANS2:client1]  boot mode normal
17:39:53 AppleT8015TempSensor::start: missing device tree value (invokes-sochot)
17:39:53 Couldn't alloc class "AppleSEPARTService"
17:39:53 HID: Legacy shim 2
17:39:53 setDirectionAndRole: APA7TX::admac-aop-audio::578: TX:Initialized.
17:39:53 virtual bool AppleM2ScalerCSCDriver::start(IOService *): Object=<ptr>: Provider=<ptr>: Register Service
17:39:53 virtual bool AppleM2ScalerCSCDriver::start(IOService *): this=<ptr>, Added Scaler Number = 0
17:39:53 virtual IOReturn AppleNVMeRequestPoolTagReserve::Rebuild(uint8_t, uint32_t, bool, NVMeCGType_t, IOMapper *)::181:NVMe Request Pool Init (Tag Reservation Case). Second phase, RequestCount = 64
17:39:53 AppleT8015TempSensor::start: missing device tree value (invokes-sochot)
17:39:53 HID: Legacy shim 2
17:39:53 AppleT8015TempSensor::start: missing device tree value (invokes-sochot)
17:39:53 HID: Legacy shim 2
17:39:53 virtual IOReturn AppleANS2NVMeController::EnableCompletionQueue(uint16_t)::1948:nvme: Setting IOCQ base addr 0x827cac000
17:39:53 virtual IOReturn AppleANS2NVMeController::EnableSubmissionQueue(uint16_t)::1918:nvme: Setting IOSQ base addr 0x827cb4000
17:39:53 bool AppleEmbeddedNVMeController::IdentifyNamespaces()::2009:nvme: Vendor ID     : 0x106b
17:39:53 bool AppleEmbeddedNVMeController::IdentifyNamespaces()::2010:nvme: Model Number  : APPLE SSD AP0512Q                       
17:39:53 bool AppleEmbeddedNVMeController::IdentifyNamespaces()::2011:nvme: Serial Number : 0ba0160c42cd141d    
17:39:53 bool AppleEmbeddedNVMeController::IdentifyNamespaces()::2012:nvme: Firmware Rev  : 359.60.3
17:39:53 bool AppleEmbeddedNVMeController::IdentifyNamespaces()::2080:nvme: S5E A0 Toshiba BiCS 4 tlc 3D 2 plane 512GB NAND
17:39:53 bool AppleEmbeddedNVMeController::IdentifyNamespaces()::2100:ECCVersion   : 1
17:39:53 bool AppleEmbeddedNVMeController::IdentifyNamespaces()::2104:FTL Rev      : 37.1
17:39:53 bool AppleEmbeddedNVMeController::IdentifyNamespaces()::2105:DM_Version   : 178
17:39:53 bool AppleEmbeddedNVMeController::IdentifyNamespaces()::2106:=======================
17:39:53 bool AppleEmbeddedNVMeController::IdentifyNamespaces()::2113:Found 3 namespaces in current NAND
17:39:53 bool AppleEmbeddedNVMeController::DetermineNamespaces()::2538:Identified nsid[1] as nstype[1]
17:39:53 function-mcc_dataset found 
17:39:53 bool AppleEmbeddedNVMeController::DetermineNamespaces()::2538:Identified nsid[2] as nstype[8]
17:39:53 bool AppleEmbeddedNVMeController::DetermineNamespaces()::2538:Identified nsid[3] as nstype[13]
17:39:53 [ANS2:client1]  setting walltime time 3960 --> 4433 and calendar 1637163886  --> 1789915190
17:39:53 HID: Legacy shim 2
17:39:53 virtual bool AppleEmbeddedNVMeController::AllocateNodes(bool)::1622:allocateAll 1
17:39:53 callPlatformFunction: IODMAController000000A4::admac-sio::1296: Allocated suspend ARMFunction <ptr>.
17:39:53 IOMFB Int RTBandwidth: using LEGACY
17:39:53 IOMFB Int RTBandwidth: Scratch: 0x23b738014
17:39:53 IOMFB Int RTBandwidth: Legacy IRQ: 0x23bc3c000, bit 2
17:39:53 [DCP:PPipeDCP_H13P.cpp:10490] set_run_mode_safe: deferring: 2 -> 4
17:39:53 
17:39:53 [DCP:PPipeDCP_H13P.cpp:10395] virtual IOMFBStatus IOMFB::UPPipeDCP_H13P::ready_for_run_mode_change(IOMFB::AppleRegisterStream *): initiating deferred run mod...
17:39:53 [DCP:M3Hal_v1.cpp:197] IOMFB: load APT M3 IMem : size 0x7948
17:39:53 
17:39:53 [DCP:M3Hal_v1.cpp:197] IOMFB: load APT M3 DMem : size 0x6f60
17:39:53 
17:39:53 [DCP:CAHandler.cpp:188] IOMFB load_ca_data: Unrecognized data version 0 (expected 1 or 2)
17:39:53 [DCP:UPPipe.cpp:3767] IOMFB read_pmu_data_sync: pmu ram read error (e00800d8)
17:39:53 
17:39:53 [DCP:PPipeDCP_H13P.cpp:14085] IOMFB Int RTBandwidth: program_M3_rt_config: Using Legacy, scratch 23b738014
17:39:53 
17:39:53 [DCP:PPipeDCP_H13P.cpp:14105] IOMFB Int RTBandwidth: using legacy. Doorbell 23bc3c000, bit 2
17:39:53 
17:39:53 [DCP:UPTSQManager.cpp:133] IOMFB: clearing M3 reset
17:39:53 
17:39:53 [DCP:UPTSQ_Hal_v1.cpp:349] IOMFB: timebase_offset = 4
17:39:53 
17:39:53 AppleCredentialManager: sepManagerMatchedGated: AppleSEPManager matched.
17:39:53 Loopback: Could not find the safety offset seed property.
17:39:53 start: AP instance name dispext0
17:39:53 dart_allows_pte_remap = 1
17:39:53 [DCP:UPTSQManager.cpp:105] IOMFB: switch to normal mode succeeded
17:39:53 
17:39:53 [DCPEXT:nifiedPipeline.cpp:4175] IOMFB: Could not find PMU service
17:39:53 
17:39:53 callPlatformFunction: IODMAController000000A4::admac-sio::1296: Allocated suspend ARMFunction <ptr>.
17:39:53 [DCPEXT:nifiedPipeline.cpp:4191] IOMFB: Could not find Backlight service
17:39:53 
17:39:53 [DCPEXT:nifiedPipeline.cpp:4199] IOMFB: Could not find nvram service
17:39:53 
17:39:53 [DCPEXT:nifiedPipeline.cpp:1838] virtual bool UnifiedPipeline::start_ios_gated(): Created AP Services
17:39:53 
17:39:53 [ANS2:client1] Finished rebuilding GC Search BM
17:39:53 RTBuddy(SMC): start(<ptr>) - (Jul  5 2023@22:21:21)
17:39:53 [DCPEXT:nifiedPipeline.cpp:1871] virtual bool UnifiedPipeline::start_ios_gated(): Flushed RTPs
17:39:53 
17:39:53 callPlatformFunction: IODMAController000000A4::admac-sio::1296: Allocated suspend ARMFunction <ptr>.
17:39:53 [DCPEXT:PPipeDCP_H13P.cpp:11122] IOMFB setup_video_limits called on secondary display with no timing set
17:39:53 
17:39:53 AppleA7IOPNub: withRegistryEntry, 47: allocated nub <ptr>
17:39:53 
17:39:53 RTBuddy(GFX): start(<ptr>) - (Jul  5 2023@22:21:21)
17:39:53 IOMFB set_ffr_index: Disabling overdrive (missing EDT data)
17:39:53 [DCPEXT:nifiedPipeline.cpp:1356] set_device_enabled_gated: current state: 1, requested state: 1
17:39:53 
17:39:53 [DCPEXT:PPipeDCP_H13P.cpp:11122] IOMFB setup_video_limits called on secondary display with no timing set
17:39:53 
17:39:53 callPlatformFunction: IODMAController000000A4::admac-sio::1296: Allocated suspend ARMFunction <ptr>.
17:39:53 setDirectionAndRole: APA8TX::admac-aop-audio::578: TX:Initialized.
17:39:53 setDirectionAndRole: APA9TX::admac-aop-audio::578: TX:Initialized.
17:39:53 RTBuddy(GFX): Boot args override: wdt = -1
17:39:53 RTBuddy(GFX): Resuming...
17:39:53 
17:39:53 Codec Input: Could not find the safety offset seed property.
17:39:53 function-mcc_dataset not found 
17:39:53 setDirectionAndRole: APAATX::admac-aop-audio::578: TX:Initialized.
17:39:53 setDirectionAndRole: APABTX::admac-aop-audio::578: TX:Initialized.
17:39:53 setDirectionAndRole: APACTX::admac-aop-audio::578: TX:Initialized.
17:39:53 setDirectionAndRole: APADTX::admac-aop-audio::578: TX:Initialized.
17:39:53 setDirectionAndRole: APAETX::admac-aop-audio::578: TX:Initialized.
17:39:53 setDirectionAndRole: APAFTX::admac-aop-audio::578: TX:Initialized.
17:39:53 setDirectionAndRole: APA0RX::admac-aop-audio::578: RX:Initialized.
17:39:53 setDirectionAndRole: APA1RX::admac-aop-audio::578: RX:Initialized.
17:39:53 setDirectionAndRole: APA2RX::admac-aop-audio::578: RX:Initialized.
17:39:53 setDirectionAndRole: APA3RX::admac-aop-audio::578: RX:Initialized.
17:39:53 setDirectionAndRole: APA4RX::admac-aop-audio::578: RX:Initialized.
17:39:53 setDirectionAndRole: APA5RX::admac-aop-audio::578: RX:Initialized.
17:39:53 setDirectionAndRole: APA6RX::admac-aop-audio::578: RX:Initialized.
17:39:53 setDirectionAndRole: APA7RX::admac-aop-audio::578: RX:Initialized.
17:39:53 setDirectionAndRole: APA8RX::admac-aop-audio::578: RX:Initialized.
17:39:53 setDirectionAndRole: APA9RX::admac-aop-audio::578: RX:Initialized.
17:39:53 setDirectionAndRole: APAARX::admac-aop-audio::578: RX:Initialized.
17:39:53 setDirectionAndRole: APABRX::admac-aop-audio::578: RX:Initialized.
17:39:53 setDirectionAndRole: APACRX::admac-aop-audio::578: RX:Initialized.
17:39:53 setDirectionAndRole: APADRX::admac-aop-audio::578: RX:Initialized.
17:39:53 setDirectionAndRole: APAERX::admac-aop-audio::578: RX:Initialized.
17:39:53 IOThunderboltSwitch(1@0)::setupTRMPolicyForPort - trm_policy = <ptr>
17:39:53 setDirectionAndRole: APAFRX::admac-aop-audio::578: RX:Initialized.
17:39:53 IOMFB Ext RTBandwidth: using LEGACY
17:39:53 IOMFB Ext RTBandwidth: Scratch: 0x23b738018
17:39:53 IOMFB Ext RTBandwidth: Legacy IRQ: 0x23bc3c000, bit 3
17:39:53 [DCPEXT:PPipeDCP_H13P.cpp:10468] set_run_mode_safe: no need to defer: 2 -> 1
17:39:53 
17:39:53 [DCPEXT:PPipeDCP_H13P.cpp:10468] set_run_mode_safe: no need to defer: 1 -> 0
17:39:53 
17:39:53 [DCPEXT:nifiedPipeline.cpp:1356] set_device_enabled_gated: current state: 1, requested state: 0
17:39:53 
17:39:53 callPlatformFunction: IODMAController000000A5::admac-aop-audio::1296: Allocated suspend ARMFunction <ptr>.
17:39:53 RTBuddy(SMC): Boot args override: wdt = -1
17:39:53 IOPort::registerService(): [Port-USB-C@2] Registering service Port-USB-C@2...
17:39:53 
17:39:53 Digital Mic: Could not find the safety offset seed property.
17:39:53 APCIECPort::autoEnable(pcic1-bridge)
17:39:53 Speaker: Could not find the safety offset seed property.
17:39:53 [ PCI configuration begin ]
17:39:53 IOPCIConfigurator::configure kIOPCIEnumerationWaitTime is 900
17:39:53 cryptoAlloc:650: Using 64 buffers with size 16384, 512 buffers size 65536
17:39:53 [ PCI configuration end, bridges 2, devices 0 ]
17:39:53 (apciec1) AppleT8103PCIeC::setPowerState (<ptr>) 0
17:39:53 AppleT8103USBXHCI@: AppleT8103USBXHCI::start: _powerControlInterrupt created
17:39:53 cryptoAlloc:650: Using 64 buffers with size 16384, 512 buffers size 65536
17:39:53 AppleT8103USBXDCI@: IOUSBDeviceController::prepareDefaults: model MacBookAir version 10.1
17:39:53 cryptoAlloc:650: Using 64 buffers with size 16384, 512 buffers size 65536
17:39:53 usb-drd1-port-ss@01200000: AppleUSB40XHCITypeCPort::cableChangeOccurred: cable disconnected, no action
17:39:53 usb-drd1-port-hs@01100000: AppleUSB20XHCITypeCPort::cableChangeOccurred: cable disconnected, no action
17:39:53 cryptoAlloc:650: Using 64 buffers with size 16384, 512 buffers size 65536
17:39:53 AppleT8103USBXDCI@1: IOUSBDeviceController::createUSBDevice: configuration: No Description Provided
17:39:53 AppleT8103USBXDCI@1: IOUSBDeviceController::createUSBDevice:    interface: AppleUSBNCMControl
17:39:53 AppleT8103USBXDCI@1: IOUSBDeviceController::createUSBDevice:    interface: AppleUSBNCMData
17:39:53 AppleT8103USBXDCI@1: IOUSBDeviceController::createUSBDevice:    interface: AppleUSBNCMControlAux
17:39:53 AppleT8103USBXDCI@1: IOUSBDeviceController::createUSBDevice:    interface: AppleUSBNCMDataAux
17:39:53 IOUSBDeviceConfigurator: controller->createUSBDevice()=0x00000000
17:39:53 swcrypto_threadpool_init:1504: Starting ThreadPool
17:39:53 swcrypto_threadpool_init:1526: 4 threads would be used for the ThreadPool
17:39:53 specread_work_queue_init:162: number of threads used for specread work queue 3
17:39:53 RTBuddy(SMC): Resuming...
17:39:53 Codec Output: Could not find the safety offset seed property.
17:39:53 dev_init:296: disk0s2 device accelerated crypto: 0 (compiled @ Jul 10 2023 22:11:39)
17:39:53 dev_init:299: disk0s2 device_handle block size 4096 block count 62500096 features 0 internal 
17:39:53 dev_init:296: disk0s1 device accelerated crypto: 0 (compiled @ Jul 10 2023 22:11:39)
17:39:53 dev_init:299: disk0s1 device_handle block size 4096 block count 128000 features 0 internal 
17:39:53 nx_mount:1224: disk0s2 initializing cache w/hash_size 8192 and cache size 32768
17:39:53 nx_mount:1224: disk0s1 initializing cache w/hash_size 8192 and cache size 32768
17:39:53 AppleT8103USBXDCI@1: IOUSBDeviceController::gated_registerFunction: register function AppleUSBNCMControl
17:39:53 AppleT8103USBXDCI@1: IOUSBDeviceController::gated_registerFunction: register function AppleUSBNCMControlAux
17:39:53 dev_init:296: disk0s6 device accelerated crypto: 0 (compiled @ Jul 10 2023 22:11:39)
17:39:53 dev_init:299: disk0s6 device_handle block size 4096 block count 1310709 features 0 internal 
17:39:53 AppleT8103USBXDCI@1: IOUSBDeviceController::gated_registerFunction: register function AppleUSBNCMData
17:39:53 nx_mount:1224: disk0s6 initializing cache w/hash_size 8192 and cache size 32768
17:39:53 AppleT8103USBXDCI@1: IOUSBDeviceController::gated_registerFunction: register function AppleUSBNCMDataAux
17:39:53 AppleT8103USBXDCI@1: IOUSBDeviceController::startUSBStack: starting usb stack
17:39:53 AppleT8103USBXDCI@1: IOUSBDeviceController::startUSBStack: not connected
17:39:53 AppleT8103USBXDCI@1: AppleUSBXDCI::goOnBus: not on bus
17:39:53 nx_mount:1553: disk0s1 checkpoint search: largest xid 26950, best xid 26950 @ 11
17:39:53 nx_mount:1580: disk0s1 stable checkpoint indices: desc 10 data 286
17:39:53 probe:3995: disk0s1 Caching extended container info for container disk0s1
17:39:53 ifnet_attach: Waiting for all kernel threads created for interface anpi1 to get scheduled at least once.
17:39:53 import_iboot_forwarded_roothash:3317: importing root hash (basesystem ? 0)...
17:39:53 ifnet_attach: All kernel threads created for interface anpi1 have been scheduled at least once. Proceeding.
17:39:53  nameBSDInterface() [anpi 1] returning 0x00000000
17:39:53 IOHIDInterface(0x10000058e): matching deferred by AppleUserHIDEventService
17:39:53  enableBSDInterface() [anpi1], returning 0x00000000
17:39:53 _dlil_get_flowswitch_buffer_size: anpi1 1500 1500
17:39:53 dev_init:296: disk0s3 device accelerated crypto: 0 (compiled @ Jul 10 2023 22:11:39)
17:39:53 dev_init:299: disk0s3 device_handle block size 4096 block count 610304 features 0 internal 
17:39:53  configureIPv6LLOnBSDInterface() [anpi1], IPv6 enable returning 0x00000000
17:39:53  disableTrafficShapingOnBSDInterface() [anpi1], disable traffic shaping returning 0x00000000
17:39:53 nx_mount:1224: disk0s3 initializing cache w/hash_size 8192 and cache size 32768
17:39:53 nx_mount:1553: disk0s6 checkpoint search: largest xid 143, best xid 143 @ 25
17:39:53 nx_mount:1580: disk0s6 stable checkpoint indices: desc 24 data 638
17:39:53 probe:3995: disk0s6 Caching extended container info for container disk0s6
17:39:53 nx_mount:1553: disk0s3 checkpoint search: largest xid 161, best xid 161 @ 13
17:39:53 nx_mount:1580: disk0s3 stable checkpoint indices: desc 12 data 638
17:39:53 nx_get_volume_group:8053: disk0s3 volume groups tree is not setup yet
17:39:53 getVolumeGroupMountFrom:8529: disk0s3 nx_get_volume_group(7A704A30-6E9E-4FD9-B36B-96DC32EA800F) failed with error 2
17:39:53 nx_get_volume_group:8053: disk0s3 volume groups tree is not setup yet
17:39:53 getVolumeGroupMountFrom:8529: disk0s3 nx_get_volume_group(7A704A30-6E9E-4FD9-B36B-96DC32EA800F) failed with error 2
17:39:53 probe:3995: disk0s3 Caching extended container info for container disk0s3
17:39:53 20356868us AppleThunderboltGenericHAL(1)::start - status = 0x0
17:39:53 nx_mount:1553: disk0s2 checkpoint search: largest xid 48121736, best xid 48121736 @ 259
17:39:53 nx_mount:1580: disk0s2 stable checkpoint indices: desc 258 data 17628
17:39:53 nx_get_volume_group:8053: disk0s2 volume groups tree is not setup yet
17:39:53 getVolumeGroupMountFrom:8529: disk0s2 nx_get_volume_group(5D1E4039-B994-4378-889A-C8752A56EA9C) failed with error 2
17:39:53 nx_get_volume_group:8053: disk0s2 volume groups tree is not setup yet
17:39:53 getVolumeGroupMountFrom:8529: disk0s2 nx_get_volume_group(5D1E4039-B994-4378-889A-C8752A56EA9C) failed with error 2
17:39:53 probe:3995: disk0s2 Caching extended container info for container disk0s2
17:39:53 
17:39:53 virtual bool AppleEmbeddedNVMeController::AllocateNodes(bool)::1649:Creating blockdevice with NSID - 2, NSTYPE - 8
17:39:53 virtual IOReturn AppleNVMeNamespaceDevice::GetDeviceProperties()::272: Logical Blocks Size = 4096 
17:39:53  virtual IOReturn AppleNVMeNamespaceDevice::GetDeviceProperties()::275: Block Count = 768 
17:39:53  virtual bool AppleNVMeNamespaceDevice::start(IOService *)::111:NVMe Namespace Device registration done for NSID: 2, NSTYPE: 8
17:39:53 virtual bool AppleEmbeddedNVMeController::AllocateNodes(bool)::1649:Creating blockdevice with NSID - 3, NSTYPE - 13
17:39:53 virtual IOReturn AppleNVMeNamespaceDevice::GetDeviceProperties()::272: Logical Blocks Size = 4096 
17:39:53  virtual IOReturn AppleNVMeNamespaceDevice::GetDeviceProperties()::275: Block Count = 32768 
17:39:53  virtual bool AppleNVMeEAN::StartDevice(IOService *)::273:EAN StartDevice Done
17:39:54 virtual bool AppleNVMeNamespaceDevice::start(IOService *)::111:NVMe Namespace Device registration done for NSID: 3, NSTYPE: 13
17:39:54 virtual bool AppleEmbeddedNVMeController::StartController()::1591:Setting NAND status to Ready
17:39:54 virtual bool IONVMeController::start(IOService *)::849:Successfully initialized NVMe drive
17:39:54 void IONVMeController::HandleCompletionErrors(AppleNVMeRequest *, uint32_t)::6255:DWORD0=0x003f00c2 DWORD10=0x00000000 NVMeStatus=0xc0
17:39:54 void IONVMeController::HandleCompletionErrors(AppleNVMeRequest *, uint32_t)::6255:DWORD0=0x003f00c2 DWORD10=0x00000000 NVMeStatus=0xc0
17:39:54 Starting AppleSMC kext(<ptr>) - (Jul  5 2023@22:22:53)
17:39:54 AppleSMCEmbedded::setPowerState(): ENTER powerStateOrdinal=1, _activeKeyCommand=17 newState=1
17:39:54 HID: Legacy shim 2
17:39:54 HID: Legacy shim 2
17:39:54 HID: Legacy shim 2
17:39:54 HID: Legacy shim 2
17:39:54 HID: Legacy shim 2
17:39:54 HID: Legacy shim 2
17:39:54 HID: Legacy shim 2
17:39:54 HID: Legacy shim 2
17:39:54 HID: Legacy shim 2
17:39:54 HID: Legacy shim 2
17:39:54 HID: Legacy shim 2
17:39:54 HID: Legacy shim 2
17:39:54 HID: Legacy shim 2
17:39:54 HID: Legacy shim 2
17:39:54 HID: Legacy shim 2
17:39:54 HID: Legacy shim 2
17:39:54 HID: Legacy shim 2
17:39:54 HID: Legacy shim 2
17:39:54 HID: Legacy shim 2
17:39:54 HID: Legacy shim 2
17:39:54 HID: Legacy shim 2
17:39:54 HID: Legacy shim 2
17:39:54 HID: Legacy shim 2
17:39:54 HID: Legacy shim 2
17:39:54 HID: Legacy shim 2
17:39:54 HID: Legacy shim 2
17:39:54 HID: Legacy shim 2
17:39:54 HID: Legacy shim 2
17:39:54 HID: Legacy shim 2
17:39:54 HID: Legacy shim 2
17:39:54 HID: Legacy shim 2
17:39:54 HID: Legacy shim 2
17:39:54 HID: Legacy shim 2
17:39:54 HID: Legacy shim 2
17:39:54 HID: Legacy shim 2
17:39:54 HID: Legacy shim 2
17:39:54 HID: Legacy shim 2
17:39:54 HID: Legacy shim 2
17:39:54 HID: Legacy shim 2
17:39:54 HID: Legacy shim 2
17:39:54 HID: Legacy shim 2
17:39:54 HID: Legacy shim 2
17:39:54 HID: Legacy shim 2
17:39:54 HID: Legacy shim 2
17:39:54 HID: Legacy shim 2
17:39:54 HID: Legacy shim 2
17:39:54 HID: Legacy shim 2
17:39:54 HID: Legacy shim 2
17:39:54 HID: Legacy shim 2
17:39:54 HID: Legacy shim 2
17:39:54 HID: Legacy shim 2
17:39:54 HID: Legacy shim 2
17:39:54 HID: Legacy shim 2
17:39:54 HID: Legacy shim 2
17:39:54 HID: Legacy shim 2
17:39:54 HID: Legacy shim 2
17:39:54 HID: Legacy shim 2
17:39:54 HID: Legacy shim 2
17:39:54 HID: Legacy shim 2
17:39:54 HID: Legacy shim 2
17:39:54 HID: Legacy shim 2
17:39:54 HID: Legacy shim 2
17:39:54 HID: Legacy shim 2
17:39:54 HID: Legacy shim 2
17:39:54 HID: Legacy shim 2
17:39:54 HID: Legacy shim 2
17:39:54 HID: Legacy shim 2
17:39:54 HID: Legacy shim 2
17:39:54 HID: Legacy shim 2
17:39:54 HID: Legacy shim 2
17:39:54 HID: Legacy shim 2
17:39:54 HID: Legacy shim 2
17:39:54 HID: Legacy shim 2
17:39:54 HID: Legacy shim 2
17:39:54 HID: Legacy shim 2
17:39:54 HID: Legacy shim 2
17:39:54 HID: Legacy shim 2
17:39:54 HID: Legacy shim 2
17:39:54 HID: Legacy shim 2
17:39:54 HID: Legacy shim 2
17:39:54 HID: Legacy shim 2
17:39:54 HID: Legacy shim 2
17:39:54 HID: Legacy shim 2
17:39:54 HID: Legacy shim 2
17:39:54 HID: Legacy shim 2
17:39:54 HID: Legacy shim 2
17:39:54 HID: Legacy shim 2
17:39:54 HID: Legacy shim 2
17:39:54 HID: Legacy shim 2
17:39:54 HID: Legacy shim 2
17:39:54 HID: Legacy shim 2
17:39:54 HID: Legacy shim 2
17:39:54 HID: Legacy shim 2
17:39:54 HID: Legacy shim 2
17:39:54 HID: Legacy shim 2
17:39:54 HID: Legacy shim 2
17:39:54 HID: Legacy shim 2
17:39:54 HID: Legacy shim 2
17:39:54 HID: Legacy shim 2
17:39:54 HID: Legacy shim 2
17:39:54 HID: Legacy shim 2
17:39:54 HID: Legacy shim 2
17:39:54 HID: Legacy shim 2
17:39:54 HID: Legacy shim 2
17:39:54 HID: Legacy shim 2
17:39:54 HID: Legacy shim 2
17:39:54 HID: Legacy shim 2
17:39:54 HID: Legacy shim 2
17:39:54 HID: Legacy shim 2
17:39:54 HID: Legacy shim 2
17:39:54 HID: Legacy shim 2
17:39:54 SOCD container control key may not exist on this platform. SMCResult = (kSMCKeyNotFound)
17:39:54 AppleSMCPMU::start
17:39:54 Couldn't alloc class "AppleKeyStoreTest"
17:39:54 AppleSMCSensorDispatcher::start: Found 12 sensors from the device tree
17:39:54 AppleSMCSensorDispatcher::start: Found 2 GPU sensor offsets from the device tree
17:39:54 HID: Legacy shim 2
17:39:54 AppleSMCSensorDispatcher::start: Start success
17:39:54 
17:39:54 AppleBTM::start
17:39:54 AppleSeraBTM::start (<ptr>)
17:39:54 AppleSeraBTM::start success
17:39:54 CPMS: ASB has arrived
17:39:54 Couldn't alloc class "AppleKeyStoreTest"
17:39:54 IOPCIConfigurator::configure kIOPCIEnumerationWaitTime is 900
17:39:54 AppleBCMWLANBusInterfacePCIe::isIOKitEnvironment() WLAN Active Driver mode IOKit
17:39:54 AppleBCMWLANBusInterfacePCIe::isIOKitEnvironment() WLAN Active Driver mode IOKit
17:39:54 AppleBCMWLANCore::init IO80211_kexts-1132.54 "IO80211_kexts-1132.54" Jul 10 2023 22:11:48
17:39:54 AppleBCMWLANV3_Drivers-1102.3 "AppleBCMWLANV3_Drivers-1102.3" Jul 10 2023 22:12:15 release  ([Debuggable - verbose] [Debuggable - socram] )
17:39:54 Couldn't alloc class "AppleKeyStoreTest"
17:39:54 Couldn't alloc class "AppleKeyStoreTest"
17:39:54 IO80211Controller::createIOReporters 0xfffffc22e98c704d
17:39:54 IO80211 LQM Logging configure: 3
17:39:54  CCFlags: 0x3, CCLevel: 5 ConsoleFlags: 0x0, ConsoleLevel: -1
17:39:54  CCFlags: 0x4, CCLevel: 5 ConsoleFlags: 0x0, ConsoleLevel: -1
17:39:54 IO80211Controller::findAndAttachToFaultReporter found matching faultReporter
17:39:54 Couldn't alloc class "AppleKeyStoreTest"
17:39:54 Couldn't alloc class "AppleKeyStoreTest"
17:39:54 IO80211Controller::start _controller is 0xfffffc22e98c704d, provider is 0x3400376acb04
17:39:54 Couldn't alloc class "AppleKeyStoreTest"
17:39:54 Couldn't alloc class "AppleKeyStoreTest"
17:40:02 IOPortTransportState::registerService(): [Port-USB-C@2: CC] Registering service CC@... (transportType: 1, provider: Port-USB-C@2)
17:40:02 IOPort::registerService(): [Port-USB-C@2] Registering service Port-USB-C@2...
17:40:02 
17:40:02 system-state-notify subtype 0x20 0x00 0x00
17:40:02 IOPortTransportState::start(): [Port-USB-C@2: USB2] m_parentPort->isFeatureSupported(kIOPortFeatureTRM): YES, this->isTRMSupported(): YES, (transportType: 2, parentPortType: 2, parentPortNumber: 2)
17:40:02 IOPortTransportState::start(): [Port-USB-C@2: USB2] Found ACM service during startup! (transportType: 2, parentPortType: 2, parentPortNumber: 2)
17:40:02 IOPortTransportState::registerService(): [Port-USB-C@2: USB2] Registering service USB2@... (transportType: 2, provider: Port-USB-C@2)
17:40:02 IOPort::registerService(): [Port-USB-C@2] Registering service Port-USB-C@2...
17:40:02 
17:40:02 IOPort::registerService(): [Port-USB-C@2] Registering service Port-USB-C@2...
17:40:02 
17:40:02 AppleTCController::printConnectedTransports(@0x3f) - setting USB2 USB3 as DFP |   |  ,   | as connected
17:40:02 IOPortTransportStateUSB::setDataRole(): [@: IOPortTransportStateUSB3] dataRole: 0 [None] -> 2 [Host]
17:40:02 IOPortTransportState::start(): [Port-USB-C@2: USB3] m_parentPort->isFeatureSupported(kIOPortFeatureTRM): YES, this->isTRMSupported(): YES, (transportType: 3, parentPortType: 2, parentPortNumber: 2)
17:40:02 IOPortTransportState::start(): [Port-USB-C@2: USB3] Found ACM service during startup! (transportType: 3, parentPortType: 2, parentPortNumber: 2)
17:40:02 IOPortTransportState::registerService(): [Port-USB-C@2: USB3] Registering service USB3@... (transportType: 3, provider: Port-USB-C@2)
17:40:02 IOPortTransportStateUSB::setDataRole(): [Port-USB-C@2: USB2] dataRole: 0 [None] -> 2 [Host]
17:40:02 IOPortTransportState::registerService(): [Port-USB-C@2: USB2] Registering service USB2@... (transportType: 2, provider: Port-USB-C@2)
17:40:02 [ERROR] IOPortTransportState::_getACMTRMState(): [Port-USB-C@2: USB2] Couldn't find ACM TRM state!
17:40:02 [ERROR] IOPortTransportState::_getACMTRMState(): [Port-USB-C@2: USB3] Couldn't find ACM TRM state!
17:40:02 IOAccessoryTRM::_setPropertiesGated(): Setting USB Restricted Mode: NO... (m_mgrPrimaryPortID: 258)
17:40:02 IOAccessoryTRM::_setPropertiesGated(): Could not set USB RM state - no reference to USB Connect Shim!
17:40:03 usb-drd1-port-ss@01200000: AppleUSB40XHCITypeCPort::cableChangeOccurred: USB3 mode change, powering off
17:40:03 usb-drd1-port-ss@01200000: AppleUSB40XHCITypeCPort::cableChangeOccurred: cable connected, powering on
17:40:03 usb-drd1-port-hs@01100000: AppleUSB20XHCITypeCPort::cableChangeOccurred: cable connected, powering on
17:40:03 AppleTCController::printConnectedTransports(@0x3f) - setting USB2 USB3 as DFP |   |  ,   | as connected
17:40:03 [SMC:aceElec.cpp:703] 	Elec: Elec Cause 0x0
17:40:03 [SMC:aceElec.cpp:703] 	Elec: Elec Cause 0x0
17:40:03 IOPortTransportState::registerService(): [Port-USB-C@2: USB2] Registering service USB2@... (transportType: 2, provider: Port-USB-C@2)
17:40:03 IOPort::registerService(): [Port-USB-C@2] Registering service Port-USB-C@2...
17:40:03 
17:40:03 AssertMacros: err == 0 ,  file: /AppleInternal/Library/BuildRoots/ac308551-1a46-11ee-ab79-46d450270006/Library/Caches/com.apple.xbs/Sources/AppleSEPGenericTransfer/AppleSEPGenericTransfer/AppleSEPGenericTransfer.cpp, line: 577, value: -536870186
17:40:03 ERROR: AppleTrustedAccessoryManager::analyticsUpdateDailyDataHandler: AssertMacros: err == 0  (value = 0xffffffffe00002d6),  file: /AppleInternal/Library/BuildRoots/ac308551-1a46-11ee-ab79-46d450270006/Library/Caches/com.apple.xbs/Sources/TrustedAccessory
17:40:03 
17:40:03 IOPortTransportState::registerService(): [Port-USB-C@2: USB3] Registering service USB3@... (transportType: 3, provider: Port-USB-C@2)
17:40:03 usb-drd1-port-hs@01100000: AppleUSBHostPort::createDevice: device identification blocked by transport restrictions
17:40:03 usb-drd1-port-ss@01200000: AppleUSBHostPort::createDevice: device identification blocked by transport restrictions
17:40:03 [SMC:aceElec.cpp:703] 	Elec: Elec Cause 0x200000
17:40:03 [SMC:aceElec.cpp:703] 	Elec: Elec Cause 0x80000
17:40:03 IOPort::registerService(): [Port-USB-C@2] Registering service Port-USB-C@2...
17:40:03 
17:40:03 AppleTCController::printConnectedTransports(@0x3f) - setting USB2   as DFP |   |  ,   | as connected
17:40:03 usb-drd1-port-ss@01200000: AppleUSB40XHCITypeCPort::cableChangeOccurred: cable disconnected, powering off
17:40:03 usb-drd1-port-ss@01200000: AppleUSBHostPort::terminateDevice: destroying 0x0000/0000/0000 (IOUSBHostDevice): port is powering off
17:40:03 IOPort::registerService(): [Port-USB-C@2] Registering service Port-USB-C@2...
17:40:03 
17:40:03 IOPortTransportState::start(): [Port-USB-C@2: CIO] m_parentPort->isFeatureSupported(kIOPortFeatureTRM): YES, this->isTRMSupported(): YES, (transportType: 4, parentPortType: 2, parentPortNumber: 2)
17:40:03 IOPortTransportState::start(): [Port-USB-C@2: CIO] Found ACM service during startup! (transportType: 4, parentPortType: 2, parentPortNumber: 2)
17:40:03 IOPortTransportState::registerService(): [Port-USB-C@2: CIO] Registering service CIO@... (transportType: 4, provider: Port-USB-C@2)
17:40:03 IOPort::registerService(): [Port-USB-C@2] Registering service Port-USB-C@2...
17:40:03 
17:40:03 IOPort::registerService(): [Port-USB-C@2] Registering service Port-USB-C@2...
17:40:03 
17:40:03 AppleTCController::printConnectedTransports(@0x3f) - setting     as DFP |   | TBT,   | as connected
17:40:03 [ERROR] IOPortTransportState::_getACMTRMState(): [Port-USB-C@2: CIO] Couldn't find ACM TRM state!
17:40:03 IOAccessoryTRM::_setPropertiesGated(): Setting USB Restricted Mode: NO... (m_mgrPrimaryPortID: 258)
17:40:03 IOAccessoryTRM::_setPropertiesGated(): Could not set USB RM state - no reference to USB Connect Shim!
17:40:03 usb-drd1-port-hs@01100000: AppleUSB20XHCITypeCPort::cableChangeOccurred: cable disconnected, powering off
17:40:03 usb-drd1-port-hs@01100000: AppleUSBHostPort::terminateDevice: destroying 0x0000/0000/0000 (IOUSBHostDevice): port is powering off
17:40:03 30804948us IOThunderboltTRMPolicyRoot(1@0:0x1)::evaluateTRMState - identification restricted
17:40:03 30810906us AppleThunderboltNHIType5(1)::setPhyState - PHY is off, turn on
17:40:03 30816823us AppleThunderboltNHIType5(1)::setPhyState - opening phy took 3 milliseconds
17:40:03 30820340us AppleThunderboltNHIType5(1)::setPhyState - PHY is on
17:40:03 RTBuddy(ACIO1): Resuming...
17:40:03 
17:40:04 [SMC:aceElec.cpp:703] 	Elec: Elec Cause 0x20
17:40:04 31130175us AppleThunderboltNHITransmitRingManager::allocateTransmitRing Flags: 0x1
17:40:04 31134861us AppleThunderboltNHIReceiveRingManager::allocateReceiveRing Flags: 0x1
17:40:04 Thunderbolt DP - DPF [1:0x0:0x5] - HPD = 1
17:40:04 Thunderbolt DP - DPF [1:0x0:0x6] - HPD = 1
17:40:04 31243446us IOThunderboltSwitch(1@0)::processPlugEvent - Thunderbolt HPD packet for rid = 1 route = 0x0 port = 5 plug = 1
17:40:04 Thunderbolt Self-Reset Count = 0x30
17:40:04 Thunderbolt DP - DPF [1:0x0:0x6] - HPD = 1
17:40:04 31252390us IOThunderboltSwitch(1@0)::processPlugEvent - Thunderbolt HPD packet for rid = 1 route = 0x0 port = 6 plug = 1
17:40:04 31589352us IOThunderboltSwitch(1@0)::processPlugEvent - Thunderbolt HPD packet for rid = 1 route = 0x0 port = 2 plug = 1
17:40:04 31593119us IOThunderboltSwitch(1@0)::processPlugEvent - Thunderbolt HPD packet for rid = 1 route = 0x0 port = 1 plug = 1
17:40:04 IOPortTransportState::registerService(): [Port-USB-C@2: CIO] Registering service CIO@... (transportType: 4, provider: Port-USB-C@2)
17:40:04 IOPort::registerService(): [Port-USB-C@2] Registering service Port-USB-C@2...
17:40:04 
17:40:53 [System Event] [1920370331] [INFO] [Subsystem: nvram] [Event: write] boot-picker-bringup-reason with data size 0x12
17:40:53 [System Event] [1920464164] [INFO] [Subsystem: nvram] [Event: sync] triggered
17:40:53 [System Event] [1920757822] [INFO] [Subsystem: nvram] [Event: write] boot-command to recover-system
17:40:53 [System Event] [1920836504] [INFO] [Subsystem: nvram] [Event: sync] triggered
17:40:53 
17:40:53 About to reboot into Recovery!
17:40:53 [System Event] [1921032322] [INFO] [Subsystem: nvram] [Event: sync] triggered
17:40:53 [DCP:PPipeDCP_H13P.cpp:10490] set_run_mode_safe: deferring: 4 -> 1
17:40:53 
17:40:53 [DCP:PPipeDCP_H13P.cpp:10395] virtual IOMFBStatus IOMFB::UPPipeDCP_H13P::ready_for_run_mode_change(IOMFB::AppleRegisterStream *): initiating deferred run mod...
17:40:53 [DCP:UPTSQManager.cpp:150] IOMFBStatus IOMFB::UPTSQManager::power_down_M3(IOMFB::AppleRegisterStream *, UPTSQManager::ModeChangeWaiter *): request mode ch...
17:40:53 [DCP:UPTSQManager.cpp:162] IOMFBStatus IOMFB::UPTSQManager::power_down_M3(IOMFB::AppleRegisterStream *, UPTSQManager::ModeChangeWaiter *): disabling M3
17:40:53 
17:40:53 [DCP:PPipeDCP_H13P.cpp:10468] set_run_mode_safe: no need to defer: 1 -> 0
17:40:53 
17:40:53 [DCP:eoInterfaceIOAV.cpp:433] IOMFB: VideoInterfaceIOAV::did_power_off: m_power_ctrl->setPower( 0 )
17:40:53 
17:40:53 [DCP:eoInterfaceIOAV.cpp:146] IOMFB: IOAVVideoInterface terminated
17:40:53 
17:40:53 [DCP:oInterfaceIOAV.cpp:1094] void VideoInterfaceIOAV::unplug_gated(IOAVVideoInterface *): display HPD removed
17:40:53 hotPlug_notify_gated: AP disp0 HPD notification not registered yet, hpdPending 1 hpdState 0
17:40:53 AppleTAS5770LAmp _setPowerStage:1143 Set PowerStage (4 -> 8)
17:40:53 AppleTAS5770LAmp::_changePowerState:959 _powerStage=8
17:40:53 AppleTAS5770LAmp _setPowerStage:1143 Set PowerStage (8 -> 1)
17:40:53 AppleTAS5770LAmp::acknowledgeAllPendingPowerOffRequests [2]
17:40:53 AppleT8103USBXDCI@1: AppleUSBXDCI::goOnBus: not on bus
17:40:53 AppleCS42L83Audio _setPowerStage:1143 Set PowerStage (4 -> 8)
17:40:53 AppleCS42L83Audio::_changePowerState:959 _powerStage=8
17:40:53 
17:40:53 [DCP:DCPDPDevice.cpp:2971] [AFK]detected SINK_COUNT=1 change without IRQ_HPD
17:40:53 [DCP:dpointInterface.cpp:606] [AFK][AFKMailboxSharedMemoryEndpointInterface:#84] if:3 inCmd:1 inResp:1 outRepErr:0 outCmdErr:0 t:1995660954
17:40:53 AppleCS42L83Audio _setPowerStage:1143 Set PowerStage (8 -> 1)
17:40:53 AppleCS42L83Audio::acknowledgeAllPendingPowerOffRequests [2]
17:40:53 [DCP:dpointInterface.cpp:606] [AFK][AFKMailboxSharedMemoryEndpointInterface:#92] if:1 inCmd:0 inResp:0 outRepErr:0 outCmdErr:0 t:1995665132
17:40:53 virtual void IONVMeController::systemWillShutdown(IOOptionBits)::579:Entry, inOptions - 0xe0000310
17:40:53 virtual IOReturn AppleNVMeController::performNVMeShutdownTasks()::1326:Entry
17:40:53 [AOP:udioPDMNodeBase.cpp:156] PDMDev<pdm0> sleep notification. Prev AP state 1
17:40:53 [AOP:udioPDMNodeBase.cpp:554] PDMDev<pdm0> xi0 ->pll , 2400000->2400000 AP state 0
17:40:53 [ANS2:client1] NVMe shutdown start seg->lba: 0, seg->size: 0
17:40:53 [DCP:dpointInterface.cpp:606] [AFK][AFKMailboxSharedMemoryEndpointInterface:#81] if:3 inCmd:1 inResp:1 outRepErr:0 outCmdErr:0 t:1995667425
17:40:53 [DCP:dpointInterface.cpp:606] [AFK][AFKMailboxSharedMemoryEndpointInterface:#80] if:1 inCmd:0 inResp:0 outRepErr:0 outCmdErr:0 t:1995670419
17:40:53 [DCP:dpointInterface.cpp:606] [AFK][AFKMailboxSharedMemoryEndpointInterface:#83] if:1 inCmd:0 inResp:0 outRepErr:0 outCmdErr:0 t:1995673878
17:40:53 [DCP:nifiedPipeline.cpp:1356] set_device_enabled_gated: current state: 1, requested state: 0
17:40:53 
17:40:53 [ANS2:client1] seg->lba 0 saveCtx 1 took 81 ms - clog 38434149
17:40:53 Couldn't alloc class "AppleKeyStoreTest"
17:40:53 virtual void IONVMeController::systemWillShutdown(IOOptionBits)::666:Exit, inOptions - 0xe0000310
17:40:53 virtual void AppleSEPManager::systemWillShutdown(IOOptionBits): Received system will shut down notification
17:40:53 
17:40:53 ASP: ASP: shutting down
17:40:53 ASP: System is shutting down, preventing further ASP upcalls
17:40:53 ASP: ASP: shutting down, drained
17:40:53 IOPlatformHaltRestartAction -> AppleT8103PMGR
17:40:53 close by AppleSPUHIDDriver 0x100000449 (0x0)
17:40:53 close by AppleSPUCT720 0x100000488 (0x0)
17:40:53 [AOPAudio](error) Controller::_detachDevice('lpai', 0xdc8af000) -> 0xe00002d7
17:40:53 [AOPAudio](error) expression "mCommandGate->runAction(action, reinterpret_cast<void *>(inDeviceId), reinterpret_cast<void *>(inClientId), NULL, NULL)" failed, AppleAOPAudioController::detachDevice(), line 730, status: 0xe00002d7
17:40:53 [AOPAudio](error) Controller::_detachDevice('hpai', 0xfa4d6c0) -> 0xe00002d7
# 17:40:53 port error: read failed: [Errno 6] Device not configured; retrying
# 17:40:54 port error: [Errno 2] could not open port /dev/cu.usbmodemC02GR0ZMQ6LT3: [Errno 2] No such file or directory: '/dev/cu.usbmodemC02GR0ZMQ6LT3'; retrying
# 17:40:55 port error: [Errno 2] could not open port /dev/cu.usbmodemC02GR0ZMQ6LT3: [Errno 2] No such file or directory: '/dev/cu.usbmodemC02GR0ZMQ6LT3'; retrying
# 17:40:56 port error: [Errno 2] could not open port /dev/cu.usbmodemC02GR0ZMQ6LT3: [Errno 2] No such file or directory: '/dev/cu.usbmodemC02GR0ZMQ6LT3'; retrying
# 17:40:57 port error: [Errno 2] could not open port /dev/cu.usbmodemC02GR0ZMQ6LT3: [Errno 2] No such file or directory: '/dev/cu.usbmodemC02GR0ZMQ6LT3'; retrying
# 17:40:58 port error: [Errno 2] could not open port /dev/cu.usbmodemC02GR0ZMQ6LT3: [Errno 2] No such file or directory: '/dev/cu.usbmodemC02GR0ZMQ6LT3'; retrying
# 17:40:59 port error: [Errno 2] could not open port /dev/cu.usbmodemC02GR0ZMQ6LT3: [Errno 2] No such file or directory: '/dev/cu.usbmodemC02GR0ZMQ6LT3'; retrying
# 17:41:00 port error: [Errno 2] could not open port /dev/cu.usbmodemC02GR0ZMQ6LT3: [Errno 2] No such file or directory: '/dev/cu.usbmodemC02GR0ZMQ6LT3'; retrying
# 17:41:01 port error: [Errno 2] could not open port /dev/cu.usbmodemC02GR0ZMQ6LT3: [Errno 2] No such file or directory: '/dev/cu.usbmodemC02GR0ZMQ6LT3'; retrying
# 17:41:02 port error: [Errno 2] could not open port /dev/cu.usbmodemC02GR0ZMQ6LT3: [Errno 2] No such file or directory: '/dev/cu.usbmodemC02GR0ZMQ6LT3'; retrying
# 17:41:03 port error: [Errno 2] could not open port /dev/cu.usbmodemC02GR0ZMQ6LT3: [Errno 2] No such file or directory: '/dev/cu.usbmodemC02GR0ZMQ6LT3'; retrying
# 17:41:04 port error: [Errno 2] could not open port /dev/cu.usbmodemC02GR0ZMQ6LT3: [Errno 2] No such file or directory: '/dev/cu.usbmodemC02GR0ZMQ6LT3'; retrying
# 17:41:05 port error: [Errno 2] could not open port /dev/cu.usbmodemC02GR0ZMQ6LT3: [Errno 2] No such file or directory: '/dev/cu.usbmodemC02GR0ZMQ6LT3'; retrying
# 17:41:06 port error: [Errno 2] could not open port /dev/cu.usbmodemC02GR0ZMQ6LT3: [Errno 2] No such file or directory: '/dev/cu.usbmodemC02GR0ZMQ6LT3'; retrying
# 17:41:07 port error: [Errno 2] could not open port /dev/cu.usbmodemC02GR0ZMQ6LT3: [Errno 2] No such file or directory: '/dev/cu.usbmodemC02GR0ZMQ6LT3'; retrying
# 17:41:08 port error: [Errno 2] could not open port /dev/cu.usbmodemC02GR0ZMQ6LT3: [Errno 2] No such file or directory: '/dev/cu.usbmodemC02GR0ZMQ6LT3'; retrying
# 17:41:09 port error: [Errno 2] could not open port /dev/cu.usbmodemC02GR0ZMQ6LT3: [Errno 2] No such file or directory: '/dev/cu.usbmodemC02GR0ZMQ6LT3'; retrying
# 17:41:10 port error: [Errno 2] could not open port /dev/cu.usbmodemC02GR0ZMQ6LT3: [Errno 2] No such file or directory: '/dev/cu.usbmodemC02GR0ZMQ6LT3'; retrying
# 17:41:11 port error: [Errno 2] could not open port /dev/cu.usbmodemC02GR0ZMQ6LT3: [Errno 2] No such file or directory: '/dev/cu.usbmodemC02GR0ZMQ6LT3'; retrying
# 17:41:12 port error: [Errno 2] could not open port /dev/cu.usbmodemC02GR0ZMQ6LT3: [Errno 2] No such file or directory: '/dev/cu.usbmodemC02GR0ZMQ6LT3'; retrying
# 17:41:13 port error: [Errno 2] could not open port /dev/cu.usbmodemC02GR0ZMQ6LT3: [Errno 2] No such file or directory: '/dev/cu.usbmodemC02GR0ZMQ6LT3'; retrying
# 17:41:14 port error: [Errno 2] could not open port /dev/cu.usbmodemC02GR0ZMQ6LT3: [Errno 2] No such file or directory: '/dev/cu.usbmodemC02GR0ZMQ6LT3'; retrying
# 17:41:15 port error: [Errno 2] could not open port /dev/cu.usbmodemC02GR0ZMQ6LT3: [Errno 2] No such file or directory: '/dev/cu.usbmodemC02GR0ZMQ6LT3'; retrying
# 17:41:16 port error: [Errno 2] could not open port /dev/cu.usbmodemC02GR0ZMQ6LT3: [Errno 2] No such file or directory: '/dev/cu.usbmodemC02GR0ZMQ6LT3'; retrying
# 17:41:17 port error: [Errno 2] could not open port /dev/cu.usbmodemC02GR0ZMQ6LT3: [Errno 2] No such file or directory: '/dev/cu.usbmodemC02GR0ZMQ6LT3'; retrying
# 17:41:18 port error: [Errno 2] could not open port /dev/cu.usbmodemC02GR0ZMQ6LT3: [Errno 2] No such file or directory: '/dev/cu.usbmodemC02GR0ZMQ6LT3'; retrying
# 17:41:19 port error: [Errno 2] could not open port /dev/cu.usbmodemC02GR0ZMQ6LT3: [Errno 2] No such file or directory: '/dev/cu.usbmodemC02GR0ZMQ6LT3'; retrying
# 17:41:20 port error: [Errno 2] could not open port /dev/cu.usbmodemC02GR0ZMQ6LT3: [Errno 2] No such file or directory: '/dev/cu.usbmodemC02GR0ZMQ6LT3'; retrying
# 17:41:21 port error: [Errno 2] could not open port /dev/cu.usbmodemC02GR0ZMQ6LT3: [Errno 2] No such file or directory: '/dev/cu.usbmodemC02GR0ZMQ6LT3'; retrying
# 17:41:22 port error: [Errno 2] could not open port /dev/cu.usbmodemC02GR0ZMQ6LT3: [Errno 2] No such file or directory: '/dev/cu.usbmodemC02GR0ZMQ6LT3'; retrying
# 17:41:23 port error: [Errno 2] could not open port /dev/cu.usbmodemC02GR0ZMQ6LT3: [Errno 2] No such file or directory: '/dev/cu.usbmodemC02GR0ZMQ6LT3'; retrying
# 17:41:24 port error: [Errno 2] could not open port /dev/cu.usbmodemC02GR0ZMQ6LT3: [Errno 2] No such file or directory: '/dev/cu.usbmodemC02GR0ZMQ6LT3'; retrying
# 17:41:25 port error: [Errno 2] could not open port /dev/cu.usbmodemC02GR0ZMQ6LT3: [Errno 2] No such file or directory: '/dev/cu.usbmodemC02GR0ZMQ6LT3'; retrying
# 17:41:26 port error: [Errno 2] could not open port /dev/cu.usbmodemC02GR0ZMQ6LT3: [Errno 2] No such file or directory: '/dev/cu.usbmodemC02GR0ZMQ6LT3'; retrying
# 17:41:27 port error: [Errno 2] could not open port /dev/cu.usbmodemC02GR0ZMQ6LT3: [Errno 2] No such file or directory: '/dev/cu.usbmodemC02GR0ZMQ6LT3'; retrying
# 17:41:28 port error: [Errno 2] could not open port /dev/cu.usbmodemC02GR0ZMQ6LT3: [Errno 2] No such file or directory: '/dev/cu.usbmodemC02GR0ZMQ6LT3'; retrying
# 17:41:29 port error: [Errno 2] could not open port /dev/cu.usbmodemC02GR0ZMQ6LT3: [Errno 2] No such file or directory: '/dev/cu.usbmodemC02GR0ZMQ6LT3'; retrying
# 17:41:30 port error: [Errno 2] could not open port /dev/cu.usbmodemC02GR0ZMQ6LT3: [Errno 2] No such file or directory: '/dev/cu.usbmodemC02GR0ZMQ6LT3'; retrying
# 17:41:31 port error: [Errno 2] could not open port /dev/cu.usbmodemC02GR0ZMQ6LT3: [Errno 2] No such file or directory: '/dev/cu.usbmodemC02GR0ZMQ6LT3'; retrying
# 17:41:32 port error: [Errno 2] could not open port /dev/cu.usbmodemC02GR0ZMQ6LT3: [Errno 2] No such file or directory: '/dev/cu.usbmodemC02GR0ZMQ6LT3'; retrying
# 17:41:33 port error: [Errno 2] could not open port /dev/cu.usbmodemC02GR0ZMQ6LT3: [Errno 2] No such file or directory: '/dev/cu.usbmodemC02GR0ZMQ6LT3'; retrying
# 17:41:34 port error: [Errno 2] could not open port /dev/cu.usbmodemC02GR0ZMQ6LT3: [Errno 2] No such file or directory: '/dev/cu.usbmodemC02GR0ZMQ6LT3'; retrying
# 17:41:35 port error: [Errno 2] could not open port /dev/cu.usbmodemC02GR0ZMQ6LT3: [Errno 2] No such file or directory: '/dev/cu.usbmodemC02GR0ZMQ6LT3'; retrying
# 17:41:36 port error: [Errno 2] could not open port /dev/cu.usbmodemC02GR0ZMQ6LT3: [Errno 2] No such file or directory: '/dev/cu.usbmodemC02GR0ZMQ6LT3'; retrying
# 17:41:37 port error: [Errno 2] could not open port /dev/cu.usbmodemC02GR0ZMQ6LT3: [Errno 2] No such file or directory: '/dev/cu.usbmodemC02GR0ZMQ6LT3'; retrying
# 17:41:38 port error: [Errno 2] could not open port /dev/cu.usbmodemC02GR0ZMQ6LT3: [Errno 2] No such file or directory: '/dev/cu.usbmodemC02GR0ZMQ6LT3'; retrying
# 17:41:39 port error: [Errno 2] could not open port /dev/cu.usbmodemC02GR0ZMQ6LT3: [Errno 2] No such file or directory: '/dev/cu.usbmodemC02GR0ZMQ6LT3'; retrying
# 17:41:40 port error: [Errno 2] could not open port /dev/cu.usbmodemC02GR0ZMQ6LT3: [Errno 2] No such file or directory: '/dev/cu.usbmodemC02GR0ZMQ6LT3'; retrying
# 17:41:41 port error: [Errno 2] could not open port /dev/cu.usbmodemC02GR0ZMQ6LT3: [Errno 2] No such file or directory: '/dev/cu.usbmodemC02GR0ZMQ6LT3'; retrying
# 17:41:42 port error: [Errno 2] could not open port /dev/cu.usbmodemC02GR0ZMQ6LT3: [Errno 2] No such file or directory: '/dev/cu.usbmodemC02GR0ZMQ6LT3'; retrying
# 17:41:43 port error: [Errno 2] could not open port /dev/cu.usbmodemC02GR0ZMQ6LT3: [Errno 2] No such file or directory: '/dev/cu.usbmodemC02GR0ZMQ6LT3'; retrying
# 17:41:44 port error: [Errno 2] could not open port /dev/cu.usbmodemC02GR0ZMQ6LT3: [Errno 2] No such file or directory: '/dev/cu.usbmodemC02GR0ZMQ6LT3'; retrying
# 17:41:45 port error: [Errno 2] could not open port /dev/cu.usbmodemC02GR0ZMQ6LT3: [Errno 2] No such file or directory: '/dev/cu.usbmodemC02GR0ZMQ6LT3'; retrying
# 17:41:46 port error: [Errno 2] could not open port /dev/cu.usbmodemC02GR0ZMQ6LT3: [Errno 2] No such file or directory: '/dev/cu.usbmodemC02GR0ZMQ6LT3'; retrying
# 17:41:47 port error: [Errno 2] could not open port /dev/cu.usbmodemC02GR0ZMQ6LT3: [Errno 2] No such file or directory: '/dev/cu.usbmodemC02GR0ZMQ6LT3'; retrying
# 17:41:48 port error: [Errno 2] could not open port /dev/cu.usbmodemC02GR0ZMQ6LT3: [Errno 2] No such file or directory: '/dev/cu.usbmodemC02GR0ZMQ6LT3'; retrying
# 17:41:49 port error: [Errno 2] could not open port /dev/cu.usbmodemC02GR0ZMQ6LT3: [Errno 2] No such file or directory: '/dev/cu.usbmodemC02GR0ZMQ6LT3'; retrying
# 17:41:50 port error: [Errno 2] could not open port /dev/cu.usbmodemC02GR0ZMQ6LT3: [Errno 2] No such file or directory: '/dev/cu.usbmodemC02GR0ZMQ6LT3'; retrying
# 17:41:51 port error: [Errno 2] could not open port /dev/cu.usbmodemC02GR0ZMQ6LT3: [Errno 2] No such file or directory: '/dev/cu.usbmodemC02GR0ZMQ6LT3'; retrying
# 17:41:52 port error: [Errno 2] could not open port /dev/cu.usbmodemC02GR0ZMQ6LT3: [Errno 2] No such file or directory: '/dev/cu.usbmodemC02GR0ZMQ6LT3'; retrying
# 17:41:54 port error: [Errno 2] could not open port /dev/cu.usbmodemC02GR0ZMQ6LT3: [Errno 2] No such file or directory: '/dev/cu.usbmodemC02GR0ZMQ6LT3'; retrying
# 17:41:55 port error: [Errno 2] could not open port /dev/cu.usbmodemC02GR0ZMQ6LT3: [Errno 2] No such file or directory: '/dev/cu.usbmodemC02GR0ZMQ6LT3'; retrying
# 17:41:56 port error: [Errno 2] could not open port /dev/cu.usbmodemC02GR0ZMQ6LT3: [Errno 2] No such file or directory: '/dev/cu.usbmodemC02GR0ZMQ6LT3'; retrying
# 17:41:57 port error: [Errno 2] could not open port /dev/cu.usbmodemC02GR0ZMQ6LT3: [Errno 2] No such file or directory: '/dev/cu.usbmodemC02GR0ZMQ6LT3'; retrying
# 17:41:58 port error: [Errno 2] could not open port /dev/cu.usbmodemC02GR0ZMQ6LT3: [Errno 2] No such file or directory: '/dev/cu.usbmodemC02GR0ZMQ6LT3'; retrying
# 17:41:59 port error: [Errno 2] could not open port /dev/cu.usbmodemC02GR0ZMQ6LT3: [Errno 2] No such file or directory: '/dev/cu.usbmodemC02GR0ZMQ6LT3'; retrying
# 17:42:00 port error: [Errno 2] could not open port /dev/cu.usbmodemC02GR0ZMQ6LT3: [Errno 2] No such file or directory: '/dev/cu.usbmodemC02GR0ZMQ6LT3'; retrying
# 17:42:01 port error: [Errno 2] could not open port /dev/cu.usbmodemC02GR0ZMQ6LT3: [Errno 2] No such file or directory: '/dev/cu.usbmodemC02GR0ZMQ6LT3'; retrying
# 17:42:02 port error: [Errno 2] could not open port /dev/cu.usbmodemC02GR0ZMQ6LT3: [Errno 2] No such file or directory: '/dev/cu.usbmodemC02GR0ZMQ6LT3'; retrying
# 17:42:03 port error: [Errno 2] could not open port /dev/cu.usbmodemC02GR0ZMQ6LT3: [Errno 2] No such file or directory: '/dev/cu.usbmodemC02GR0ZMQ6LT3'; retrying
# 17:42:04 port error: [Errno 2] could not open port /dev/cu.usbmodemC02GR0ZMQ6LT3: [Errno 2] No such file or directory: '/dev/cu.usbmodemC02GR0ZMQ6LT3'; retrying
# 17:42:05 port error: [Errno 2] could not open port /dev/cu.usbmodemC02GR0ZMQ6LT3: [Errno 2] No such file or directory: '/dev/cu.usbmodemC02GR0ZMQ6LT3'; retrying
# 17:42:06 port error: [Errno 2] could not open port /dev/cu.usbmodemC02GR0ZMQ6LT3: [Errno 2] No such file or directory: '/dev/cu.usbmodemC02GR0ZMQ6LT3'; retrying
# 17:42:07 port error: [Errno 2] could not open port /dev/cu.usbmodemC02GR0ZMQ6LT3: [Errno 2] No such file or directory: '/dev/cu.usbmodemC02GR0ZMQ6LT3'; retrying
# 17:42:08 port error: [Errno 2] could not open port /dev/cu.usbmodemC02GR0ZMQ6LT3: [Errno 2] No such file or directory: '/dev/cu.usbmodemC02GR0ZMQ6LT3'; retrying
# 17:42:09 port error: [Errno 2] could not open port /dev/cu.usbmodemC02GR0ZMQ6LT3: [Errno 2] No such file or directory: '/dev/cu.usbmodemC02GR0ZMQ6LT3'; retrying
# 17:42:10 port error: [Errno 2] could not open port /dev/cu.usbmodemC02GR0ZMQ6LT3: [Errno 2] No such file or directory: '/dev/cu.usbmodemC02GR0ZMQ6LT3'; retrying
# 17:42:11 port error: [Errno 2] could not open port /dev/cu.usbmodemC02GR0ZMQ6LT3: [Errno 2] No such file or directory: '/dev/cu.usbmodemC02GR0ZMQ6LT3'; retrying
# 17:42:12 port error: [Errno 2] could not open port /dev/cu.usbmodemC02GR0ZMQ6LT3: [Errno 2] No such file or directory: '/dev/cu.usbmodemC02GR0ZMQ6LT3'; retrying
# 17:42:13 port error: [Errno 2] could not open port /dev/cu.usbmodemC02GR0ZMQ6LT3: [Errno 2] No such file or directory: '/dev/cu.usbmodemC02GR0ZMQ6LT3'; retrying
# 17:42:14 port error: [Errno 2] could not open port /dev/cu.usbmodemC02GR0ZMQ6LT3: [Errno 2] No such file or directory: '/dev/cu.usbmodemC02GR0ZMQ6LT3'; retrying
# 17:42:15 port error: [Errno 2] could not open port /dev/cu.usbmodemC02GR0ZMQ6LT3: [Errno 2] No such file or directory: '/dev/cu.usbmodemC02GR0ZMQ6LT3'; retrying
# 17:42:16 port error: [Errno 2] could not open port /dev/cu.usbmodemC02GR0ZMQ6LT3: [Errno 2] No such file or directory: '/dev/cu.usbmodemC02GR0ZMQ6LT3'; retrying
# 17:42:17 port error: [Errno 2] could not open port /dev/cu.usbmodemC02GR0ZMQ6LT3: [Errno 2] No such file or directory: '/dev/cu.usbmodemC02GR0ZMQ6LT3'; retrying
# 17:42:18 port error: [Errno 2] could not open port /dev/cu.usbmodemC02GR0ZMQ6LT3: [Errno 2] No such file or directory: '/dev/cu.usbmodemC02GR0ZMQ6LT3'; retrying
# 17:42:19 port error: [Errno 2] could not open port /dev/cu.usbmodemC02GR0ZMQ6LT3: [Errno 2] No such file or directory: '/dev/cu.usbmodemC02GR0ZMQ6LT3'; retrying
# 17:42:20 port error: [Errno 2] could not open port /dev/cu.usbmodemC02GR0ZMQ6LT3: [Errno 2] No such file or directory: '/dev/cu.usbmodemC02GR0ZMQ6LT3'; retrying
# 17:42:21 port error: [Errno 2] could not open port /dev/cu.usbmodemC02GR0ZMQ6LT3: [Errno 2] No such file or directory: '/dev/cu.usbmodemC02GR0ZMQ6LT3'; retrying
# 17:42:22 port error: [Errno 2] could not open port /dev/cu.usbmodemC02GR0ZMQ6LT3: [Errno 2] No such file or directory: '/dev/cu.usbmodemC02GR0ZMQ6LT3'; retrying
# 17:42:23 port error: [Errno 2] could not open port /dev/cu.usbmodemC02GR0ZMQ6LT3: [Errno 2] No such file or directory: '/dev/cu.usbmodemC02GR0ZMQ6LT3'; retrying
# 17:42:24 port error: [Errno 2] could not open port /dev/cu.usbmodemC02GR0ZMQ6LT3: [Errno 2] No such file or directory: '/dev/cu.usbmodemC02GR0ZMQ6LT3'; retrying
# 17:42:25 port error: [Errno 2] could not open port /dev/cu.usbmodemC02GR0ZMQ6LT3: [Errno 2] No such file or directory: '/dev/cu.usbmodemC02GR0ZMQ6LT3'; retrying
# 17:42:26 port error: [Errno 2] could not open port /dev/cu.usbmodemC02GR0ZMQ6LT3: [Errno 2] No such file or directory: '/dev/cu.usbmodemC02GR0ZMQ6LT3'; retrying
# 17:42:27 port error: [Errno 2] could not open port /dev/cu.usbmodemC02GR0ZMQ6LT3: [Errno 2] No such file or directory: '/dev/cu.usbmodemC02GR0ZMQ6LT3'; retrying
# 17:42:28 port error: [Errno 2] could not open port /dev/cu.usbmodemC02GR0ZMQ6LT3: [Errno 2] No such file or directory: '/dev/cu.usbmodemC02GR0ZMQ6LT3'; retrying
# 17:42:29 port error: [Errno 2] could not open port /dev/cu.usbmodemC02GR0ZMQ6LT3: [Errno 2] No such file or directory: '/dev/cu.usbmodemC02GR0ZMQ6LT3'; retrying
# 17:42:30 port error: [Errno 2] could not open port /dev/cu.usbmodemC02GR0ZMQ6LT3: [Errno 2] No such file or directory: '/dev/cu.usbmodemC02GR0ZMQ6LT3'; retrying
# 17:42:31 port error: [Errno 2] could not open port /dev/cu.usbmodemC02GR0ZMQ6LT3: [Errno 2] No such file or directory: '/dev/cu.usbmodemC02GR0ZMQ6LT3'; retrying
# 17:42:32 port error: [Errno 2] could not open port /dev/cu.usbmodemC02GR0ZMQ6LT3: [Errno 2] No such file or directory: '/dev/cu.usbmodemC02GR0ZMQ6LT3'; retrying
# 17:42:33 port error: [Errno 2] could not open port /dev/cu.usbmodemC02GR0ZMQ6LT3: [Errno 2] No such file or directory: '/dev/cu.usbmodemC02GR0ZMQ6LT3'; retrying
# 17:42:34 port error: [Errno 2] could not open port /dev/cu.usbmodemC02GR0ZMQ6LT3: [Errno 2] No such file or directory: '/dev/cu.usbmodemC02GR0ZMQ6LT3'; retrying
# 17:42:35 port error: [Errno 2] could not open port /dev/cu.usbmodemC02GR0ZMQ6LT3: [Errno 2] No such file or directory: '/dev/cu.usbmodemC02GR0ZMQ6LT3'; retrying
# 17:42:36 port error: [Errno 2] could not open port /dev/cu.usbmodemC02GR0ZMQ6LT3: [Errno 2] No such file or directory: '/dev/cu.usbmodemC02GR0ZMQ6LT3'; retrying
# 17:42:37 port error: [Errno 2] could not open port /dev/cu.usbmodemC02GR0ZMQ6LT3: [Errno 2] No such file or directory: '/dev/cu.usbmodemC02GR0ZMQ6LT3'; retrying
# 17:42:38 port error: [Errno 2] could not open port /dev/cu.usbmodemC02GR0ZMQ6LT3: [Errno 2] No such file or directory: '/dev/cu.usbmodemC02GR0ZMQ6LT3'; retrying
# 17:42:39 port error: [Errno 2] could not open port /dev/cu.usbmodemC02GR0ZMQ6LT3: [Errno 2] No such file or directory: '/dev/cu.usbmodemC02GR0ZMQ6LT3'; retrying
# 17:42:40 port error: [Errno 2] could not open port /dev/cu.usbmodemC02GR0ZMQ6LT3: [Errno 2] No such file or directory: '/dev/cu.usbmodemC02GR0ZMQ6LT3'; retrying
# 17:42:41 port error: [Errno 2] could not open port /dev/cu.usbmodemC02GR0ZMQ6LT3: [Errno 2] No such file or directory: '/dev/cu.usbmodemC02GR0ZMQ6LT3'; retrying
# 17:42:42 port error: [Errno 2] could not open port /dev/cu.usbmodemC02GR0ZMQ6LT3: [Errno 2] No such file or directory: '/dev/cu.usbmodemC02GR0ZMQ6LT3'; retrying
# 17:42:43 port error: [Errno 2] could not open port /dev/cu.usbmodemC02GR0ZMQ6LT3: [Errno 2] No such file or directory: '/dev/cu.usbmodemC02GR0ZMQ6LT3'; retrying
# 17:42:44 port error: [Errno 2] could not open port /dev/cu.usbmodemC02GR0ZMQ6LT3: [Errno 2] No such file or directory: '/dev/cu.usbmodemC02GR0ZMQ6LT3'; retrying
# 17:42:45 port error: [Errno 2] could not open port /dev/cu.usbmodemC02GR0ZMQ6LT3: [Errno 2] No such file or directory: '/dev/cu.usbmodemC02GR0ZMQ6LT3'; retrying
# 17:42:46 port error: [Errno 2] could not open port /dev/cu.usbmodemC02GR0ZMQ6LT3: [Errno 2] No such file or directory: '/dev/cu.usbmodemC02GR0ZMQ6LT3'; retrying
# 17:42:47 port error: [Errno 2] could not open port /dev/cu.usbmodemC02GR0ZMQ6LT3: [Errno 2] No such file or directory: '/dev/cu.usbmodemC02GR0ZMQ6LT3'; retrying
# 17:42:48 port error: [Errno 2] could not open port /dev/cu.usbmodemC02GR0ZMQ6LT3: [Errno 2] No such file or directory: '/dev/cu.usbmodemC02GR0ZMQ6LT3'; retrying
# 17:42:49 port error: [Errno 2] could not open port /dev/cu.usbmodemC02GR0ZMQ6LT3: [Errno 2] No such file or directory: '/dev/cu.usbmodemC02GR0ZMQ6LT3'; retrying
# 17:42:50 port error: [Errno 2] could not open port /dev/cu.usbmodemC02GR0ZMQ6LT3: [Errno 2] No such file or directory: '/dev/cu.usbmodemC02GR0ZMQ6LT3'; retrying
# 17:42:51 port error: [Errno 2] could not open port /dev/cu.usbmodemC02GR0ZMQ6LT3: [Errno 2] No such file or directory: '/dev/cu.usbmodemC02GR0ZMQ6LT3'; retrying
# 17:42:52 port error: [Errno 2] could not open port /dev/cu.usbmodemC02GR0ZMQ6LT3: [Errno 2] No such file or directory: '/dev/cu.usbmodemC02GR0ZMQ6LT3'; retrying
# 17:42:53 port error: [Errno 2] could not open port /dev/cu.usbmodemC02GR0ZMQ6LT3: [Errno 2] No such file or directory: '/dev/cu.usbmodemC02GR0ZMQ6LT3'; retrying
# 17:42:54 port error: [Errno 2] could not open port /dev/cu.usbmodemC02GR0ZMQ6LT3: [Errno 2] No such file or directory: '/dev/cu.usbmodemC02GR0ZMQ6LT3'; retrying
# 17:42:55 port error: [Errno 2] could not open port /dev/cu.usbmodemC02GR0ZMQ6LT3: [Errno 2] No such file or directory: '/dev/cu.usbmodemC02GR0ZMQ6LT3'; retrying
# 17:42:56 port error: [Errno 2] could not open port /dev/cu.usbmodemC02GR0ZMQ6LT3: [Errno 2] No such file or directory: '/dev/cu.usbmodemC02GR0ZMQ6LT3'; retrying
# 17:42:57 port error: [Errno 2] could not open port /dev/cu.usbmodemC02GR0ZMQ6LT3: [Errno 2] No such file or directory: '/dev/cu.usbmodemC02GR0ZMQ6LT3'; retrying
# 17:42:58 port error: [Errno 2] could not open port /dev/cu.usbmodemC02GR0ZMQ6LT3: [Errno 2] No such file or directory: '/dev/cu.usbmodemC02GR0ZMQ6LT3'; retrying
# 17:42:59 port error: [Errno 2] could not open port /dev/cu.usbmodemC02GR0ZMQ6LT3: [Errno 2] No such file or directory: '/dev/cu.usbmodemC02GR0ZMQ6LT3'; retrying
# 17:43:00 port error: [Errno 2] could not open port /dev/cu.usbmodemC02GR0ZMQ6LT3: [Errno 2] No such file or directory: '/dev/cu.usbmodemC02GR0ZMQ6LT3'; retrying
# 17:43:01 port error: [Errno 2] could not open port /dev/cu.usbmodemC02GR0ZMQ6LT3: [Errno 2] No such file or directory: '/dev/cu.usbmodemC02GR0ZMQ6LT3'; retrying
# 17:43:02 port error: [Errno 2] could not open port /dev/cu.usbmodemC02GR0ZMQ6LT3: [Errno 2] No such file or directory: '/dev/cu.usbmodemC02GR0ZMQ6LT3'; retrying
# 17:43:03 port error: [Errno 2] could not open port /dev/cu.usbmodemC02GR0ZMQ6LT3: [Errno 2] No such file or directory: '/dev/cu.usbmodemC02GR0ZMQ6LT3'; retrying
# 17:43:04 port error: [Errno 2] could not open port /dev/cu.usbmodemC02GR0ZMQ6LT3: [Errno 2] No such file or directory: '/dev/cu.usbmodemC02GR0ZMQ6LT3'; retrying
# 17:43:05 port error: [Errno 2] could not open port /dev/cu.usbmodemC02GR0ZMQ6LT3: [Errno 2] No such file or directory: '/dev/cu.usbmodemC02GR0ZMQ6LT3'; retrying
# 17:43:06 port error: [Errno 2] could not open port /dev/cu.usbmodemC02GR0ZMQ6LT3: [Errno 2] No such file or directory: '/dev/cu.usbmodemC02GR0ZMQ6LT3'; retrying
# 17:43:07 port error: [Errno 2] could not open port /dev/cu.usbmodemC02GR0ZMQ6LT3: [Errno 2] No such file or directory: '/dev/cu.usbmodemC02GR0ZMQ6LT3'; retrying
# 17:43:08 port error: [Errno 2] could not open port /dev/cu.usbmodemC02GR0ZMQ6LT3: [Errno 2] No such file or directory: '/dev/cu.usbmodemC02GR0ZMQ6LT3'; retrying
# 17:43:09 port error: [Errno 2] could not open port /dev/cu.usbmodemC02GR0ZMQ6LT3: [Errno 2] No such file or directory: '/dev/cu.usbmodemC02GR0ZMQ6LT3'; retrying
# 17:43:10 port error: [Errno 2] could not open port /dev/cu.usbmodemC02GR0ZMQ6LT3: [Errno 2] No such file or directory: '/dev/cu.usbmodemC02GR0ZMQ6LT3'; retrying
# 17:43:11 port error: [Errno 2] could not open port /dev/cu.usbmodemC02GR0ZMQ6LT3: [Errno 2] No such file or directory: '/dev/cu.usbmodemC02GR0ZMQ6LT3'; retrying
# 17:43:12 port error: [Errno 2] could not open port /dev/cu.usbmodemC02GR0ZMQ6LT3: [Errno 2] No such file or directory: '/dev/cu.usbmodemC02GR0ZMQ6LT3'; retrying
# 17:43:13 port error: [Errno 2] could not open port /dev/cu.usbmodemC02GR0ZMQ6LT3: [Errno 2] No such file or directory: '/dev/cu.usbmodemC02GR0ZMQ6LT3'; retrying
# 17:43:14 port error: [Errno 2] could not open port /dev/cu.usbmodemC02GR0ZMQ6LT3: [Errno 2] No such file or directory: '/dev/cu.usbmodemC02GR0ZMQ6LT3'; retrying
# 17:43:15 port error: [Errno 2] could not open port /dev/cu.usbmodemC02GR0ZMQ6LT3: [Errno 2] No such file or directory: '/dev/cu.usbmodemC02GR0ZMQ6LT3'; retrying
# 17:43:16 port error: [Errno 2] could not open port /dev/cu.usbmodemC02GR0ZMQ6LT3: [Errno 2] No such file or directory: '/dev/cu.usbmodemC02GR0ZMQ6LT3'; retrying
# 17:43:17 port error: [Errno 2] could not open port /dev/cu.usbmodemC02GR0ZMQ6LT3: [Errno 2] No such file or directory: '/dev/cu.usbmodemC02GR0ZMQ6LT3'; retrying
# 17:43:18 port error: [Errno 2] could not open port /dev/cu.usbmodemC02GR0ZMQ6LT3: [Errno 2] No such file or directory: '/dev/cu.usbmodemC02GR0ZMQ6LT3'; retrying
# 17:43:19 port error: [Errno 2] could not open port /dev/cu.usbmodemC02GR0ZMQ6LT3: [Errno 2] No such file or directory: '/dev/cu.usbmodemC02GR0ZMQ6LT3'; retrying
# 17:43:20 port error: [Errno 2] could not open port /dev/cu.usbmodemC02GR0ZMQ6LT3: [Errno 2] No such file or directory: '/dev/cu.usbmodemC02GR0ZMQ6LT3'; retrying
# 17:43:21 port error: [Errno 2] could not open port /dev/cu.usbmodemC02GR0ZMQ6LT3: [Errno 2] No such file or directory: '/dev/cu.usbmodemC02GR0ZMQ6LT3'; retrying
# 17:43:22 port error: [Errno 2] could not open port /dev/cu.usbmodemC02GR0ZMQ6LT3: [Errno 2] No such file or directory: '/dev/cu.usbmodemC02GR0ZMQ6LT3'; retrying
# 17:43:23 port error: [Errno 2] could not open port /dev/cu.usbmodemC02GR0ZMQ6LT3: [Errno 2] No such file or directory: '/dev/cu.usbmodemC02GR0ZMQ6LT3'; retrying
# 17:43:24 port error: [Errno 2] could not open port /dev/cu.usbmodemC02GR0ZMQ6LT3: [Errno 2] No such file or directory: '/dev/cu.usbmodemC02GR0ZMQ6LT3'; retrying
# 17:43:25 port error: [Errno 2] could not open port /dev/cu.usbmodemC02GR0ZMQ6LT3: [Errno 2] No such file or directory: '/dev/cu.usbmodemC02GR0ZMQ6LT3'; retrying
# 17:43:26 port error: [Errno 2] could not open port /dev/cu.usbmodemC02GR0ZMQ6LT3: [Errno 2] No such file or directory: '/dev/cu.usbmodemC02GR0ZMQ6LT3'; retrying
# 17:43:27 port error: [Errno 2] could not open port /dev/cu.usbmodemC02GR0ZMQ6LT3: [Errno 2] No such file or directory: '/dev/cu.usbmodemC02GR0ZMQ6LT3'; retrying
# 17:43:28 port error: [Errno 2] could not open port /dev/cu.usbmodemC02GR0ZMQ6LT3: [Errno 2] No such file or directory: '/dev/cu.usbmodemC02GR0ZMQ6LT3'; retrying
# 17:43:29 port error: [Errno 2] could not open port /dev/cu.usbmodemC02GR0ZMQ6LT3: [Errno 2] No such file or directory: '/dev/cu.usbmodemC02GR0ZMQ6LT3'; retrying
# 17:43:30 port error: [Errno 2] could not open port /dev/cu.usbmodemC02GR0ZMQ6LT3: [Errno 2] No such file or directory: '/dev/cu.usbmodemC02GR0ZMQ6LT3'; retrying
# 17:43:31 port error: [Errno 2] could not open port /dev/cu.usbmodemC02GR0ZMQ6LT3: [Errno 2] No such file or directory: '/dev/cu.usbmodemC02GR0ZMQ6LT3'; retrying
# 17:43:32 port error: [Errno 2] could not open port /dev/cu.usbmodemC02GR0ZMQ6LT3: [Errno 2] No such file or directory: '/dev/cu.usbmodemC02GR0ZMQ6LT3'; retrying
# 17:43:33 port error: [Errno 2] could not open port /dev/cu.usbmodemC02GR0ZMQ6LT3: [Errno 2] No such file or directory: '/dev/cu.usbmodemC02GR0ZMQ6LT3'; retrying
# 17:43:34 port error: [Errno 2] could not open port /dev/cu.usbmodemC02GR0ZMQ6LT3: [Errno 2] No such file or directory: '/dev/cu.usbmodemC02GR0ZMQ6LT3'; retrying
# 17:43:35 port error: [Errno 2] could not open port /dev/cu.usbmodemC02GR0ZMQ6LT3: [Errno 2] No such file or directory: '/dev/cu.usbmodemC02GR0ZMQ6LT3'; retrying
# 17:43:36 port error: [Errno 2] could not open port /dev/cu.usbmodemC02GR0ZMQ6LT3: [Errno 2] No such file or directory: '/dev/cu.usbmodemC02GR0ZMQ6LT3'; retrying
# 17:43:37 port error: [Errno 2] could not open port /dev/cu.usbmodemC02GR0ZMQ6LT3: [Errno 2] No such file or directory: '/dev/cu.usbmodemC02GR0ZMQ6LT3'; retrying
# 17:43:38 port error: [Errno 2] could not open port /dev/cu.usbmodemC02GR0ZMQ6LT3: [Errno 2] No such file or directory: '/dev/cu.usbmodemC02GR0ZMQ6LT3'; retrying
# 17:43:39 port error: [Errno 2] could not open port /dev/cu.usbmodemC02GR0ZMQ6LT3: [Errno 2] No such file or directory: '/dev/cu.usbmodemC02GR0ZMQ6LT3'; retrying
# 17:43:40 port error: [Errno 2] could not open port /dev/cu.usbmodemC02GR0ZMQ6LT3: [Errno 2] No such file or directory: '/dev/cu.usbmodemC02GR0ZMQ6LT3'; retrying
# 17:43:41 port error: [Errno 2] could not open port /dev/cu.usbmodemC02GR0ZMQ6LT3: [Errno 2] No such file or directory: '/dev/cu.usbmodemC02GR0ZMQ6LT3'; retrying
# 17:43:42 port error: [Errno 2] could not open port /dev/cu.usbmodemC02GR0ZMQ6LT3: [Errno 2] No such file or directory: '/dev/cu.usbmodemC02GR0ZMQ6LT3'; retrying
# 17:43:43 port error: [Errno 2] could not open port /dev/cu.usbmodemC02GR0ZMQ6LT3: [Errno 2] No such file or directory: '/dev/cu.usbmodemC02GR0ZMQ6LT3'; retrying
# 17:43:44 port error: [Errno 2] could not open port /dev/cu.usbmodemC02GR0ZMQ6LT3: [Errno 2] No such file or directory: '/dev/cu.usbmodemC02GR0ZMQ6LT3'; retrying
# 17:43:45 port error: [Errno 2] could not open port /dev/cu.usbmodemC02GR0ZMQ6LT3: [Errno 2] No such file or directory: '/dev/cu.usbmodemC02GR0ZMQ6LT3'; retrying
# 17:43:46 port error: [Errno 2] could not open port /dev/cu.usbmodemC02GR0ZMQ6LT3: [Errno 2] No such file or directory: '/dev/cu.usbmodemC02GR0ZMQ6LT3'; retrying
# 17:43:47 port error: [Errno 2] could not open port /dev/cu.usbmodemC02GR0ZMQ6LT3: [Errno 2] No such file or directory: '/dev/cu.usbmodemC02GR0ZMQ6LT3'; retrying
# 17:43:48 port error: [Errno 2] could not open port /dev/cu.usbmodemC02GR0ZMQ6LT3: [Errno 2] No such file or directory: '/dev/cu.usbmodemC02GR0ZMQ6LT3'; retrying
# 17:43:49 port error: [Errno 2] could not open port /dev/cu.usbmodemC02GR0ZMQ6LT3: [Errno 2] No such file or directory: '/dev/cu.usbmodemC02GR0ZMQ6LT3'; retrying
# 17:43:50 port error: [Errno 2] could not open port /dev/cu.usbmodemC02GR0ZMQ6LT3: [Errno 2] No such file or directory: '/dev/cu.usbmodemC02GR0ZMQ6LT3'; retrying
# 17:43:51 port error: [Errno 2] could not open port /dev/cu.usbmodemC02GR0ZMQ6LT3: [Errno 2] No such file or directory: '/dev/cu.usbmodemC02GR0ZMQ6LT3'; retrying
# 17:43:52 port error: [Errno 2] could not open port /dev/cu.usbmodemC02GR0ZMQ6LT3: [Errno 2] No such file or directory: '/dev/cu.usbmodemC02GR0ZMQ6LT3'; retrying
# 17:43:53 port error: [Errno 2] could not open port /dev/cu.usbmodemC02GR0ZMQ6LT3: [Errno 2] No such file or directory: '/dev/cu.usbmodemC02GR0ZMQ6LT3'; retrying
# 17:43:54 port error: [Errno 2] could not open port /dev/cu.usbmodemC02GR0ZMQ6LT3: [Errno 2] No such file or directory: '/dev/cu.usbmodemC02GR0ZMQ6LT3'; retrying
# 17:43:55 port error: [Errno 2] could not open port /dev/cu.usbmodemC02GR0ZMQ6LT3: [Errno 2] No such file or directory: '/dev/cu.usbmodemC02GR0ZMQ6LT3'; retrying
# 17:43:56 port error: [Errno 2] could not open port /dev/cu.usbmodemC02GR0ZMQ6LT3: [Errno 2] No such file or directory: '/dev/cu.usbmodemC02GR0ZMQ6LT3'; retrying
# 17:43:57 port error: [Errno 2] could not open port /dev/cu.usbmodemC02GR0ZMQ6LT3: [Errno 2] No such file or directory: '/dev/cu.usbmodemC02GR0ZMQ6LT3'; retrying
# 17:43:58 port error: [Errno 2] could not open port /dev/cu.usbmodemC02GR0ZMQ6LT3: [Errno 2] No such file or directory: '/dev/cu.usbmodemC02GR0ZMQ6LT3'; retrying
# 17:43:59 port error: [Errno 2] could not open port /dev/cu.usbmodemC02GR0ZMQ6LT3: [Errno 2] No such file or directory: '/dev/cu.usbmodemC02GR0ZMQ6LT3'; retrying
# 17:44:00 port error: [Errno 2] could not open port /dev/cu.usbmodemC02GR0ZMQ6LT3: [Errno 2] No such file or directory: '/dev/cu.usbmodemC02GR0ZMQ6LT3'; retrying
# 17:44:01 port error: [Errno 2] could not open port /dev/cu.usbmodemC02GR0ZMQ6LT3: [Errno 2] No such file or directory: '/dev/cu.usbmodemC02GR0ZMQ6LT3'; retrying
# 17:44:02 port error: [Errno 2] could not open port /dev/cu.usbmodemC02GR0ZMQ6LT3: [Errno 2] No such file or directory: '/dev/cu.usbmodemC02GR0ZMQ6LT3'; retrying
# 17:44:03 port error: [Errno 2] could not open port /dev/cu.usbmodemC02GR0ZMQ6LT3: [Errno 2] No such file or directory: '/dev/cu.usbmodemC02GR0ZMQ6LT3'; retrying
# 17:44:04 port error: [Errno 2] could not open port /dev/cu.usbmodemC02GR0ZMQ6LT3: [Errno 2] No such file or directory: '/dev/cu.usbmodemC02GR0ZMQ6LT3'; retrying
# 17:44:05 port error: [Errno 2] could not open port /dev/cu.usbmodemC02GR0ZMQ6LT3: [Errno 2] No such file or directory: '/dev/cu.usbmodemC02GR0ZMQ6LT3'; retrying
# 17:44:06 port error: [Errno 2] could not open port /dev/cu.usbmodemC02GR0ZMQ6LT3: [Errno 2] No such file or directory: '/dev/cu.usbmodemC02GR0ZMQ6LT3'; retrying
# 17:44:07 port error: [Errno 2] could not open port /dev/cu.usbmodemC02GR0ZMQ6LT3: [Errno 2] No such file or directory: '/dev/cu.usbmodemC02GR0ZMQ6LT3'; retrying
# 17:44:08 port error: [Errno 2] could not open port /dev/cu.usbmodemC02GR0ZMQ6LT3: [Errno 2] No such file or directory: '/dev/cu.usbmodemC02GR0ZMQ6LT3'; retrying
# 17:44:09 port error: [Errno 2] could not open port /dev/cu.usbmodemC02GR0ZMQ6LT3: [Errno 2] No such file or directory: '/dev/cu.usbmodemC02GR0ZMQ6LT3'; retrying
# 17:44:10 port error: [Errno 2] could not open port /dev/cu.usbmodemC02GR0ZMQ6LT3: [Errno 2] No such file or directory: '/dev/cu.usbmodemC02GR0ZMQ6LT3'; retrying
# 17:44:11 port error: [Errno 2] could not open port /dev/cu.usbmodemC02GR0ZMQ6LT3: [Errno 2] No such file or directory: '/dev/cu.usbmodemC02GR0ZMQ6LT3'; retrying
# 17:44:12 port error: [Errno 2] could not open port /dev/cu.usbmodemC02GR0ZMQ6LT3: [Errno 2] No such file or directory: '/dev/cu.usbmodemC02GR0ZMQ6LT3'; retrying
# 17:44:13 port error: [Errno 2] could not open port /dev/cu.usbmodemC02GR0ZMQ6LT3: [Errno 2] No such file or directory: '/dev/cu.usbmodemC02GR0ZMQ6LT3'; retrying
# 17:44:14 port error: [Errno 2] could not open port /dev/cu.usbmodemC02GR0ZMQ6LT3: [Errno 2] No such file or directory: '/dev/cu.usbmodemC02GR0ZMQ6LT3'; retrying
# 17:44:15 port error: [Errno 2] could not open port /dev/cu.usbmodemC02GR0ZMQ6LT3: [Errno 2] No such file or directory: '/dev/cu.usbmodemC02GR0ZMQ6LT3'; retrying
# 17:44:16 port error: [Errno 2] could not open port /dev/cu.usbmodemC02GR0ZMQ6LT3: [Errno 2] No such file or directory: '/dev/cu.usbmodemC02GR0ZMQ6LT3'; retrying
# 17:44:17 port error: [Errno 2] could not open port /dev/cu.usbmodemC02GR0ZMQ6LT3: [Errno 2] No such file or directory: '/dev/cu.usbmodemC02GR0ZMQ6LT3'; retrying
# 17:44:18 port error: [Errno 2] could not open port /dev/cu.usbmodemC02GR0ZMQ6LT3: [Errno 2] No such file or directory: '/dev/cu.usbmodemC02GR0ZMQ6LT3'; retrying
# 17:44:19 port error: [Errno 2] could not open port /dev/cu.usbmodemC02GR0ZMQ6LT3: [Errno 2] No such file or directory: '/dev/cu.usbmodemC02GR0ZMQ6LT3'; retrying
# 17:44:20 port error: [Errno 2] could not open port /dev/cu.usbmodemC02GR0ZMQ6LT3: [Errno 2] No such file or directory: '/dev/cu.usbmodemC02GR0ZMQ6LT3'; retrying
# 17:44:21 port error: [Errno 2] could not open port /dev/cu.usbmodemC02GR0ZMQ6LT3: [Errno 2] No such file or directory: '/dev/cu.usbmodemC02GR0ZMQ6LT3'; retrying
# 17:44:22 port error: [Errno 2] could not open port /dev/cu.usbmodemC02GR0ZMQ6LT3: [Errno 2] No such file or directory: '/dev/cu.usbmodemC02GR0ZMQ6LT3'; retrying
# 17:44:23 port error: [Errno 2] could not open port /dev/cu.usbmodemC02GR0ZMQ6LT3: [Errno 2] No such file or directory: '/dev/cu.usbmodemC02GR0ZMQ6LT3'; retrying
# 17:44:24 port error: [Errno 2] could not open port /dev/cu.usbmodemC02GR0ZMQ6LT3: [Errno 2] No such file or directory: '/dev/cu.usbmodemC02GR0ZMQ6LT3'; retrying
# 17:44:25 port error: [Errno 2] could not open port /dev/cu.usbmodemC02GR0ZMQ6LT3: [Errno 2] No such file or directory: '/dev/cu.usbmodemC02GR0ZMQ6LT3'; retrying
# 17:44:26 port error: [Errno 2] could not open port /dev/cu.usbmodemC02GR0ZMQ6LT3: [Errno 2] No such file or directory: '/dev/cu.usbmodemC02GR0ZMQ6LT3'; retrying
# 17:44:27 port error: [Errno 2] could not open port /dev/cu.usbmodemC02GR0ZMQ6LT3: [Errno 2] No such file or directory: '/dev/cu.usbmodemC02GR0ZMQ6LT3'; retrying
# 17:44:28 port error: [Errno 2] could not open port /dev/cu.usbmodemC02GR0ZMQ6LT3: [Errno 2] No such file or directory: '/dev/cu.usbmodemC02GR0ZMQ6LT3'; retrying
# 17:44:29 port error: [Errno 2] could not open port /dev/cu.usbmodemC02GR0ZMQ6LT3: [Errno 2] No such file or directory: '/dev/cu.usbmodemC02GR0ZMQ6LT3'; retrying
# 17:44:30 port error: [Errno 2] could not open port /dev/cu.usbmodemC02GR0ZMQ6LT3: [Errno 2] No such file or directory: '/dev/cu.usbmodemC02GR0ZMQ6LT3'; retrying
# 17:44:31 port error: [Errno 2] could not open port /dev/cu.usbmodemC02GR0ZMQ6LT3: [Errno 2] No such file or directory: '/dev/cu.usbmodemC02GR0ZMQ6LT3'; retrying
# 17:44:32 port error: [Errno 2] could not open port /dev/cu.usbmodemC02GR0ZMQ6LT3: [Errno 2] No such file or directory: '/dev/cu.usbmodemC02GR0ZMQ6LT3'; retrying
# 17:44:33 port error: [Errno 2] could not open port /dev/cu.usbmodemC02GR0ZMQ6LT3: [Errno 2] No such file or directory: '/dev/cu.usbmodemC02GR0ZMQ6LT3'; retrying
# 17:44:34 port error: [Errno 2] could not open port /dev/cu.usbmodemC02GR0ZMQ6LT3: [Errno 2] No such file or directory: '/dev/cu.usbmodemC02GR0ZMQ6LT3'; retrying
# 17:44:35 port error: [Errno 2] could not open port /dev/cu.usbmodemC02GR0ZMQ6LT3: [Errno 2] No such file or directory: '/dev/cu.usbmodemC02GR0ZMQ6LT3'; retrying
# opened /dev/cu.usbmodemC02GR0ZMQ6LT3 17:44:36
# RELAUNCH8 13.5 trm_enabled=0 LG attached Sun Sep 20 17:44:40 +03 2026
17:44:47 Darwin Kernel Version 22.6.0: Wed Jul  5 22:22:52 PDT 2023; root:xnu-8796.141.3~6/RELEASE_ARM64_T8103
17:44:47 pmap_startup() init/release time: 16423 microsec
17:44:47 pmap_startup() delayed init/release of 0 pages
17:44:47 vm_page_bootstrap: 981089 free pages, 11708 wired pages, (up to 0 of which are delayed free)
17:44:47 VM boostrap: 97 maps, 204 entries and 512 holes available
17:44:47 Maximum number of VM swap files: 100
17:44:47 "vm_compressor_mode" is 4
17:44:47 VM bootstrap done: 84 maps, 165 entries and 501 holes left
17:44:47 Log queues configured: slot count: 64, per-slot size: 32768, total size: 2097152
17:44:47 OSLog stream configured: stream: 8192 bytes, cache: 2112 bytes
17:44:47 Long logs support configured: size: 16384
17:44:47 Firehose configured: 16 chunks, 8 io pages
17:44:47 standard timeslicing quantum is 10000 us
17:44:47 standard background quantum is 2500 us
17:44:47 mig_table_max_displ = 54 mach_kobj_count = 375
17:44:47 kdp_core zlib memory 0x8000
17:44:47 Serial requested, consistent debug disabled or debug boot arg not present, configuring debugging over serial
17:44:47 iBoot version: iBoot-8422.141.2
17:44:47 Darwin Image4 Validator Version 5.0.0: Mon Jul 10 22:18:56 PDT 2023; root:AppleImage4-202.120.2~861/AppleImage4/RELEASE_ARM64E
17:44:47 calling mpo_policy_init for AppleImage4
17:44:47 Security policy loaded: AppleImage4 sysctl hook (AppleImage4)
17:44:47 AppleImage4: failed to read nvram property: oblit-inprogress: 2
17:44:47 AMFI: UDID enforcement enabled
17:44:47 calling mpo_policy_init for AMFI
17:44:47 Security policy loaded: Apple Mobile File Integrity (AMFI)
17:44:47 calling mpo_policy_init for Sandbox
17:44:47 Security policy loaded: Seatbelt sandbox policy (Sandbox)
17:44:47 calling mpo_policy_init for Quarantine
17:44:47 Security policy loaded: Quarantine policy (Quarantine)
17:44:47 initialized XNU provisioning profile data
17:44:47 initialized PPL provisioning profile data
17:44:47 attempting to load 2 external trust cache modules
17:44:47 loaded external trust cache module: 0
17:44:47 loaded external trust cache module: 1
17:44:47 completed loading external trust cache modules
17:44:47 IOG flags 0x3 (0x51)
17:44:47 AppleCredentialManager: init: inited KE[1] (ready=NO, AVP=NO) -> true.
17:44:47 AppleCredentialManager: probe: probed KE[1] (ready=NO) -> true (score=0).
17:44:47 Couldn't alloc class "AppleKeyStoreTest"
17:44:47 Warning: arc4random not implemented
17:44:47 Warning: arc4random not implemented
17:44:47 Warning: arc4random not implemented
17:44:47 logIosaActivity: log activity queue is null
17:44:47 logIosaActivity: log activity queue is null
17:44:47 AppleARMBootPerf: Warning: profile->magic (0x42545244) != 'BTRC'
17:44:47 AppleCredentialManager: start: starting KE[1] (ready=NO) -> true.
17:44:47 AppleCredentialManager: initImpl: called, KE[1].
17:44:47 ACMFirstResponderKernelService: init: called, .
17:44:47 ACMTRM-S: init: called, starting PersistentStore service.
17:44:47 ACMTRM-A: init: called, starting TRM Analytics service.
17:44:47 ACMTRM-C: init: called, starting AccessoryCache service.
17:44:47 ACMKernelService: initValueFromBootArgAliasesUInt32: acc-cache size = 48 (default).
17:44:47 ACMKernelService: initValueFromBootArgAliasesUInt32: acc-cache expiration = 2592000 (default).
17:44:47 ACM: TRMAccCache_SetupEmpty: called, cacheSize=48 expiration=2592000.
17:44:47 ACMTRM: init: called, starting TRM service.
17:44:47 ACMKernelService: initValueFromBootArgAliasesUInt32: policy supported in BaseSystem = 0 (default).
17:44:47 ACMKernelService: initValueFromBootArgAliasesUInt32: config profile = 4294967295 (default).
17:44:47 ACMTRM: _getDefaultConfigProfile: config profile: 2 (boot-arg=2 edt-prop=2*).
17:44:47 ACMKernelService: initValueFromBootArgAliasesUInt32: policy mode timeout = 604800 (default).
17:44:47 ACMKernelService: initValueFromBootArgAliasesUInt32: grace period (bounded) timeout = 259200 (default).
17:44:47 ACMKernelService: initValueFromBootArgAliasesUInt32: unlocked period timeout = 86400 (default).
17:44:47 ACMKernelService: initValueFromBootArgAliasesUInt32: enabled by default = 1 (default).
17:44:47 ACMTRM: _disableBy: [TRM ENABLED=YES] (mask=0, DISABLED BY: Def=NO* BtArg=NO HW=NO DevT=NO OSEnv=NO ExBt=NO | MgCo=NO DwOS=NO ChBd=NO GSw=NO CPro=NO BSys=NO MBud=NO SmCrd=NO ApSet=NO).
17:44:47 ACMTRM: _disableBy: [TRM ENABLED=YES] (mask=0, DISABLED BY: Def=NO BtArg=NO* HW=NO DevT=NO OSEnv=NO ExBt=NO | MgCo=NO DwOS=NO ChBd=NO GSw=NO CPro=NO BSys=NO MBud=NO SmCrd=NO ApSet=NO).
17:44:47 ACMTRM: _disableBy: [TRM ENABLED=YES] (mask=0, DISABLED BY: Def=NO BtArg=NO HW=NO* DevT=NO OSEnv=NO ExBt=NO | MgCo=NO DwOS=NO ChBd=NO GSw=NO CPro=NO BSys=NO MBud=NO SmCrd=NO ApSet=NO).
17:44:47 ACMKernelService: initValueFromBootArgAliasesUInt32: enabled by device type = 0 (from 'trm_enabled').
17:44:47 ACMTRM: _loadEnabledByDeviceType: enabled by device type: NO (boot-arg=NO* edt-prop=YES*).
17:44:47 ACMTRM: _disableBy: [TRM ENABLED=NO] (mask=10, DISABLED BY: Def=NO BtArg=NO HW=NO DevT=YES* OSEnv=NO ExBt=NO | MgCo=NO DwOS=NO ChBd=NO GSw=NO CPro=NO BSys=NO MBud=NO SmCrd=NO ApSet=NO).
17:44:47 ACMTRM: _loadDisabledByExternalBoot: disabled by ExternalBoot: NO.
17:44:47 ACMTRM: _disableBy: [TRM ENABLED=NO] (mask=10, DISABLED BY: Def=NO BtArg=NO HW=NO DevT=YES OSEnv=NO ExBt=NO* | MgCo=NO DwOS=NO ChBd=NO GSw=NO CPro=NO BSys=NO MBud=NO SmCrd=NO ApSet=NO).
17:44:47 ACMTRM: _loadDisabledByOSEnvironment: disabled by OSEnvironment: NO.
17:44:47 ACMTRM: _disableBy: [TRM ENABLED=NO] (mask=10, DISABLED BY: Def=NO BtArg=NO HW=NO DevT=YES OSEnv=NO* ExBt=NO | MgCo=NO DwOS=NO ChBd=NO GSw=NO CPro=NO BSys=NO MBud=NO SmCrd=NO ApSet=NO).
17:44:47 ACMTRM: _mapAndPublishTRM: set TRM_PolicyTimeout = 604800.
17:44:47 ACMTRM: _mapAndPublishTRM: set TRM_PolicyReason = Unrestricted(0).
17:44:47 ACMTRM: _mapAndPublishTRM: set TRM_UnlockedPeriodTimeout = 86400.
17:44:47 ACMTRM: _mapAndPublishTRM: sending kIOMessageServicePropertyChange(#changes=3) while LOCKED(1), TRM: 604800/U(0) 4294967295/-(255) M=255/4294967295/4294967295 ---(255)/---(255) L=255 BS=255 R=255 UP=86400/255, CUR: U(0) -(255).
17:44:47 AppleCredentialManager: initImpl: KE[1] INITED.
17:44:47 AppleCredentialManager: initImpl: returning, KE[1] -> true.
17:44:47 AppleCredentialManager: startImpl: called, KE[1].
17:44:47 ACMTRM: start: security.mac.acm.root_pivot_occurred sysctl registered.
17:44:47 AppleCredentialManager: startImpl: initializing power management.
17:44:47 AppleCredentialManager: startImpl: will join SEPManager's PM tree in getSEPEndpoint().
17:44:47 AppleCredentialManager: startImpl: registering notifications.
17:44:47 AppleCredentialManager: startImpl: KE[1] STARTED.
17:44:47 AppleCredentialManager: startImpl: returning, KE[1] -> true.
17:44:47 AppleCredentialManager: start: started KE[1] (ready=YES) -> true.
17:44:47 AppleSEPKeyStore:330:0: starting (BUILT: Jul 10 2023 22:11:57) (normal variant)
17:44:47 AppleSEPKeyStore:533:0: _sep_enabled = 1
17:44:47 AppleSSE::start called
17:44:47 AppleSSE::start returning, result = 1
17:44:47 virtual bool CoreAnalyticsHub::start(IOService *)::139:CoreAnalyticsHub start
17:44:47 Registered CoreAnalyticsHub functions with xnu.virtual bool CoreAnalyticsHub::start(IOService *)::218:CoreAnalyticsHub start completed
17:44:47 Couldn't alloc class "AppleKeyStoreTest"
17:44:47 AppleARMBacklight::start: Using new Backlight Architecture 1
17:44:47 AppleARMBacklight::start: no DBV offset data
17:44:47 AppleARMBacklight::start: no DBV max data
17:44:47 AppleARMBacklight::start: _calibratedMaxCurrent=13799
17:44:47 AppleARMBacklight::start: _calibratedMidCurrent=3199
17:44:47 AppleARMBacklight::start: mA2Nits2ndOrderCoef=-1
17:44:47 AppleARMBacklight::start: mA2Nits1stOrderCoef=75
17:44:47 AppleARMBacklight::start: mA2Nits0thOrderCoef=-2
17:44:47 AppleARMBacklight::start: nits2mAmps2ndOrderCoef=628
17:44:47 AppleARMBacklight::start: nits2mAmps1stOrderCoef=13279
17:44:47 AppleARMBacklight::start: nits2mAmps0thOrderCoef=18
17:44:47 AppleARMBacklight::start: _lMaxProduct=27525120
17:44:47 AppleARMBacklight::start: _lMidProduct=9175040
17:44:47 AppleARMBacklight::start: _lMinProduct=262144
17:44:47 AppleARMBacklight::exportCalibration: _lMaxProduct=27525120, _lMidProduct=9175040, _lMinProduct=262144, _lMaxPanel=27525119, _lMidPanel=6568085, _lMinPanel=262079, _milliAmps2NitsScaleFactor=423092
17:44:47 AppleARMBacklight::start: no backlight enable function
17:44:47 AppleARMBacklight::start: no backlight update function
17:44:47 AppleARMBacklight::start: _minDACLevel=469 _maxDACLevel=1968
17:44:47 Copyright (c) 1982, 1986, 1989, 1991, 1993
17:44:47 	The Regents of the University of California. All rights reserved.
17:44:47 
17:44:47 MAC Framework successfully initialized
17:44:47 using 16384 buffer headers and 10240 cluster IO buffer headers
17:44:47 AMFI: developer mode is force enabled on this platform
17:44:47 AMFI: finished: 1 1
17:44:47 spi3 AppleSPIMCController::start:129: using CCLK 120000000
17:44:47 spi4 AppleSPIMCController::start:129: using CCLK 120000000
17:44:47 AppleS5L8940XI2CController::start: i2c1 this: <ptr> _i2cBaseAddress: <ptr>
17:44:47 AppleS5L8940XI2CController::start: i2c3 this: <ptr> _i2cBaseAddress: <ptr>
17:44:47 AppleOLYHAL::probe: score = 1000
17:44:47 AppleBCMWLANBusInterfacePCIe::isIOKitEnvironment() WLAN Active Driver mode IOKit
17:44:47 AppleOLYHAL::start: entry with provider 0xffffb24befb530fd
17:44:47 Creating an object of AppleOLYHALPlatformFunctionEmbeddedAMFM class
17:44:47 Couldn't alloc class "AppleKeyStoreTest"
17:44:47 pci (build 22:14:13 Jul  5 2023), flags 0xc3008
17:44:47 AppleEmbeddedPCIE::start this = <ptr>, _debugFlags = 0xfffffffe
17:44:47 19108250us IOThunderboltFamily (build 22:14:27 Jul  5 2023)
17:44:47 pci (build 22:14:13 Jul  5 2023), flags 0xc3008
17:44:47 AppleTunneledPCIE::start(apciec1) this = <ptr>, _debugFlags = 0x80000001
17:44:47 19115122us AppleThunderboltGenericHAL::probe
17:44:47 19115757us AppleThunderboltGenericHAL(0)::start
17:44:47 AppleInterruptController::start: Num Shared Timestamps == 16
17:44:47 Couldn't find sioaesdisable-offset from DeviceTree to override
17:44:47 Couldn't find sioaesdisableuid1-offset from DeviceTree to override
17:44:47 Couldn't find sioaesdisablegid0-offset from DeviceTree to override
17:44:47 Couldn't find sioaesdisablegid1-offset from DeviceTree to override
17:44:47 AppleS8000AES::start: registers at phys:0x0x23500c000/0x0x23d2d0000 virt:0x<ptr>/0x0x4000 / 0x<ptr>/0x0x4000
17:44:47 AppleGPIOICController::start: this: <ptr>, _gpioicBaseAddress: <ptr>
17:44:47 AppleGPIOICController::start: this: <ptr>, _gpioicBaseAddress: <ptr>
17:44:47 AppleGPIOICController::start: this: <ptr>, _gpioicBaseAddress: <ptr>
17:44:47 AppleGPIOICController::start: this: <ptr>, _gpioicBaseAddress: <ptr>
17:44:47 ApplePMGR: Starting AppleT8103PMGR
17:44:47 spi2 AppleSPIMCController::start:129: using CCLK 120000000
17:44:47 ApplePMGR: mcx-fast-pcpu-frequency set to 2184 MHz
17:44:47 ApplePassthroughPPM::start (<ptr>)
17:44:47 ApplePPM::start (<ptr>)
17:44:47 ApplePPMCPMS::initLocal (<ptr>)
17:44:47 Platform supports LPEM: 0ApplePPM::initLocal success
17:44:47 Couldn't alloc class "AppleKeyStoreTest"
17:44:48 AppleEventLogHandler: started
17:44:48 AppleA7IOPNub: withRegistryEntry, 47: allocated nub <ptr>
17:44:48 
17:44:48 RTBuddy(ANS2): start(<ptr>) - (Jul  5 2023@22:21:21)
17:44:48 AppleA7IOPNub: withRegistryEntry, 47: allocated nub <ptr>
17:44:48 
17:44:48 RTBuddy(ANS2): Boot args override: wdt = -1
17:44:48 RTBuddy(ANS2): Resuming...
17:44:48 
17:44:48 AppleGen1SPMIController[aop-spmi1]:61: Start
17:44:48 admac-sio: Built on Jul  5 2023 at 22:13:23.           
17:44:48 General panic behavior:
17:44:48           	debugFacility = 0x80000001
17:44:48           	chan debug    = 0x0000ffff
17:44:48 DP855 ok=1
17:44:48 AppleTCON::publishMemoryDevicesBelow matched lcd-pmicwp
17:44:48 AppleS5L8940XI2CController::start: i2c0 this: <ptr> _i2cBaseAddress: <ptr>
17:44:48 AppleTCON::publishMemoryDevicesBelow matched lcd-pmic
17:44:48 AppleTCON::publishMemoryDevicesBelow matched lcd-sswp
17:44:48 AppleTCON::publishMemoryDevicesBelow matched lcd-ss
17:44:48 AppleTCON::publishMemoryDevicesBelow matched tcon-registers
17:44:48 AppleTCON::publishMemoryDevicesBelow matched lcd-eeprom
17:44:48 AppleA7IOPNub: withRegistryEntry, 47: allocated nub <ptr>
17:44:48 
17:44:48 RTBuddy(SIO): start(<ptr>) - (Jul  5 2023@22:21:21)
17:44:48 AppleA7IOPNub: withRegistryEntry, 47: allocated nub <ptr>
17:44:48 
17:44:48 RTBuddy(SIO): Boot args override: wdt = -1
17:44:48 RTBuddy(SIO): Resuming...
17:44:48 
17:44:48 virtual IOService *AppleANS2NVMeController::probe(IOService *, SInt32 *)::194:Found (ANS2) provider, returning score 100000
17:44:48 virtual IOService *AppleANS3NVMeController::probe(IOService *, SInt32 *)::82:Found (ANS2) provider and linear-sq, returning score 300000
17:44:48 virtual bool AppleANS2NVMeController::start(IOService *)::416:Found the ANS2Endpoint1
17:44:48 AppleSmartIO (RTBuddy-based)::start (<ptr>) - (Jul  5 2023@22:14:30)
17:44:48 AppleHPMARMI2C::start - Unable to read hpmlog boot-arg
17:44:48 ApplePPMCPMS::initLocal success
17:44:48 ApplePPM::start success
17:44:48 ApplePassthroughPPM::start success
17:44:48 RTBuddy(PMP): start(<ptr>) - (Jul  5 2023@22:21:21)
17:44:48 Couldn't alloc class "AppleKeyStoreTest"
17:44:48 RTBuddy(ACIO1): start(<ptr>) - (Jul  5 2023@22:21:21)
17:44:48 RTBuddy(ACIO1): Boot args override: wdt = -1
17:44:48 AppleA7IOPNub: withRegistryEntry, 47: allocated nub <ptr>
17:44:48 
17:44:48           	Gen PanicMask = 0x000087fb
17:44:48           
17:44:48 Test features:
17:44:48           	PseudoMem     = 0x00000000
17:44:48           	PeriphDisable = 0x00000000
17:44:48           	DMADisable    = 0x00000000
17:44:48 RTBuddy(PMP): Boot args override: wdt = -1
17:44:48 AppleHPM runtime power conservation disabled.
17:44:48 bool AppleEmbeddedNVMeController::SetNamespacesStruct()::194:Obtained 3 namespaces from DT
17:44:48 virtual bool IONVMeController::start(IOService *)::793:IONVMeController::start
17:44:48 virtual IOFilterInterruptEventSource *AppleANS2NVMeController::CreateDeviceInterrupt(IOInterruptEventSource::Action, IOFilterInterruptEventSource::Filter, IOService *)::2806:ANS2 NVMe interrupt index - 0x4
17:44:48 virtual uint32_t AppleANS2CGNVMeController::GetNVMePPLQueueEntries()::420:NVMePPL Queue Entries=65
17:44:48 virtual bool AppleANS2CGNVMeController::InitializePCI()::177:Successfully initialized NVMe CoastGuard
17:44:48 AppleGen1SPMIController[nub-spmi]:61: Start
17:44:48 AppleTCControllerAssignableTransport::probe - failed!
17:44:48 AppleTCControllerType10::start
17:44:48 AppleTCController::genericStart(@0x0) - Start
17:44:48           	AXIBurstSize  = 0x00000003
17:44:48           	TSC Mode      = 0x00000000
17:44:48           
17:44:48 Jitter:
17:44:48           	Tx WA mask    = 0x0000ffff
17:44:48           	Rx WA mask    = 0x0000ffff
17:44:48           	HiJ panic msk = 0x00000000
17:44:48           	HiJ threshold = 0x00000960
17:44:48 [ PCI configuration begin ]
17:44:48 IOPCIConfigurator::configure kIOPCIEnumerationWaitTime is 900
17:44:48           
17:44:48 _getExecutionPlatform: AudioDMAController::admac-sio::483: Running on silicon.
17:44:48 [ PCI configuration end, bridges 2, devices 0 ]
17:44:48 virtual bool AppleM2ScalerCSCDriver::start(IOService *): Name=scaler0 Lock=<ptr> id=0 max_msrs=8 msr_mask=0xff scaler_count=0
17:44:48 admac-aop-audio: Built on Jul  5 2023 at 22:13:23.           
17:44:48 General panic behavior:
17:44:48           	debugFacility = 0x80000001
17:44:48           	chan debug    = 0x0000ffff
17:44:48           	Gen PanicMask = 0x000087fb
17:44:48           
17:44:48 Test features:
17:44:48           	PseudoMem     = 0x00000000
17:44:48           	PeriphDisable = 0x00000000
17:44:48           	DMADisable    = 0x00000000
17:44:48           	AXIBurstSize  = 0x00000003
17:44:48           	TSC Mode      = 0x00000000
17:44:48           
17:44:48 Jitter:
17:44:48           	Tx WA mask    = 0x0000ffff
17:44:48           	Rx WA mask    = 0x0000ffff
17:44:48           	HiJ panic msk = 0x00000000
17:44:48           	HiJ threshold = 0x00000960
17:44:48           
17:44:48 _getExecutionPlatform: AudioDMAController::admac-aop-audio::483: Running on silicon.
17:44:48 setDirectionAndRole: APA0TX::admac-aop-audio::578: TX:Initialized.
17:44:48 setDirectionAndRole: APA1TX::admac-aop-audio::578: TX:Initialized.
17:44:48 setDirectionAndRole: APA2TX::admac-aop-audio::578: TX:Initialized.
17:44:48 setDirectionAndRole: APA3TX::admac-aop-audio::578: TX:Initialized.
17:44:48 setDirectionAndRole: APA4TX::admac-aop-audio::578: TX:Initialized.
17:44:48 setDirectionAndRole: APA5TX::admac-aop-audio::578: TX:Initialized.
17:44:48 setDirectionAndRole: APA6TX::admac-aop-audio::578: TX:Initialized.
17:44:48 setDirectionAndRole: APA7TX::admac-aop-audio::578: TX:Initialized.
17:44:48 setDirectionAndRole: APA8TX::admac-aop-audio::578: TX:Initialized.
17:44:48 setDirectionAndRole: APA9TX::admac-aop-audio::578: TX:Initialized.
17:44:48 setDirectionAndRole: APAATX::admac-aop-audio::578: TX:Initialized.
17:44:48 setDirectionAndRole: APABTX::admac-aop-audio::578: TX:Initialized.
17:44:48 setDirectionAndRole: APACTX::admac-aop-audio::578: TX:Initialized.
17:44:48 setDirectionAndRole: APADTX::admac-aop-audio::578: TX:Initialized.
17:44:48 setDirectionAndRole: APAETX::admac-aop-audio::578: TX:Initialized.
17:44:48 setDirectionAndRole: APAFTX::admac-aop-audio::578: TX:Initialized.
17:44:48 setDirectionAndRole: APA0RX::admac-aop-audio::578: RX:Initialized.
17:44:48 setDirectionAndRole: APA1RX::admac-aop-audio::578: RX:Initialized.
17:44:48 setDirectionAndRole: APA2RX::admac-aop-audio::578: RX:Initialized.
17:44:48 setDirectionAndRole: APA3RX::admac-aop-audio::578: RX:Initialized.
17:44:48 setDirectionAndRole: APA4RX::admac-aop-audio::578: RX:Initialized.
17:44:48 setDirectionAndRole: APA5RX::admac-aop-audio::578: RX:Initialized.
17:44:48 setDirectionAndRole: APA6RX::admac-aop-audio::578: RX:Initialized.
17:44:48 setDirectionAndRole: APA7RX::admac-aop-audio::578: RX:Initialized.
17:44:48 setDirectionAndRole: APA8RX::admac-aop-audio::578: RX:Initialized.
17:44:48 setDirectionAndRole: APA9RX::admac-aop-audio::578: RX:Initialized.
17:44:48 setDirectionAndRole: APAARX::admac-aop-audio::578: RX:Initialized.
17:44:48 setDirectionAndRole: APABRX::admac-aop-audio::578: RX:Initialized.
17:44:48 setDirectionAndRole: APACRX::admac-aop-audio::578: RX:Initialized.
17:44:48 setDirectionAndRole: APADRX::admac-aop-audio::578: RX:Initialized.
17:44:48 setDirectionAndRole: APAERX::admac-aop-audio::578: RX:Initialized.
17:44:48 setDirectionAndRole: APAFRX::admac-aop-audio::578: RX:Initialized.
17:44:48 setDirectionAndRole: SIO0TX::admac-sio::578: TX:Initialized.
17:44:48 setDirectionAndRole: SIO1TX::admac-sio::578: TX:Initialized.
17:44:48 setDirectionAndRole: SIO2TX::admac-sio::578: TX:Initialized.
17:44:48 setDirectionAndRole: SIO3TX::admac-sio::578: TX:Initialized.
17:44:48 setDirectionAndRole: SIO4TX::admac-sio::578: TX:Initialized.
17:44:48 setDirectionAndRole: SIO5TX::admac-sio::578: TX:Initialized.
17:44:48 setDirectionAndRole: SIO6TX::admac-sio::578: TX:Initialized.
17:44:48 setDirectionAndRole: SIO7TX::admac-sio::578: TX:Initialized.
17:44:48 setDirectionAndRole: SIO8TX::admac-sio::578: TX:Initialized.
17:44:48 setDirectionAndRole: SIO9TX::admac-sio::578: TX:Initialized.
17:44:48 setDirectionAndRole: SIOATX::admac-sio::578: TX:Initialized.
17:44:48 setDirectionAndRole: SIOBTX::admac-sio::578: TX:Initialized.
17:44:48 setDirectionAndRole: SIO0RX::admac-sio::578: RX:Initialized.
17:44:48 setDirectionAndRole: SIO1RX::admac-sio::578: RX:Initialized.
17:44:48 setDirectionAndRole: SIO2RX::admac-sio::578: RX:Initialized.
17:44:48 setDirectionAndRole: SIO3RX::admac-sio::578: RX:Initialized.
17:44:48 setDirectionAndRole: SIO4RX::admac-sio::578: RX:Initialized.
17:44:48 setDirectionAndRole: SIO5RX::admac-sio::578: RX:Initialized.
17:44:48 setDirectionAndRole: SIO6RX::admac-sio::578: RX:Initialized.
17:44:48 setDirectionAndRole: SIO7RX::admac-sio::578: RX:Initialized.
17:44:48 setDirectionAndRole: SIO8RX::admac-sio::578: RX:Initialized.
17:44:48 setDirectionAndRole: SIO9RX::admac-sio::578: RX:Initialized.
17:44:48 setDirectionAndRole: SIOARX::admac-sio::578: RX:Initialized.
17:44:48 setDirectionAndRole: SIOBRX::admac-sio::578: RX:Initialized.
17:44:48 AppleT8015TempSensor::start: missing device tree value (sensor-offset-CTL2)
17:44:48 AppleT8015TempSensor::start: missing device tree value (sensor-offset-CTL1)
17:44:48 HID: Legacy shim 2
17:44:48 AppleT8015TempSensor::start: missing device tree value (sensor-offset-CTL2)
17:44:48 AppleT8015TempSensor::start: missing device tree value (sensor-offset-CTL1)
17:44:48 HID: Legacy shim 2
17:44:48 AppleA7IOPNub: withRegistryEntry, 47: allocated nub <ptr>
17:44:48 
17:44:48 RTBuddy(DCPEXT): start(<ptr>) - (Jul  5 2023@22:21:21)
17:44:48 RTBuddy(DCPEXT): Boot args override: wdt = -1
17:44:48 RTBuddy(DCPEXT): Resuming...
17:44:48 
17:44:48 virtual bool AppleM2ScalerCSCDriver::start(IOService *): MSR Driver Waiting for IOSurfaceRoot
17:44:48 callPlatformFunction: IODMAController000000A4::admac-sio::1296: Allocated suspend ARMFunction <ptr>.
17:44:48 callPlatformFunction: IODMAController000000A4::admac-sio::1296: Allocated suspend ARMFunction <ptr>.
17:44:48 AppleT8015TempSensor::start: missing device tree value (sensor-offset-CTL2)
17:44:48 AppleT8015TempSensor::start: missing device tree value (sensor-offset-CTL1)
17:44:48 HID: Legacy shim 2
17:44:48 pmu fault log: wdog,reset_in_1
17:44:48 SOCD: BASE 0xAB00, COUNT 0x0400
17:44:48 SOCD: Magic value 49h 4Eh 49h 54h
17:44:48 AppleDialogSPMIPMU::start: Primary PMU detected
17:44:48 AppleA7IOPNub: withRegistryEntry, 47: allocated nub <ptr>
17:44:48 
17:44:48 AppleGen1SPMIController[nub-spmi1]:61: Start
17:44:48 AppleT8015TempSensor::start: missing device tree value (sensor-offset-CTL2)
17:44:48 AppleT8015TempSensor::start: missing device tree value (sensor-offset-CTL1)
17:44:48 HID: Legacy shim 2
17:44:48 AppleT8015TempSensor::start: missing device tree value (sensor-offset-CTL2)
17:44:48 AppleT8015TempSensor::start: missing device tree value (sensor-offset-CTL1)
17:44:48 callPlatformFunction: IODMAController000000A4::admac-sio::1296: Allocated suspend ARMFunction <ptr>.
17:44:48 HID: Legacy shim 2
17:44:48 AppleT8015TempSensor::start: missing device tree value (sensor-offset-CTL2)
17:44:49 AppleT8015TempSensor::start: missing device tree value (sensor-offset-CTL1)
17:44:49 HID: Legacy shim 2
17:44:49 AppleT8015TempSensor::start: missing device tree value (sensor-offset-CTL2)
17:44:49 AppleT8015TempSensor::start: missing device tree value (sensor-offset-CTL1)
17:44:49 HID: Legacy shim 2
17:44:49 AppleT8015TempSensor::start: missing device tree value (sensor-offset-CTL2)
17:44:49 AppleT8015TempSensor::start: missing device tree value (sensor-offset-CTL1)
17:44:49 HID: Legacy shim 2
17:44:49 AppleARMRTC started!#####
17:44:49 AppleDialogSPMIPMURTC started!******
17:44:49 AppleDialogSPMIPMURTC tick read!&&&&&&&
17:44:49 AppleDialogSPMIPMURTC ending!%%%
17:44:49 AppleARMRTC registering service!@@@@@@
17:44:49 AppleT8015TempSensor::start: missing device tree value (sensor-offset-CTL2)
17:44:49 AppleT8015TempSensor::start: missing device tree value (sensor-offset-CTL1)
17:44:49 HID: Legacy shim 2
17:44:49 AppleARMRTC service registered!$$$$$
17:44:49 AppleARMRTC publishing service!^^^^^^
17:44:49 AppleT8015TempSensor::start: missing device tree value (sensor-offset-CTL2)
17:44:49 AppleT8015TempSensor::start: missing device tree value (sensor-offset-CTL1)
17:44:49 HID: Legacy shim 2
17:44:49 RTBuddy(GFX): start(<ptr>) - (Jul  5 2023@22:21:21)
17:44:49 RTBuddy(GFX): Boot args override: wdt = -1
17:44:49 RTBuddy(PMP): Resuming...
17:44:49 
17:44:49 Loopback: Could not find the safety offset seed property.
17:44:49 callPlatformFunction: IODMAController000000A4::admac-sio::1296: Allocated suspend ARMFunction <ptr>.
17:44:49 AppleT8015TempSensor::start: missing device tree value (invokes-sochot)
17:44:49 HID: Legacy shim 2
17:44:49 AppleT8015TempSensor::start: missing device tree value (sensor-offset-CTL2)
17:44:49 AppleT8015TempSensor::start: missing device tree value (sensor-offset-CTL1)
17:44:49 HID: Legacy shim 2
17:44:49 AppleT8015TempSensor::start: missing device tree value (sensor-offset-CTL2)
17:44:49 AppleT8015TempSensor::start: missing device tree value (sensor-offset-CTL1)
17:44:49 HID: Legacy shim 2
17:44:49 AppleT8015TempSensor::start: missing device tree value (sensor-offset-CTL2)
17:44:49 AppleT8015TempSensor::start: missing device tree value (sensor-offset-CTL1)
17:44:49 HID: Legacy shim 2
17:44:49 RTBuddy(DCPEXT): OSLog endpoint registering to logd(uuid: 00000000-0000-0000-0000-000000000000, role: DCPEXT, range_start: 0, range_end: 255, fw_type: 1)
17:44:49 Codec Input: Could not find the safety offset seed property.
17:44:49 spi1 AppleSPIMCController::start:129: using CCLK 200000000
17:44:49 AppleT8015TempSensor::start: missing device tree value (invokes-sochot)
17:44:49 Speaker: Could not find the safety offset seed property.
17:44:49 HID: Legacy shim 2
17:44:49 [dockchannel] Started AppleSerialShim.
17:44:49 AppleT8015TempSensor::start: missing device tree value (invokes-sochot)
17:44:49 HID: Legacy shim 2
17:44:49 [uart] Started AppleSerialShim.
17:44:49 AppleA7IOPNub: withRegistryEntry, 47: allocated nub <ptr>
17:44:49 
17:44:49 virtual bool AppleARMLightEmUp::start(IOService *): starting...
17:44:49 RTBuddy(SMC): start(<ptr>) - (Jul  5 2023@22:21:21)
17:44:49 RTBuddy(SMC): Boot args override: wdt = -1
17:44:49 RTBuddy(SMC): Resuming...
17:44:49 
17:44:49 Couldn't alloc class "AppleKeyStoreTest"
17:44:49 AppleA7IOPNub: withRegistryEntry, 47: allocated nub <ptr>
17:44:49 
17:44:49 RTBuddy(AOP): start(<ptr>) - (Jul  5 2023@22:21:21)
17:44:49 RTBuddy(AOP): Boot args override: wdt = -1
17:44:49 AppleARMNORNVRAM.cpp:start:48 - bank size=0x10000, bank count=0x10, current bank=0x9
17:44:49 IOMFB: service matched: AppleDCPExpert
17:44:49 SPINORFlasherDriver::virtual bool AppleEmbeddedSimpleSPINORFlasherDriver::start(IOService *): service = IOPlatformDevice found.
17:44:49 SPINORFlasherDriver::virtual bool AppleEmbeddedSimpleSPINORFlasherDriver::start(IOService *): dual-iboot-support = true
17:44:49 SPINORFlasherDriver::virtual bool AppleEmbeddedSimpleSPINORFlasherDriver::start(IOService *): atomic-firmware-update-support = true
17:44:49 Starting AppleSMC kext(<ptr>) - (Jul  5 2023@22:22:53)
17:44:49 AppleSMCEmbedded::setPowerState(): ENTER powerStateOrdinal=1, _activeKeyCommand=17 newState=1
17:44:49 AppleT8020MTRTempSensor::start: missing device tree value (alarm0-temp)
17:44:49 AppleT8020MTRTempSensor::start: missing device tree value (alarm1-temp)
17:44:49 HID: Legacy shim 2
17:44:49 AppleBiometricSensor: Found SandDollarFamily
17:44:49 
17:44:49 AppleBiometricSensor: Found SandDollarFamily
17:44:49 
17:44:49 AppleT8020MTRTempSensor::start: missing device tree value (alarm0-temp)
17:44:49 AppleT8020MTRTempSensor::start: missing device tree value (alarm1-temp)
17:44:49 HID: Legacy shim 2
17:44:49 RTBuddy(DCP): start(<ptr>) - (Jul  5 2023@22:21:21)
17:44:49 Couldn't alloc class "AppleKeyStoreTest"
17:44:49 AppleT8015TempSensor::start: missing device tree value (sensor-offset-CTL2)
17:44:49 AppleT8015TempSensor::start: missing device tree value (sensor-offset-CTL1)
17:44:49 HID: Legacy shim 2
17:44:49 ktriage_register_subsystem_strings: set subsystem 8 strings
17:44:49 mcache: 8 CPU(s), 128 bytes CPU cache line size
17:44:49 mbinit: done [256 MB total pool size, (170/85) split]
17:44:49 Couldn't alloc class "AppleKeyStoreTest"
17:44:49 dlil_init: Waiting for all the create dlil kernel threads to get scheduled at least once.
17:44:49 dlil_init: All the created dlil kernel threads have been scheduled at least once. Proceeding.
17:44:49 HID: Legacy shim 2
17:44:49 Identified Serial Port uart2 at 0x235208000(<ptr>)
17:44:49 RTBuddy(DCP): Boot args override: wdt = -1
17:44:49 ifnet_attach: All kernel threads created for interface lo0 have been scheduled at least once. Proceeding.
17:44:49 ifnet_attach: Waiting for all kernel threads created for interface gif0 to get scheduled at least once.
17:44:49 ifnet_attach: All kernel threads created for interface gif0 have been scheduled at least once. Proceeding.
17:44:49 skip attaching fsw to lo0 using legacy TX modelifnet_attach: Waiting for all kernel threads created for interface stf0 to get scheduled at least once.
17:44:49 ifnet_attach: All kernel threads created for interface stf0 have been scheduled at least once. Proceeding.
17:44:49 HID: Legacy shim 2
17:44:49 HID: Legacy shim 2
17:44:49 HID: Legacy shim 2
17:44:49 HID: Legacy shim 2
17:44:49 AppleA7IOPNub: withRegistryEntry, 47: allocated nub <ptr>
17:44:49 
17:44:49 HID: Legacy shim 2
17:44:49 AppleBiometricSensor: Looking for AOP driver...
17:44:49 AppleBiometricSensor: start(): SensorStatus:    16B | 80 20 00 10 00 00 00 00 60 00 00 00 52 33 00 00 
17:44:49 HID: Legacy shim 2
17:44:49 HID: Legacy shim 2
17:44:49 HID: Legacy shim 2
17:44:49 HID: Legacy shim 2
17:44:49 HID: Legacy shim 2
17:44:49 ApplePMP: started
17:44:49 HID: Legacy shim 2
17:44:49 virtual bool AppleSEPManager::start(IOService *): 
17:44:49 virtual bool AppleSEPManager::start(IOService *): SEP memory IS coherent
17:44:49 virtual bool AppleSEPManager::start(IOService *): control endpoints created
17:44:49 HID: Legacy shim 2
17:44:49 virtual bool AppleSEPManager::start(IOService *): PM init done
17:44:49 virtual bool AppleSEPManager::start(IOService *): registered
17:44:49 IOReturn AppleSEPManager::_setPowerState(unsigned long *): power state 0 -> 2
17:44:49 static IOService *AppleSEPManager::getReadableNvram(): Waiting for IODTNVRAM
17:44:49 static IOService *AppleSEPManager::getReadableNvram(): Got IODTNVRAM OK
17:44:49 Couldn't alloc class "AppleSEPARTService"
17:44:49 AppleCredentialManager: sepManagerMatchedGated: AppleSEPManager matched.
17:44:49 HID: Legacy shim 2
17:44:49 pmu fault log: wdog,reset_in_1 rst_in,reset_in_rise rst_in,reset_in_fall
17:44:49 com.apple.AppleFSCompressionTypeDataless kmod start
17:44:49 AppleDialogSPMIPMU::start: Non-primary PMU detected
17:44:49 HID: Legacy shim 2
17:44:49 HID: Legacy shim 2
17:44:49 com.apple.AppleFSCompressionTypeZlib kmod start
17:44:49 HID: Legacy shim 2
17:44:49 HID: Legacy shim 2
17:44:49 HID: Legacy shim 2
17:44:49 HID: Legacy shim 2
17:44:49 HID: Legacy shim 2
17:44:49 HID: Legacy shim 2
17:44:49 void AppleSEPManager::_loadFlagData(): Didn't find oblit-inprogress in NVRAM
17:44:49 
17:44:49 void AppleSEPBooter::_bootAction(void *, void *): SEP status: 1
17:44:49 void AppleSEPBooter::_bootAction(void *, void *): SEP accepted Tz0
17:44:49 HID: Legacy shim 2
17:44:49 HID: Legacy shim 2
17:44:49 HID: Legacy shim 2
17:44:49 HID: Legacy shim 2
17:44:49 HID: Legacy shim 2
17:44:49 HID: Legacy shim 2
17:44:49 HID: Legacy shim 2
17:44:49 HID: Legacy shim 2
17:44:49 HID: Legacy shim 2
17:44:49 HID: Legacy shim 2
17:44:49 HID: Legacy shim 2
17:44:49 HID: Legacy shim 2
17:44:49 HID: Legacy shim 2
17:44:49 HID: Legacy shim 2
17:44:49 void AppleSEPBooter::_bootAction(void *, void *): SEP status: 2
17:44:50 void AppleSEPBooter::_bootAction(void *, void *): SEP status: 2
17:44:50 IOReturn AppleSEPBooter::bootSEP(AppleSEPFirmware *, bool, AppleSEPSharedMemoryBuffer *, bool): SEP booting
17:44:50 IOReturn AppleSEPBooter::bootSEP(AppleSEPFirmware *, bool, AppleSEPSharedMemoryBuffer *, bool): Shmbuf for SEP: { slave addr = 0x600000, size = 0x1c000 }
17:44:50 HID: Legacy shim 2
17:44:50 HID: Legacy shim 2
17:44:50 HID: Legacy shim 2
17:44:50 HID: Legacy shim 2
17:44:50 HID: Legacy shim 2
17:44:50 HID: Legacy shim 2
17:44:50 HID: Legacy shim 2
17:44:50 HID: Legacy shim 2
17:44:50 HID: Legacy shim 2
17:44:50 RTBuddy(DCP): Resuming...
17:44:50 
17:44:50 RTBuddy(DCP): OSLog endpoint registering to logd(uuid: 00000000-0000-0000-0000-000000000000, role: DCP, range_start: 0, range_end: 255, fw_type: 1)
17:44:50 apfs_module_start:3058: load: com.apple.filesystems.apfs, v2142.140.9, apfs-2142.140.9, 2023/07/10
17:44:50 ktriage_register_subsystem_strings: set subsystem 7 strings
17:44:50 nfs_kext_start: successfully loaded NFS kext
17:44:50 Couldn't alloc class "AppleKeyStoreTest"
17:44:50 com.apple.AppleFSCompressionTypeDataless load succeeded
17:44:50 com.apple.AppleFSCompressionTypeZlib load succeeded
17:44:50 Setting up notifier for CoreAnalyticsHub
17:44:50 calling mpo_policy_init for ASP
17:44:50 calling mpo_policy_initbsd for ASP
17:44:50 ASP: NVRAM pointer initialized
17:44:50 ASP: No recovery key set
17:44:50 Security policy loaded: Apple System Policy (ASP)
17:44:50 AppleSPUFirmwareService: found node AOP
17:44:50 AppleARMRTC started!#####
17:44:50 AppleDialogSPMIPMURTC started!******
17:44:50 Codec Output: Could not find the safety offset seed property.
17:44:50 IOMFB: AppleDCPLinkService heap size increment: 0x0
17:44:50 [DCPEXT:ap_link.c:299] shared memory dva: 0xf013dc000 0xffffffff00091000
17:44:50 
17:44:50 IOMFB: service matched: AppleDCPLinkService (pipe:1)
17:44:50 [DCPEXT:ap_link.c:276] ap_link: IOMFB: DCP heap size: 0x1030000 [iBoot:0x1030000] [LinkService:0x0]
17:44:50 
17:44:50 
17:44:50 IOMFB: AP DRIVER START!
17:44:50 IOMFB: driver commit: 
17:44:50 IOMFB: service matched: AppleDCPExpert
17:44:50 IOMFB: AppleDCPLinkService heap size increment: 0x0
17:44:50 IOMFB: service matched: AppleDCPLinkService (pipe:0)
17:44:50 [DCP:ap_link.c:299] shared memory dva: 0xf04164000 0xffffffff000ea000
17:44:50 
17:44:50 [DCP:ap_link.c:276] ap_link: IOMFB: DCP heap size: 0x1030000 [iBoot:0x1030000] [LinkService:0x0]
17:44:50 
17:44:50 
17:44:50 IOMFB: AP DRIVER START!
17:44:50 IOMFB: driver commit: 
17:44:50 [DCP:dpointInterface.cpp:606] [AFK][AFKMailboxSharedMemoryEndpointInterface:#69] if:1 inCmd:0 inResp:0 outRepErr:0 outCmdErr:0 t:509788626
17:44:50 [DCP:dpointInterface.cpp:606] [AFK][AFKMailboxSharedMemoryEndpointInterface:#70] if:3 inCmd:0 inResp:0 outRepErr:0 outCmdErr:0 t:509890223
17:44:50 HID: Legacy shim 2
17:44:50 HID: Legacy shim 2
17:44:50 [DCP:dpointInterface.cpp:606] [AFK][AFKMailboxSharedMemoryEndpointInterface:#68] if:1 inCmd:11 inResp:11 outRepErr:0 outCmdErr:0 t:509995979
17:44:50 IOHIDInterface(0x1000004e6): matching deferred by AppleUserHIDEventService
17:44:50 HID: Legacy shim 2
17:44:50 apfs_sysctl_register:1562: done registering sysctls.
17:44:50 HID: Legacy shim 2
17:44:50 void AppleSEPBooter::_bootAction(void *, void *): SEP accepted IMG4
17:44:50 start: AP instance name dispext0
17:44:50 dart_allows_pte_remap = 1
17:44:50 [DCP:dpointInterface.cpp:606] [AFK][AFKMailboxSharedMemoryEndpointInterface:#67] if:1 inCmd:7 inResp:7 outRepErr:0 outCmdErr:0 t:511705464
17:44:50 [DCPEXT:nifiedPipeline.cpp:4175] IOMFB: Could not find PMU service
17:44:50 
17:44:50 virtual bool AppleM2ScalerCSCDriver::start(IOService *): DONE Waiting for IOSurfaceRoot
17:44:50 start: AP instance name disp0
17:44:50 dart_allows_pte_remap = 1
17:44:50 AppleH13amIn::start - ISP SPMI0 register map physicl address = 0x22C900000.
17:44:50 AppleH13amIn::start - ISP SPMI register addresses = 0x<ptr> - 0x<ptr> - 0x<ptr> - 0x<ptr> - 0x00020000.
17:44:51 void AppleM2ScalerCSCDriver::getPerfStatesByEDTValue(IOService *) mMaxPerfStateClock = 0
17:44:51 WARNING: getDartPowerByEDTValue, Line=5472: Scaler DRIVER: EDT key direct-dart-power not found: EDT key manual-availability needed. Driver may fail.
17:44:51 virtual bool AppleM2ScalerCSCHal::mapRegisterMemory(IOService *): Scaler 0 RegisterMemoryMap[<ptr>]: base=<ptr> physical address = 0x263000000 length = 163840
17:44:51 virtual void AppleM2ScalerCSCHalMSR::detectHardwareVersion(socVersion): Scaler HW version: 0xb001c 
17:44:51 RTBuddy(AOP): Resuming...
17:44:51 
17:44:51 bool AppleM2ScalerCSCHal::initScalerPropertiesAndExtents(): Checking for SOC 0xa, HwVersion 0xb001c, against table SOC 0x1, and table version 0x10001
17:44:51 bool AppleM2ScalerCSCHal::initScalerPropertiesAndExtents(): Checking for SOC 0xa, HwVersion 0xb001c, against table SOC 0x1, and table version 0x10002
17:44:51 bool AppleM2ScalerCSCHal::initScalerPropertiesAndExtents(): Checking for SOC 0xa, HwVersion 0xb001c, against table SOC 0x2, and table version 0x20000
17:44:51 bool AppleM2ScalerCSCHal::initScalerPropertiesAndExtents(): Checking for SOC 0xa, HwVersion 0xb001c, against table SOC 0x2, and table version 0x30000
17:44:51 bool AppleM2ScalerCSCHal::initScalerPropertiesAndExtents(): Checking for SOC 0xa, HwVersion 0xb001c, against table SOC 0x2, and table version 0x40000
17:44:51 bool AppleM2ScalerCSCHal::initScalerPropertiesAndExtents(): Checking for SOC 0xa, HwVersion 0xb001c, against table SOC 0x3, and table version 0x50000
17:44:51 bool AppleM2ScalerCSCHal::initScalerPropertiesAndExtents(): Checking for SOC 0xa, HwVersion 0xb001c, against table SOC 0x5, and table version 0x60000
17:44:51 bool AppleM2ScalerCSCHal::initScalerPropertiesAndExtents(): Checking for SOC 0xa, HwVersion 0xb001c, against table SOC 0x6, and table version 0x70000
17:44:51 bool AppleM2ScalerCSCHal::initScalerPropertiesAndExtents(): Checking for SOC 0xa, HwVersion 0xb001c, against table SOC 0x7, and table version 0x8003f
17:44:51 bool AppleM2ScalerCSCHal::initScalerPropertiesAndExtents(): Checking for SOC 0xa, HwVersion 0xb001c, against table SOC 0x7, and table version 0x80040
17:44:51 bool AppleM2ScalerCSCHal::initScalerPropertiesAndExtents(): Checking for SOC 0xa, HwVersion 0xb001c, against table SOC 0x8, and table version 0x90082
17:44:51 bool AppleM2ScalerCSCHal::initScalerPropertiesAndExtents(): Checking for SOC 0xa, HwVersion 0xb001c, against table SOC 0x8, and table version 0x9009b
17:44:51 bool AppleM2ScalerCSCHal::initScalerPropertiesAndExtents(): Checking for SOC 0xa, HwVersion 0xb001c, against table SOC 0x8, and table version 0x900a7
17:44:51 bool AppleM2ScalerCSCHal::initScalerPropertiesAndExtents(): Checking for SOC 0xa, HwVersion 0xb001c, against table SOC 0x9, and table version 0xa000e
17:44:51 bool AppleM2ScalerCSCHal::initScalerPropertiesAndExtents(): Checking for SOC 0xa, HwVersion 0xb001c, against table SOC 0x9, and table version 0xa0012
17:44:51 bool AppleM2ScalerCSCHal::initScalerPropertiesAndExtents(): Checking for SOC 0xa, HwVersion 0xb001c, against table SOC 0xa, and table version 0xb0014
17:44:51 bool AppleM2ScalerCSCHal::initScalerPropertiesAndExtents(): Checking for SOC 0xa, HwVersion 0xb001c, against table SOC 0xa, and table version 0xb001b
17:44:51 bool AppleM2ScalerCSCHal::initScalerPropertiesAndExtents(): Checking for SOC 0xa, HwVersion 0xb001c, against table SOC 0xa, and table version 0xb001c
17:44:51 bool AppleM2ScalerCSCHal::initScalerPropertiesAndExtents(): Found properties and extents entry 17
17:44:51 virtual bool AppleM2ScalerCSCDriver::start(IOService *): Object=<ptr>: Provider=<ptr>: Register Service
17:44:51 virtual bool AppleM2ScalerCSCDriver::start(IOService *): this=<ptr>, Added Scaler Number = 0
17:44:51 HID: Legacy shim 2
17:44:51 [DCPEXT:nifiedPipeline.cpp:4191] IOMFB: Could not find Backlight service
17:44:51 
17:44:51 void AppleSEPManager::_notifyOSActiveGated(): SEP/OS is alive
17:44:51 [AOP:AOP_oslog_init.cpp:96] Start AOP OSLog init
17:44:51 RTBuddy(AOP): OSLog endpoint registering to logd(uuid: 0779D154-BD5B-3344-9824-A5F545091EC6, role: AOP, range_start: 0, range_end: 255, fw_type: 1)
17:44:51 [AOP:P_os_log_support.cpp:60] AOP os log initialized
17:44:51 [AOP:SPU_dram_client.cpp:211] AOP platform dram client initialized
17:44:51 [DCPEXT:nifiedPipeline.cpp:4199] IOMFB: Could not find nvram service
17:44:51 
17:44:51 [DCPEXT:nifiedPipeline.cpp:1838] virtual bool UnifiedPipeline::start_ios_gated(): Created AP Services
17:44:51 
17:44:51 [AOP:ALSCT720.cpp:57] probe
17:44:51 
17:44:51 [AOP:ALSCT720.cpp:85] CT720 device found.
17:44:51 [AOP:ALSVD6286.cpp:80] [ALS2] VD6286 device NOT found. Calibration Override:0
17:44:51 [AOP:ClientInfo.cpp:184] exp "inCallbackAction(it.key(), inRef)" fail, RunActionOnClientManagers(), ln 1...
17:44:51 virtual bool HibernationService::start(IOService *): Starting HibernationService
17:44:51 [AOP:ALSCT720.cpp:93] start
17:44:51 
17:44:51 com_apple_filesystems_nfs: successfully loaded NFS module
17:44:51 HID: Legacy shim 2
17:44:51 HID: Legacy shim 2
17:44:51 HID: Legacy shim 2
17:44:51 HID: Legacy shim 2
17:44:51 HID: Legacy shim 2
17:44:51 HID: Legacy shim 2
17:44:51 HID: Legacy shim 2
17:44:51 HID: Legacy shim 2
17:44:51 HID: Legacy shim 2
17:44:51 [PMP:main.cpp:4480] PMP started
17:44:51 HID: Legacy shim 2
17:44:51 RTBuddy(GFX): Resuming...
17:44:51 
17:44:51 L2TP domain init
17:44:51 L2TP domain init complete
17:44:51 Load request for com.apple.nke.pptp failed: -603946991
17:44:51 Couldn't alloc class "AppleKeyStoreTest"
17:44:51 hotPlug_notify_gated: AP disp0 HPD notification not registered yet, hpdPending 1 hpdState 1
17:44:51 rooting via boot-uuid from /chosen: DEADBEEF-DEAD-BEEF-DEAD-BEEFDEADBEEF
17:44:51 Waiting on <dict ID="0"><key>IOProviderClass</key><string ID="1">IOResources</string><key>IOResourceMatch</key><string ID="2">boot-uuid-media</string></dict>
17:44:51 [DCP:dpointInterface.cpp:606] [AFK][AFKMailboxSharedMemoryEndpointInterface:#63] if:1 inCmd:0 inResp:0 outRepErr:0 outCmdErr:0 t:511706833
17:44:51 AppleARMBacklight::start: No AAP function
17:44:51 AppleARMBacklight::start: Pre-strobe iDAC=2046 default 
17:44:51 [DCPEXT:nifiedPipeline.cpp:1871] virtual bool UnifiedPipeline::start_ios_gated(): Flushed RTPs
17:44:51 
17:44:51 SEP EP 24 enabled
17:44:51 void AppleSEPManager::_updateDeviceTree(): updateDeviceTreeThread started
17:44:51 static void AppleSEPManager::_updateDeviceTreeThread(void *): updateDeviceTree Success
17:44:51 HID: Legacy shim 2
17:44:51 Couldn't alloc class "AppleKeyStoreTest"
17:44:51 AppleFileSystemDriver: using apfs-preboot-uuid
17:44:51 IOAccessoryManager::configureAccessoryPowerGated: AppleHPMDevice: Configuring Accessory Power to (1)
17:44:51 AppleTCControllerType10::configureAccessoryPowerGated: PowerModeOff
17:44:51 AppleTCControllerType10::configureAccessoryPowerInternal: _powerState=1, _powerStateInternal=0, _sleeping=0, _accessoryPowerModeExtOffRequested 0
17:44:51 AppleTCControllerType10::configureAccessoryPowerInternal: !getAccessoryPowerReady(); set PowerModeOff?
17:44:51 AppleTCControllerType10::configureAccessoryPowerInternal: handleAccessoryPowerWillChange, confirm PowerModeOff
17:44:51 static AppleNVMeRequestPoolTagReserve *AppleNVMeRequestPoolTagReserve::Create(AppleNVMeWorkLoop *, uint8_t, uint16_t, uint32_t, bool, NVMeBufferAllocator *, lck_mtx_t *, NVMeCGType_t, IOMapper *)::138:NVMe Request Pool Init (Tag Reservation Case). First pvirtual IOReturn IONVMeController::CreateSubmissionQueue(uint16_t, uint8_t)::3177:SQ index=0 entrysize=64
17:44:51 virtual IOReturn IONVMeController::CreateSubmissionQueue(uint16_t, uint8_t)::3177:SQ index=1 entrysize=64
17:44:51 virtual void AppleANS3NVMeController::EnableLinearSQ()::127:Enabling LSQ
17:44:51 virtual void AppleANS2CGNVMeController::SetupAdminQueue()::216:Successfully enabled NVMe CoastGuard
17:44:51 virtual void AppleANS2NVMeController::SetModeselRegister(uint32_t)::1214:Setting modesel to 0
17:44:51 [ANS2:client1] Restarting rebuild from lba 13312
17:44:51 [ANS2:client1]  boot mode normal
17:44:51 SEP EP 14 enabled
17:44:51 [ERROR] IOPort::initPortType(): [AppleTCControllerType10@102] Cannot init port type - it is already set! (m_portType: 2, portType: 2)
17:44:51 
17:44:51 IOPort::registerService(): [Port-USB-C@2] Registering service Port-USB-C@2...
17:44:51 
17:44:51 [DCPEXT:PPipeDCP_H13P.cpp:11122] IOMFB setup_video_limits called on secondary display with no timing set
17:44:51 
17:44:51 HID: Legacy shim 2
17:44:51 HID: Legacy shim 2
17:44:51 SEP EP 14 disabled
17:44:51 HID: Legacy shim 2
17:44:51 IOMFB set_ffr_index: Disabling overdrive (missing EDT data)
17:44:51 [DCPEXT:nifiedPipeline.cpp:1356] set_device_enabled_gated: current state: 1, requested state: 1
17:44:51 
17:44:51 [DCPEXT:PPipeDCP_H13P.cpp:11122] IOMFB setup_video_limits called on secondary display with no timing set
17:44:51 
17:44:51 HID: Legacy shim 2
17:44:51 IOPort::registerService(): [Port-USB-C@2] Registering service Port-USB-C@2...
17:44:51 
17:44:51 IOPortTransportState::start(): [Port-USB-C@2: CC] m_parentPort->isFeatureSupported(kIOPortFeatureTRM): NO, this->isTRMSupported(): NO, (transportType: 1, parentPortType: 2, parentPortNumber: 2)
17:44:51 IOPortTransportState::registerService(): [Port-USB-C@2: CC] Registering service CC@... (transportType: 1, provider: Port-USB-C@2)
17:44:51 virtual IOReturn AppleNVMeRequestPoolTagReserve::Rebuild(uint8_t, uint32_t, bool, NVMeCGType_t, IOMapper *)::181:NVMe Request Pool Init (Tag Reservation Case). Second phase, RequestCount = 64
17:44:51 HID: Legacy shim 2
17:44:51 virtual IOReturn AppleANS2NVMeController::EnableCompletionQueue(uint16_t)::1948:nvme: Setting IOCQ base addr 0x8260e8000
17:44:51 virtual IOReturn AppleANS2NVMeController::EnableSubmissionQueue(uint16_t)::1918:nvme: Setting IOSQ base addr 0x8260f0000
17:44:51 bool AppleEmbeddedNVMeController::IdentifyNamespaces()::2009:nvme: Vendor ID     : 0x106b
17:44:51 bool AppleEmbeddedNVMeController::IdentifyNamespaces()::2010:nvme: Model Number  : APPLE SSD AP0512Q                       
17:44:51 bool AppleEmbeddedNVMeController::IdentifyNamespaces()::2011:nvme: Serial Number : 0ba0160c42cd141d    
17:44:51 bool AppleEmbeddedNVMeController::IdentifyNamespaces()::2012:nvme: Firmware Rev  : 359.60.3
17:44:51 bool AppleEmbeddedNVMeController::IdentifyNamespaces()::2080:nvme: S5E A0 Toshiba BiCS 4 tlc 3D 2 plane 512GB NAND
17:44:51 bool AppleEmbeddedNVMeController::IdentifyNamespaces()::2100:ECCVersion   : 1
17:44:51 bool AppleEmbeddedNVMeController::IdentifyNamespaces()::2104:FTL Rev      : 37.1
17:44:51 bool AppleEmbeddedNVMeController::IdentifyNamespaces()::2105:DM_Version   : 178
17:44:51 bool AppleEmbeddedNVMeController::IdentifyNamespaces()::2106:=======================
17:44:51 bool AppleEmbeddedNVMeController::IdentifyNamespaces()::2113:Found 3 namespaces in current NAND
17:44:51 function-mcc_dataset not found 
17:44:51 IOAccessoryTRM::start(): bootedFromRamDisk: NO, dockSupportsTRM: NO (m_mgrPrimaryPortID: 258)
17:44:51 IOAccessoryTRM::_setPropertiesGated(): Setting USB Restricted Mode: NO... (m_mgrPrimaryPortID: 258)
17:44:51 IOAccessoryTRM::_setPropertiesGated(): Could not set USB RM state - no reference to USB Connect Shim!
17:44:51 IOAccessoryTRM::start(): Registering service IOAccessoryTRM... (m_mgrPrimaryPortID: 258)
17:44:51 bool AppleEmbeddedNVMeController::DetermineNamespaces()::2538:Identified nsid[1] as nstype[1]
17:44:51 HID: Legacy shim 2
17:44:51 bool AppleEmbeddedNVMeController::DetermineNamespaces()::2538:Identified nsid[2] as nstype[8]
17:44:51 AppleTCControllerType10::poweredStart(@0x3f) - start
17:44:51 bool AppleEmbeddedNVMeController::DetermineNamespaces()::2538:Identified nsid[3] as nstype[13]
17:44:51 HID: Legacy shim 2
17:44:51 [ANS2:client1]  setting walltime time 4501 --> 4732 and calendar 1637163886  --> 1789915489
17:44:51 HID: Legacy shim 2
17:44:51 HID: Legacy shim 2
17:44:51 IOMFB set_ffr_index: Disabling overdrive (missing EDT data)
17:44:51 IOPortTransportState::registerService(): [Port-USB-C@2: CC] Registering service CC@... (transportType: 1, provider: Port-USB-C@2)
17:44:51 virtual bool AppleEmbeddedNVMeController::AllocateNodes(bool)::1622:allocateAll 1
17:44:51 19898627us AppleThunderboltNHIType5(1)::unpoweredStart - enabled-ring-mask: 0
17:44:51 HID: Legacy shim 2
17:44:51 HID: Legacy shim 2
17:44:51 HID: Legacy shim 2
17:44:51 HID: Legacy shim 2
17:44:51 HID: Legacy shim 2
17:44:51 [DCP:dpointInterface.cpp:606] [AFK][AFKMailboxSharedMemoryEndpointInterface:#66] if:3 inCmd:0 inResp:0 outRepErr:0 outCmdErr:0 t:511707773
17:44:51 HID: Legacy shim 2
17:44:51 IOMFB Ext RTBandwidth: using LEGACY
17:44:51 IOMFB Ext RTBandwidth: Scratch: 0x23b738018
17:44:51 IOMFB Ext RTBandwidth: Legacy IRQ: 0x23bc3c000, bit 3
17:44:51 HID: Legacy shim 2
17:44:51 IOThunderboltSwitch(1@0)::setupTRMPolicyForPort - trm_policy = <ptr>
17:44:51 HID: Legacy shim 2
17:44:51 IOPort::registerService(): [Port-USB-C@2] Registering service Port-USB-C@2...
17:44:51 
17:44:51 APCIECPort::autoEnable(pcic1-bridge)
17:44:51 [ PCI configuration begin ]
17:44:51 IOPCIConfigurator::configure kIOPCIEnumerationWaitTime is 900
17:44:51 [System Event] [478432565] [INFO] [Subsystem: nvram] [Event: write] display-crossbar0 with data size 0x60
17:44:51 [ANS2:client1] Finished rebuilding GC Search BM
17:44:51 [ PCI configuration end, bridges 2, devices 0 ]
17:44:51 [AOP:iggerController.cpp:129] VoiceTrig ready!! <AppleAOPVoiceTriggerController v240.2 built: Jun 30 202317:4...
17:44:51 [AOP:ClientInfo.cpp:184] exp "inCallbackAction(it.key(), inRef)" fail, RunActionOnClientManagers(), ln 1...
17:44:51 [AOP:Controller.cpp:160] RTKitAudioFramework v240.4 (built Jun 30 2023 17:51:05) ready!! {12 nodes}
17:44:51 [AOP:Controller.cpp:251] aop-audio v240.10 (built Jun 30 2023 17:56:11, debug 0x0) ready!!
17:44:51 AppleSPU::_handleReadyReport, serviceName (SPUApp) 
17:44:51 AppleSPU::_handleReadyReport, serviceName (aop-voicetrigger) 
17:44:51 AppleSPU::_handleReadyReport, serviceName (i2c) 
17:44:51 AppleSPU::_handleReadyReport, serviceName (aop-audio) 
17:44:51 [AOP:SPU_init.cpp:320] ===( AOP IS READY )===
17:44:51 [DCPEXT:PPipeDCP_H13P.cpp:10468] set_run_mode_safe: no need to defer: 2 -> 1
17:44:51 
17:44:51 [DCPEXT:PPipeDCP_H13P.cpp:10468] set_run_mode_safe: no need to defer: 1 -> 0
17:44:51 
17:44:51 function-mcc_dataset found 
17:44:51 AppleT8103USBXHCI@: AppleT8103USBXHCI::start: _powerControlInterrupt created
17:44:51 AppleT8103USBXDCI@: IOUSBDeviceController::prepareDefaults: model MacBookAir version 10.1
17:44:51 [DCPEXT:nifiedPipeline.cpp:1356] set_device_enabled_gated: current state: 1, requested state: 0
17:44:51 
17:44:51 Couldn't alloc class "AppleSPULogDriver"
17:44:51 IOMFB Int RTBandwidth: using LEGACY
17:44:51 IOMFB Int RTBandwidth: Scratch: 0x23b738014
17:44:51 IOMFB Int RTBandwidth: Legacy IRQ: 0x23bc3c000, bit 2
17:44:51 AppleT8103USBXDCI@1: IOUSBDeviceController::createUSBDevice: configuration: No Description Provided
17:44:51 AppleT8103USBXDCI@1: IOUSBDeviceController::createUSBDevice:    interface: AppleUSBNCMControl
17:44:51 AppleT8103USBXDCI@1: IOUSBDeviceController::createUSBDevice:    interface: AppleUSBNCMData
17:44:51 AppleT8103USBXDCI@1: IOUSBDeviceController::createUSBDevice:    interface: AppleUSBNCMControlAux
17:44:51 AppleT8103USBXDCI@1: IOUSBDeviceController::createUSBDevice:    interface: AppleUSBNCMDataAux
17:44:51 IOUSBDeviceConfigurator: controller->createUSBDevice()=0x00000000
17:44:51 (apciec1) AppleT8103PCIeC::setPowerState (<ptr>) 0
17:44:51 HID: Legacy shim 2
17:44:51 HID: Legacy shim 2
17:44:51 HID: Legacy shim 2
17:44:51 cryptoAlloc:650: Using 64 buffers with size 16384, 512 buffers size 65536
17:44:51 cryptoAlloc:650: Using 64 buffers with size 16384, 512 buffers size 65536
17:44:51 HID: Legacy shim 2
17:44:51 HID: Legacy shim 2
17:44:51 cryptoAlloc:650: Using 64 buffers with size 16384, 512 buffers size 65536
17:44:51 cryptoAlloc:650: Using 64 buffers with size 16384, 512 buffers size 65536
17:44:51 HID: Legacy shim 2
17:44:51 [DCP:nifiedPipeline.cpp:4175] IOMFB: Could not find PMU service
17:44:51 swcrypto_threadpool_init:1504: Starting ThreadPool
17:44:51 swcrypto_threadpool_init:1526: 4 threads would be used for the ThreadPool
17:44:51 HID: Legacy shim 2
17:44:51 specread_work_queue_init:162: number of threads used for specread work queue 3
17:44:51 HID: Legacy shim 2
17:44:51 HID: Legacy shim 2
17:44:51 HID: Legacy shim 2
17:44:51 HID: Legacy shim 2
17:44:51 HID: Legacy shim 2
17:44:51 HID: Legacy shim 2
17:44:51 HID: Legacy shim 2
17:44:51 HID: Legacy shim 2
17:44:51 HID: Legacy shim 2
17:44:51 HID: Legacy shim 2
17:44:51 HID: Legacy shim 2
17:44:51 HID: Legacy shim 2
17:44:51 HID: Legacy shim 2
17:44:51 HID: Legacy shim 2
17:44:51 HID: Legacy shim 2
17:44:51 HID: Legacy shim 2
17:44:51 HID: Legacy shim 2
17:44:51 HID: Legacy shim 2
17:44:51 HID: Legacy shim 2
17:44:51 HID: Legacy shim 2
17:44:51 HID: Legacy shim 2
17:44:51 HID: Legacy shim 2
17:44:51 dev_init:296: disk0s2 device accelerated crypto: 0 (compiled @ Jul 10 2023 22:11:39)
17:44:51 dev_init:299: disk0s2 device_handle block size 4096 block count 62500096 features 0 internal 
17:44:51 nx_mount:1224: disk0s2 initializing cache w/hash_size 8192 and cache size 32768
17:44:51 HID: Legacy shim 2
17:44:51 HID: Legacy shim 2
17:44:51 HID: Legacy shim 2
17:44:51 HID: Legacy shim 2
17:44:51 HID: Legacy shim 2
17:44:51 HID: Legacy shim 2
17:44:51 SOCD container control key may not exist on this platform. SMCResult = (kSMCKeyNotFound)
17:44:51 AppleT8103USBXDCI@1: IOUSBDeviceController::gated_registerFunction: register function AppleUSBNCMControl
17:44:51 AppleT8103USBXDCI@1: IOUSBDeviceController::gated_registerFunction: register function AppleUSBNCMData
17:44:51 [AOPAudio](error) expression "getNamedProperty(inName, static_cast<void*>(outProperty), &sz)" failed, AppleAOPAudioLPMicInDevice::getNamedProperty(), line 300, status: 0xe00002f0
17:44:51 Couldn't alloc class "AppleKeyStoreTest"
17:44:51 AppleSMCSensorDispatcher::start: Found 12 sensors from the device tree
17:44:51 AppleSMCSensorDispatcher::start: Found 2 GPU sensor offsets from the device tree
17:44:51 AppleSMCSensorDispatcher::start: Start success
17:44:51 
17:44:51 
17:44:51 [AOPAudio](error) expression "getNamedProperty(inName, static_cast<void*>(outProperty), &sz)" failed, AppleAOPAudioLPMicInDevice::getNamedProperty(), line 300, status: 0xe00002f0
17:44:51 [AOP:udioPDMNodeBase.cpp:115] PDMDev<pdm0> LPClkCfg=Src:pll ,Freq:2400000
17:44:51 [AOP:udioPDMNodeBase.cpp:554] PDMDev<pdm0> off ->xi0 , 0->2400000 AP state 1
17:44:51 AppleT8103USBXDCI@1: IOUSBDeviceController::gated_registerFunction: register function AppleUSBNCMControlAux
17:44:51 probe: manufacturer FireFish2
17:44:51 probe: manufacturer FireFish2
17:44:51 probe: manufacturer FireFish2
17:44:51 dev_init:296: disk0s6 device accelerated crypto: 0 (compiled @ Jul 10 2023 22:11:39)
17:44:51 dev_init:299: disk0s6 device_handle block size 4096 block count 1310709 features 0 internal 
17:44:51 probe: manufacturer FireFish2
17:44:51 nx_mount:1224: disk0s6 initializing cache w/hash_size 8192 and cache size 32768
17:44:51 probe: manufacturer FireFish2
17:44:51 Firefish driver found
17:44:51 usb-drd1-port-ss@01200000: AppleUSB40XHCITypeCPort::cableChangeOccurred: cable disconnected, no action
17:44:51 open by AppleSPUHIDDriver 0x100000683 (0x0)
17:44:51 probe: manufacturer FireFish2
17:44:51 usb-drd1-port-hs@01100000: AppleUSB20XHCITypeCPort::cableChangeOccurred: cable disconnected, no action
17:44:51 probe: manufacturer FireFish2
17:44:51 dev_init:296: disk0s1 device accelerated crypto: 0 (compiled @ Jul 10 2023 22:11:39)
17:44:51 dev_init:299: disk0s1 device_handle block size 4096 block count 128000 features 0 internal 
17:44:51 probe: manufacturer FireFish2
17:44:51 nx_mount:1224: disk0s1 initializing cache w/hash_size 8192 and cache size 32768
17:44:51 AppleSPUVD6286 probe: manufacturer FireFish2
17:44:51 dev_init:296: disk0s3 device accelerated crypto: 0 (compiled @ Jul 10 2023 22:11:39)
17:44:51 dev_init:299: disk0s3 device_handle block size 4096 block count 610304 features 0 internal 
17:44:51 nx_mount:1224: disk0s3 initializing cache w/hash_size 8192 and cache size 32768
17:44:51 AppleSPUVD6287 probe: device name FireFish2
17:44:51 open by AppleSPUCT720 0x100000682 (0x0)
17:44:51 HID: Legacy shim 2
17:44:51 nx_mount:1553: disk0s2 checkpoint search: largest xid 48121741, best xid 48121741 @ 269
17:44:51 nx_mount:1580: disk0s2 stable checkpoint indices: desc 268 data 17653
17:44:51 HID: Legacy shim 2
17:44:51 nx_mount:1553: disk0s1 checkpoint search: largest xid 26961, best xid 26961 @ 1
17:44:51 nx_mount:1580: disk0s1 stable checkpoint indices: desc 0 data 330
17:44:51 nx_mount:1553: disk0s3 checkpoint search: largest xid 169, best xid 169 @ 1
17:44:51 nx_mount:1580: disk0s3 stable checkpoint indices: desc 0 data 670
17:44:51 nx_mount:1553: disk0s6 checkpoint search: largest xid 143, best xid 143 @ 25
17:44:51 nx_mount:1580: disk0s6 stable checkpoint indices: desc 24 data 638
17:44:51 callPlatformFunction: IODMAController000000A5::admac-aop-audio::1296: Allocated suspend ARMFunction <ptr>.
17:44:51 nx_get_volume_group:8053: disk0s3 volume groups tree is not setup yet
17:44:51 getVolumeGroupMountFrom:8529: disk0s3 nx_get_volume_group(7A704A30-6E9E-4FD9-B36B-96DC32EA800F) failed with error 2
17:44:51 nx_get_volume_group:8053: disk0s3 volume groups tree is not setup yet
17:44:51 getVolumeGroupMountFrom:8529: disk0s3 nx_get_volume_group(7A704A30-6E9E-4FD9-B36B-96DC32EA800F) failed with error 2
17:44:51 probe:3995: disk0s1 Caching extended container info for container disk0s1
17:44:51 Digital Mic: Could not find the safety offset seed property.
17:44:51 probe:3995: disk0s3 Caching extended container info for container disk0s3
17:44:51 import_iboot_forwarded_roothash:3317: importing root hash (basesystem ? 0)...
17:44:51 AppleSMCPMU::start
17:44:51 20078073us AppleThunderboltGenericHAL(1)::start - status = 0x0
17:44:51 nx_get_volume_group:8053: disk0s2 volume groups tree is not setup yet
17:44:51 getVolumeGroupMountFrom:8529: disk0s2 nx_get_volume_group(5D1E4039-B994-4378-889A-C8752A56EA9C) failed with error 2
17:44:51 AppleT8103USBXDCI@1: IOUSBDeviceController::gated_registerFunction: register function AppleUSBNCMDataAux
17:44:51 AppleT8103USBXDCI@1: IOUSBDeviceController::startUSBStack: starting usb stack
17:44:51 AppleT8103USBXDCI@1: IOUSBDeviceController::startUSBStack: not connected
17:44:51 AppleT8103USBXDCI@1: AppleUSBXDCI::goOnBus: not on bus
17:44:51 probe:3995: disk0s6 Caching extended container info for container disk0s6
17:44:51 nx_get_volume_group:8053: disk0s2 volume groups tree is not setup yet
17:44:51 getVolumeGroupMountFrom:8529: disk0s2 nx_get_volume_group(5D1E4039-B994-4378-889A-C8752A56EA9C) failed with error 2
17:44:51 ifnet_attach: Waiting for all kernel threads created for interface anpi1 to get scheduled at least once.
17:44:51 [DCP:nifiedPipeline.cpp:4191] IOMFB: Could not find Backlight service
17:44:51 
17:44:51 [DCP:nifiedPipeline.cpp:4199] IOMFB: Could not find nvram service
17:44:51 
17:44:51 [DCP:nifiedPipeline.cpp:1838] virtual bool UnifiedPipeline::start_ios_gated(): Created AP Services
17:44:51 
17:44:51 [DCP:nifiedPipeline.cpp:1864] start_ios_gated: trigger pending HPD notification
17:44:51 
17:44:51 [DCP:nifiedPipeline.cpp:1871] virtual bool UnifiedPipeline::start_ios_gated(): Flushed RTPs
17:44:51 
17:44:51 [DCP:PPipeDCP_H13P.cpp:11092] IOMFB updateFrequencies: minimum-frequency property not found, using getClockFrequency(0) instead.
17:44:51 
17:44:51 [DCP:nifiedPipeline.cpp:1356] set_device_enabled_gated: current state: 1, requested state: 1
17:44:51 
17:44:51 [DCP:PPipeDCP_H13P.cpp:11092] IOMFB updateFrequencies: minimum-frequency property not found, using getClockFrequency(0) instead.
17:44:51 
17:44:51 [DCP:PPipeDCP_H13P.cpp:10490] set_run_mode_safe: deferring: 2 -> 4
17:44:51 
17:44:51 probe:3995: disk0s2 Caching extended container info for container disk0s2
17:44:51 [DCP:PPipeDCP_H13P.cpp:10395] virtual IOMFBStatus IOMFB::UPPipeDCP_H13P::ready_for_run_mode_change(IOMFB::AppleRegisterStream *): initiating deferred run mod...
17:44:51 [DCP:M3Hal_v1.cpp:197] IOMFB: load APT M3 IMem : size 0x7948
17:44:51 
17:44:51 [DCP:M3Hal_v1.cpp:197] IOMFB: load APT M3 DMem : size 0x6f60
17:44:51 
17:44:51 [DCP:CAHandler.cpp:188] IOMFB load_ca_data: Unrecognized data version 0 (expected 1 or 2)
17:44:51 [DCP:UPPipe.cpp:3767] IOMFB read_pmu_data_sync: pmu ram read error (e00800d8)
17:44:51 
17:44:51 [DCP:PPipeDCP_H13P.cpp:14085] IOMFB Int RTBandwidth: program_M3_rt_config: Using Legacy, scratch 23b738014
17:44:51 
17:44:51 [DCP:PPipeDCP_H13P.cpp:14105] IOMFB Int RTBandwidth: using legacy. Doorbell 23bc3c000, bit 2
17:44:51 
17:44:51 [DCP:UPTSQManager.cpp:133] IOMFB: clearing M3 reset
17:44:51 
17:44:51 [DCP:UPTSQ_Hal_v1.cpp:349] IOMFB: timebase_offset = 4
17:44:51 
17:44:51 [DCP:UPTSQManager.cpp:105] IOMFB: switch to normal mode succeeded
17:44:51 
17:44:51 HID: Legacy shim 2
17:44:51 virtual bool AppleEmbeddedNVMeController::AllocateNodes(bool)::1649:Creating blockdevice with NSID - 2, NSTYPE - 8
17:44:51 CPMS: ASB has arrived
17:44:51 virtual IOReturn AppleNVMeNamespaceDevice::GetDeviceProperties()::272: Logical Blocks Size = 4096 
17:44:51  virtual IOReturn AppleNVMeNamespaceDevice::GetDeviceProperties()::275: Block Count = 768 
17:44:51  virtual bool AppleNVMeNamespaceDevice::start(IOService *)::111:NVMe Namespace Device registration done for NSID: 2, NSTYPE: 8
17:44:51 AppleBTM::start
17:44:51 AppleSeraBTM::start (<ptr>)
17:44:51 AppleSeraBTM::start success
17:44:51 ifnet_attach: All kernel threads created for interface anpi1 have been scheduled at least once. Proceeding.
17:44:51  nameBSDInterface() [anpi 1] returning 0x00000000
17:44:51  enableBSDInterface() [anpi1], returning 0x00000000
17:44:51 _dlil_get_flowswitch_buffer_size: anpi1 1500 1500
17:44:51  configureIPv6LLOnBSDInterface() [anpi1], IPv6 enable returning 0x00000000
17:44:51  disableTrafficShapingOnBSDInterface() [anpi1], disable traffic shaping returning 0x00000000
17:44:51 Couldn't alloc class "AppleKeyStoreTest"
17:44:51 virtual bool AppleEmbeddedNVMeController::AllocateNodes(bool)::1649:Creating blockdevice with NSID - 3, NSTYPE - 13
17:44:51 virtual IOReturn AppleNVMeNamespaceDevice::GetDeviceProperties()::272: Logical Blocks Size = 4096 
17:44:51  IOPCIConfigurator::configure kIOPCIEnumerationWaitTime is 900
17:44:51 virtual IOReturn AppleNVMeNamespaceDevice::GetDeviceProperties()::275: Block Count = 32768 
17:44:51 AppleBCMWLANBusInterfacePCIe::isIOKitEnvironment() WLAN Active Driver mode IOKit
17:44:51  AppleBCMWLANBusInterfacePCIe::isIOKitEnvironment() WLAN Active Driver mode IOKit
17:44:51 virtual bool AppleNVMeEAN::StartDevice(IOService *)::273:EAN StartDevice Done
17:44:51 virtual bool AppleNVMeNamespaceDevice::start(IOService *)::111:NVMe Namespace Device registration done for NSID: 3, NSTYPE: 13
17:44:51 AppleBCMWLANCore::init IO80211_kexts-1132.54 "IO80211_kexts-1132.54" Jul 10 2023 22:11:48
17:44:51 AppleBCMWLANV3_Drivers-1102.3 "AppleBCMWLANV3_Drivers-1102.3" Jul 10 2023 22:12:15 release  ([Debuggable - verbose] [Debuggable - socram] )
17:44:51 IO80211Controller::createIOReporters 0xfff103f5b3b
17:44:51 Couldn't alloc class "AppleKeyStoreTest"
17:44:51 IO80211 LQM Logging configure: 3
17:44:51  CCFlags: 0x3, CCLevel: 5 ConsoleFlags: 0x0, ConsoleLevel: -1
17:44:51  CCFlags: 0x4, CCLevel: 5 ConsoleFlags: 0x0, ConsoleLevel: -1
17:44:52 IO80211Controller::findAndAttachToFaultReporter found matching faultReporter
17:44:52 IO80211Controller::start _controller is 0xfff103f5b3b, provider is 0x4b30b8959b04
17:44:52 Couldn't alloc class "AppleKeyStoreTest"
17:44:52 Couldn't alloc class "AppleKeyStoreTest"
17:44:52 virtual bool AppleEmbeddedNVMeController::StartController()::1591:Setting NAND status to Ready
17:44:52 Couldn't alloc class "AppleKeyStoreTest"
17:44:52 Couldn't alloc class "AppleKeyStoreTest"
17:44:52 virtual bool IONVMeController::start(IOService *)::849:Successfully initialized NVMe drive
17:44:52 void IONVMeController::HandleCompletionErrors(AppleNVMeRequest *, uint32_t)::6255:DWORD0=0x003f00c2 DWORD10=0x00000000 NVMeStatus=0xc0
17:44:52 void IONVMeController::HandleCompletionErrors(AppleNVMeRequest *, uint32_t)::6255:DWORD0=0x003f00c2 DWORD10=0x00000000 NVMeStatus=0xc0
17:44:52 IOPortTransportState::start(): [Port-USB-C@2: CIO] m_parentPort->isFeatureSupported(kIOPortFeatureTRM): NO, this->isTRMSupported(): YES, (transportType: 4, parentPortType: 2, parentPortNumber: 2)
17:44:52 IOPortTransportState::registerService(): [Port-USB-C@2: CIO] Registering service CIO@... (transportType: 4, provider: Port-USB-C@2)
17:44:52 IOPort::registerService(): [Port-USB-C@2] Registering service Port-USB-C@2...
17:44:52 
17:44:52 AppleTCController::printConnectedTransports(@0x3f) - setting     as UFP |   | TBT,   | as connected
17:44:52 20968888us AppleThunderboltNHIType5(1)::setPhyState - PHY is off, turn on
17:44:52 20973826us AppleThunderboltNHIType5(1)::setPhyState - opening phy took 2 milliseconds
17:44:52 20976157us AppleThunderboltNHIType5(1)::setPhyState - PHY is on
17:44:52 RTBuddy(ACIO1): Resuming...
17:44:52 
17:44:52 21284666us AppleThunderboltNHITransmitRingManager::allocateTransmitRing Flags: 0x1
17:44:52 21289968us AppleThunderboltNHIReceiveRingManager::allocateReceiveRing Flags: 0x1
17:44:52 Thunderbolt DP - DPF [1:0x0:0x5] - HPD = 1
17:44:52 Thunderbolt DP - DPF [1:0x0:0x6] - HPD = 1
17:44:52 21399043us IOThunderboltSwitch(1@0)::processPlugEvent - Thunderbolt HPD packet for rid = 1 route = 0x0 port = 5 plug = 1
17:44:52 Thunderbolt Self-Reset Count = 0x30
17:44:52 Thunderbolt DP - DPF [1:0x0:0x6] - HPD = 1
17:44:52 21407870us IOThunderboltSwitch(1@0)::processPlugEvent - Thunderbolt HPD packet for rid = 1 route = 0x0 port = 6 plug = 1
17:44:53 21744416us IOThunderboltSwitch(1@0)::processPlugEvent - Thunderbolt HPD packet for rid = 1 route = 0x0 port = 2 plug = 1
17:44:53 21748486us IOThunderboltSwitch(1@0)::processPlugEvent - Thunderbolt HPD packet for rid = 1 route = 0x0 port = 1 plug = 1
17:44:53 IOPortTransportState::registerService(): [Port-USB-C@2: CIO] Registering service CIO@... (transportType: 4, provider: Port-USB-C@2)
17:44:53 21916733us IOThunderboltSwitch(1@1)::processPlugEvent - Thunderbolt HPD packet for rid = 1 route = 0x1 port = 4 plug = 1
17:44:53 IOPortTransportState::registerService(): [Port-USB-C@2: CIO] Registering service CIO@... (transportType: 4, provider: Port-USB-C@2)
17:44:53 AssertMacros: _isPolicyStarted() (value: 0x0), ---, file: /AppleInternal/Library/BuildRoots/ac308551-1a46-11ee-ab79-46d450270006/Library/Caches/com.apple.xbs/Sources/AppleCredentialManager/AppleCredentialManager/Services/ACMAccessoryCacheKernelService.cppACMTRM-C: _onCheck: returning, err = -14.
17:44:53 AssertMacros: err == 0  (value: 0xfffffffffffffff2), ---, file: /AppleInternal/Library/BuildRoots/ac308551-1a46-11ee-ab79-46d450270006/Library/Caches/com.apple.xbs/Sources/AppleCredentialManager/AppleCredentialManager/Services/ACMAccessoryCacheKernelServiACMTRM-C: performKernelControlGated: returning, err = -14, code=12.
17:44:53 AssertMacros: err == 0  (value: 0xfffffffffffffff2), ---, file: /AppleInternal/Library/BuildRoots/ac308551-1a46-11ee-ab79-46d450270006/Library/Caches/com.apple.xbs/Sources/AppleCredentialManager/AppleCredentialManager/AppleCredentialManager.cpp:1487
17:44:53 AppleCredentialManager: _performKernelControl: returning, err = -14, code=12.
17:44:53 AppleCredentialManager: performCommandGated: returning, err = -14.
17:44:53 [ERROR] IOPortTransportState::_isHashInCache_block_invoke(): [Port-USB-C@2: CIO] Couldn't check ACM TRM cache! (result: -14)
17:44:54 22591695us IOThunderboltSwitch(1@1)::processPlugEvent - Thunderbolt HPD packet for rid = 1 route = 0x1 port = 0 plug = 1
17:44:54 22687034us IOThunderboltSwitch(1@1)::syncTargetAndNegotiatedWidth - port (1@0:2) - bonding took 0 ms
17:44:54 22692268us IOThunderboltSwitch(1@1)::processPlugEvent - Thunderbolt HPD packet for rid = 1 route = 0x1 port = 4 plug = 0
17:44:54 22696515us IOThunderboltSwitch(1@0)::processPlugEvent - Thunderbolt HPD packet for rid = 1 route = 0x0 port = 2 plug = 0
17:44:54 22704275us IOThunderboltSwitch(1@1)::configureCLx - (0x1 -> 0x3) supported = 0x7 common = 0x0 parent = 0x0 child = 0x0 options = 0x0 status = 0x00000000
17:44:54 22917001us IOThunderboltSwitch(1@1)::processPlugEvent - Thunderbolt HPD packet for rid = 1 route = 0x1 port = 11 plug = 1
17:44:54 22938167us IOThunderboltTunnelDriver(1:1:8)<0x00100102>::incrementClientScanCount - incremented client scan count id 1 to 1
17:44:54 AppleTCControllerAssignableTransport::probe - failed!
17:44:54 Thunderbolt DP - waiting for upstream - DPO [1:0x1:0xa]
17:44:54 22946336us IOThunderboltTunnelDriver(1:1:8)<0x00100102>::incrementClientScanCount - incremented client scan count id 2 to 1
17:44:54 22951614us IOThunderboltTunnelDriver(1:1:8)<0x00100102>::decrementClientScanCount - decremented client scan count id 1 to 0
17:44:54 22960852us Thunderbolt PCI - activating downstream path - SRC [1:0x0:0x3] DST [1:0x1:0x8] - req_bandwidth = 1
17:44:54 22964169us Thunderbolt PCI - activating upstream path - SRC [1:0x1:0x8] DST [1:0x0:0x3] - req_bandwidth = 1
17:44:54 22973536us IOThunderboltTunnelDriver(1:1:8)<0x00100102>::decrementClientScanCount - decremented client scan count id 2 to 0
17:44:54 (apciec1) AppleT8103PCIeC::setPowerState (<ptr>) 2
17:44:54 Thunderbolt DP - activating Video path - SRC [1:0x0:0x5] DST [1:0x1:0xb] - req_bandwidth = 259
17:44:54 Thunderbolt DP - destroying Video path - SRC [1:0x0:0x5] DST [1:0x1:0xb]
17:44:54 Thunderbolt DP - activating Video path - SRC [1:0x0:0x5] DST [1:0x1:0xb] - req_bandwidth = 159
17:44:54 Thunderbolt DP - activating Aux Tx path - SRC [1:0x0:0x5] DST [1:0x1:0xb] - req_bandwidth = 1
17:44:54 Thunderbolt DP - activating Aux Rx path - SRC [1:0x1:0xb] DST [1:0x0:0x5] - req_bandwidth = 1
17:44:54 AppleTCControllerAssignableTransport::probe - failed!
17:44:54 IOPortTransportState::start(): [Port-USB-C@2: DisplayPort@0] m_parentPort->isFeatureSupported(kIOPortFeatureTRM): NO, this->isTRMSupported(): NO, (transportType: 5, parentPortType: 2, parentPortNumber: 2)
17:44:54 [DCPEXT:AppleDCPDPTX.cpp:355] [AFK]powering nub 0x885238
17:44:54 Thunderbolt DP - finished DPRX polling on DPIn port [1:0x0:0x5]
17:44:54 Thunderbolt DP - activation resolved - DPO [1:0x1:0xb]
17:44:54 [DCPEXT:DCPDP13Service.cpp:60] [AFK]version: 12
17:44:54 [DCPEXT:DCPDPService.cpp:76] [AFK]version: 12
17:44:55 IOPortTransportState::registerService(): [Port-USB-C@2: DisplayPort@0] Registering service DisplayPort@0... (transportType: 5, provider: CIO@)
17:44:55 AppleT8103TypeCPhy@1: AppleT8103TypeCPhy::configureDPTunnelMode: Configuring PCLK(1) at link rate: 20
17:44:55 AppleTypeCPhyDisplayPortInterface: AppleTypeCPhyInterface::setLinkRate: AppleATCDPINAdapterPort(atc1-dpin0) type 3: link rate 0x14 options 0x00000000 pclk 1 completed with 0x00000000
17:44:55 [DCPEXT:eoInterfaceIOAV.cpp:135] IOMFB: IOAVVideoInterface published
17:44:55 
17:44:55 [DCPEXT:eoInterfaceIOAV.cpp:714] IOMFBStatus VideoInterfaceIOAV::plug_gated(IOAVVideoInterface *, bool): display HPD asserted
17:44:55 
17:44:55 hotPlug_notify_gated: AP dispext0 HPD notification not registered yet, hpdPending 1 hpdState 1
17:44:57 IOPCIConfigurator::configure kIOPCIEnumerationWaitTime is 900
17:44:57 AppleUSB20XHCIPort@00200000: AppleUSBHostPort::enumerateDeviceComplete_block_invoke: enumerated 0x043e/9a61/5249 (USB2.1 Hub / 1) at 480 Mbps
17:44:57 AppleUSB30XHCIPort@00400000: AppleUSBHostPort::enumerateDeviceComplete_block_invoke: enumerated 0x043e/9a60/5249 (USB3.1 Hub / 2) at 5 Gbps
17:44:57 USB2.1 Hub@00200000: IOUSBHostDevice::setConfigurationGated: AppleUSB20Hub selected configuration 1
17:44:58 USB3.1 Hub@00400000: IOUSBHostDevice::setConfigurationGated: AppleUSB30Hub selected configuration 1
17:44:58 AppleUSB20HubPort@00240000: AppleUSBHostPort::enumerateDeviceComplete_block_invoke: enumerated 0x043e/9a62/8832 (IOUSBHostDevice / 3) at 480 Mbps
17:44:58 IOUSBHostDevice@00240000: IOUSBHostDevice::setConfigurationGated: AppleUSB20Hub selected configuration 1
17:44:58 AppleUSB20HubPort@00241000: AppleUSBHostPort::enumerateDeviceComplete_block_invoke: enumerated 0x043e/9a64/0003 (LG UltraFine Display Audio / 4) at 480 Mbps
17:44:58 AppleUSB20HubPort@00244000: AppleUSBHostPort::enumerateDeviceComplete_block_invoke: enumerated 0x043e/9a63/0413 (LG UltraFine Display Controls / 5) at 12 Mbps
17:44:58 LG UltraFine Display Audio@00241000: IOUSBHostDevice::setConfigurationGated: AppleUSBHostCompositeDevice selected configuration 1
17:44:58 LG UltraFine Display Controls@00244000: IOUSBHostDevice::setConfigurationGated: AppleUSBHostCompositeDevice selected configuration 1
17:44:58 HID I2C(0x100000783): matching deferred by AppleUserHIDDevice
17:44:58 HID BRIGHTNESS(0x100000784): matching deferred by AppleUserHIDDevice
17:44:58 HID ALS(0x100000785): matching deferred by AppleUserHIDDevice
17:44:59 Thunderbolt DP - activation resolved - DPO [1:0x1:0xa]
17:45:02 AssertMacros: err == 0 ,  file: /AppleInternal/Library/BuildRoots/ac308551-1a46-11ee-ab79-46d450270006/Library/Caches/com.apple.xbs/Sources/AppleSEPGenericTransfer/AppleSEPGenericTransfer/AppleSEPGenericTransfer.cpp, line: 577, value: -536870186
17:45:02 ERROR: AppleTrustedAccessoryManager::analyticsUpdateDailyDataHandler: AssertMacros: err == 0  (value = 0xffffffffe00002d6),  file: /AppleInternal/Library/BuildRoots/ac308551-1a46-11ee-ab79-46d450270006/Library/Caches/com.apple.xbs/Sources/TrustedAccessory
17:45:02 
17:45:04 IOPCIConfigurator::configure kIOPCIEnumerationWaitTime is 900
17:45:04 AppleUSBXHCITR@00000000: AppleUSBHostController::hardwareExceptionThreadCallGated: 0x02000000
17:45:04 AppleUSBXHCITR@00000000: AppleUSBHostController::forcePowerGated: waiting for previous forcePower completed with 0xe00002d8
17:45:04 AppleUSBXHCITR@00000000: AppleUSBHostController::hardwareExceptionThreadCallGated: unrecoverable: exception 0x00000080 shutdown 0x00000000
17:45:04 system-state-notify subtype 0x20 0x00 0x00
17:45:04 AppleTCController::setCurrentModeFlags(@0x3f) - No plug detected, all flags cleared
17:45:04 IOPort::registerService(): [Port-USB-C@2] Registering service Port-USB-C@2...
17:45:04 
17:45:04 [SMC:aceElec.cpp:703] 	Elec: Elec Cause 0x0
17:45:04 [ERROR] IOPortTransportState::propertyChanged(): [Port-USB-C@2: CIO] Transport has been terminated, ignoring method invocation!
17:45:04 [ERROR] IOPortTransportState::sendMessages(): [Port-USB-C@2: CIO] Transport has been terminated, ignoring method invocation!
17:45:04 AppleUSBXHCITR@00000000: AppleUSBHostController::setPowerStateGated: going to state 1 returned 0xe00002e9
17:45:04 AppleUSB20HubPort@00241000: AppleUSBHostPort::terminateDevice: destroying 0x043e/9a64/0003 (LG UltraFine Display Audio): upstream hub is terminating
17:45:04 AppleUSB20HubPort@00244000: AppleUSBHostPort::terminateDevice: destroying 0x043e/9a63/0413 (LG UltraFine Display Controls): upstream hub is terminating
17:45:04 AppleUSB20HubPort@00240000: AppleUSBHostPort::terminateDevice: destroying 0x043e/9a62/8832 (IOUSBHostDevice): upstream hub is terminating
17:45:04 AppleUSB20XHCIPort@00200000: AppleUSBHostPort::terminateDevice: destroying 0x043e/9a61/5249 (USB2.1 Hub): upstream hub is terminating
17:45:04 AppleUSB30XHCIPort@00400000: AppleUSBHostPort::terminateDevice: destroying 0x043e/9a60/5249 (USB3.1 Hub): upstream hub is terminating
17:45:04 (apciec1) AppleT8103PCIeC::setPowerState (<ptr>) 0
17:45:05 32954795us IOThunderboltSwitch(1@0)::processPlugEvent - Thunderbolt HPD packet for rid = 1 route = 0x0 port = 1 plug = 0
17:45:05 33065875us Thunderbolt PCI - deactivating upstream path - SRC [1:0x1:0x8] DST [1:0x0:0x3] - req_bandwidth = 1
17:45:05 33069326us Thunderbolt PCI - deactivating downstream path - SRC [1:0x0:0x3] DST [1:0x1:0x8] - req_bandwidth = 1
17:45:05 [DCPEXT:eoInterfaceIOAV.cpp:146] IOMFB: IOAVVideoInterface terminated
17:45:05 
17:45:05 [DCPEXT:oInterfaceIOAV.cpp:1094] void VideoInterfaceIOAV::unplug_gated(IOAVVideoInterface *): display HPD removed
17:45:05 hotPlug_notify_gated: AP dispext0 HPD notification not registered yet, hpdPending 1 hpdState 0
17:45:05 AppleT8103TypeCPhy@1: AppleT8103TypeCPhy::unconfigureDPTunnelMode: Unconfiguring PCLK(1)
17:45:05 AppleTypeCPhyDisplayPortInterface: AppleTypeCPhyInterface::setLinkRate: AppleATCDPINAdapterPort(atc1-dpin0) type 3: link rate 0x00 options 0x00000000 pclk 1 completed with 0x00000000
17:45:05 
17:45:05 [DCPEXT:dpointInterface.cpp:606] [AFK][AFKMailboxSharedMemoryEndpointInterface:#93] if:3 inCmd:1 inResp:1 outRepErr:0 outCmdErr:0 t:889598764
17:45:05 [DCPEXT:dpointInterface.cpp:606] [AFK][AFKMailboxSharedMemoryEndpointInterface:#96] if:1 inCmd:0 inResp:0 outRepErr:0 outCmdErr:0 t:891144138
17:45:05 [DCPEXT:dpointInterface.cpp:606] [AFK][AFKMailboxSharedMemoryEndpointInterface:#91] if:3 inCmd:0 inResp:0 outRepErr:0 outCmdErr:0 t:891146187
17:45:05 [DCPEXT:dpointInterface.cpp:606] [AFK][AFKMailboxSharedMemoryEndpointInterface:#89] if:1 inCmd:0 inResp:0 outRepErr:0 outCmdErr:0 t:891147890
17:45:05 [DCPEXT:dpointInterface.cpp:606] [AFK][AFKMailboxSharedMemoryEndpointInterface:#86] if:1 inCmd:0 inResp:0 outRepErr:0 outCmdErr:0 t:891150012
17:45:05 Thunderbolt DP - destroying Video path - SRC [1:0x0:0x5] DST [1:0x1:0xb]
17:45:05 Thunderbolt DP - destroying Aux Tx path - SRC [1:0x0:0x5] DST [1:0x1:0xb]
17:45:05 Thunderbolt DP - destroying Aux Rx path - SRC [1:0x1:0xb] DST [1:0x0:0x5]
17:45:06 [ERROR] IOPort::removeTransport(): [Port-USB-C@2] The provided transport doesn't exist on this port!
17:45:06 [System Event] [798491859] [INFO] [Subsystem: nvram] [Event: write] display-crossbar0 with data size 0x60
17:45:06 33270810us IOThunderboltTunnelDriver(1:1:b)<0x000e0102>::terminate
17:45:06 33270991us IOThunderboltTunnelDriver(1:1:a)<0x000e0102>::terminate
17:45:06 33271121us IOThunderboltTunnelDriver(1:1:9)<0x00100101>::terminate
17:45:06 33271256us IOThunderboltTunnelDriver(1:1:8)<0x00100102>::terminate
17:45:06 
17:45:06 33603416us AppleThunderboltNHIType5(1)::enableEmbeddedCPU - sleep lstx_level = 0x00000003
17:45:06 33606167us AppleThunderboltNHIType5(1)::setPhyState - PHY is on, turn off
17:45:06 33608712us AppleThunderboltNHIType5(1)::setPhyState - PHY is off
17:45:07 IOPortTransportState::registerService(): [Port-USB-C@2: CC] Registering service CC@... (transportType: 1, provider: Port-USB-C@2)
17:45:07 system-state-notify subtype 0x20 0x00 0x00
17:45:07 IOPortTransportState::start(): [Port-USB-C@2: USB2] m_parentPort->isFeatureSupported(kIOPortFeatureTRM): NO, this->isTRMSupported(): YES, (transportType: 2, parentPortType: 2, parentPortNumber: 2)
17:45:07 IOPortTransportState::registerService(): [Port-USB-C@2: USB2] Registering service USB2@... (transportType: 2, provider: Port-USB-C@2)
17:45:07 IOPort::registerService(): [Port-USB-C@2] Registering service Port-USB-C@2...
17:45:07 
17:45:07 IOPort::registerService(): [Port-USB-C@2] Registering service Port-USB-C@2...
17:45:07 
17:45:07 AppleTCController::printConnectedTransports(@0x3f) - setting USB2 USB3 as DFP |   |  ,   | as connected
17:45:07 IOPortTransportStateUSB::setDataRole(): [@: IOPortTransportStateUSB3] dataRole: 0 [None] -> 2 [Host]
17:45:07 IOPortTransportState::start(): [Port-USB-C@2: USB3] m_parentPort->isFeatureSupported(kIOPortFeatureTRM): NO, this->isTRMSupported(): YES, (transportType: 3, parentPortType: 2, parentPortNumber: 2)
17:45:07 IOPortTransportState::registerService(): [Port-USB-C@2: USB3] Registering service USB3@... (transportType: 3, provider: Port-USB-C@2)
17:45:07 IOPortTransportStateUSB::setDataRole(): [Port-USB-C@2: USB2] dataRole: 0 [None] -> 2 [Host]
17:45:07 IOPortTransportState::registerService(): [Port-USB-C@2: USB2] Registering service USB2@... (transportType: 2, provider: Port-USB-C@2)
17:45:07 IOAccessoryTRM::_setPropertiesGated(): Setting USB Restricted Mode: NO... (m_mgrPrimaryPortID: 258)
17:45:07 IOAccessoryTRM::_setPropertiesGated(): Could not set USB RM state - no reference to USB Connect Shim!
17:45:07 usb-drd1-port-ss@01200000: AppleUSB40XHCITypeCPort::cableChangeOccurred: USB3 mode change, powering off
17:45:07 usb-drd1-port-ss@01200000: AppleUSB40XHCITypeCPort::cableChangeOccurred: cable connected, powering on
17:45:07 usb-drd1-port-hs@01100000: AppleUSB20XHCITypeCPort::cableChangeOccurred: cable connected, powering on
17:45:07 AppleTCController::printConnectedTransports(@0x3f) - setting USB2 USB3 as DFP |   |  ,   | as connected
17:45:08 [SMC:aceElec.cpp:703] 	Elec: Elec Cause 0x0
17:45:08 [SMC:aceElec.cpp:703] 	Elec: Elec Cause 0x0
17:45:08 IOPortTransportState::registerService(): [Port-USB-C@2: USB2] Registering service USB2@... (transportType: 2, provider: Port-USB-C@2)
17:45:08 IOPortTransportState::registerService(): [Port-USB-C@2: USB3] Registering service USB3@... (transportType: 3, provider: Port-USB-C@2)
17:45:08 usb-drd1-port-ss@01200000: AppleUSBHostPort::enumerateDeviceComplete_block_invoke: enumerated 0x043e/9a60/5249 (USB3.1 Hub / 2) at 5 Gbps
17:45:08 usb-drd1-port-hs@01100000: AppleUSBHostPort::enumerateDeviceComplete_block_invoke: enumerated 0x043e/9a61/5249 (USB2.1 Hub / 1) at 480 Mbps
17:45:08 IOPortTransportState::registerService(): [Port-USB-C@2: USB2] Registering service USB2@... (transportType: 2, provider: Port-USB-C@2)
17:45:08 USB2.1 Hub@01100000: IOUSBHostDevice::setConfigurationGated: AppleUSB20Hub selected configuration 1
17:45:08 IOPortTransportState::registerService(): [Port-USB-C@2: USB3] Registering service USB3@... (transportType: 3, provider: Port-USB-C@2)
17:45:08 USB3.1 Hub@01200000: IOUSBHostDevice::setConfigurationGated: AppleUSB30Hub selected configuration 1
17:45:08 [SMC:aceElec.cpp:703] 	Elec: Elec Cause 0x200000
17:45:08 [SMC:aceElec.cpp:703] 	Elec: Elec Cause 0x80000
17:45:08 AppleUSB20HubPort@01140000: AppleUSBHostPort::enumerateDeviceComplete_block_invoke: enumerated 0x043e/9a62/8832 (IOUSBHostDevice / 3) at 480 Mbps
17:45:08 IOUSBHostDevice@01140000: IOUSBHostDevice::setConfigurationGated: AppleUSB20Hub selected configuration 1
17:45:08 IOPort::registerService(): [Port-USB-C@2] Registering service Port-USB-C@2...
17:45:08 
17:45:08 AppleTCController::printConnectedTransports(@0x3f) - setting USB2   as DFP |   |  ,   | as connected
17:45:08 usb-drd1-port-ss@01200000: AppleUSB40XHCITypeCPort::cableChangeOccurred: cable disconnected, powering off
17:45:08 usb-drd1-port-ss@01200000: AppleUSBHostPort::terminateDevice: destroying 0x043e/9a60/5249 (USB3.1 Hub): port is powering off
17:45:08 IOPortTransportState::start(): [Port-USB-C@2: CIO] m_parentPort->isFeatureSupported(kIOPortFeatureTRM): NO, this->isTRMSupported(): YES, (transportType: 4, parentPortType: 2, parentPortNumber: 2)
17:45:08 IOPortTransportState::registerService(): [Port-USB-C@2: CIO] Registering service CIO@... (transportType: 4, provider: Port-USB-C@2)
17:45:08 IOPort::registerService(): [Port-USB-C@2] Registering service Port-USB-C@2...
17:45:08 
17:45:08 IOPort::registerService(): [Port-USB-C@2] Registering service Port-USB-C@2...
17:45:08 
17:45:08 AppleTCController::printConnectedTransports(@0x3f) - setting     as DFP |   | TBT,   | as connected
17:45:08 IOAccessoryTRM::_setPropertiesGated(): Setting USB Restricted Mode: NO... (m_mgrPrimaryPortID: 258)
17:45:08 IOAccessoryTRM::_setPropertiesGated(): Could not set USB RM state - no reference to USB Connect Shim!
17:45:08 usb-drd1-port-hs@01100000: AppleUSB20XHCITypeCPort::cableChangeOccurred: cable disconnected, powering off
17:45:08 usb-drd1-port-hs@01100000: AppleUSBHostPort::terminateDevice: destroying 0x043e/9a61/5249 (USB2.1 Hub): port is powering off
17:45:08 AppleUSB20Hub@01140000: AppleUSBHub::deviceRequest: hub failed control request 0x23 01 0010 0004 0000 with 0xe00002eb
17:45:08 AppleUSB20Hub@01140000: AppleUSBHub::hardwareException: type 0x00000001 with error 0xe00002eb
17:45:08 AppleUSB20Hub@01140000: AppleUSBHub::deviceRequest: hub failed control request 0xa3 00 0000 0002 0004 with 0xe00002d8
17:45:08 AppleUSB20Hub@01140000: AppleUSBHub::deviceRequest: hub failed control request 0xa3 00 0000 0003 0004 with 0xe00002eb
17:45:08 35998074us AppleThunderboltNHIType5(1)::setPhyState - PHY is off, turn on
17:45:08 36005886us AppleThunderboltNHIType5(1)::setPhyState - opening phy took 4 milliseconds
17:45:08 36009225us AppleThunderboltNHIType5(1)::setPhyState - PHY is on
17:45:08 RTBuddy(ACIO1): Resuming...
17:45:08 
17:45:08 AppleUSB20HubPort@01141000: AppleUSB20HubPort::interruptOccurred: clearing change bits failed with 0xe00002d8
17:45:08 AppleUSB20HubPort@01144000: AppleUSB20HubPort::interruptOccurred: clearing change bits failed with 0xe00002eb
17:45:08 [SMC:aceElec.cpp:703] 	Elec: Elec Cause 0x20
17:45:09 Thunderbolt DP - DPF [1:0x0:0x5] - HPD = 1
17:45:09 Thunderbolt DP - DPF [1:0x0:0x6] - HPD = 1
17:45:09 36475305us IOThunderboltSwitch(1@0)::processPlugEvent - Thunderbolt HPD packet for rid = 1 route = 0x0 port = 5 plug = 1
17:45:09 Thunderbolt Self-Reset Count = 0x30
17:45:09 Thunderbolt DP - DPF [1:0x0:0x6] - HPD = 1
17:45:09 36484742us IOThunderboltSwitch(1@0)::processPlugEvent - Thunderbolt HPD packet for rid = 1 route = 0x0 port = 6 plug = 1
17:45:09 36815572us IOThunderboltSwitch(1@0)::processPlugEvent - Thunderbolt HPD packet for rid = 1 route = 0x0 port = 1 plug = 1
17:45:09 36819744us IOThunderboltSwitch(1@0)::processPlugEvent - Thunderbolt HPD packet for rid = 1 route = 0x0 port = 2 plug = 1
17:45:09 IOPortTransportState::registerService(): [Port-USB-C@2: CIO] Registering service CIO@... (transportType: 4, provider: Port-USB-C@2)
17:45:09 AppleUSB20HubPort@01143000: AppleUSBHostPort::forcePowerGated: kPowerStateSleep: completed with 0xe00002d8 after 1001ms
17:45:09 AppleUSB20HubPort@01142000: AppleUSBHostPort::forcePowerGated: kPowerStateSleep: completed with 0xe00002d8 after 1001ms
17:45:09 AppleUSB20HubPort@01140000: AppleUSBHostPort::terminateDevice: destroying 0x043e/9a62/8832 (IOUSBHostDevice): upstream hub is terminating
17:45:09 36979641us IOThunderboltSwitch(1@1)::processPlugEvent - Thunderbolt HPD packet for rid = 1 route = 0x1 port = 4 plug = 1
17:45:10 IOPortTransportState::registerService(): [Port-USB-C@2: CIO] Registering service CIO@... (transportType: 4, provider: Port-USB-C@2)
17:45:10 AssertMacros: _isPolicyStarted() (value: 0x0), ---, file: /AppleInternal/Library/BuildRoots/ac308551-1a46-11ee-ab79-46d450270006/Library/Caches/com.apple.xbs/Sources/AppleCredentialManager/AppleCredentialManager/Services/ACMAccessoryCacheKernelService.cppACMTRM-C: _onCheck: returning, err = -14.
17:45:10 AssertMacros: err == 0  (value: 0xfffffffffffffff2), ---, file: /AppleInternal/Library/BuildRoots/ac308551-1a46-11ee-ab79-46d450270006/Library/Caches/com.apple.xbs/Sources/AppleCredentialManager/AppleCredentialManager/Services/ACMAccessoryCacheKernelServiACMTRM-C: performKernelControlGated: returning, err = -14, code=12.
17:45:10 AssertMacros: err == 0  (value: 0xfffffffffffffff2), ---, file: /AppleInternal/Library/BuildRoots/ac308551-1a46-11ee-ab79-46d450270006/Library/Caches/com.apple.xbs/Sources/AppleCredentialManager/AppleCredentialManager/AppleCredentialManager.cpp:1487
17:45:10 AppleCredentialManager: _performKernelControl: returning, err = -14, code=12.
17:45:10 AppleCredentialManager: performCommandGated: returning, err = -14.
17:45:10 [ERROR] IOPortTransportState::_isHashInCache_block_invoke(): [Port-USB-C@2: CIO] Couldn't check ACM TRM cache! (result: -14)
17:45:10 37670974us IOThunderboltSwitch(1@1)::processPlugEvent - Thunderbolt HPD packet for rid = 1 route = 0x1 port = 0 plug = 1
17:45:10 37768386us IOThunderboltSwitch(1@1)::syncTargetAndNegotiatedWidth - port (1@0:2) - bonding took 0 ms
17:45:10 37775369us IOThunderboltSwitch(1@0)::processPlugEvent - Thunderbolt HPD packet for rid = 1 route = 0x0 port = 2 plug = 0
17:45:10 37779299us IOThunderboltSwitch(1@1)::processPlugEvent - Thunderbolt HPD packet for rid = 1 route = 0x1 port = 4 plug = 0
17:45:10 37787689us IOThunderboltSwitch(1@1)::configureCLx - (0x1 -> 0x3) supported = 0x7 common = 0x0 parent = 0x0 child = 0x0 options = 0x0 status = 0x00000000
17:45:10 37999872us IOThunderboltSwitch(1@1)::processPlugEvent - Thunderbolt HPD packet for rid = 1 route = 0x1 port = 11 plug = 1
17:45:10 38005384us IOThunderboltTunnelDriver(1:1:8)<0x00100102>::incrementClientScanCount - incremented client scan count id 1 to 1
17:45:10 AppleTCControllerAssignableTransport::probe - failed!
17:45:10 Thunderbolt DP - waiting for upstream - DPO [1:0x1:0xa]
17:45:10 38012709us IOThunderboltTunnelDriver(1:1:8)<0x00100102>::incrementClientScanCount - incremented client scan count id 2 to 1
17:45:10 38017675us IOThunderboltTunnelDriver(1:1:8)<0x00100102>::decrementClientScanCount - decremented client scan count id 1 to 0
17:45:10 38027957us Thunderbolt PCI - activating downstream path - SRC [1:0x0:0x3] DST [1:0x1:0x8] - req_bandwidth = 1
17:45:10 38031133us Thunderbolt PCI - activating upstream path - SRC [1:0x1:0x8] DST [1:0x0:0x3] - req_bandwidth = 1
17:45:10 (apciec1) AppleT8103PCIeC::setPowerState (<ptr>) 2
17:45:10 38042937us IOThunderboltTunnelDriver(1:1:8)<0x00100102>::decrementClientScanCount - decremented client scan count id 2 to 0
17:45:10 Thunderbolt DP - activating Video path - SRC [1:0x0:0x5] DST [1:0x1:0xb] - req_bandwidth = 259
17:45:10 Thunderbolt DP - destroying Video path - SRC [1:0x0:0x5] DST [1:0x1:0xb]
17:45:10 Thunderbolt DP - activating Video path - SRC [1:0x0:0x5] DST [1:0x1:0xb] - req_bandwidth = 159
17:45:10 Thunderbolt DP - activating Aux Tx path - SRC [1:0x0:0x5] DST [1:0x1:0xb] - req_bandwidth = 1
17:45:10 Thunderbolt DP - activating Aux Rx path - SRC [1:0x1:0xb] DST [1:0x0:0x5] - req_bandwidth = 1
17:45:10 AppleTCControllerAssignableTransport::probe - failed!
17:45:11 IOPortTransportState::start(): [Port-USB-C@2: DisplayPort@0] m_parentPort->isFeatureSupported(kIOPortFeatureTRM): NO, this->isTRMSupported(): NO, (transportType: 5, parentPortType: 2, parentPortNumber: 2)
17:45:11 [System Event] [915938144] [INFO] [Subsystem: nvram] [Event: write] display-crossbar0 with data size 0x60
17:45:11 [DCPEXT:AppleDCPDPTX.cpp:355] [AFK]powering nub 0x885238
17:45:11 Thunderbolt DP - finished DPRX polling on DPIn port [1:0x0:0x5]
17:45:11 Thunderbolt DP - activation resolved - DPO [1:0x1:0xb]
17:45:11 [DCPEXT:DCPDP13Service.cpp:60] [AFK]version: 12
17:45:11 [DCPEXT:DCPDPService.cpp:76] [AFK]version: 12
17:45:11 AppleT8103TypeCPhy@1: AppleT8103TypeCPhy::configureDPTunnelMode: Configuring PCLK(1) at link rate: 20
17:45:11 AppleTypeCPhyDisplayPortInterface: AppleTypeCPhyInterface::setLinkRate: AppleATCDPINAdapterPort(atc1-dpin0) type 3: link rate 0x14 options 0x00000000 pclk 1 completed with 0x00000000
17:45:11 IOPortTransportState::registerService(): [Port-USB-C@2: DisplayPort@0] Registering service DisplayPort@0... (transportType: 5, provider: CIO@)
17:45:11 [DCPEXT:eoInterfaceIOAV.cpp:135] IOMFB: IOAVVideoInterface published
17:45:11 
17:45:11 [DCPEXT:eoInterfaceIOAV.cpp:714] IOMFBStatus VideoInterfaceIOAV::plug_gated(IOAVVideoInterface *, bool): display HPD asserted
17:45:11 
17:45:11 hotPlug_notify_gated: AP dispext0 HPD notification not registered yet, hpdPending 1 hpdState 1
17:45:13 IOPCIConfigurator::configure kIOPCIEnumerationWaitTime is 900
17:45:14 AppleUSB20XHCIPort@00200000: AppleUSBHostPort::enumerateDeviceComplete_block_invoke: enumerated 0x043e/9a61/5249 (USB2.1 Hub / 1) at 480 Mbps
17:45:14 AppleUSB30XHCIPort@00400000: AppleUSBHostPort::enumerateDeviceComplete_block_invoke: enumerated 0x043e/9a60/5249 (USB3.1 Hub / 2) at 5 Gbps
17:45:14 USB3.1 Hub@00400000: IOUSBHostDevice::setConfigurationGated: AppleUSB30Hub selected configuration 1
17:45:14 USB2.1 Hub@00200000: IOUSBHostDevice::setConfigurationGated: AppleUSB20Hub selected configuration 1
17:45:14 AppleUSB20HubPort@00240000: AppleUSBHostPort::enumerateDeviceComplete_block_invoke: enumerated 0x043e/9a62/8832 (IOUSBHostDevice / 3) at 480 Mbps
17:45:14 IOUSBHostDevice@00240000: IOUSBHostDevice::setConfigurationGated: AppleUSB20Hub selected configuration 1
17:45:14 AppleUSB20HubPort@00241000: AppleUSBHostPort::enumerateDeviceComplete_block_invoke: enumerated 0x043e/9a64/0003 (LG UltraFine Display Audio / 4) at 480 Mbps
17:45:14 LG UltraFine Display Audio@00241000: IOUSBHostDevice::setConfigurationGated: AppleUSBHostCompositeDevice selected configuration 1
17:45:14 AppleUSB20HubPort@00244000: AppleUSBHostPort::enumerateDeviceComplete_block_invoke: enumerated 0x043e/9a63/0413 (LG UltraFine Display Controls / 5) at 12 Mbps
17:45:14 LG UltraFine Display Controls@00244000: IOUSBHostDevice::setConfigurationGated: AppleUSBHostCompositeDevice selected configuration 1
17:45:14 HID I2C(0x100000846): matching deferred by AppleUserHIDDevice
17:45:14 HID BRIGHTNESS(0x100000847): matching deferred by AppleUserHIDDevice
17:45:14 HID ALS(0x100000848): matching deferred by AppleUserHIDDevice
17:45:16 Thunderbolt DP - activation resolved - DPO [1:0x1:0xa]
17:45:41 AppleT8103TypeCPhy@1: AppleT8103TypeCPhy::unconfigureDPTunnelMode: Unconfiguring PCLK(1)
17:45:41 AppleTypeCPhyDisplayPortInterface: AppleTypeCPhyInterface::setLinkRate: AppleATCDPINAdapterPort(atc1-dpin0) type 3: link rate 0x00 options 0x00000000 pclk 1 completed with 0x00000000
17:45:53 [System Event] [1916271308] [INFO] [Subsystem: nvram] [Event: write] boot-picker-bringup-reason with data size 0x12
17:45:53 [System Event] [1916366319] [INFO] [Subsystem: nvram] [Event: sync] triggered
17:45:53 [System Event] [1916679723] [INFO] [Subsystem: nvram] [Event: write] boot-command to recover-system
17:45:53 [System Event] [1916760624] [INFO] [Subsystem: nvram] [Event: sync] triggered
17:45:53 
17:45:53 About to reboot into Recovery!
17:45:53 [System Event] [1916942338] [INFO] [Subsystem: nvram] [Event: sync] triggered
17:45:53 AppleTAS5770LAmp _setPowerStage:1143 Set PowerStage (4 -> 8)
17:45:53 AppleTAS5770LAmp::_changePowerState:959 _powerStage=8
17:45:53 AppleTAS5770LAmp _setPowerStage:1143 Set PowerStage (8 -> 1)
17:45:53 AppleTAS5770LAmp::acknowledgeAllPendingPowerOffRequests [2]
17:45:53 AppleCS42L83Audio _setPowerStage:1143 Set PowerStage (4 -> 8)
17:45:53 AppleCS42L83Audio::_changePowerState:959 _powerStage=8
17:45:53 AppleCS42L83Audio _setPowerStage:1143 Set PowerStage (8 -> 1)
17:45:53 AppleCS42L83Audio::acknowledgeAllPendingPowerOffRequests [2]
17:45:53 [DCP:PPipeDCP_H13P.cpp:10490] set_run_mode_safe: deferring: 4 -> 1
17:45:53 
17:45:53 [DCP:PPipeDCP_H13P.cpp:10395] virtual IOMFBStatus IOMFB::UPPipeDCP_H13P::ready_for_run_mode_change(IOMFB::AppleRegisterStream *): initiating deferred run mod...
17:45:53 [DCP:UPTSQManager.cpp:150] IOMFBStatus IOMFB::UPTSQManager::power_down_M3(IOMFB::AppleRegisterStream *, UPTSQManager::ModeChangeWaiter *): request mode ch...
17:45:53 [DCP:UPTSQManager.cpp:162] IOMFBStatus IOMFB::UPTSQManager::power_down_M3(IOMFB::AppleRegisterStream *, UPTSQManager::ModeChangeWaiter *): disabling M3
17:45:53 
17:45:53 [DCP:PPipeDCP_H13P.cpp:10468] set_run_mode_safe: no need to defer: 1 -> 0
17:45:53 
