# PT[200000000:235200000] -> HW:HW
# PT[235200000:235204000] -> RESERVED VUART
# PT[235204000:23b7001c0] -> HW:HW
# PT[23b7001c0:23b7001c4] -> RESERVED PMGR HACK
# PT[23b7001c4:23b7001c8] -> HW:HW
# PT[23b7001c8:23b7001cc] -> RESERVED PMGR HACK
# PT[23b7001cc:23b700220] -> HW:HW
# PT[23b700220:23b700224] -> RESERVED PMGR HACK
# PT[23b700224:23b700270] -> HW:HW
# PT[23b700270:23b700274] -> RESERVED PMGR HACK
# PT[23b700274:23b700420] -> HW:HW
# PT[23b700420:23b700424] -> RESERVED PMGR HACK
# PT[23b700424:23b754000] -> HW:HW
# PT[23b754000:23b754020] -> RESERVED CPU_START
# PT[23b754020:23d280088] -> HW:HW
# PT[23d280088:23d28008c] -> RESERVED PMGR HACK
# PT[23d28008c:23d280098] -> HW:HW
# PT[23d280098:23d28009c] -> RESERVED PMGR HACK
# PT[23d28009c:23d29c044] -> HW:HW
# PT[23d29c044:23d29c048] -> RESERVED PMGR HACK
# PT[23d29c048:23d29c05c] -> HW:HW
# PT[23d29c05c:23d29c060] -> RESERVED PMGR HACK
# PT[23d29c060:271304000] -> HW:HW
# PT[271304000:271308000] -> ASYNC.RW DARTTracer@/arm-io/dart-dispext0
# PT[271308000:27130c000] -> HW:HW
# PT[27130c000:271310000] -> ASYNC.RW DARTTracer@/arm-io/dart-dcpext
# PT[271310000:271850000] -> HW:HW
# PT[271850000:271854000] -> ASYNC.RW PrintTracer
# PT[271854000:271c00000] -> HW:HW
# PT[271c00000:271c6c000] -> SYNC.RW DCPTracer@/arm-io/dcpext
# PT[271c6c000:300000000] -> HW:HW
# PT[380000000:501e50000] -> HW:HW
# PT[501e50000:501e54000] -> SYNC.RW PrintTracer
# PT[501e54000:501e58000] -> HW:HW
# PT[501e58000:501e5c000] -> SYNC.RW PrintTracer
# PT[501e5c000:50228c000] -> HW:HW
# PT[50228c000:50228d800] -> ASYNC.RW Dwc3Tracer@/arm-io/usb-drd1
# PT[50228d800:502a84000] -> HW:HW
# PT[502a84000:502a88000] -> ASYNC.RW Dwc3Tracer@/arm-io/usb-drd1
# PT[502a88000:502a90000] -> HW:HW
# PT[502a90000:502a94000] -> ASYNC.RW PhyTracer@/arm-io/atc-phy1
# PT[502a94000:503000000] -> HW:HW
# PT[503000000:503006a00] -> ASYNC.RW PhyTracer@/arm-io/atc-phy1
# PT[503006a00:503007000] -> HW:HW
# PT[503007000:503018000] -> ASYNC.RW PhyTracer@/arm-io/atc-phy1
# PT[503018000:503020000] -> HW:HW
# PT[503020000:503024000] -> ASYNC.RW PhyTracer@/arm-io/atc-phy1
# PT[503024000:50304c000] -> HW:HW
# PT[50304c000:503050000] -> SYNC.RW PrintTracer
# PT[503050000:503058000] -> ASYNC.RW PhyTracer@/arm-io/atc-phy1
# PT[503058000:780000000] -> HW:HW
# PT[800000000:801f7c000] -> HW:RAM-LOW
# PT[815830000:bdf0a4000] -> HW:RAM-HIGH
# PT[bdf0a4000:be0de4000] -> *UNMAPPED*
# PT[be0de4000:be6e24000] -> HW:RAM-HIGH
# PT[be6e24000:bffe24000] -> *UNMAPPED*
# PT[bffe24000:c00000000] -> HW:RAM-HIGH
# [cpu0] Pass: msr OSLAR_EL1, x31 = 0 (OK) (OSLAR_EL1)
# [cpu0] Pass: mrs x13, HID5_EL1 = 2082df50e700df14 (HID5_EL1)
# [cpu0] Pass: msr HID5_EL1, x13 = 2082df50e700df14 (OK) (HID5_EL1)
# [cpu0] Pass: mrs x13, EHID10_EL1 = 3000528002788 (EHID10_EL1)
# [cpu0] Pass: msr EHID10_EL1, x13 = 3000528002788 (OK) (EHID10_EL1)
# [cpu0] Pass: mrs x13, EHID10_EL1 = 3000528002788 (EHID10_EL1)
# [cpu0] Pass: msr EHID10_EL1, x13 = 3000528002788 (OK) (EHID10_EL1)
# [cpu0] Pass: mrs x13, EHID20_EL1 = 618000 (EHID20_EL1)
# [cpu0] Pass: msr EHID20_EL1, x13 = 618100 (OK) (EHID20_EL1)
# [cpu0] Pass: mrs x13, EHID9_EL1 = 600000811 (EHID9_EL1)
# [cpu0] Pass: msr EHID9_EL1, x13 = 600000811 (OK) (EHID9_EL1)
# [cpu0] Pass: mrs x13, EHID20_EL1 = 618100 (EHID20_EL1)
# [cpu0] Pass: msr EHID20_EL1, x13 = 618100 (OK) (EHID20_EL1)
# [cpu0] Pass: mrs x13, EHID20_EL1 = 618100 (EHID20_EL1)
# [cpu0] Pass: msr EHID20_EL1, x13 = 618100 (OK) (EHID20_EL1)
# [cpu0] Pass: mrs x13, EHID20_EL1 = 618100 (EHID20_EL1)
# [cpu0] Pass: msr EHID20_EL1, x13 = 618100 (OK) (EHID20_EL1)
# [cpu0] Pass: mrs x13, ACC_CFG_EL1 = d (ACC_CFG_EL1)
# [cpu0] Skip: msr ACC_CFG_EL1, x13 = d
# [cpu0] PMGR R 23b7001c0+0:32 = 0xf0000ff -> 0xf0000ff
# [cpu0] PMGR R 23b7001c8+0:32 = 0xf0000ff -> 0xf0000ff
# [cpu0] PMGR R 23b700220+0:32 = 0xff -> 0xff
# [cpu0] PMGR R 23b700270+0:32 = 0xff -> 0xff
# [cpu0] PMGR R 23b700420+0:32 = 0x22ff -> 0x22ff
# [cpu0] PMGR R 23d280088+0:32 = 0x2ff -> 0x2ff
# [cpu0] PMGR R 23d280098+0:32 = 0x2ff -> 0x2ff
# [cpu0] PMGR R 23b700220+0:32 = 0xff -> 0xff
# [cpu0] PMGR W 23b700220+0:32 = 0xff: Dangerous write
# [cpu0] PMGR R 23b700220+0:32 = 0xff -> 0xff
# [cpu0] PMGR W 23b700220+0:32 = 0xff: Dangerous write
# [cpu0] PMGR R 23b700220+0:32 = 0xff -> 0xff
# [cpu0] PMGR W 23b700220+0:32 = 0x100000ff: Dangerous write
# [cpu0] PMGR R 23b700270+0:32 = 0xff -> 0xff
# [cpu0] PMGR W 23b700270+0:32 = 0xff: Dangerous write
# [cpu0] PMGR R 23b700270+0:32 = 0xff -> 0xff
# [cpu0] PMGR W 23b700270+0:32 = 0xff: Dangerous write
# [cpu0] PMGR R 23b700270+0:32 = 0xff -> 0xff
# [cpu0] PMGR W 23b700270+0:32 = 0x100000ff: Dangerous write
# [cpu0] PMGR R 23b7001c0+0:32 = 0xf0000ff -> 0xf0000ff
# [cpu0] PMGR W 23b7001c0+0:32 = 0xf0000ff: Dangerous write
# [cpu0] PMGR R 23b7001c0+0:32 = 0xf0000ff -> 0xf0000ff
# [cpu0] PMGR W 23b7001c0+0:32 = 0xf0000ff: Dangerous write
# [cpu0] PMGR R 23b7001c0+0:32 = 0xf0000ff -> 0xf0000ff
# [cpu0] PMGR W 23b7001c0+0:32 = 0x1f0000ff: Dangerous write
# [cpu0] PMGR R 23b7001c8+0:32 = 0xf0000ff -> 0xf0000ff
# [cpu0] PMGR W 23b7001c8+0:32 = 0xf0000ff: Dangerous write
# [cpu0] PMGR R 23b7001c8+0:32 = 0xf0000ff -> 0xf0000ff
# [cpu0] PMGR W 23b7001c8+0:32 = 0xf0000ff: Dangerous write
# [cpu0] PMGR R 23b7001c8+0:32 = 0xf0000ff -> 0xf0000ff
# [cpu0] PMGR W 23b7001c8+0:32 = 0x1f0000ff: Dangerous write
# [cpu0] PMGR R 23b700420+0:32 = 0x22ff -> 0x22ff
# [cpu0] PMGR W 23b700420+0:32 = 0x23f0: Dangerous write
# [cpu0] PMGR R 23b700420+0:32 = 0x20ff -> 0x2000
# [cpu0] PMGR R 23b700420+0:32 = 0x20ff -> 0x2000
# [cpu0] PMGR R 23b700420+0:32 = 0x20ff -> 0x2000
# [cpu0] PMGR R 23d280098+0:32 = 0x2ff -> 0x2ff
# [cpu0] PMGR W 23d280098+0:32 = 0x3f0: Dangerous write
# [cpu0] PMGR R 23d280098+0:32 = 0xff -> 0x0
# [cpu0] PMGR R 23d280088+0:32 = 0x2ff -> 0x2ff
# [cpu0] PMGR W 23d280088+0:32 = 0x3f0: Dangerous write
# [cpu0] PMGR R 23d280088+0:32 = 0xff -> 0x0
# [cpu0] CPUSTART W 23b754000+4:32 = 0x80
# [cpu0] CPUSTART W 23b754000+8:32 = 0x0
# [cpu0] CPUSTART W 23b754000+c:32 = 0x8
# [cpu0] Starting guest secondary 0:1:3
# [cpu0]  CPU #7: RVBAR = 0x817cb0000
TTY> HV: Initializing secondary 7
TTY> HV: Entering guest secondary 7 at 0x817cb0000
# [cpu0] PT[23d29c044:23d29c048] -> RESERVED PMGR HACK
# [cpu0] PT[23d29c048:23d29c04c] -> RESERVED CPU STATE HACK
# [cpu7] Pass: msr OSLAR_EL1, x31 = 0 (OK) (OSLAR_EL1)
# [cpu7] Pass: mrs x13, ACC_CFG_EL1 = d (ACC_CFG_EL1)
# [cpu7] Skip: msr ACC_CFG_EL1, x13 = d
# [cpu7] Pass: mrs x13, HID13_EL1 = c332200211010205 (HID13_EL1)
# [cpu7] Pass: msr HID13_EL1, x13 = c332200211010205 (OK) (HID13_EL1)
# [cpu7] Pass: mrs x13, HID14_EL1 = 500000bb8 (HID14_EL1)
# [cpu7] Pass: msr HID14_EL1, x13 = 500000bb8 (OK) (HID14_EL1)
# [cpu7] Pass: mrs x13, HID5_EL1 = 2082df205700ff12 (HID5_EL1)
# [cpu7] Pass: msr HID5_EL1, x13 = 2082df205700ff12 (OK) (HID5_EL1)
# [cpu7] Pass: mrs x13, HID13_EL1 = c332200211010205 (HID13_EL1)
# [cpu7] Pass: msr HID13_EL1, x13 = c332200211010205 (OK) (HID13_EL1)
# [cpu7] Pass: mrs x13, HID0_EL1 = 10002990120e0e00 (HID0_EL1)
# [cpu7] Pass: msr HID0_EL1, x13 = 10002990120e0e00 (OK) (HID0_EL1)
# [cpu7] Pass: mrs x13, HID3_EL1 = 4180000cf8001fe0 (HID3_EL1)
# [cpu7] Pass: msr HID3_EL1, x13 = 4180000cf8001fe0 (OK) (HID3_EL1)
# [cpu7] Pass: mrs x13, HID3_EL1 = 4180000cf8001fe0 (HID3_EL1)
# [cpu7] Pass: msr HID3_EL1, x13 = 4180000cf8001fe0 (OK) (HID3_EL1)
# [cpu7] Pass: mrs x13, HID1_EL1 = 1400000002000000 (HID1_EL1)
# [cpu7] Pass: msr HID1_EL1, x13 = 1440000002000000 (OK) (HID1_EL1)
# [cpu7] Pass: mrs x13, HID16_EL1 = 6900000440000000 (HID16_EL1)
# [cpu7] Pass: msr HID16_EL1, x13 = 6900000440000000 (OK) (HID16_EL1)
# [cpu7] Pass: mrs x13, HID16_EL1 = 6900000440000000 (HID16_EL1)
# [cpu7] Pass: msr HID16_EL1, x13 = 6900000440000000 (OK) (HID16_EL1)
# [cpu7] Pass: mrs x13, HID16_EL1 = 6900000440000000 (HID16_EL1)
# [cpu7] Pass: msr HID16_EL1, x13 = 6900000440000000 (OK) (HID16_EL1)
# [cpu7] Pass: mrs x13, HID16_EL1 = 6900000440000000 (HID16_EL1)
# [cpu7] Pass: msr HID16_EL1, x13 = 6900000440000000 (OK) (HID16_EL1)
# [cpu7] Pass: mrs x13, HID9_EL1 = 8100086c000000 (HID9_EL1)
# [cpu7] Pass: msr HID9_EL1, x13 = 8100086c000000 (OK) (HID9_EL1)
# [cpu7] Pass: mrs x13, HID11_EL1 = 804000010008000 (HID11_EL1)
# [cpu7] Pass: msr HID11_EL1, x13 = 804000010008000 (OK) (HID11_EL1)
# [cpu7] Pass: mrs x13, HID0_EL1 = 10002990120e0e00 (HID0_EL1)
# [cpu7] Pass: msr HID0_EL1, x13 = 10002990120e0e00 (OK) (HID0_EL1)
# [cpu7] Pass: mrs x13, HID0_EL1 = 10002990120e0e00 (HID0_EL1)
# [cpu7] Pass: msr HID0_EL1, x13 = 10002990120e0e00 (OK) (HID0_EL1)
# [cpu7] Pass: mrs x13, HID6_EL1 = 7dc8031f007c0e (HID6_EL1)
# [cpu7] Pass: msr HID6_EL1, x13 = 7dc8031f007c0e (OK) (HID6_EL1)
# [cpu7] Pass: mrs x13, HID7_EL1 = 3110000 (HID7_EL1)
# [cpu7] Pass: msr HID7_EL1, x13 = 3110000 (OK) (HID7_EL1)
# [cpu7] Pass: mrs x13, HID7_EL1 = 3110000 (HID7_EL1)
# [cpu7] Pass: msr HID7_EL1, x13 = 3110000 (OK) (HID7_EL1)
# [cpu7] Pass: mrs x13, HID7_EL1 = 3110000 (HID7_EL1)
# [cpu7] Pass: msr HID7_EL1, x13 = 3110000 (OK) (HID7_EL1)
# [cpu7] Pass: mrs x13, HID9_EL1 = 8100086c000000 (HID9_EL1)
# [cpu7] Pass: msr HID9_EL1, x13 = 8100086c000000 (OK) (HID9_EL1)
# [cpu7] Pass: mrs x13, HID9_EL1 = 8100086c000000 (HID9_EL1)
# [cpu7] Pass: msr HID9_EL1, x13 = 8100086c000000 (OK) (HID9_EL1)
# [cpu7] Pass: mrs x13, HID18_EL1 = 2000040004000 (HID18_EL1)
# [cpu7] Pass: msr HID18_EL1, x13 = 2000040004000 (OK) (HID18_EL1)
# [cpu7] Pass: mrs x13, HID21_EL1 = 1040000 (HID21_EL1)
# [cpu7] Pass: msr HID21_EL1, x13 = 1040000 (OK) (HID21_EL1)
# [cpu7] Pass: mrs x13, HID9_EL1 = 8100086c000000 (HID9_EL1)
# [cpu7] Pass: msr HID9_EL1, x13 = 8100086c000000 (OK) (HID9_EL1)
# [cpu7] Pass: mrs x13, HID11_EL1 = 804000010008000 (HID11_EL1)
# [cpu7] Pass: msr HID11_EL1, x13 = 804000010008000 (OK) (HID11_EL1)
# [cpu7] Pass: mrs x13, HID1_EL1 = 1440000002000000 (HID1_EL1)
# [cpu7] Pass: msr HID1_EL1, x13 = 1440000002000000 (OK) (HID1_EL1)
# [cpu7] Pass: mrs x13, HID1_EL1 = 1440000002000000 (HID1_EL1)
# [cpu7] Pass: msr HID1_EL1, x13 = 1440000002000000 (OK) (HID1_EL1)
# [cpu7] Pass: mrs x13, HID18_EL1 = 2000040004000 (HID18_EL1)
# [cpu7] Pass: msr HID18_EL1, x13 = 2000040004000 (OK) (HID18_EL1)
# [cpu0] CPUSTART W 23b754000+4:32 = 0x40
# [cpu0] CPUSTART W 23b754000+8:32 = 0x0
# [cpu0] CPUSTART W 23b754000+c:32 = 0x4
# [cpu0] Starting guest secondary 0:1:2
# [cpu0]  CPU #6: RVBAR = 0x817cb0000
TTY> HV: Initializing secondary 6
TTY> HV: Entering guest secondary 6 at 0x817cb0000
# [cpu0] PT[23d29c044:23d29c048] -> RESERVED PMGR HACK
# [cpu0] PT[23d29c048:23d29c04c] -> RESERVED CPU STATE HACK
# [cpu6] Pass: msr OSLAR_EL1, x31 = 0 (OK) (OSLAR_EL1)
# [cpu6] Pass: mrs x13, ACC_CFG_EL1 = d (ACC_CFG_EL1)
# [cpu6] Skip: msr ACC_CFG_EL1, x13 = d
# [cpu6] Pass: mrs x13, HID13_EL1 = c332200211010205 (HID13_EL1)
# [cpu6] Pass: msr HID13_EL1, x13 = c332200211010205 (OK) (HID13_EL1)
# [cpu6] Pass: mrs x13, HID14_EL1 = 500000bb8 (HID14_EL1)
# [cpu6] Pass: msr HID14_EL1, x13 = 500000bb8 (OK) (HID14_EL1)
# [cpu6] Pass: mrs x13, HID5_EL1 = 2082df205700ff12 (HID5_EL1)
# [cpu6] Pass: msr HID5_EL1, x13 = 2082df205700ff12 (OK) (HID5_EL1)
# [cpu6] Pass: mrs x13, HID13_EL1 = c332200211010205 (HID13_EL1)
# [cpu6] Pass: msr HID13_EL1, x13 = c332200211010205 (OK) (HID13_EL1)
# [cpu6] Pass: mrs x13, HID0_EL1 = 10002990120e0e00 (HID0_EL1)
# [cpu6] Pass: msr HID0_EL1, x13 = 10002990120e0e00 (OK) (HID0_EL1)
# [cpu6] Pass: mrs x13, HID3_EL1 = 4180000cf8001fe0 (HID3_EL1)
# [cpu6] Pass: msr HID3_EL1, x13 = 4180000cf8001fe0 (OK) (HID3_EL1)
# [cpu6] Pass: mrs x13, HID3_EL1 = 4180000cf8001fe0 (HID3_EL1)
# [cpu6] Pass: msr HID3_EL1, x13 = 4180000cf8001fe0 (OK) (HID3_EL1)
# [cpu6] Pass: mrs x13, HID1_EL1 = 1400000002000000 (HID1_EL1)
# [cpu6] Pass: msr HID1_EL1, x13 = 1440000002000000 (OK) (HID1_EL1)
# [cpu6] Pass: mrs x13, HID16_EL1 = 6900000440000000 (HID16_EL1)
# [cpu6] Pass: msr HID16_EL1, x13 = 6900000440000000 (OK) (HID16_EL1)
# [cpu6] Pass: mrs x13, HID16_EL1 = 6900000440000000 (HID16_EL1)
# [cpu6] Pass: msr HID16_EL1, x13 = 6900000440000000 (OK) (HID16_EL1)
# [cpu6] Pass: mrs x13, HID16_EL1 = 6900000440000000 (HID16_EL1)
# [cpu6] Pass: msr HID16_EL1, x13 = 6900000440000000 (OK) (HID16_EL1)
# [cpu6] Pass: mrs x13, HID16_EL1 = 6900000440000000 (HID16_EL1)
# [cpu6] Pass: msr HID16_EL1, x13 = 6900000440000000 (OK) (HID16_EL1)
# [cpu6] Pass: mrs x13, HID9_EL1 = 8100086c000000 (HID9_EL1)
# [cpu6] Pass: msr HID9_EL1, x13 = 8100086c000000 (OK) (HID9_EL1)
# [cpu6] Pass: mrs x13, HID11_EL1 = 804000010008000 (HID11_EL1)
# [cpu6] Pass: msr HID11_EL1, x13 = 804000010008000 (OK) (HID11_EL1)
# [cpu6] Pass: mrs x13, HID0_EL1 = 10002990120e0e00 (HID0_EL1)
# [cpu6] Pass: msr HID0_EL1, x13 = 10002990120e0e00 (OK) (HID0_EL1)
# [cpu6] Pass: mrs x13, HID0_EL1 = 10002990120e0e00 (HID0_EL1)
# [cpu6] Pass: msr HID0_EL1, x13 = 10002990120e0e00 (OK) (HID0_EL1)
# [cpu6] Pass: mrs x13, HID6_EL1 = 7dc8031f007c0e (HID6_EL1)
# [cpu6] Pass: msr HID6_EL1, x13 = 7dc8031f007c0e (OK) (HID6_EL1)
# [cpu6] Pass: mrs x13, HID7_EL1 = 3110000 (HID7_EL1)
# [cpu6] Pass: msr HID7_EL1, x13 = 3110000 (OK) (HID7_EL1)
# [cpu6] Pass: mrs x13, HID7_EL1 = 3110000 (HID7_EL1)
# [cpu6] Pass: msr HID7_EL1, x13 = 3110000 (OK) (HID7_EL1)
# [cpu6] Pass: mrs x13, HID7_EL1 = 3110000 (HID7_EL1)
# [cpu6] Pass: msr HID7_EL1, x13 = 3110000 (OK) (HID7_EL1)
# [cpu6] Pass: mrs x13, HID9_EL1 = 8100086c000000 (HID9_EL1)
# [cpu6] Pass: msr HID9_EL1, x13 = 8100086c000000 (OK) (HID9_EL1)
# [cpu6] Pass: mrs x13, HID9_EL1 = 8100086c000000 (HID9_EL1)
# [cpu6] Pass: msr HID9_EL1, x13 = 8100086c000000 (OK) (HID9_EL1)
# [cpu6] Pass: mrs x13, HID18_EL1 = 2000040004000 (HID18_EL1)
# [cpu6] Pass: msr HID18_EL1, x13 = 2000040004000 (OK) (HID18_EL1)
# [cpu6] Pass: mrs x13, HID21_EL1 = 1040000 (HID21_EL1)
# [cpu6] Pass: msr HID21_EL1, x13 = 1040000 (OK) (HID21_EL1)
# [cpu6] Pass: mrs x13, HID9_EL1 = 8100086c000000 (HID9_EL1)
# [cpu6] Pass: msr HID9_EL1, x13 = 8100086c000000 (OK) (HID9_EL1)
# [cpu6] Pass: mrs x13, HID11_EL1 = 804000010008000 (HID11_EL1)
# [cpu6] Pass: msr HID11_EL1, x13 = 804000010008000 (OK) (HID11_EL1)
# [cpu6] Pass: mrs x13, HID1_EL1 = 1440000002000000 (HID1_EL1)
# [cpu6] Pass: msr HID1_EL1, x13 = 1440000002000000 (OK) (HID1_EL1)
# [cpu6] Pass: mrs x13, HID1_EL1 = 1440000002000000 (HID1_EL1)
# [cpu6] Pass: msr HID1_EL1, x13 = 1440000002000000 (OK) (HID1_EL1)
# [cpu6] Pass: mrs x13, HID18_EL1 = 2000040004000 (HID18_EL1)
# [cpu6] Pass: msr HID18_EL1, x13 = 2000040004000 (OK) (HID18_EL1)
# [cpu0] CPUSTART W 23b754000+4:32 = 0x8
# [cpu0] CPUSTART W 23b754000+8:32 = 0x8
# [cpu0] Starting guest secondary 0:0:3
# [cpu0]  CPU #3: RVBAR = 0x817cb0000
TTY> HV: Initializing secondary 3
TTY> HV: Entering guest secondary 3 at 0x817cb0000
# [cpu0] PT[23d29c044:23d29c048] -> RESERVED PMGR HACK
# [cpu0] PT[23d29c048:23d29c04c] -> RESERVED CPU STATE HACK
# [cpu3] Pass: msr OSLAR_EL1, x31 = 0 (OK) (OSLAR_EL1)
# [cpu3] Pass: mrs x13, ACC_CFG_EL1 = d (ACC_CFG_EL1)
# [cpu3] Skip: msr ACC_CFG_EL1, x13 = d
# [cpu0] CPUSTART W 23b754000+c:32 = 0x0
# [cpu3] Pass: mrs x13, HID5_EL1 = 2082df50e700df14 (HID5_EL1)
# [cpu3] Pass: msr HID5_EL1, x13 = 2082df50e700df14 (OK) (HID5_EL1)
# [cpu3] Pass: mrs x13, EHID10_EL1 = 3000528002788 (EHID10_EL1)
# [cpu3] Pass: msr EHID10_EL1, x13 = 3000528002788 (OK) (EHID10_EL1)
# [cpu3] Pass: mrs x13, EHID10_EL1 = 3000528002788 (EHID10_EL1)
# [cpu3] Pass: msr EHID10_EL1, x13 = 3000528002788 (OK) (EHID10_EL1)
# [cpu3] Pass: mrs x13, EHID20_EL1 = 618000 (EHID20_EL1)
# [cpu3] Pass: msr EHID20_EL1, x13 = 618100 (OK) (EHID20_EL1)
# [cpu3] Pass: mrs x13, EHID9_EL1 = 600000811 (EHID9_EL1)
# [cpu3] Pass: msr EHID9_EL1, x13 = 600000811 (OK) (EHID9_EL1)
# [cpu3] Pass: mrs x13, EHID20_EL1 = 618100 (EHID20_EL1)
# [cpu3] Pass: msr EHID20_EL1, x13 = 618100 (OK) (EHID20_EL1)
# [cpu3] Pass: mrs x13, EHID20_EL1 = 618100 (EHID20_EL1)
# [cpu3] Pass: msr EHID20_EL1, x13 = 618100 (OK) (EHID20_EL1)
# [cpu3] Pass: mrs x13, EHID20_EL1 = 618100 (EHID20_EL1)
# [cpu3] Pass: msr EHID20_EL1, x13 = 618100 (OK) (EHID20_EL1)
# [cpu0] CPUSTART W 23b754000+4:32 = 0x4
# [cpu0] CPUSTART W 23b754000+8:32 = 0x4
# [cpu0] Starting guest secondary 0:0:2
# [cpu0]  CPU #2: RVBAR = 0x817cb0000
TTY> HV: Initializing secondary 2
TTY> HV: Entering guest secondary 2 at 0x817cb0000
# [cpu0] PT[23d29c044:23d29c048] -> RESERVED PMGR HACK
# [cpu0] PT[23d29c048:23d29c04c] -> RESERVED CPU STATE HACK
# [cpu2] Pass: msr OSLAR_EL1, x31 = 0 (OK) (OSLAR_EL1)
# [cpu2] Pass: mrs x13, ACC_CFG_EL1 = d (ACC_CFG_EL1)
# [cpu2] Skip: msr ACC_CFG_EL1, x13 = d
# [cpu2] Pass: mrs x13, HID5_EL1 = 2082df50e700df14 (HID5_EL1)
# [cpu2] Pass: msr HID5_EL1, x13 = 2082df50e700df14 (OK) (HID5_EL1)
# [cpu2] Pass: mrs x13, EHID10_EL1 = 3000528002788 (EHID10_EL1)
# [cpu2] Pass: msr EHID10_EL1, x13 = 3000528002788 (OK) (EHID10_EL1)
# [cpu2] Pass: mrs x13, EHID10_EL1 = 3000528002788 (EHID10_EL1)
# [cpu2] Pass: msr EHID10_EL1, x13 = 3000528002788 (OK) (EHID10_EL1)
# [cpu2] Pass: mrs x13, EHID20_EL1 = 618000 (EHID20_EL1)
# [cpu2] Pass: msr EHID20_EL1, x13 = 618100 (OK) (EHID20_EL1)
# [cpu2] Pass: mrs x13, EHID9_EL1 = 600000811 (EHID9_EL1)
# [cpu2] Pass: msr EHID9_EL1, x13 = 600000811 (OK) (EHID9_EL1)
# [cpu2] Pass: mrs x13, EHID20_EL1 = 618100 (EHID20_EL1)
# [cpu2] Pass: msr EHID20_EL1, x13 = 618100 (OK) (EHID20_EL1)
# [cpu0] CPUSTART W 23b754000+c:32 = 0x0
# [cpu2] Pass: mrs x13, EHID20_EL1 = 618100 (EHID20_EL1)
# [cpu2] Pass: msr EHID20_EL1, x13 = 618100 (OK) (EHID20_EL1)
# [cpu2] Pass: mrs x13, EHID20_EL1 = 618100 (EHID20_EL1)
# [cpu2] Pass: msr EHID20_EL1, x13 = 618100 (OK) (EHID20_EL1)
# [cpu0] CPUSTART W 23b754000+4:32 = 0x20
# [cpu0] CPUSTART W 23b754000+8:32 = 0x0
# [cpu0] CPUSTART W 23b754000+c:32 = 0x2
# [cpu0] Starting guest secondary 0:1:1
# [cpu0]  CPU #5: RVBAR = 0x817cb0000
TTY> HV: Initializing secondary 5
TTY> HV: Entering guest secondary 5 at 0x817cb0000
# [cpu0] PT[23d29c044:23d29c048] -> RESERVED PMGR HACK
# [cpu0] PT[23d29c048:23d29c04c] -> RESERVED CPU STATE HACK
# [cpu5] Pass: msr OSLAR_EL1, x31 = 0 (OK) (OSLAR_EL1)
# [cpu5] Pass: mrs x13, ACC_CFG_EL1 = d (ACC_CFG_EL1)
# [cpu5] Skip: msr ACC_CFG_EL1, x13 = d
# [cpu5] Pass: mrs x13, HID13_EL1 = c332200211010205 (HID13_EL1)
# [cpu5] Pass: msr HID13_EL1, x13 = c332200211010205 (OK) (HID13_EL1)
# [cpu5] Pass: mrs x13, HID14_EL1 = 500000bb8 (HID14_EL1)
# [cpu5] Pass: msr HID14_EL1, x13 = 500000bb8 (OK) (HID14_EL1)
# [cpu5] Pass: mrs x13, HID5_EL1 = 2082df205700ff12 (HID5_EL1)
# [cpu5] Pass: msr HID5_EL1, x13 = 2082df205700ff12 (OK) (HID5_EL1)
# [cpu5] Pass: mrs x13, HID13_EL1 = c332200211010205 (HID13_EL1)
# [cpu5] Pass: msr HID13_EL1, x13 = c332200211010205 (OK) (HID13_EL1)
# [cpu5] Pass: mrs x13, HID0_EL1 = 10002990120e0e00 (HID0_EL1)
# [cpu5] Pass: msr HID0_EL1, x13 = 10002990120e0e00 (OK) (HID0_EL1)
# [cpu5] Pass: mrs x13, HID3_EL1 = 4180000cf8001fe0 (HID3_EL1)
# [cpu5] Pass: msr HID3_EL1, x13 = 4180000cf8001fe0 (OK) (HID3_EL1)
# [cpu5] Pass: mrs x13, HID3_EL1 = 4180000cf8001fe0 (HID3_EL1)
# [cpu5] Pass: msr HID3_EL1, x13 = 4180000cf8001fe0 (OK) (HID3_EL1)
# [cpu5] Pass: mrs x13, HID1_EL1 = 1400000002000000 (HID1_EL1)
# [cpu5] Pass: msr HID1_EL1, x13 = 1440000002000000 (OK) (HID1_EL1)
# [cpu5] Pass: mrs x13, HID16_EL1 = 6900000440000000 (HID16_EL1)
# [cpu5] Pass: msr HID16_EL1, x13 = 6900000440000000 (OK) (HID16_EL1)
# [cpu5] Pass: mrs x13, HID16_EL1 = 6900000440000000 (HID16_EL1)
# [cpu5] Pass: msr HID16_EL1, x13 = 6900000440000000 (OK) (HID16_EL1)
# [cpu5] Pass: mrs x13, HID16_EL1 = 6900000440000000 (HID16_EL1)
# [cpu5] Pass: msr HID16_EL1, x13 = 6900000440000000 (OK) (HID16_EL1)
# [cpu5] Pass: mrs x13, HID16_EL1 = 6900000440000000 (HID16_EL1)
# [cpu5] Pass: msr HID16_EL1, x13 = 6900000440000000 (OK) (HID16_EL1)
# [cpu5] Pass: mrs x13, HID9_EL1 = 8100086c000000 (HID9_EL1)
# [cpu5] Pass: msr HID9_EL1, x13 = 8100086c000000 (OK) (HID9_EL1)
# [cpu5] Pass: mrs x13, HID11_EL1 = 804000010008000 (HID11_EL1)
# [cpu5] Pass: msr HID11_EL1, x13 = 804000010008000 (OK) (HID11_EL1)
# [cpu5] Pass: mrs x13, HID0_EL1 = 10002990120e0e00 (HID0_EL1)
# [cpu5] Pass: msr HID0_EL1, x13 = 10002990120e0e00 (OK) (HID0_EL1)
# [cpu5] Pass: mrs x13, HID0_EL1 = 10002990120e0e00 (HID0_EL1)
# [cpu5] Pass: msr HID0_EL1, x13 = 10002990120e0e00 (OK) (HID0_EL1)
# [cpu5] Pass: mrs x13, HID6_EL1 = 7dc8031f007c0e (HID6_EL1)
# [cpu5] Pass: msr HID6_EL1, x13 = 7dc8031f007c0e (OK) (HID6_EL1)
# [cpu5] Pass: mrs x13, HID7_EL1 = 3110000 (HID7_EL1)
# [cpu5] Pass: msr HID7_EL1, x13 = 3110000 (OK) (HID7_EL1)
# [cpu5] Pass: mrs x13, HID7_EL1 = 3110000 (HID7_EL1)
# [cpu5] Pass: msr HID7_EL1, x13 = 3110000 (OK) (HID7_EL1)
# [cpu5] Pass: mrs x13, HID7_EL1 = 3110000 (HID7_EL1)
# [cpu5] Pass: msr HID7_EL1, x13 = 3110000 (OK) (HID7_EL1)
# [cpu5] Pass: mrs x13, HID9_EL1 = 8100086c000000 (HID9_EL1)
# [cpu5] Pass: msr HID9_EL1, x13 = 8100086c000000 (OK) (HID9_EL1)
# [cpu5] Pass: mrs x13, HID9_EL1 = 8100086c000000 (HID9_EL1)
# [cpu5] Pass: msr HID9_EL1, x13 = 8100086c000000 (OK) (HID9_EL1)
# [cpu5] Pass: mrs x13, HID18_EL1 = 2000040004000 (HID18_EL1)
# [cpu5] Pass: msr HID18_EL1, x13 = 2000040004000 (OK) (HID18_EL1)
# [cpu5] Pass: mrs x13, HID21_EL1 = 1040000 (HID21_EL1)
# [cpu5] Pass: msr HID21_EL1, x13 = 1040000 (OK) (HID21_EL1)
# [cpu5] Pass: mrs x13, HID9_EL1 = 8100086c000000 (HID9_EL1)
# [cpu5] Pass: msr HID9_EL1, x13 = 8100086c000000 (OK) (HID9_EL1)
# [cpu5] Pass: mrs x13, HID11_EL1 = 804000010008000 (HID11_EL1)
# [cpu5] Pass: msr HID11_EL1, x13 = 804000010008000 (OK) (HID11_EL1)
# [cpu5] Pass: mrs x13, HID1_EL1 = 1440000002000000 (HID1_EL1)
# [cpu5] Pass: msr HID1_EL1, x13 = 1440000002000000 (OK) (HID1_EL1)
# [cpu5] Pass: mrs x13, HID1_EL1 = 1440000002000000 (HID1_EL1)
# [cpu5] Pass: msr HID1_EL1, x13 = 1440000002000000 (OK) (HID1_EL1)
# [cpu5] Pass: mrs x13, HID18_EL1 = 2000040004000 (HID18_EL1)
# [cpu5] Pass: msr HID18_EL1, x13 = 2000040004000 (OK) (HID18_EL1)
# [cpu2] CPUSTART W 23b754000+4:32 = 0x10
# [cpu2] CPUSTART W 23b754000+8:32 = 0x0
# [cpu2] CPUSTART W 23b754000+c:32 = 0x1
# [cpu2] Starting guest secondary 0:1:0
# [cpu2]  CPU #4: RVBAR = 0x817cb0000
TTY> HV: Initializing secondary 4
TTY> HV: Entering guest secondary 4 at 0x817cb0000
# [cpu2] PT[23d29c044:23d29c048] -> RESERVED PMGR HACK
# [cpu2] PT[23d29c048:23d29c04c] -> RESERVED CPU STATE HACK
# [cpu4] Pass: msr OSLAR_EL1, x31 = 0 (OK) (OSLAR_EL1)
# [cpu4] Pass: mrs x13, ACC_CFG_EL1 = d (ACC_CFG_EL1)
# [cpu4] Skip: msr ACC_CFG_EL1, x13 = d
# [cpu4] Pass: mrs x13, HID13_EL1 = c332200211010205 (HID13_EL1)
# [cpu4] Pass: msr HID13_EL1, x13 = c332200211010205 (OK) (HID13_EL1)
# [cpu4] Pass: mrs x13, HID14_EL1 = 500000bb8 (HID14_EL1)
# [cpu4] Pass: msr HID14_EL1, x13 = 500000bb8 (OK) (HID14_EL1)
# [cpu4] Pass: mrs x13, HID5_EL1 = 2082df205700ff12 (HID5_EL1)
# [cpu4] Pass: msr HID5_EL1, x13 = 2082df205700ff12 (OK) (HID5_EL1)
# [cpu4] Pass: mrs x13, HID13_EL1 = c332200211010205 (HID13_EL1)
# [cpu4] Pass: msr HID13_EL1, x13 = c332200211010205 (OK) (HID13_EL1)
# [cpu4] Pass: mrs x13, HID0_EL1 = 10002990120e0e00 (HID0_EL1)
# [cpu4] Pass: msr HID0_EL1, x13 = 10002990120e0e00 (OK) (HID0_EL1)
# [cpu4] Pass: mrs x13, HID3_EL1 = 4180000cf8001fe0 (HID3_EL1)
# [cpu4] Pass: msr HID3_EL1, x13 = 4180000cf8001fe0 (OK) (HID3_EL1)
# [cpu4] Pass: mrs x13, HID3_EL1 = 4180000cf8001fe0 (HID3_EL1)
# [cpu4] Pass: msr HID3_EL1, x13 = 4180000cf8001fe0 (OK) (HID3_EL1)
# [cpu4] Pass: mrs x13, HID1_EL1 = 1400000002000000 (HID1_EL1)
# [cpu4] Pass: msr HID1_EL1, x13 = 1440000002000000 (OK) (HID1_EL1)
# [cpu4] Pass: mrs x13, HID16_EL1 = 6900000440000000 (HID16_EL1)
# [cpu4] Pass: msr HID16_EL1, x13 = 6900000440000000 (OK) (HID16_EL1)
# [cpu4] Pass: mrs x13, HID16_EL1 = 6900000440000000 (HID16_EL1)
# [cpu4] Pass: msr HID16_EL1, x13 = 6900000440000000 (OK) (HID16_EL1)
# [cpu4] Pass: mrs x13, HID16_EL1 = 6900000440000000 (HID16_EL1)
# [cpu4] Pass: msr HID16_EL1, x13 = 6900000440000000 (OK) (HID16_EL1)
# [cpu4] Pass: mrs x13, HID16_EL1 = 6900000440000000 (HID16_EL1)
# [cpu4] Pass: msr HID16_EL1, x13 = 6900000440000000 (OK) (HID16_EL1)
# [cpu4] Pass: mrs x13, HID9_EL1 = 8100086c000000 (HID9_EL1)
# [cpu4] Pass: msr HID9_EL1, x13 = 8100086c000000 (OK) (HID9_EL1)
# [cpu4] Pass: mrs x13, HID11_EL1 = 804000010008000 (HID11_EL1)
# [cpu4] Pass: msr HID11_EL1, x13 = 804000010008000 (OK) (HID11_EL1)
# [cpu4] Pass: mrs x13, HID0_EL1 = 10002990120e0e00 (HID0_EL1)
# [cpu4] Pass: msr HID0_EL1, x13 = 10002990120e0e00 (OK) (HID0_EL1)
# [cpu4] Pass: mrs x13, HID0_EL1 = 10002990120e0e00 (HID0_EL1)
# [cpu4] Pass: msr HID0_EL1, x13 = 10002990120e0e00 (OK) (HID0_EL1)
# [cpu4] Pass: mrs x13, HID6_EL1 = 7dc8031f007c0e (HID6_EL1)
# [cpu4] Pass: msr HID6_EL1, x13 = 7dc8031f007c0e (OK) (HID6_EL1)
# [cpu4] Pass: mrs x13, HID7_EL1 = 3110000 (HID7_EL1)
# [cpu4] Pass: msr HID7_EL1, x13 = 3110000 (OK) (HID7_EL1)
# [cpu4] Pass: mrs x13, HID7_EL1 = 3110000 (HID7_EL1)
# [cpu4] Pass: msr HID7_EL1, x13 = 3110000 (OK) (HID7_EL1)
# [cpu4] Pass: mrs x13, HID7_EL1 = 3110000 (HID7_EL1)
# [cpu4] Pass: msr HID7_EL1, x13 = 3110000 (OK) (HID7_EL1)
# [cpu4] Pass: mrs x13, HID9_EL1 = 8100086c000000 (HID9_EL1)
# [cpu4] Pass: msr HID9_EL1, x13 = 8100086c000000 (OK) (HID9_EL1)
# [cpu4] Pass: mrs x13, HID9_EL1 = 8100086c000000 (HID9_EL1)
# [cpu4] Pass: msr HID9_EL1, x13 = 8100086c000000 (OK) (HID9_EL1)
# [cpu4] Pass: mrs x13, HID18_EL1 = 2000040004000 (HID18_EL1)
# [cpu4] Pass: msr HID18_EL1, x13 = 2000040004000 (OK) (HID18_EL1)
# [cpu4] Pass: mrs x13, HID21_EL1 = 1040000 (HID21_EL1)
# [cpu4] Pass: msr HID21_EL1, x13 = 1040000 (OK) (HID21_EL1)
# [cpu4] Pass: mrs x13, HID9_EL1 = 8100086c000000 (HID9_EL1)
# [cpu4] Pass: msr HID9_EL1, x13 = 8100086c000000 (OK) (HID9_EL1)
# [cpu4] Pass: mrs x13, HID11_EL1 = 804000010008000 (HID11_EL1)
# [cpu4] Pass: msr HID11_EL1, x13 = 804000010008000 (OK) (HID11_EL1)
# [cpu4] Pass: mrs x13, HID1_EL1 = 1440000002000000 (HID1_EL1)
# [cpu4] Pass: msr HID1_EL1, x13 = 1440000002000000 (OK) (HID1_EL1)
# [cpu4] Pass: mrs x13, HID1_EL1 = 1440000002000000 (HID1_EL1)
# [cpu4] Pass: msr HID1_EL1, x13 = 1440000002000000 (OK) (HID1_EL1)
# [cpu4] Pass: mrs x13, HID18_EL1 = 2000040004000 (HID18_EL1)
# [cpu4] Pass: msr HID18_EL1, x13 = 2000040004000 (OK) (HID18_EL1)
# [cpu3] CPUSTART W 23b754000+4:32 = 0x2
# [cpu3] CPUSTART W 23b754000+8:32 = 0x2
# [cpu3] Starting guest secondary 0:0:1
# [cpu3]  CPU #1: RVBAR = 0x817cb0000
TTY> HV: Initializing secondary 1
TTY> HV: Entering guest secondary 1 at 0x817cb0000
# [cpu3] PT[23d29c044:23d29c048] -> RESERVED PMGR HACK
# [cpu3] PT[23d29c048:23d29c04c] -> RESERVED CPU STATE HACK
# [cpu3] CPUSTART W 23b754000+c:32 = 0x0
# [cpu1] Pass: msr OSLAR_EL1, x31 = 0 (OK) (OSLAR_EL1)
# [cpu1] Pass: mrs x13, ACC_CFG_EL1 = d (ACC_CFG_EL1)
# [cpu1] Skip: msr ACC_CFG_EL1, x13 = d
# [cpu1] Pass: mrs x13, HID5_EL1 = 2082df50e700df14 (HID5_EL1)
# [cpu1] Pass: msr HID5_EL1, x13 = 2082df50e700df14 (OK) (HID5_EL1)
# [cpu1] Pass: mrs x13, EHID10_EL1 = 3000528002788 (EHID10_EL1)
# [cpu1] Pass: msr EHID10_EL1, x13 = 3000528002788 (OK) (EHID10_EL1)
# [cpu1] Pass: mrs x13, EHID10_EL1 = 3000528002788 (EHID10_EL1)
# [cpu1] Pass: msr EHID10_EL1, x13 = 3000528002788 (OK) (EHID10_EL1)
# [cpu1] Pass: mrs x13, EHID20_EL1 = 618000 (EHID20_EL1)
# [cpu1] Pass: msr EHID20_EL1, x13 = 618100 (OK) (EHID20_EL1)
# [cpu1] Pass: mrs x13, EHID9_EL1 = 600000811 (EHID9_EL1)
# [cpu1] Pass: msr EHID9_EL1, x13 = 600000811 (OK) (EHID9_EL1)
# [cpu1] Pass: mrs x13, EHID20_EL1 = 618100 (EHID20_EL1)
# [cpu1] Pass: msr EHID20_EL1, x13 = 618100 (OK) (EHID20_EL1)
# [cpu1] Pass: mrs x13, EHID20_EL1 = 618100 (EHID20_EL1)
# [cpu1] Pass: msr EHID20_EL1, x13 = 618100 (OK) (EHID20_EL1)
# [cpu1] Pass: mrs x13, EHID20_EL1 = 618100 (EHID20_EL1)
# [cpu1] Pass: msr EHID20_EL1, x13 = 618100 (OK) (EHID20_EL1)
# [DARTTracer@/arm-io/dart-dcpext] Invalidate Stream: 0xffffffff ()
# [cpu2] [DCPTracer@/arm-io/dcpext] OUTBOX_CTRL = 0x22201 (FIFOCNT=0x0, OVERFLOW=0, EMPTY=1, FULL=0, RPTR=0x2, WPTR=0x2, ENABLE=1)
# [cpu2] [DCPTracer@/arm-io/dcpext] [management] >0x6(SetIOPPower) 0060000000000220 (TYPE=0x6, STATE=0x220)
# [cpu2] [DCPTracer@/arm-io/dcpext] [management] <0x1(HELLO) 00100000000c000c (TYPE=0x1)
# [cpu2] [DCPTracer@/arm-io/dcpext] [management] >0x2(HELLO_ACK) 00200000000c000c (TYPE=0x2)
# [cpu2] [DCPTracer@/arm-io/dcpext] [management]   Adding endpoint #0x0 (management)
# [cpu2] [DCPTracer@/arm-io/dcpext] [management]   Adding endpoint #0x1
# [cpu2] [DCPTracer@/arm-io/dcpext] [management]   Adding endpoint #0x2 (syslog)
# [cpu2] [DCPTracer@/arm-io/dcpext] [management]   Adding endpoint #0x3
# [cpu2] [DCPTracer@/arm-io/dcpext] [management]   Adding endpoint #0x4
# [cpu2] [DCPTracer@/arm-io/dcpext] [management]   Adding endpoint #0x8
# [cpu2] [DCPTracer@/arm-io/dcpext] [management]   Adding endpoint #0xa
# [cpu2] [DCPTracer@/arm-io/dcpext] [management] <0x8(EPMap) 008000000000051f (TYPE=0x8, LAST=0, BASE=0, BITMAP=0x51f)
# [cpu2] [DCPTracer@/arm-io/dcpext] [management]   Starting endpoint #0x1
# [cpu2] [DCPTracer@/arm-io/dcpext] [management] >0x5(StartEP) 0050000100000002 (TYPE=0x5, EP=0x1, FLAG=2)
# [cpu2] [DCPTracer@/arm-io/dcpext] [management]   Starting endpoint #0x2 (syslog)
# [cpu2] [DCPTracer@/arm-io/dcpext] [management] >0x5(StartEP) 0050000200000002 (TYPE=0x5, EP=0x2, FLAG=2)
# [cpu2] [DCPTracer@/arm-io/dcpext] [management]   Starting endpoint #0x3
# [cpu2] [DCPTracer@/arm-io/dcpext] [management] >0x5(StartEP) 0050000300000002 (TYPE=0x5, EP=0x3, FLAG=2)
# [cpu2] [DCPTracer@/arm-io/dcpext] >ep:03 0008000000000000 ()
# [cpu3] [DCPTracer@/arm-io/dcpext] <ep:03 0001000000000fa1 ()
# [cpu2] [DCPTracer@/arm-io/dcpext] [management]   Starting endpoint #0x4
# [cpu2] [DCPTracer@/arm-io/dcpext] [management] >0x5(StartEP) 0050000400000002 (TYPE=0x5, EP=0x4, FLAG=2)
# [cpu2] [DCPTracer@/arm-io/dcpext] [management]   Starting endpoint #0x8
# [cpu2] [DCPTracer@/arm-io/dcpext] [management] >0x5(StartEP) 0050000800000002 (TYPE=0x5, EP=0x8, FLAG=2)
# [cpu2] [DCPTracer@/arm-io/dcpext] [management]   Starting endpoint #0xa
# [cpu2] [DCPTracer@/arm-io/dcpext] [management] >0x5(StartEP) 0050000a00000002 (TYPE=0x5, EP=0xa, FLAG=2)
# [cpu2] [DCPTracer@/arm-io/dcpext] >ep:0a 0000000000000000 ()
# [cpu2] [DCPTracer@/arm-io/dcpext] [management] >0x8(EPMap_Ack) 0080000000000001 (TYPE=0x8, LAST=0, BASE=0, MORE=1)
# [cpu3] [DCPTracer@/arm-io/dcpext] [management]   Adding endpoint #0x20 (system)
# [cpu3] [DCPTracer@/arm-io/dcpext] [management]   Adding endpoint #0x21 (test)
# [cpu3] [DCPTracer@/arm-io/dcpext] [management]   Adding endpoint #0x22 (dcpexpert)
# [cpu3] [DCPTracer@/arm-io/dcpext] [management]   Adding endpoint #0x23
# [cpu3] [DCPTracer@/arm-io/dcpext] [management]   Adding endpoint #0x24 (dpavctrl)
# [cpu3] [DCPTracer@/arm-io/dcpext] [management]   Adding endpoint #0x25 (epicep)
# [cpu3] [DCPTracer@/arm-io/dcpext] [management]   Adding endpoint #0x26 (dpsac)
# [cpu3] [DCPTracer@/arm-io/dcpext] [management]   Adding endpoint #0x27 (dpdev)
# [cpu3] [DCPTracer@/arm-io/dcpext] [management]   Adding endpoint #0x28 (dpavserv)
# [cpu3] [DCPTracer@/arm-io/dcpext] [management]   Adding endpoint #0x29 (av)
# [cpu3] [DCPTracer@/arm-io/dcpext] [management]   Adding endpoint #0x2a (dptxport)
# [cpu3] [DCPTracer@/arm-io/dcpext] [management]   Adding endpoint #0x2b (hdcp)
# [cpu3] [DCPTracer@/arm-io/dcpext] [management]   Adding endpoint #0x2c (epicep2c)
# [cpu3] [DCPTracer@/arm-io/dcpext] [management]   Adding endpoint #0x37 (dcpep)
# [cpu3] [DCPTracer@/arm-io/dcpext] [management] <0x8(EPMap) 0088000100801fff (TYPE=0x8, LAST=1, BASE=1, BITMAP=0x801fff)
# [cpu2] [DCPTracer@/arm-io/dcpext] >ep:03 0001000f01304000 ()
# [cpu2] [DCPTracer@/arm-io/dcpext] >ep:03 0002000f01328000 ()
# [cpu0] [DCPTracer@/arm-io/dcpext] [management] >0x8(EPMap_Ack) 0088000100000000 (TYPE=0x8, LAST=1, BASE=1, MORE=0)
# [cpu0] [DCPTracer@/arm-io/dcpext] <ep:01 0011000f00267000 ()
# [cpu0] [DCPTracer@/arm-io/dcpext] <ep:04 0010400000000000 ()
# [cpu0] [DCPTracer@/arm-io/dcpext] >ep:04 0010400f01330000 ()
# [cpu2] [DCPTracer@/arm-io/dcpext] <ep:04 00c0000000000000 ()
# [cpu2] [DCPTracer@/arm-io/dcpext] <ep:04 0080000000000000 ()
# [cpu0] [DCPTracer@/arm-io/dcpext] >ep:04 0080000000000000 ()
# [cpu3] [DCPTracer@/arm-io/dcpext] <ep:04 0080000000000000 ()
# [cpu0] [DCPTracer@/arm-io/dcpext] >ep:04 0080000000000000 ()
# [cpu2] [DCPTracer@/arm-io/dcpext] <ep:04 0080000000000000 ()
# [cpu0] [DCPTracer@/arm-io/dcpext] >ep:04 0080000000000000 ()
# [cpu3] [DCPTracer@/arm-io/dcpext] <ep:04 0080000000000000 ()
# [cpu0] [DCPTracer@/arm-io/dcpext] >ep:04 0080000000000000 ()
# [cpu0] [DCPTracer@/arm-io/dcpext] <ep:04 0080000000000000 ()
# [cpu0] [DCPTracer@/arm-io/dcpext] >ep:04 0080000000000000 ()
# [cpu3] [DCPTracer@/arm-io/dcpext] <ep:04 0080000000000000 ()
# [cpu0] [DCPTracer@/arm-io/dcpext] >ep:04 0080000000000000 ()
# [cpu2] [DCPTracer@/arm-io/dcpext] <ep:04 0080000000000000 ()
# [cpu0] [DCPTracer@/arm-io/dcpext] >ep:04 0080000000000000 ()
# [cpu2] [DCPTracer@/arm-io/dcpext] <ep:04 0080000000000000 ()
# [cpu0] [DCPTracer@/arm-io/dcpext] >ep:01 0011000be204b000 ()
# [cpu0] [DCPTracer@/arm-io/dcpext] >ep:04 0080000000000000 ()
# [cpu3] [DCPTracer@/arm-io/dcpext] <ep:04 0080000000000000 ()
# [cpu0] [DCPTracer@/arm-io/dcpext] >ep:04 0080000000000000 ()
# [cpu2] [DCPTracer@/arm-io/dcpext] <ep:04 0080000000000000 ()
# [cpu0] [DCPTracer@/arm-io/dcpext] >ep:04 0080000000000000 ()
# [cpu2] [DCPTracer@/arm-io/dcpext] <ep:04 0080000000000000 ()
# [cpu0] [DCPTracer@/arm-io/dcpext] >ep:04 0080000000000000 ()
# [cpu0] [DCPTracer@/arm-io/dcpext] <ep:04 0080000000000000 ()
# [cpu0] [DCPTracer@/arm-io/dcpext] >ep:04 0080000000000000 ()
# [cpu3] [DCPTracer@/arm-io/dcpext] [management] <0x7(None) 0070000000000020 (TYPE=0x7)
# [cpu0] [DCPTracer@/arm-io/dcpext] [management] >0xb(SetAPPower) 00b0000000000020 (TYPE=0xb, STATE=0x20)
# [cpu2] [DCPTracer@/arm-io/dcpext] [syslog] <0x8(Init) 008000008000003f (TYPE=0x8, ENTRYSIZE=0x80, COUNT=0x3f)
# [cpu2] [DCPTracer@/arm-io/dcpext] [syslog] <0x1(GetBuf) 0010300000000000 (TYPE=0x1, SIZE=0x3, DVA=0x0)
# [cpu0] [DCPTracer@/arm-io/dcpext] [syslog] >0x1(GetBuf_Ack) 0010300f01338000 (TYPE=0x1, SIZE=0x3, DVA=0xf01338000)
# [cpu2] [DCPTracer@/arm-io/dcpext] <ep:08 0103ff8000f0025f ()
# [cpu2] [DCPTracer@/arm-io/dcpext] [management] <0xb(SetAPPowerAck) 00b0000000000020 (TYPE=0xb, STATE=0x20)
# [cpu1] [DCPTracer@/arm-io/dcpext] [management]   Starting endpoint #0x21 (test)
# [cpu1] [DCPTracer@/arm-io/dcpext] [management] >0x5(StartEP) 0050002100000002 (TYPE=0x5, EP=0x21, FLAG=2)
# [cpu3] [DCPTracer@/arm-io/dcpext] [management]   Starting endpoint #0x27 (dpdev)
# [cpu3] [DCPTracer@/arm-io/dcpext] [management] >0x5(StartEP) 0050002700000002 (TYPE=0x5, EP=0x27, FLAG=2)
# [cpu1] [DCPTracer@/arm-io/dcpext] [test] >0x80(Init) 0080000000000008 (TYPE=0x80)
# [cpu2] [DCPTracer@/arm-io/dcpext] [test] <0xa0(Init_Ack) 00a0000000000008 (TYPE=0xa0)
# [cpu2] [DCPTracer@/arm-io/dcpext] [test] <0x89(GetBuf) 008900000200cafe (TYPE=0x89)
# [cpu3] [DCPTracer@/arm-io/dcpext] [dpdev] >0x80(Init) 0080000000000008 (TYPE=0x80)
# [cpu3] [DCPTracer@/arm-io/dcpext] [dpdev] <0xa0(Init_Ack) 00a0000000000008 (TYPE=0xa0)
# [cpu3] [DCPTracer@/arm-io/dcpext] [dpdev] <0x89(GetBuf) 008900000200cafe (TYPE=0x89)
# [cpu3] [DCPTracer@/arm-io/dcpext] [management]   Starting endpoint #0x24 (dpavctrl)
# [cpu3] [DCPTracer@/arm-io/dcpext] [management] >0x5(StartEP) 0050002400000002 (TYPE=0x5, EP=0x24, FLAG=2)
# [cpu3] [DCPTracer@/arm-io/dcpext] [dpavctrl] >0x80(Init) 0080000000000008 (TYPE=0x80)
# [cpu2] [DCPTracer@/arm-io/dcpext] [dpavctrl] <0xa0(Init_Ack) 00a0000000000008 (TYPE=0xa0)
# [cpu2] [DCPTracer@/arm-io/dcpext] [dpavctrl] <0x89(GetBuf) 008900000200cafe (TYPE=0x89)
# [cpu1] [DCPTracer@/arm-io/dcpext] [dpdev] >0xa1(GetBuf_Ack) 00a1000f01340000 (TYPE=0xa1, DVA=0xf01340000)
# [cpu1] [DCPTracer@/arm-io/dcpext] [dpdev] <0x8a(InitTX) 008a00000100cafe (TYPE=0x8a, OFFSET=0x0, SIZE=0x100, TAG=0xcafe)
# [cpu1] [DCPTracer@/arm-io/dcpext] [dpdev] <0x8b(InitRX) 008b01000100cafe (TYPE=0x8b, OFFSET=0x100, SIZE=0x100, TAG=0xcafe)
# [cpu3] [DCPTracer@/arm-io/dcpext] [management]   Starting endpoint #0x26 (dpsac)
# [cpu3] [DCPTracer@/arm-io/dcpext] [management] >0x5(StartEP) 0050002600000002 (TYPE=0x5, EP=0x26, FLAG=2)
# [cpu1] [DCPTracer@/arm-io/dcpext] [dpdev] >0xa3(Hello) 00a3000000000000 (TYPE=0xa3)
# [cpu2] [DCPTracer@/arm-io/dcpext] [dpdev] <0x86(None) 0086000000000000 (TYPE=0x86)
# [cpu2] [DCPTracer@/arm-io/dcpext] <ep:04 0080000000000000 ()
# [cpu3] [DCPTracer@/arm-io/dcpext] [dpsac] >0x80(Init) 0080000000000008 (TYPE=0x80)
# [cpu3] [DCPTracer@/arm-io/dcpext] [test] >0xa1(GetBuf_Ack) 00a1000f0134c000 (TYPE=0xa1, DVA=0xf0134c000)
# [cpu3] [DCPTracer@/arm-io/dcpext] [dpavctrl] >0xa1(GetBuf_Ack) 00a1000f01358000 (TYPE=0xa1, DVA=0xf01358000)
# [cpu3] [DCPTracer@/arm-io/dcpext] [management]   Starting endpoint #0x25 (epicep)
# [cpu3] [DCPTracer@/arm-io/dcpext] [management] >0x5(StartEP) 0050002500000002 (TYPE=0x5, EP=0x25, FLAG=2)
# [cpu3] [DCPTracer@/arm-io/dcpext] [epicep] >0x80(Init) 0080000000000008 (TYPE=0x80)
# [cpu1] [DCPTracer@/arm-io/dcpext] >ep:04 0080000000000000 ()
# [cpu1] [DCPTracer@/arm-io/dcpext] <ep:04 0080000000000000 ()
# [cpu1] [DCPTracer@/arm-io/dcpext] >ep:04 0080000000000000 ()
# [cpu3] [DCPTracer@/arm-io/dcpext] [test] <0x8a(InitTX) 008a00000100cafe (TYPE=0x8a, OFFSET=0x0, SIZE=0x100, TAG=0xcafe)
# [cpu3] [DCPTracer@/arm-io/dcpext] [test] <0x8b(InitRX) 008b01000100cafe (TYPE=0x8b, OFFSET=0x100, SIZE=0x100, TAG=0xcafe)
# [cpu3] [DCPTracer@/arm-io/dcpext] [dpavctrl] <0x8a(InitTX) 008a00000100cafe (TYPE=0x8a, OFFSET=0x0, SIZE=0x100, TAG=0xcafe)
# [cpu3] [DCPTracer@/arm-io/dcpext] [dpavctrl] <0x8b(InitRX) 008b01000100cafe (TYPE=0x8b, OFFSET=0x100, SIZE=0x100, TAG=0xcafe)
# [cpu3] [DCPTracer@/arm-io/dcpext] [epicep] <0xa0(Init_Ack) 00a0000000000008 (TYPE=0xa0)
# [cpu3] [DCPTracer@/arm-io/dcpext] [epicep] <0x89(GetBuf) 008900000200cafe (TYPE=0x89)
# [cpu3] [DCPTracer@/arm-io/dcpext] [dpsac] <0xa0(Init_Ack) 00a0000000000008 (TYPE=0xa0)
# [cpu3] [DCPTracer@/arm-io/dcpext] [dpsac] <0x89(GetBuf) 008900000200cafe (TYPE=0x89)
# [cpu1] [DCPTracer@/arm-io/dcpext] [test] >0xa3(Hello) 00a3000000000000 (TYPE=0xa3)
# [cpu2] [DCPTracer@/arm-io/dcpext] [test] <0x86(None) 0086000000000000 (TYPE=0x86)
# [cpu2] [DCPTracer@/arm-io/dcpext] <ep:04 0080000000000000 ()
# [cpu2] [DCPTracer@/arm-io/dcpext] [dpavctrl] >0xa3(Hello) 00a3000000000000 (TYPE=0xa3)
# [cpu1] [DCPTracer@/arm-io/dcpext] [management]   Starting endpoint #0x2a (dptxport)
# [cpu1] [DCPTracer@/arm-io/dcpext] [management] >0x5(StartEP) 0050002a00000002 (TYPE=0x5, EP=0x2a, FLAG=2)
# [cpu1] [DCPTracer@/arm-io/dcpext] [dptxport] >0x80(Init) 0080000000000008 (TYPE=0x80)
# [cpu2] [DCPTracer@/arm-io/dcpext] [dpsac] >0xa1(GetBuf_Ack) 00a1000f01364000 (TYPE=0xa1, DVA=0xf01364000)
# [cpu3] [DCPTracer@/arm-io/dcpext] [epicep] >0xa1(GetBuf_Ack) 00a1000f01370000 (TYPE=0xa1, DVA=0xf01370000)
# [cpu3] [DCPTracer@/arm-io/dcpext] [management]   Starting endpoint #0x2c (epicep2c)
# [cpu3] [DCPTracer@/arm-io/dcpext] [management] >0x5(StartEP) 0050002c00000002 (TYPE=0x5, EP=0x2c, FLAG=2)
# [cpu1] [DCPTracer@/arm-io/dcpext] [management]   Starting endpoint #0x29 (av)
# [cpu1] [DCPTracer@/arm-io/dcpext] [management] >0x5(StartEP) 0050002900000002 (TYPE=0x5, EP=0x29, FLAG=2)
# [cpu3] [DCPTracer@/arm-io/dcpext] [epicep2c] >0x80(Init) 0080000000000008 (TYPE=0x80)
# [cpu1] [DCPTracer@/arm-io/dcpext] [av] >0x80(Init) 0080000000000008 (TYPE=0x80)
# [cpu1] [DCPTracer@/arm-io/dcpext] [management]   Starting endpoint #0x23
# [cpu1] [DCPTracer@/arm-io/dcpext] [management] >0x5(StartEP) 0050002300000002 (TYPE=0x5, EP=0x23, FLAG=2)
# [cpu1] [DCPTracer@/arm-io/dcpext] >ep:23 0080000000000008 ()
# [cpu2] [DCPTracer@/arm-io/dcpext] [management]   Starting endpoint #0x28 (dpavserv)
# [cpu2] [DCPTracer@/arm-io/dcpext] [management] >0x5(StartEP) 0050002800000002 (TYPE=0x5, EP=0x28, FLAG=2)
# [cpu1] [DCPTracer@/arm-io/dcpext] [management]   Starting endpoint #0x22 (dcpexpert)
# [cpu1] [DCPTracer@/arm-io/dcpext] [management] >0x5(StartEP) 0050002200000002 (TYPE=0x5, EP=0x22, FLAG=2)
# [cpu2] [DCPTracer@/arm-io/dcpext] [dpavserv] >0x80(Init) 0080000000000008 (TYPE=0x80)
# [cpu1] [DCPTracer@/arm-io/dcpext] [dcpexpert] >0x80(Init) 0080000000000008 (TYPE=0x80)
# [cpu2] [DCPTracer@/arm-io/dcpext] [management]   Starting endpoint #0x2b (hdcp)
# [cpu2] [DCPTracer@/arm-io/dcpext] [management] >0x5(StartEP) 0050002b00000002 (TYPE=0x5, EP=0x2b, FLAG=2)
# [cpu2] [DCPTracer@/arm-io/dcpext] [hdcp] >0x80(Init) 0080000000000008 (TYPE=0x80)
# [cpu1] [DCPTracer@/arm-io/dcpext] >ep:04 0080000000000000 ()
# [cpu3] [DCPTracer@/arm-io/dcpext] <ep:04 0080000000000000 ()
# [cpu1] [DCPTracer@/arm-io/dcpext] >ep:04 0080000000000000 ()
# [cpu2] [DCPTracer@/arm-io/dcpext] [dcpexpert] <0xa0(Init_Ack) 00a0000000000008 (TYPE=0xa0)
# [cpu2] [DCPTracer@/arm-io/dcpext] [dcpexpert] <0x89(GetBuf) 008900000200cafe (TYPE=0x89)
# [cpu2] [DCPTracer@/arm-io/dcpext] <ep:23 00a0000000000008 ()
# [cpu2] [DCPTracer@/arm-io/dcpext] <ep:23 008900000200cafe ()
# [cpu2] [DCPTracer@/arm-io/dcpext] [epicep] <0x8a(InitTX) 008a00000100cafe (TYPE=0x8a, OFFSET=0x0, SIZE=0x100, TAG=0xcafe)
# [cpu2] [DCPTracer@/arm-io/dcpext] [epicep] <0x8b(InitRX) 008b01000100cafe (TYPE=0x8b, OFFSET=0x100, SIZE=0x100, TAG=0xcafe)
# [cpu2] [DCPTracer@/arm-io/dcpext] [dpsac] <0x8a(InitTX) 008a00000100cafe (TYPE=0x8a, OFFSET=0x0, SIZE=0x100, TAG=0xcafe)
# [cpu2] [DCPTracer@/arm-io/dcpext] [dpsac] <0x8b(InitRX) 008b01000100cafe (TYPE=0x8b, OFFSET=0x100, SIZE=0x100, TAG=0xcafe)
# [cpu2] [DCPTracer@/arm-io/dcpext] [dpavserv] <0xa0(Init_Ack) 00a0000000000008 (TYPE=0xa0)
# [cpu1] [DCPTracer@/arm-io/dcpext] [management]   Starting endpoint #0x20 (system)
# [cpu1] [DCPTracer@/arm-io/dcpext] [management] >0x5(StartEP) 0050002000000002 (TYPE=0x5, EP=0x20, FLAG=2)
# [cpu2] [DCPTracer@/arm-io/dcpext] [dpavserv] <0x89(GetBuf) 008900000200cafe (TYPE=0x89)
# [cpu2] [DCPTracer@/arm-io/dcpext] [av] <0xa0(Init_Ack) 00a0000000000008 (TYPE=0xa0)
# [cpu2] [DCPTracer@/arm-io/dcpext] [av] <0x89(GetBuf) 008900000200cafe (TYPE=0x89)
# [cpu2] [DCPTracer@/arm-io/dcpext] [dptxport] <0xa0(Init_Ack) 00a0000000000008 (TYPE=0xa0)
# [cpu2] [DCPTracer@/arm-io/dcpext] [dptxport] <0x89(GetBuf) 008900000200cafe (TYPE=0x89)
# [cpu2] [DCPTracer@/arm-io/dcpext] [hdcp] <0xa0(Init_Ack) 00a0000000000008 (TYPE=0xa0)
# [cpu2] [DCPTracer@/arm-io/dcpext] [hdcp] <0x89(GetBuf) 008900000200cafe (TYPE=0x89)
# [cpu2] [DCPTracer@/arm-io/dcpext] [epicep2c] <0xa0(Init_Ack) 00a0000000000008 (TYPE=0xa0)
# [cpu2] [DCPTracer@/arm-io/dcpext] [epicep2c] <0x89(GetBuf) 008900000200cafe (TYPE=0x89)
# [cpu2] [DCPTracer@/arm-io/dcpext] [dpavctrl] <0x86(None) 0086000000000000 (TYPE=0x86)
# [cpu1] [DCPTracer@/arm-io/dcpext] [system] >0x80(Init) 0080000000000008 (TYPE=0x80)
# [cpu1] [DCPTracer@/arm-io/dcpext] <ep:04 0080000000000000 ()
# [cpu2] [DCPTracer@/arm-io/dcpext] [dcpexpert] >0xa1(GetBuf_Ack) 00a1000f0137c000 (TYPE=0xa1, DVA=0xf0137c000)
# [cpu3] [DCPTracer@/arm-io/dcpext] [epicep] >0xa3(Hello) 00a3000000000000 (TYPE=0xa3)
# [cpu2] [DCPTracer@/arm-io/dcpext] [dpsac] >0xa3(Hello) 00a3000000000000 (TYPE=0xa3)
# [cpu2] [DCPTracer@/arm-io/dcpext] [dpavserv] >0xa1(GetBuf_Ack) 00a1000f01388000 (TYPE=0xa1, DVA=0xf01388000)
# [cpu0] [DCPTracer@/arm-io/dcpext] [dptxport] >0xa1(GetBuf_Ack) 00a1000f01394000 (TYPE=0xa1, DVA=0xf01394000)
# [cpu3] [DCPTracer@/arm-io/dcpext] >ep:23 00a1000f013a0000 ()
# [cpu1] [DCPTracer@/arm-io/dcpext] [av] >0xa1(GetBuf_Ack) 00a1000f013ac000 (TYPE=0xa1, DVA=0xf013ac000)
# [cpu0] [DCPTracer@/arm-io/dcpext] [epicep2c] >0xa1(GetBuf_Ack) 00a1000f013b8000 (TYPE=0xa1, DVA=0xf013b8000)
# [cpu0] [DCPTracer@/arm-io/dcpext] >ep:04 0080000000000000 ()
# [cpu2] [DCPTracer@/arm-io/dcpext] <ep:04 0080000000000000 ()
# [cpu0] [DCPTracer@/arm-io/dcpext] >ep:04 0080000000000000 ()
# [cpu3] [DCPTracer@/arm-io/dcpext] [dpavctrl] <RX msg:0x85000000000000 (TYPE=0x85)
# [cpu3] [DCPTracer@/arm-io/dcpext] [dpavctrl] <Ch 1 Type REPLY Ver 2 Tag 0
# [cpu3] [DCPTracer@/arm-io/dcpext] [dpavctrl]   Len 240 Ver 4 Cat REPORT Type 0x30/ANNOUNCE Seq 0
# [cpu3] [DCPTracer@/arm-io/dcpext] [dpavctrl] Init: dispext0:dcpav-controller-epic:
# [cpu3] [DCPTracer@/arm-io/dcpext] [dpavctrl]   Props: {'EPICName': 'dcpav-controller-epic', 'EPICUnit': 0, 'EPICLocation': 'External', 'EPICProviderClass': 'AppleDCPDPTXController', 'interface-name': 'dispext0:dcpav-controller-epic:0'}
# [cpu3] [DCPTracer@/arm-io/dcpext] [dpavctrl] New service: dcpav-controller-epic0 on channel 1
# [cpu3] [DCPTracer@/arm-io/dcpext] [dpavctrl] <Ch 3 Type REPLY Ver 2 Tag 1
# [cpu3] [DCPTracer@/arm-io/dcpext] [dpavctrl]   Len 240 Ver 4 Cat REPORT Type 0x30/ANNOUNCE Seq 0
# [cpu3] [DCPTracer@/arm-io/dcpext] [dpavctrl] Init: dispext0:dcpdp-controller-epic:
# [cpu3] [DCPTracer@/arm-io/dcpext] [dpavctrl]   Props: {'EPICName': 'dcpdp-controller-epic', 'EPICUnit': 0, 'EPICLocation': 'External', 'EPICProviderClass': 'AppleDCPDPTXController', 'interface-name': 'dispext0:dcpdp-controller-epic:0'}
# [cpu3] [DCPTracer@/arm-io/dcpext] [dpavctrl] New service: dcpdp-controller-epic0 on channel 3
# [cpu3] [DCPTracer@/arm-io/dcpext] [dpavctrl] <Ch 5 Type REPLY Ver 2 Tag 2
# [cpu3] [DCPTracer@/arm-io/dcpext] [dpavctrl]   Len 240 Ver 4 Cat REPORT Type 0x30/ANNOUNCE Seq 0
# [cpu3] [DCPTracer@/arm-io/dcpext] [dpavctrl] Init: dispext0:dcpav-controller-epic:
# [cpu3] [DCPTracer@/arm-io/dcpext] [dpavctrl]   Props: {'EPICName': 'dcpav-controller-epic', 'EPICUnit': 1, 'EPICLocation': 'External', 'EPICProviderClass': 'AppleDCPDPTXController', 'interface-name': 'dispext0:dcpav-controller-epic:1'}
# [cpu3] [DCPTracer@/arm-io/dcpext] [dpavctrl] New service: dcpav-controller-epic1 on channel 5
# [cpu3] [DCPTracer@/arm-io/dcpext] [dpavctrl] <Ch 7 Type REPLY Ver 2 Tag 3
# [cpu3] [DCPTracer@/arm-io/dcpext] [dpavctrl]   Len 240 Ver 4 Cat REPORT Type 0x30/ANNOUNCE Seq 0
# [cpu3] [DCPTracer@/arm-io/dcpext] [dpavctrl] Init: dispext0:dcpdp-controller-epic:
# [cpu3] [DCPTracer@/arm-io/dcpext] [dpavctrl]   Props: {'EPICName': 'dcpdp-controller-epic', 'EPICUnit': 1, 'EPICLocation': 'External', 'EPICProviderClass': 'AppleDCPDPTXController', 'interface-name': 'dispext0:dcpdp-controller-epic:1'}
# [cpu3] [DCPTracer@/arm-io/dcpext] [dpavctrl] New service: dcpdp-controller-epic1 on channel 7
# [cpu3] [DCPTracer@/arm-io/dcpext] [system] <0xa0(Init_Ack) 00a0000000000008 (TYPE=0xa0)
# [cpu3] [DCPTracer@/arm-io/dcpext] [system] <0x89(GetBuf) 008900000200cafe (TYPE=0x89)
# [cpu3] [DCPTracer@/arm-io/dcpext] [dcpexpert] <0x8a(InitTX) 008a00000100cafe (TYPE=0x8a, OFFSET=0x0, SIZE=0x100, TAG=0xcafe)
# [cpu3] [DCPTracer@/arm-io/dcpext] [dcpexpert] <0x8b(InitRX) 008b01000100cafe (TYPE=0x8b, OFFSET=0x100, SIZE=0x100, TAG=0xcafe)
# [cpu3] [DCPTracer@/arm-io/dcpext] <ep:23 008a00000100cafe ()
# [cpu3] [DCPTracer@/arm-io/dcpext] <ep:23 008b01000100cafe ()
# [cpu3] [DCPTracer@/arm-io/dcpext] [dpavserv] <0x8a(InitTX) 008a00000100cafe (TYPE=0x8a, OFFSET=0x0, SIZE=0x100, TAG=0xcafe)
# [cpu3] [DCPTracer@/arm-io/dcpext] [dpavserv] <0x8b(InitRX) 008b01000100cafe (TYPE=0x8b, OFFSET=0x100, SIZE=0x100, TAG=0xcafe)
# [cpu3] [DCPTracer@/arm-io/dcpext] [av] <0x8a(InitTX) 008a00000100cafe (TYPE=0x8a, OFFSET=0x0, SIZE=0x100, TAG=0xcafe)
# [cpu3] [DCPTracer@/arm-io/dcpext] [av] <0x8b(InitRX) 008b01000100cafe (TYPE=0x8b, OFFSET=0x100, SIZE=0x100, TAG=0xcafe)
# [cpu3] [DCPTracer@/arm-io/dcpext] [dptxport] <0x8a(InitTX) 008a00000100cafe (TYPE=0x8a, OFFSET=0x0, SIZE=0x100, TAG=0xcafe)
# [cpu3] [DCPTracer@/arm-io/dcpext] [dptxport] <0x8b(InitRX) 008b01000100cafe (TYPE=0x8b, OFFSET=0x100, SIZE=0x100, TAG=0xcafe)
# [cpu3] [DCPTracer@/arm-io/dcpext] [epicep2c] <0x8a(InitTX) 008a00000100cafe (TYPE=0x8a, OFFSET=0x0, SIZE=0x100, TAG=0xcafe)
# [cpu3] [DCPTracer@/arm-io/dcpext] [epicep2c] <0x8b(InitRX) 008b01000100cafe (TYPE=0x8b, OFFSET=0x100, SIZE=0x100, TAG=0xcafe)
# [cpu3] [DCPTracer@/arm-io/dcpext] [epicep] <0x86(None) 0086000000000000 (TYPE=0x86)
# [cpu2] [DCPTracer@/arm-io/dcpext] [hdcp] >0xa1(GetBuf_Ack) 00a1000f013c4000 (TYPE=0xa1, DVA=0xf013c4000)
# [cpu3] [DCPTracer@/arm-io/dcpext] <ep:04 0080000000000000 ()
# [cpu2] [DCPTracer@/arm-io/dcpext] [system] >0xa1(GetBuf_Ack) 00a1000f013d0000 (TYPE=0xa1, DVA=0xf013d0000)
# [cpu2] [DCPTracer@/arm-io/dcpext] [dcpexpert] >0xa3(Hello) 00a3000000000000 (TYPE=0xa3)
# [cpu2] [DCPTracer@/arm-io/dcpext] >ep:23 00a3000000000000 ()
# [cpu2] [DCPTracer@/arm-io/dcpext] [dpavserv] >0xa3(Hello) 00a3000000000000 (TYPE=0xa3)
# [cpu2] [DCPTracer@/arm-io/dcpext] [av] >0xa3(Hello) 00a3000000000000 (TYPE=0xa3)
# [cpu2] [DCPTracer@/arm-io/dcpext] [dptxport] >0xa3(Hello) 00a3000000000000 (TYPE=0xa3)
# [cpu0] [DCPTracer@/arm-io/dcpext] [epicep2c] >0xa3(Hello) 00a3000000000000 (TYPE=0xa3)
# [cpu2] [DCPTracer@/arm-io/dcpext] >ep:04 0080000000000000 ()
# [cpu2] [DCPTracer@/arm-io/dcpext] <ep:04 0080000000000000 ()
# [cpu2] [DCPTracer@/arm-io/dcpext] >ep:04 0080000000000000 ()
# [cpu3] [DCPTracer@/arm-io/dcpext] [system] <0x8a(InitTX) 008a00000100cafe (TYPE=0x8a, OFFSET=0x0, SIZE=0x100, TAG=0xcafe)
# [cpu3] [DCPTracer@/arm-io/dcpext] [system] <0x8b(InitRX) 008b01000100cafe (TYPE=0x8b, OFFSET=0x100, SIZE=0x100, TAG=0xcafe)
# [cpu3] [DCPTracer@/arm-io/dcpext] [hdcp] <0x8a(InitTX) 008a00000100cafe (TYPE=0x8a, OFFSET=0x0, SIZE=0x100, TAG=0xcafe)
# [cpu3] [DCPTracer@/arm-io/dcpext] [hdcp] <0x8b(InitRX) 008b01000100cafe (TYPE=0x8b, OFFSET=0x100, SIZE=0x100, TAG=0xcafe)
# [cpu3] [DCPTracer@/arm-io/dcpext] [dpsac] <0x86(None) 0086000000000000 (TYPE=0x86)
# [cpu3] [DCPTracer@/arm-io/dcpext] <ep:04 0080000000000000 ()
# [cpu2] [DCPTracer@/arm-io/dcpext] [system] >0xa3(Hello) 00a3000000000000 (TYPE=0xa3)
# [cpu0] [DCPTracer@/arm-io/dcpext] [hdcp] >0xa3(Hello) 00a3000000000000 (TYPE=0xa3)
# [cpu0] [DCPTracer@/arm-io/dcpext] >ep:04 0080000000000000 ()
# [cpu3] [DCPTracer@/arm-io/dcpext] <ep:04 0080000000000000 ()
# [cpu0] [DCPTracer@/arm-io/dcpext] >ep:04 0080000000000000 ()
# [cpu3] [DCPTracer@/arm-io/dcpext] [dcpexpert] <0x86(None) 0086000000000000 (TYPE=0x86)
# [cpu3] [DCPTracer@/arm-io/dcpext] <ep:04 0080000000000000 ()
# [cpu0] [DCPTracer@/arm-io/dcpext] >ep:04 0080000000000000 ()
# [cpu2] [DCPTracer@/arm-io/dcpext] <ep:04 0080000000000000 ()
# [cpu0] [DCPTracer@/arm-io/dcpext] >ep:04 0080000000000000 ()
# [cpu2] [DCPTracer@/arm-io/dcpext] [dcpexpert] <RX msg:0x85000000000000 (TYPE=0x85)
# [cpu2] [DCPTracer@/arm-io/dcpext] [dcpexpert] <Ch 1 Type REPLY Ver 2 Tag 0
# [cpu2] [DCPTracer@/arm-io/dcpext] [dcpexpert]   Len 68 Ver 4 Cat REPORT Type 0x30/ANNOUNCE Seq 0
# [cpu2] [DCPTracer@/arm-io/dcpext] [dcpexpert] Init: dcpexpert-service
# [cpu2] [DCPTracer@/arm-io/dcpext] [dcpexpert]   Props: {'interface-id': 0}
# [cpu2] [DCPTracer@/arm-io/dcpext] [dcpexpert] New service: dcpexpert-service on channel 1
# [cpu2] [DCPTracer@/arm-io/dcpext] <ep:23 0086000000000000 ()
# [cpu2] [DCPTracer@/arm-io/dcpext] <ep:04 0080000000000000 ()
# [cpu2] [DCPTracer@/arm-io/dcpext] >ep:04 0080000000000000 ()
# [cpu2] [DCPTracer@/arm-io/dcpext] <ep:04 0080000000000000 ()
# [cpu2] [DCPTracer@/arm-io/dcpext] >ep:04 0080000000000000 ()
# [cpu2] [DCPTracer@/arm-io/dcpext] <ep:23 0085000000000000 ()
# [cpu2] [DCPTracer@/arm-io/dcpext] [dpavserv] <0x86(None) 0086000000000000 (TYPE=0x86)
# [cpu2] [DCPTracer@/arm-io/dcpext] <ep:04 0080000000000000 ()
# [cpu2] [DCPTracer@/arm-io/dcpext] >ep:04 0080000000000000 ()
# [cpu2] [DCPTracer@/arm-io/dcpext] <ep:04 0080000000000000 ()
# [cpu2] [DCPTracer@/arm-io/dcpext] >ep:04 0080000000000000 ()
# [cpu2] [DCPTracer@/arm-io/dcpext] [av] <0x86(None) 0086000000000000 (TYPE=0x86)
# [cpu2] [DCPTracer@/arm-io/dcpext] <ep:04 0080000000000000 ()
# [cpu2] [DCPTracer@/arm-io/dcpext] >ep:04 0080000000000000 ()
# [cpu2] [DCPTracer@/arm-io/dcpext] <ep:04 0080000000000000 ()
# [cpu2] [DCPTracer@/arm-io/dcpext] >ep:04 0080000000000000 ()
# [cpu3] [DCPTracer@/arm-io/dcpext] [dptxport] <0x86(None) 0086000000000000 (TYPE=0x86)
# [cpu0] [DCPTracer@/arm-io/dcpext] <ep:04 0080000000000000 ()
# [cpu2] [DCPTracer@/arm-io/dcpext] >ep:04 0080000000000000 ()
# [cpu2] [DCPTracer@/arm-io/dcpext] <ep:04 0080000000000000 ()
# [cpu2] [DCPTracer@/arm-io/dcpext] >ep:04 0080000000000000 ()
# [cpu2] [DCPTracer@/arm-io/dcpext] [dptxport] <RX msg:0x85000000000000 (TYPE=0x85)
# [cpu2] [DCPTracer@/arm-io/dcpext] [dptxport] <Ch 1 Type REPLY Ver 2 Tag 0
# [cpu2] [DCPTracer@/arm-io/dcpext] [dptxport]   Len 232 Ver 4 Cat REPORT Type 0x30/ANNOUNCE Seq 0
# [cpu2] [DCPTracer@/arm-io/dcpext] [dptxport] Init: dispext0:dcpdptx-port-epic:0
# [cpu2] [DCPTracer@/arm-io/dcpext] [dptxport]   Props: {'EPICName': 'dcpdptx-port-epic', 'EPICUnit': 0, 'EPICLocation': 'External', 'EPICProviderClass': 'AppleDCPDPTXRemotePort', 'interface-name': 'dispext0:dcpdptx-port-epic:0'}
# [cpu2] [DCPTracer@/arm-io/dcpext] [dptxport] New service: dcpdptx-port-epic0 on channel 1
# [cpu2] [DCPTracer@/arm-io/dcpext] [dptxport] <Ch 3 Type REPLY Ver 2 Tag 1
# [cpu2] [DCPTracer@/arm-io/dcpext] [dptxport]   Len 232 Ver 4 Cat REPORT Type 0x30/ANNOUNCE Seq 0
# [cpu2] [DCPTracer@/arm-io/dcpext] [dptxport] Init: dispext0:dcpdptx-port-epic:1
# [cpu2] [DCPTracer@/arm-io/dcpext] [dptxport]   Props: {'EPICName': 'dcpdptx-port-epic', 'EPICUnit': 1, 'EPICLocation': 'External', 'EPICProviderClass': 'AppleDCPDPTXRemotePort', 'interface-name': 'dispext0:dcpdptx-port-epic:1'}
# [cpu2] [DCPTracer@/arm-io/dcpext] [dptxport] New service: dcpdptx-port-epic1 on channel 3
# [cpu2] [DCPTracer@/arm-io/dcpext] [epicep2c] <0x86(None) 0086000000000000 (TYPE=0x86)
# [cpu2] [DCPTracer@/arm-io/dcpext] <ep:04 0080000000000000 ()
# [cpu2] [DCPTracer@/arm-io/dcpext] >ep:04 0080000000000000 ()
# [cpu2] [DCPTracer@/arm-io/dcpext] <ep:04 0080000000000000 ()
# [cpu2] [DCPTracer@/arm-io/dcpext] >ep:04 0080000000000000 ()
# [cpu2] [DCPTracer@/arm-io/dcpext] [system] <0x86(None) 0086000000000000 (TYPE=0x86)
# [cpu0] [DCPTracer@/arm-io/dcpext] [management]   Starting endpoint #0x37 (dcpep)
# [cpu0] [DCPTracer@/arm-io/dcpext] [management] >0x5(StartEP) 0050003700000002 (TYPE=0x5, EP=0x37, FLAG=2)
# [cpu2] [DCPTracer@/arm-io/dcpext] <ep:04 0080000000000000 ()
# [cpu2] [DCPTracer@/arm-io/dcpext] >ep:04 0080000000000000 ()
# [cpu2] [DCPTracer@/arm-io/dcpext] <ep:04 0080000000000000 ()
# [cpu2] [DCPTracer@/arm-io/dcpext] >ep:04 0080000000000000 ()
# [cpu2] [DCPTracer@/arm-io/dcpext] [system] <RX msg:0x85000000000000 (TYPE=0x85)
# [cpu2] [DCPTracer@/arm-io/dcpext] [system] <Ch 1 Type REPLY Ver 2 Tag 0
# [cpu2] [DCPTracer@/arm-io/dcpext] [system]   Len 64 Ver 4 Cat REPORT Type 0x30/ANNOUNCE Seq 0
# [cpu2] [DCPTracer@/arm-io/dcpext] [system] Init: system
# [cpu2] [DCPTracer@/arm-io/dcpext] [system]   Props: {'system-service': True}
# [cpu2] [DCPTracer@/arm-io/dcpext] [system] New service: system on channel 1
# [cpu2] [DCPTracer@/arm-io/dcpext] [system] <Ch 3 Type REPLY Ver 2 Tag 1
# [cpu2] [DCPTracer@/arm-io/dcpext] [system]   Len 32 Ver 4 Cat REPORT Type 0x30/ANNOUNCE Seq 0
# [cpu2] [DCPTracer@/arm-io/dcpext] [system] Init: powerlog-service
# [cpu2] [DCPTracer@/arm-io/dcpext] [system]   Props: None
# [cpu2] [DCPTracer@/arm-io/dcpext] [system] New service: powerlog-service on channel 3
# [cpu2] [DCPTracer@/arm-io/dcpext] [hdcp] <0x86(None) 0086000000000000 (TYPE=0x86)
# [cpu2] [DCPTracer@/arm-io/dcpext] <ep:04 0080000000000000 ()
# [cpu2] [DCPTracer@/arm-io/dcpext] >ep:04 0080000000000000 ()
# [cpu2] [DCPTracer@/arm-io/dcpext] <ep:04 0080000000000000 ()
# [cpu2] [DCPTracer@/arm-io/dcpext] >ep:04 0080000000000000 ()
# [cpu2] [DCPTracer@/arm-io/dcpext] [hdcp] <RX msg:0x85000000000000 (TYPE=0x85)
# [cpu2] [DCPTracer@/arm-io/dcpext] [hdcp] <Ch 1 Type REPLY Ver 2 Tag 0
# [cpu2] [DCPTracer@/arm-io/dcpext] [hdcp]   Len 244 Ver 4 Cat REPORT Type 0x30/ANNOUNCE Seq 0
# [cpu2] [DCPTracer@/arm-io/dcpext] [hdcp] Init: dispext0:dcpdptx-hdcp-interface
# [cpu2] [DCPTracer@/arm-io/dcpext] [hdcp]   Props: {'EPICName': 'dcpdptx-hdcp-interface', 'EPICUnit': 0, 'EPICLocation': 'External', 'EPICProviderClass': 'AppleDCPDPTXController', 'interface-name': 'dispext0:dcpdptx-hdcp-interface:0'}
# [cpu2] [DCPTracer@/arm-io/dcpext] [hdcp] New service: dcpdptx-hdcp-interface0 on channel 1
# [cpu2] [DCPTracer@/arm-io/dcpext] [hdcp] <Ch 3 Type REPLY Ver 2 Tag 1
# [cpu2] [DCPTracer@/arm-io/dcpext] [hdcp]   Len 244 Ver 4 Cat REPORT Type 0x30/ANNOUNCE Seq 0
# [cpu2] [DCPTracer@/arm-io/dcpext] [hdcp] Init: dispext0:dcpdptx-hdcp-interface
# [cpu2] [DCPTracer@/arm-io/dcpext] [hdcp]   Props: {'EPICName': 'dcpdptx-hdcp-interface', 'EPICUnit': 1, 'EPICLocation': 'External', 'EPICProviderClass': 'AppleDCPDPTXController', 'interface-name': 'dispext0:dcpdptx-hdcp-interface:1'}
# [cpu2] [DCPTracer@/arm-io/dcpext] [hdcp] New service: dcpdptx-hdcp-interface1 on channel 3
# [cpu0] [DCPTracer@/arm-io/dcpext] [dpavctrl] >TX msg:0xa2000000000040 (TYPE=0xa2, WPTR=0x40)
# [cpu0] [DCPTracer@/arm-io/dcpext] [dpavctrl] >Ch 7 Type NOTIFY Ver 2 Tag 0
# [cpu0] [DCPTracer@/arm-io/dcpext] [dpavctrl]   Len 8 Ver 4 Cat REPORT Type 0x12/18 Seq 0
# [cpu0] [DCPTracer@/arm-io/dcpext] [dpavctrl] Report 18
# [cpu0] [DCPTracer@/arm-io/dcpext] [dpavctrl] 00000000  3d 04 00 00 01 00 00 00                           |=.......        |
# [cpu3] [DCPTracer@/arm-io/dcpext] [hdcp] >TX msg:0xa2000000000040 (TYPE=0xa2, WPTR=0x40)
# [cpu3] [DCPTracer@/arm-io/dcpext] [hdcp] >Ch 3 Type NOTIFY Ver 2 Tag 0
# [cpu3] [DCPTracer@/arm-io/dcpext] [hdcp]   Len 8 Ver 4 Cat REPORT Type 0x12/18 Seq 0
# [cpu3] [DCPTracer@/arm-io/dcpext] [hdcp] Report 18
# [cpu3] [DCPTracer@/arm-io/dcpext] [hdcp] 00000000  40 04 00 00 01 00 00 00                           |@.......        |
# [cpu1] [DCPTracer@/arm-io/dcpext] [dpavctrl] >TX msg:0xa2000000000080 (TYPE=0xa2, WPTR=0x80)
# [cpu1] [DCPTracer@/arm-io/dcpext] [dpavctrl] >Ch 1 Type NOTIFY Ver 2 Tag 1
# [cpu1] [DCPTracer@/arm-io/dcpext] [dpavctrl]   Len 8 Ver 4 Cat REPORT Type 0x12/18 Seq 0
# [cpu1] [DCPTracer@/arm-io/dcpext] [dpavctrl] Report 18
# [cpu1] [DCPTracer@/arm-io/dcpext] [dpavctrl] 00000000  6e 04 00 00 01 00 00 00                           |n.......        |
# [cpu2] [DCPTracer@/arm-io/dcpext] [dpavctrl] >TX msg:0xa2000000000100 (TYPE=0xa2, WPTR=0x100)
# [cpu2] [DCPTracer@/arm-io/dcpext] [dpavctrl] >Ch 1 Type COMMAND Ver 2 Tag 2
# [cpu2] [DCPTracer@/arm-io/dcpext] [dpavctrl]   Len 30 Ver 4 Cat COMMAND Type 0xc0/STD_SERVICE Seq 1
# [cpu2] [DCPTracer@/arm-io/dcpext] [dpavctrl] [dcpav-controller-epic0] > unknown group 0; command 12
# [cpu2] [DCPTracer@/arm-io/dcpext] [dpavctrl] [dcpav-controller-epic0] 00000000  00 00 00 00 00 00 00 00  00 00 00 00 00 00 00 00  |................|
# [cpu2] [DCPTracer@/arm-io/dcpext] [dpavctrl] [dcpav-controller-epic0] 00000010  *
# [cpu2] [DCPTracer@/arm-io/dcpext] [dpavctrl] <RX msg:0x85000000000000 (TYPE=0x85)
# [cpu2] [DCPTracer@/arm-io/dcpext] [dpavctrl] <Ch 1 Type REPLY Ver 2 Tag 4
# [cpu2] [DCPTracer@/arm-io/dcpext] [dpavctrl]   Len 30 Ver 4 Cat REPLY Type 0xc0/STD_SERVICE Seq 1
# [cpu2] [DCPTracer@/arm-io/dcpext] [dpavctrl] [dcpav-controller-epic0] < unknown group 0; command 12
# [cpu2] [DCPTracer@/arm-io/dcpext] [dpavctrl] [dcpav-controller-epic0] 00000000  00 00 00 00 00 00 00 00  00 00 00 00 00 00 00 00  |................|
# [cpu2] [DCPTracer@/arm-io/dcpext] [dpavctrl] [dcpav-controller-epic0] 00000010  *
# [cpu3] [DCPTracer@/arm-io/dcpext] [dptxport] >TX msg:0xa2000000000040 (TYPE=0xa2, WPTR=0x40)
# [cpu3] [DCPTracer@/arm-io/dcpext] [dptxport] >Ch 3 Type NOTIFY Ver 2 Tag 0
# [cpu3] [DCPTracer@/arm-io/dcpext] [dptxport]   Len 8 Ver 4 Cat REPORT Type 0x12/18 Seq 0
# [cpu3] [DCPTracer@/arm-io/dcpext] [dptxport] Report 18
# [cpu3] [DCPTracer@/arm-io/dcpext] [dptxport] 00000000  83 04 00 00 01 00 00 00                           |........        |
# [cpu0] [DCPTracer@/arm-io/dcpext] [dptxport] >TX msg:0xa2000000000080 (TYPE=0xa2, WPTR=0x80)
# [cpu0] [DCPTracer@/arm-io/dcpext] [dptxport] >Ch 1 Type NOTIFY Ver 2 Tag 1
# [cpu0] [DCPTracer@/arm-io/dcpext] [dptxport]   Len 8 Ver 4 Cat REPORT Type 0x12/18 Seq 0
# [cpu0] [DCPTracer@/arm-io/dcpext] [dptxport] Report 18
# [cpu0] [DCPTracer@/arm-io/dcpext] [dptxport] 00000000  e2 04 00 00 01 00 00 00                           |........        |
# [cpu1] [DCPTracer@/arm-io/dcpext] [dpavctrl] >TX msg:0xa2000000000140 (TYPE=0xa2, WPTR=0x140)
# [cpu1] [DCPTracer@/arm-io/dcpext] [dpavctrl] >Ch 5 Type NOTIFY Ver 2 Tag 3
# [cpu1] [DCPTracer@/arm-io/dcpext] [dpavctrl]   Len 8 Ver 4 Cat REPORT Type 0x12/18 Seq 0
# [cpu1] [DCPTracer@/arm-io/dcpext] [dpavctrl] Report 18
# [cpu1] [DCPTracer@/arm-io/dcpext] [dpavctrl] 00000000  e3 04 00 00 01 00 00 00                           |........        |
# [cpu1] [DCPTracer@/arm-io/dcpext] [dpavctrl] >TX msg:0xa20000000001c0 (TYPE=0xa2, WPTR=0x1c0)
# [cpu1] [DCPTracer@/arm-io/dcpext] [dpavctrl] >Ch 5 Type COMMAND Ver 2 Tag 4
# [cpu1] [DCPTracer@/arm-io/dcpext] [dpavctrl]   Len 30 Ver 4 Cat COMMAND Type 0xc0/STD_SERVICE Seq 1
# [cpu1] [DCPTracer@/arm-io/dcpext] [dpavctrl] [dcpav-controller-epic1] > unknown group 0; command 12
# [cpu1] [DCPTracer@/arm-io/dcpext] [dpavctrl] [dcpav-controller-epic1] 00000000  00 00 00 00 00 00 00 00  00 00 00 00 00 00 00 00  |................|
# [cpu1] [DCPTracer@/arm-io/dcpext] [dpavctrl] [dcpav-controller-epic1] 00000010  *
# [cpu2] [DCPTracer@/arm-io/dcpext] [dpavctrl] <RX msg:0x85000000000000 (TYPE=0x85)
# [cpu2] [DCPTracer@/arm-io/dcpext] [dpavctrl] <Ch 5 Type REPLY Ver 2 Tag 5
# [cpu2] [DCPTracer@/arm-io/dcpext] [dpavctrl]   Len 30 Ver 4 Cat REPLY Type 0xc0/STD_SERVICE Seq 1
# [cpu2] [DCPTracer@/arm-io/dcpext] [dpavctrl] [dcpav-controller-epic1] < unknown group 0; command 12
# [cpu2] [DCPTracer@/arm-io/dcpext] [dpavctrl] [dcpav-controller-epic1] 00000000  00 00 00 00 00 00 00 00  00 00 00 00 00 00 00 00  |................|
# [cpu2] [DCPTracer@/arm-io/dcpext] [dpavctrl] [dcpav-controller-epic1] 00000010  *
# [cpu3] [DCPTracer@/arm-io/dcpext] [dcpep] Shared memory DVA: 0xf013dc000
# [cpu3] [DCPTracer@/arm-io/dcpext] [dcpep] >0x0(SetShmem) 000f013dc0000040 (TYPE=0x0, DVA=0xf013dc000, FLAG=0x4)
# [cpu3] [DCPTracer@/arm-io/dcpext] [syslog] * [ap_link.c:299]shared memory dva: 0xf013dc000 0xffffffff00091000
# [cpu3] [DCPTracer@/arm-io/dcpext] [syslog] * [ap_link.c:276]ap_link: IOMFB: DCP heap size: 0x1030000 [iBoot:0x1030000] [LinkService:0x0]
# [cpu3] [DCPTracer@/arm-io/dcpext] [dcpep] <0x1(InitComplete) 0000000000400101 (TYPE=0x1)
# [cpu1] [DCPTracer@/arm-io/dcpext] [hdcp] >TX msg:0xa2000000000080 (TYPE=0xa2, WPTR=0x80)
# [cpu1] [DCPTracer@/arm-io/dcpext] [hdcp] >Ch 1 Type NOTIFY Ver 2 Tag 1
# [cpu1] [DCPTracer@/arm-io/dcpext] [hdcp]   Len 8 Ver 4 Cat REPORT Type 0x12/18 Seq 0
# [cpu1] [DCPTracer@/arm-io/dcpext] [hdcp] Report 18
# [cpu1] [DCPTracer@/arm-io/dcpext] [hdcp] 00000000  d6 04 00 00 01 00 00 00                           |........        |
# [cpu2] [DCPTracer@/arm-io/dcpext] [dpavctrl] >TX msg:0xa2000000000200 (TYPE=0xa2, WPTR=0x200)
# [cpu2] [DCPTracer@/arm-io/dcpext] [dpavctrl] >Ch 3 Type NOTIFY Ver 2 Tag 5
# [cpu2] [DCPTracer@/arm-io/dcpext] [dpavctrl]   Len 8 Ver 4 Cat REPORT Type 0x12/18 Seq 0
# [cpu2] [DCPTracer@/arm-io/dcpext] [dpavctrl] Report 18
# [cpu2] [DCPTracer@/arm-io/dcpext] [dpavctrl] 00000000  d5 04 00 00 01 00 00 00                           |........        |
# [cpu1] [DCPTracer@/arm-io/dcpext] [dcpep] >C[0x0] A401 IOMobileFramebufferAP::start_signal()
# [cpu3] [DCPTracer@/arm-io/dcpext] [dcpep] 0xc00000002 (TYPE=0x2, LEN=0xc, OFF=0x0, CTX=0x0(CB), ACK=0)
# [cpu3] [DCPTracer@/arm-io/dcpext] [dcpep] <d[0x0] D598 IOMobileFramebufferAP::find_swap_function_gated()
# [cpu1] [DCPTracer@/arm-io/dcpext] [dcpep] >ACK CB.0 (0x42 (TYPE=0x2, LEN=0x0, OFF=0x0, CTX=0x0(CB), ACK=1))
# [cpu2] [DCPTracer@/arm-io/dcpext] [dcpep] 0x1000000002 (TYPE=0x2, LEN=0x10, OFF=0x0, CTX=0x0(CB), ACK=0)
# [cpu2] [DCPTracer@/arm-io/dcpext] [dcpep] <d[0x0] D108 UnifiedPipeline2::create_provider_service()
# [cpu3] [DCPTracer@/arm-io/dcpext] [dcpep] >ACK CB.0 (0x42 (TYPE=0x2, LEN=0x0, OFF=0x0, CTX=0x0(CB), ACK=1))
# [cpu3] [DCPTracer@/arm-io/dcpext] [dcpep] 0x1000000002 (TYPE=0x2, LEN=0x10, OFF=0x0, CTX=0x0(CB), ACK=0)
# [cpu3] [DCPTracer@/arm-io/dcpext] [dcpep] <d[0x0] D108 UnifiedPipeline2::create_provider_service()
# [cpu3] [DCPTracer@/arm-io/dcpext] [dcpep] >ACK CB.0 (0x42 (TYPE=0x2, LEN=0x0, OFF=0x0, CTX=0x0(CB), ACK=1))
# [cpu3] [DCPTracer@/arm-io/dcpext] [dcpep] 0x1000000002 (TYPE=0x2, LEN=0x10, OFF=0x0, CTX=0x0(CB), ACK=0)
# [cpu3] [DCPTracer@/arm-io/dcpext] [dcpep] <d[0x0] D109 UnifiedPipeline2::create_product_service()
# [cpu3] [DCPTracer@/arm-io/dcpext] [dcpep] >ACK CB.0 (0x42 (TYPE=0x2, LEN=0x0, OFF=0x0, CTX=0x0(CB), ACK=1))
# [cpu3] [DCPTracer@/arm-io/dcpext] [dcpep] 0x1000000002 (TYPE=0x2, LEN=0x10, OFF=0x0, CTX=0x0(CB), ACK=0)
# [cpu3] [DCPTracer@/arm-io/dcpext] [dcpep] <d[0x0] D110 UnifiedPipeline2::create_PMU_service()
# [cpu3] [DCPTracer@/arm-io/dcpext] [dcpep] >ACK CB.0 (0x42 (TYPE=0x2, LEN=0x0, OFF=0x0, CTX=0x0(CB), ACK=1))
# [cpu3] [DCPTracer@/arm-io/dcpext] [syslog] * [nifiedPipeline.cpp:4175]IOMFB: Could not find PMU service
# [cpu3] [DCPTracer@/arm-io/dcpext] [dcpep] 0x1000000002 (TYPE=0x2, LEN=0x10, OFF=0x0, CTX=0x0(CB), ACK=0)
# [cpu3] [DCPTracer@/arm-io/dcpext] [dcpep] <d[0x0] D111 UnifiedPipeline2::create_iomfb_service()
# [cpu0] [DCPTracer@/arm-io/dcpext] [dcpep] >ACK CB.0 (0x42 (TYPE=0x2, LEN=0x0, OFF=0x0, CTX=0x0(CB), ACK=1))
# [cpu2] [DCPTracer@/arm-io/dcpext] [dcpep] 0x6000000002 (TYPE=0x2, LEN=0x60, OFF=0x0, CTX=0x0(CB), ACK=0)
# [cpu2] [DCPTracer@/arm-io/dcpext] [dcpep] <d[0x0] D414 ServiceRelay::sr_setProperty_int(obj='IOMF', key='bics_mode', value=0)
# [cpu0] [DCPTracer@/arm-io/dcpext] [dcpep] >ACK CB.0 (0x42 (TYPE=0x2, LEN=0x0, OFF=0x0, CTX=0x0(CB), ACK=1))
# [cpu2] [DCPTracer@/arm-io/dcpext] [dcpep] 0x5c00000002 (TYPE=0x2, LEN=0x5c, OFF=0x0, CTX=0x0(CB), ACK=0)
# [cpu2] [DCPTracer@/arm-io/dcpext] [dcpep] <d[0x0] D415 ServiceRelay::sr_setProperty_bool(obj='IOMF', key='external', value=True)
# [cpu3] [DCPTracer@/arm-io/dcpext] [dcpep] >ACK CB.0 (0x42 (TYPE=0x2, LEN=0x0, OFF=0x0, CTX=0x0(CB), ACK=1))
# [cpu3] [DCPTracer@/arm-io/dcpext] [dcpep] 0x6000000002 (TYPE=0x2, LEN=0x60, OFF=0x0, CTX=0x0(CB), ACK=0)
# [cpu3] [DCPTracer@/arm-io/dcpext] [dcpep] <d[0x0] D414 ServiceRelay::sr_setProperty_int(obj='IOMF', key='IdleState', value=5)
# [cpu3] [DCPTracer@/arm-io/dcpext] [dcpep] >ACK CB.0 (0x42 (TYPE=0x2, LEN=0x0, OFF=0x0, CTX=0x0(CB), ACK=1))
# [cpu3] [DCPTracer@/arm-io/dcpext] [dcpep] 0x6000000002 (TYPE=0x2, LEN=0x60, OFF=0x0, CTX=0x0(CB), ACK=0)
# [cpu3] [DCPTracer@/arm-io/dcpext] [dcpep] <d[0x0] D414 ServiceRelay::sr_setProperty_int(obj='IOMF', key='IdleCachingMethod', value=2)
# [cpu3] [DCPTracer@/arm-io/dcpext] [dcpep] >ACK CB.0 (0x42 (TYPE=0x2, LEN=0x0, OFF=0x0, CTX=0x0(CB), ACK=1))
# [cpu3] [DCPTracer@/arm-io/dcpext] [dcpep] 0x105800000002 (TYPE=0x2, LEN=0x1058, OFF=0x0, CTX=0x0(CB), ACK=0)
# [cpu3] [DCPTracer@/arm-io/dcpext] [dcpep] <d[0x0] D413 ServiceRelay::sr_setProperty_dict(obj='IOMF', key='M3TimingParameters', value=...)
# [cpu3] [DCPTracer@/arm-io/dcpext] [dcpep]   value = {'subframe-duration-nclks': 0,
           'display-lead-time-nclks': 0,
           'initial-subframe-irq-time-lines': 0,
           'subframe-interrupt-time-lines': 0,
           'initial-vbi-advance-lines': 2,
           'vbi-advance-lines': 2}
# [cpu3] [DCPTracer@/arm-io/dcpext] [dcpep] >ACK CB.0 (0x42 (TYPE=0x2, LEN=0x0, OFF=0x0, CTX=0x0(CB), ACK=1))
# [cpu3] [DCPTracer@/arm-io/dcpext] [dcpep] 0x6000000002 (TYPE=0x2, LEN=0x60, OFF=0x0, CTX=0x0(CB), ACK=0)
# [cpu3] [DCPTracer@/arm-io/dcpext] [dcpep] <d[0x0] D414 ServiceRelay::sr_setProperty_int(obj='IOMF', key='IOMFBBICSType', value=0)
# [cpu3] [DCPTracer@/arm-io/dcpext] [dcpep] >ACK CB.0 (0x42 (TYPE=0x2, LEN=0x0, OFF=0x0, CTX=0x0(CB), ACK=1))
# [cpu3] [DCPTracer@/arm-io/dcpext] [dcpep] 0x5c00000002 (TYPE=0x2, LEN=0x5c, OFF=0x0, CTX=0x0(CB), ACK=0)
# [cpu3] [DCPTracer@/arm-io/dcpext] [dcpep] <d[0x0] D415 ServiceRelay::sr_setProperty_bool(obj='IOMF', key='APTDevice', value=False)
# [cpu1] [DCPTracer@/arm-io/dcpext] [dcpep] >ACK CB.0 (0x42 (TYPE=0x2, LEN=0x0, OFF=0x0, CTX=0x0(CB), ACK=1))
# [cpu0] [DCPTracer@/arm-io/dcpext] [dcpep] 0x6000000002 (TYPE=0x2, LEN=0x60, OFF=0x0, CTX=0x0(CB), ACK=0)
# [cpu0] [DCPTracer@/arm-io/dcpext] [dcpep] <d[0x0] D414 ServiceRelay::sr_setProperty_int(obj='IOMF', key='W40a_Blending_OK', value=1)
# [cpu3] [DCPTracer@/arm-io/dcpext] [dcpep] >ACK CB.0 (0x42 (TYPE=0x2, LEN=0x0, OFF=0x0, CTX=0x0(CB), ACK=1))
# [cpu3] [DCPTracer@/arm-io/dcpext] [dcpep] 0x6000000002 (TYPE=0x2, LEN=0x60, OFF=0x0, CTX=0x0(CB), ACK=0)
# [cpu3] [DCPTracer@/arm-io/dcpext] [dcpep] <d[0x0] D414 ServiceRelay::sr_setProperty_int(obj='IOMF', key='color-accuracy-index', value=0)
# [cpu0] [DCPTracer@/arm-io/dcpext] [dcpep] >ACK CB.0 (0x42 (TYPE=0x2, LEN=0x0, OFF=0x0, CTX=0x0(CB), ACK=1))
# [cpu3] [DCPTracer@/arm-io/dcpext] [dcpep] 0x5c00000002 (TYPE=0x2, LEN=0x5c, OFF=0x0, CTX=0x0(CB), ACK=0)
# [cpu3] [DCPTracer@/arm-io/dcpext] [dcpep] <d[0x0] D415 ServiceRelay::sr_setProperty_bool(obj='IOMF', key='ADP is generic pipe', value=True)
# [cpu0] [DCPTracer@/arm-io/dcpext] [dcpep] >ACK CB.0 (0x42 (TYPE=0x2, LEN=0x0, OFF=0x0, CTX=0x0(CB), ACK=1))
# [cpu3] [DCPTracer@/arm-io/dcpext] [dcpep] 0x5c00000002 (TYPE=0x2, LEN=0x5c, OFF=0x0, CTX=0x0(CB), ACK=0)
# [cpu3] [DCPTracer@/arm-io/dcpext] [dcpep] <d[0x0] D415 ServiceRelay::sr_setProperty_bool(obj='IOMF', key='NormalModeActive', value=False)
# [cpu0] [DCPTracer@/arm-io/dcpext] [dcpep] >ACK CB.0 (0x42 (TYPE=0x2, LEN=0x0, OFF=0x0, CTX=0x0(CB), ACK=1))
# [cpu2] [DCPTracer@/arm-io/dcpext] [dcpep] 0x1000000002 (TYPE=0x2, LEN=0x10, OFF=0x0, CTX=0x0(CB), ACK=0)
# [cpu2] [DCPTracer@/arm-io/dcpext] [dcpep] <d[0x0] D112 UnifiedPipeline2::create_backlight_service()
# [cpu3] [DCPTracer@/arm-io/dcpext] [dcpep] >ACK CB.0 (0x42 (TYPE=0x2, LEN=0x0, OFF=0x0, CTX=0x0(CB), ACK=1))
# [cpu3] [DCPTracer@/arm-io/dcpext] [syslog] * [nifiedPipeline.cpp:4191]IOMFB: Could not find Backlight service
# [cpu3] [DCPTracer@/arm-io/dcpext] [dcpep] 0x1000000002 (TYPE=0x2, LEN=0x10, OFF=0x0, CTX=0x0(CB), ACK=0)
# [cpu3] [DCPTracer@/arm-io/dcpext] [dcpep] <d[0x0] D113 UnifiedPipeline2::create_nvram_service()
# [cpu1] [DCPTracer@/arm-io/dcpext] [dcpep] >ACK CB.0 (0x42 (TYPE=0x2, LEN=0x0, OFF=0x0, CTX=0x0(CB), ACK=1))
# [cpu3] [DCPTracer@/arm-io/dcpext] [syslog] * [nifiedPipeline.cpp:4199]IOMFB: Could not find nvram service
# [cpu3] [DCPTracer@/arm-io/dcpext] [syslog] * [nifiedPipeline.cpp:1838]virtual bool UnifiedPipeline::start_ios_gated(): Created AP Services
# [cpu3] [DCPTracer@/arm-io/dcpext] [dcpep] 0x1c00000002 (TYPE=0x2, LEN=0x1c, OFF=0x0, CTX=0x0(CB), ACK=0)
# [cpu3] [DCPTracer@/arm-io/dcpext] [dcpep] <d[0x0] D300 PropRelay::pr_publish(prop_id=40, value=0, unk0=0, unk1=0)
# [cpu3] [DCPTracer@/arm-io/dcpext] [dcpep] >ACK CB.0 (0x42 (TYPE=0x2, LEN=0x0, OFF=0x0, CTX=0x0(CB), ACK=1))
# [cpu2] [DCPTracer@/arm-io/dcpext] [dcpep] 0x1c00000002 (TYPE=0x2, LEN=0x1c, OFF=0x0, CTX=0x0(CB), ACK=0)
# [cpu2] [DCPTracer@/arm-io/dcpext] [dcpep] <d[0x0] D300 PropRelay::pr_publish(prop_id=61, value=0, unk0=0, unk1=0)
# [cpu0] [DCPTracer@/arm-io/dcpext] [dcpep] >ACK CB.0 (0x42 (TYPE=0x2, LEN=0x0, OFF=0x0, CTX=0x0(CB), ACK=1))
# [cpu3] [DCPTracer@/arm-io/dcpext] [dcpep] 0x1c00000002 (TYPE=0x2, LEN=0x1c, OFF=0x0, CTX=0x0(CB), ACK=0)
# [cpu3] [DCPTracer@/arm-io/dcpext] [dcpep] <d[0x0] D300 PropRelay::pr_publish(prop_id=62, value=0, unk0=0, unk1=0)
# [cpu1] [DCPTracer@/arm-io/dcpext] [dcpep] >ACK CB.0 (0x42 (TYPE=0x2, LEN=0x0, OFF=0x0, CTX=0x0(CB), ACK=1))
# [cpu0] [DCPTracer@/arm-io/dcpext] [dcpep] 0x1c00000002 (TYPE=0x2, LEN=0x1c, OFF=0x0, CTX=0x0(CB), ACK=0)
# [cpu0] [DCPTracer@/arm-io/dcpext] [dcpep] <d[0x0] D300 PropRelay::pr_publish(prop_id=37, value=0, unk0=0, unk1=0)
# [cpu1] [DCPTracer@/arm-io/dcpext] [dcpep] >ACK CB.0 (0x42 (TYPE=0x2, LEN=0x0, OFF=0x0, CTX=0x0(CB), ACK=1))
# [cpu1] [DCPTracer@/arm-io/dcpext] [dcpep] 0x1c00000002 (TYPE=0x2, LEN=0x1c, OFF=0x0, CTX=0x0(CB), ACK=0)
# [cpu1] [DCPTracer@/arm-io/dcpext] [dcpep] <d[0x0] D300 PropRelay::pr_publish(prop_id=38, value=0, unk0=0, unk1=0)
# [cpu1] [DCPTracer@/arm-io/dcpext] [dcpep] >ACK CB.0 (0x42 (TYPE=0x2, LEN=0x0, OFF=0x0, CTX=0x0(CB), ACK=1))
# [cpu1] [DCPTracer@/arm-io/dcpext] [dcpep] 0x1c00000002 (TYPE=0x2, LEN=0x1c, OFF=0x0, CTX=0x0(CB), ACK=0)
# [cpu1] [DCPTracer@/arm-io/dcpext] [dcpep] <d[0x0] D300 PropRelay::pr_publish(prop_id=39, value=0, unk0=0, unk1=0)
# [cpu1] [DCPTracer@/arm-io/dcpext] [dcpep] >ACK CB.0 (0x42 (TYPE=0x2, LEN=0x0, OFF=0x0, CTX=0x0(CB), ACK=1))
# [cpu1] [DCPTracer@/arm-io/dcpext] [dcpep] 0x1c00000002 (TYPE=0x2, LEN=0x1c, OFF=0x0, CTX=0x0(CB), ACK=0)
# [cpu1] [DCPTracer@/arm-io/dcpext] [dcpep] <d[0x0] D300 PropRelay::pr_publish(prop_id=43, value=0, unk0=0, unk1=0)
# [cpu1] [DCPTracer@/arm-io/dcpext] [dcpep] >ACK CB.0 (0x42 (TYPE=0x2, LEN=0x0, OFF=0x0, CTX=0x0(CB), ACK=1))
# [cpu0] [DCPTracer@/arm-io/dcpext] [dcpep] 0x1c00000002 (TYPE=0x2, LEN=0x1c, OFF=0x0, CTX=0x0(CB), ACK=0)
# [cpu0] [DCPTracer@/arm-io/dcpext] [dcpep] <d[0x0] D300 PropRelay::pr_publish(prop_id=66, value=0, unk0=0, unk1=0)
# [cpu1] [DCPTracer@/arm-io/dcpext] [dcpep] >ACK CB.0 (0x42 (TYPE=0x2, LEN=0x0, OFF=0x0, CTX=0x0(CB), ACK=1))
# [cpu1] [DCPTracer@/arm-io/dcpext] [dcpep] 0x1c00000002 (TYPE=0x2, LEN=0x1c, OFF=0x0, CTX=0x0(CB), ACK=0)
# [cpu1] [DCPTracer@/arm-io/dcpext] [dcpep] <d[0x0] D300 PropRelay::pr_publish(prop_id=67, value=0, unk0=0, unk1=0)
# [cpu1] [DCPTracer@/arm-io/dcpext] [dcpep] >ACK CB.0 (0x42 (TYPE=0x2, LEN=0x0, OFF=0x0, CTX=0x0(CB), ACK=1))
# [cpu2] [DCPTracer@/arm-io/dcpext] [dcpep] 0x1c00000002 (TYPE=0x2, LEN=0x1c, OFF=0x0, CTX=0x0(CB), ACK=0)
# [cpu2] [DCPTracer@/arm-io/dcpext] [dcpep] <d[0x0] D300 PropRelay::pr_publish(prop_id=105, value=1, unk0=0, unk1=0)
# [cpu1] [DCPTracer@/arm-io/dcpext] [dcpep] >ACK CB.0 (0x42 (TYPE=0x2, LEN=0x0, OFF=0x0, CTX=0x0(CB), ACK=1))
# [cpu3] [DCPTracer@/arm-io/dcpext] [dcpep] 0x1c00000002 (TYPE=0x2, LEN=0x1c, OFF=0x0, CTX=0x0(CB), ACK=0)
# [cpu3] [DCPTracer@/arm-io/dcpext] [dcpep] <d[0x0] D300 PropRelay::pr_publish(prop_id=20, value=0, unk0=0, unk1=0)
# [cpu1] [DCPTracer@/arm-io/dcpext] [dcpep] >ACK CB.0 (0x42 (TYPE=0x2, LEN=0x0, OFF=0x0, CTX=0x0(CB), ACK=1))
# [cpu3] [DCPTracer@/arm-io/dcpext] [dcpep] 0x1c00000002 (TYPE=0x2, LEN=0x1c, OFF=0x0, CTX=0x0(CB), ACK=0)
# [cpu3] [DCPTracer@/arm-io/dcpext] [dcpep] <d[0x0] D300 PropRelay::pr_publish(prop_id=19, value=0, unk0=0, unk1=0)
# [cpu1] [DCPTracer@/arm-io/dcpext] [dcpep] >ACK CB.0 (0x42 (TYPE=0x2, LEN=0x0, OFF=0x0, CTX=0x0(CB), ACK=1))
# [cpu2] [DCPTracer@/arm-io/dcpext] [dcpep] 0x1c00000002 (TYPE=0x2, LEN=0x1c, OFF=0x0, CTX=0x0(CB), ACK=0)
# [cpu2] [DCPTracer@/arm-io/dcpext] [dcpep] <d[0x0] D300 PropRelay::pr_publish(prop_id=25, value=0, unk0=0, unk1=0)
# [cpu1] [DCPTracer@/arm-io/dcpext] [dcpep] >ACK CB.0 (0x42 (TYPE=0x2, LEN=0x0, OFF=0x0, CTX=0x0(CB), ACK=1))
# [cpu3] [DCPTracer@/arm-io/dcpext] [dcpep] 0x1c00000002 (TYPE=0x2, LEN=0x1c, OFF=0x0, CTX=0x0(CB), ACK=0)
# [cpu3] [DCPTracer@/arm-io/dcpext] [dcpep] <d[0x0] D300 PropRelay::pr_publish(prop_id=26, value=0, unk0=0, unk1=0)
# [cpu1] [DCPTracer@/arm-io/dcpext] [dcpep] >ACK CB.0 (0x42 (TYPE=0x2, LEN=0x0, OFF=0x0, CTX=0x0(CB), ACK=1))
# [cpu2] [DCPTracer@/arm-io/dcpext] [dcpep] 0x1c00000002 (TYPE=0x2, LEN=0x1c, OFF=0x0, CTX=0x0(CB), ACK=0)
# [cpu2] [DCPTracer@/arm-io/dcpext] [dcpep] <d[0x0] D300 PropRelay::pr_publish(prop_id=27, value=0, unk0=0, unk1=0)
# [cpu1] [DCPTracer@/arm-io/dcpext] [dcpep] >ACK CB.0 (0x42 (TYPE=0x2, LEN=0x0, OFF=0x0, CTX=0x0(CB), ACK=1))
# [cpu3] [DCPTracer@/arm-io/dcpext] [dcpep] 0x1c00000002 (TYPE=0x2, LEN=0x1c, OFF=0x0, CTX=0x0(CB), ACK=0)
# [cpu3] [DCPTracer@/arm-io/dcpext] [dcpep] <d[0x0] D300 PropRelay::pr_publish(prop_id=28, value=0, unk0=0, unk1=0)
# [cpu1] [DCPTracer@/arm-io/dcpext] [dcpep] >ACK CB.0 (0x42 (TYPE=0x2, LEN=0x0, OFF=0x0, CTX=0x0(CB), ACK=1))
# [cpu0] [DCPTracer@/arm-io/dcpext] [dcpep] 0x1c00000002 (TYPE=0x2, LEN=0x1c, OFF=0x0, CTX=0x0(CB), ACK=0)
# [cpu0] [DCPTracer@/arm-io/dcpext] [dcpep] <d[0x0] D300 PropRelay::pr_publish(prop_id=15, value=65536, unk0=0, unk1=0)
# [cpu1] [DCPTracer@/arm-io/dcpext] [dcpep] >ACK CB.0 (0x42 (TYPE=0x2, LEN=0x0, OFF=0x0, CTX=0x0(CB), ACK=1))
# [cpu0] [DCPTracer@/arm-io/dcpext] [dcpep] 0x1c00000002 (TYPE=0x2, LEN=0x1c, OFF=0x0, CTX=0x0(CB), ACK=0)
# [cpu0] [DCPTracer@/arm-io/dcpext] [dcpep] <d[0x0] D300 PropRelay::pr_publish(prop_id=162, value=0, unk0=0, unk1=0)
# [cpu1] [DCPTracer@/arm-io/dcpext] [dcpep] >ACK CB.0 (0x42 (TYPE=0x2, LEN=0x0, OFF=0x0, CTX=0x0(CB), ACK=1))
# [cpu2] [DCPTracer@/arm-io/dcpext] [dcpep] 0x1c00000002 (TYPE=0x2, LEN=0x1c, OFF=0x0, CTX=0x0(CB), ACK=0)
# [cpu2] [DCPTracer@/arm-io/dcpext] [dcpep] <d[0x0] D300 PropRelay::pr_publish(prop_id=34, value=65536, unk0=0, unk1=0)
# [cpu1] [DCPTracer@/arm-io/dcpext] [dcpep] >ACK CB.0 (0x42 (TYPE=0x2, LEN=0x0, OFF=0x0, CTX=0x0(CB), ACK=1))
# [cpu1] [DCPTracer@/arm-io/dcpext] [dcpep] 0x1c00000002 (TYPE=0x2, LEN=0x1c, OFF=0x0, CTX=0x0(CB), ACK=0)
# [cpu1] [DCPTracer@/arm-io/dcpext] [dcpep] <d[0x0] D300 PropRelay::pr_publish(prop_id=16, value=-1, unk0=0, unk1=0)
# [cpu1] [DCPTracer@/arm-io/dcpext] [dcpep] >ACK CB.0 (0x42 (TYPE=0x2, LEN=0x0, OFF=0x0, CTX=0x0(CB), ACK=1))
# [cpu2] [DCPTracer@/arm-io/dcpext] [dcpep] 0x1c00000002 (TYPE=0x2, LEN=0x1c, OFF=0x0, CTX=0x0(CB), ACK=0)
# [cpu2] [DCPTracer@/arm-io/dcpext] [dcpep] <d[0x0] D300 PropRelay::pr_publish(prop_id=17, value=-1, unk0=0, unk1=0)
# [cpu1] [DCPTracer@/arm-io/dcpext] [dcpep] >ACK CB.0 (0x42 (TYPE=0x2, LEN=0x0, OFF=0x0, CTX=0x0(CB), ACK=1))
# [cpu1] [DCPTracer@/arm-io/dcpext] [dcpep] 0x1c00000002 (TYPE=0x2, LEN=0x1c, OFF=0x0, CTX=0x0(CB), ACK=0)
# [cpu1] [DCPTracer@/arm-io/dcpext] [dcpep] <d[0x0] D300 PropRelay::pr_publish(prop_id=79, value=0, unk0=0, unk1=0)
# [cpu1] [DCPTracer@/arm-io/dcpext] [dcpep] >ACK CB.0 (0x42 (TYPE=0x2, LEN=0x0, OFF=0x0, CTX=0x0(CB), ACK=1))
# [cpu0] [DCPTracer@/arm-io/dcpext] [dcpep] 0x1c00000002 (TYPE=0x2, LEN=0x1c, OFF=0x0, CTX=0x0(CB), ACK=0)
# [cpu0] [DCPTracer@/arm-io/dcpext] [dcpep] <d[0x0] D300 PropRelay::pr_publish(prop_id=80, value=0, unk0=0, unk1=0)
# [cpu3] [DCPTracer@/arm-io/dcpext] [dcpep] >ACK CB.0 (0x42 (TYPE=0x2, LEN=0x0, OFF=0x0, CTX=0x0(CB), ACK=1))
# [cpu3] [DCPTracer@/arm-io/dcpext] [dcpep] 0x1c00000002 (TYPE=0x2, LEN=0x1c, OFF=0x0, CTX=0x0(CB), ACK=0)
# [cpu3] [DCPTracer@/arm-io/dcpext] [dcpep] <d[0x0] D300 PropRelay::pr_publish(prop_id=81, value=1, unk0=0, unk1=0)
# [cpu0] [DCPTracer@/arm-io/dcpext] [dcpep] >ACK CB.0 (0x42 (TYPE=0x2, LEN=0x0, OFF=0x0, CTX=0x0(CB), ACK=1))
# [cpu0] [DCPTracer@/arm-io/dcpext] [dcpep] 0x1c00000002 (TYPE=0x2, LEN=0x1c, OFF=0x0, CTX=0x0(CB), ACK=0)
# [cpu0] [DCPTracer@/arm-io/dcpext] [dcpep] <d[0x0] D300 PropRelay::pr_publish(prop_id=82, value=0, unk0=0, unk1=0)
# [cpu0] [DCPTracer@/arm-io/dcpext] [dcpep] >ACK CB.0 (0x42 (TYPE=0x2, LEN=0x0, OFF=0x0, CTX=0x0(CB), ACK=1))
# [cpu3] [DCPTracer@/arm-io/dcpext] [dcpep] 0x1c00000002 (TYPE=0x2, LEN=0x1c, OFF=0x0, CTX=0x0(CB), ACK=0)
# [cpu3] [DCPTracer@/arm-io/dcpext] [dcpep] <d[0x0] D300 PropRelay::pr_publish(prop_id=94, value=0, unk0=0, unk1=0)
# [cpu0] [DCPTracer@/arm-io/dcpext] [dcpep] >ACK CB.0 (0x42 (TYPE=0x2, LEN=0x0, OFF=0x0, CTX=0x0(CB), ACK=1))
# [cpu3] [DCPTracer@/arm-io/dcpext] [dcpep] 0x1c00000002 (TYPE=0x2, LEN=0x1c, OFF=0x0, CTX=0x0(CB), ACK=0)
# [cpu3] [DCPTracer@/arm-io/dcpext] [dcpep] <d[0x0] D300 PropRelay::pr_publish(prop_id=126, value=1, unk0=0, unk1=0)
# [cpu0] [DCPTracer@/arm-io/dcpext] [dcpep] >ACK CB.0 (0x42 (TYPE=0x2, LEN=0x0, OFF=0x0, CTX=0x0(CB), ACK=1))
# [cpu3] [DCPTracer@/arm-io/dcpext] [dcpep] 0x1c00000002 (TYPE=0x2, LEN=0x1c, OFF=0x0, CTX=0x0(CB), ACK=0)
# [cpu3] [DCPTracer@/arm-io/dcpext] [dcpep] <d[0x0] D300 PropRelay::pr_publish(prop_id=127, value=1, unk0=0, unk1=0)
# [cpu1] [DCPTracer@/arm-io/dcpext] [dcpep] >ACK CB.0 (0x42 (TYPE=0x2, LEN=0x0, OFF=0x0, CTX=0x0(CB), ACK=1))
# [cpu2] [DCPTracer@/arm-io/dcpext] [dcpep] 0x1c00000002 (TYPE=0x2, LEN=0x1c, OFF=0x0, CTX=0x0(CB), ACK=0)
# [cpu2] [DCPTracer@/arm-io/dcpext] [dcpep] <d[0x0] D300 PropRelay::pr_publish(prop_id=130, value=1, unk0=0, unk1=0)
# [cpu0] [DCPTracer@/arm-io/dcpext] [dcpep] >ACK CB.0 (0x42 (TYPE=0x2, LEN=0x0, OFF=0x0, CTX=0x0(CB), ACK=1))
# [cpu2] [DCPTracer@/arm-io/dcpext] [dcpep] 0x1c00000002 (TYPE=0x2, LEN=0x1c, OFF=0x0, CTX=0x0(CB), ACK=0)
# [cpu2] [DCPTracer@/arm-io/dcpext] [dcpep] <d[0x0] D300 PropRelay::pr_publish(prop_id=131, value=0, unk0=0, unk1=0)
# [cpu0] [DCPTracer@/arm-io/dcpext] [dcpep] >ACK CB.0 (0x42 (TYPE=0x2, LEN=0x0, OFF=0x0, CTX=0x0(CB), ACK=1))
# [cpu3] [DCPTracer@/arm-io/dcpext] [dcpep] 0x1c00000002 (TYPE=0x2, LEN=0x1c, OFF=0x0, CTX=0x0(CB), ACK=0)
# [cpu3] [DCPTracer@/arm-io/dcpext] [dcpep] <d[0x0] D300 PropRelay::pr_publish(prop_id=132, value=0, unk0=0, unk1=0)
# [cpu0] [DCPTracer@/arm-io/dcpext] [dcpep] >ACK CB.0 (0x42 (TYPE=0x2, LEN=0x0, OFF=0x0, CTX=0x0(CB), ACK=1))
# [cpu0] [DCPTracer@/arm-io/dcpext] [dcpep] 0x1c00000002 (TYPE=0x2, LEN=0x1c, OFF=0x0, CTX=0x0(CB), ACK=0)
# [cpu0] [DCPTracer@/arm-io/dcpext] [dcpep] <d[0x0] D300 PropRelay::pr_publish(prop_id=87, value=0, unk0=0, unk1=0)
# [cpu3] [DCPTracer@/arm-io/dcpext] [dcpep] >ACK CB.0 (0x42 (TYPE=0x2, LEN=0x0, OFF=0x0, CTX=0x0(CB), ACK=1))
# [cpu2] [DCPTracer@/arm-io/dcpext] [dcpep] 0x1c00000002 (TYPE=0x2, LEN=0x1c, OFF=0x0, CTX=0x0(CB), ACK=0)
# [cpu2] [DCPTracer@/arm-io/dcpext] [dcpep] <d[0x0] D300 PropRelay::pr_publish(prop_id=88, value=0, unk0=0, unk1=0)
# [cpu3] [DCPTracer@/arm-io/dcpext] [dcpep] >ACK CB.0 (0x42 (TYPE=0x2, LEN=0x0, OFF=0x0, CTX=0x0(CB), ACK=1))
# [cpu2] [DCPTracer@/arm-io/dcpext] [dcpep] 0x1c00000002 (TYPE=0x2, LEN=0x1c, OFF=0x0, CTX=0x0(CB), ACK=0)
# [cpu2] [DCPTracer@/arm-io/dcpext] [dcpep] <d[0x0] D300 PropRelay::pr_publish(prop_id=78, value=0, unk0=0, unk1=0)
# [cpu3] [DCPTracer@/arm-io/dcpext] [dcpep] >ACK CB.0 (0x42 (TYPE=0x2, LEN=0x0, OFF=0x0, CTX=0x0(CB), ACK=1))
# [cpu3] [DCPTracer@/arm-io/dcpext] [dcpep] 0x1c00000002 (TYPE=0x2, LEN=0x1c, OFF=0x0, CTX=0x0(CB), ACK=0)
# [cpu3] [DCPTracer@/arm-io/dcpext] [dcpep] <d[0x0] D300 PropRelay::pr_publish(prop_id=77, value=0, unk0=0, unk1=0)
# [cpu3] [DCPTracer@/arm-io/dcpext] [dcpep] >ACK CB.0 (0x42 (TYPE=0x2, LEN=0x0, OFF=0x0, CTX=0x0(CB), ACK=1))
# [cpu2] [DCPTracer@/arm-io/dcpext] [dcpep] 0x1c00000002 (TYPE=0x2, LEN=0x1c, OFF=0x0, CTX=0x0(CB), ACK=0)
# [cpu2] [DCPTracer@/arm-io/dcpext] [dcpep] <d[0x0] D300 PropRelay::pr_publish(prop_id=89, value=0, unk0=0, unk1=0)
# [cpu1] [DCPTracer@/arm-io/dcpext] [dcpep] >ACK CB.0 (0x42 (TYPE=0x2, LEN=0x0, OFF=0x0, CTX=0x0(CB), ACK=1))
# [cpu2] [DCPTracer@/arm-io/dcpext] [dcpep] 0x1c00000002 (TYPE=0x2, LEN=0x1c, OFF=0x0, CTX=0x0(CB), ACK=0)
# [cpu2] [DCPTracer@/arm-io/dcpext] [dcpep] <d[0x0] D300 PropRelay::pr_publish(prop_id=74, value=0, unk0=0, unk1=0)
# [cpu3] [DCPTracer@/arm-io/dcpext] [dcpep] >ACK CB.0 (0x42 (TYPE=0x2, LEN=0x0, OFF=0x0, CTX=0x0(CB), ACK=1))
# [cpu2] [DCPTracer@/arm-io/dcpext] [dcpep] 0x1c00000002 (TYPE=0x2, LEN=0x1c, OFF=0x0, CTX=0x0(CB), ACK=0)
# [cpu2] [DCPTracer@/arm-io/dcpext] [dcpep] <d[0x0] D300 PropRelay::pr_publish(prop_id=75, value=0, unk0=0, unk1=0)
# [cpu1] [DCPTracer@/arm-io/dcpext] [dcpep] >ACK CB.0 (0x42 (TYPE=0x2, LEN=0x0, OFF=0x0, CTX=0x0(CB), ACK=1))
# [cpu1] [DCPTracer@/arm-io/dcpext] [dcpep] 0x1c00000002 (TYPE=0x2, LEN=0x1c, OFF=0x0, CTX=0x0(CB), ACK=0)
# [cpu1] [DCPTracer@/arm-io/dcpext] [dcpep] <d[0x0] D300 PropRelay::pr_publish(prop_id=76, value=1, unk0=0, unk1=0)
# [cpu0] [DCPTracer@/arm-io/dcpext] [dcpep] >ACK CB.0 (0x42 (TYPE=0x2, LEN=0x0, OFF=0x0, CTX=0x0(CB), ACK=1))
# [cpu3] [DCPTracer@/arm-io/dcpext] [dcpep] 0x1c00000002 (TYPE=0x2, LEN=0x1c, OFF=0x0, CTX=0x0(CB), ACK=0)
# [cpu3] [DCPTracer@/arm-io/dcpext] [dcpep] <d[0x0] D300 PropRelay::pr_publish(prop_id=90, value=1, unk0=0, unk1=0)
# [cpu1] [DCPTracer@/arm-io/dcpext] [dcpep] >ACK CB.0 (0x42 (TYPE=0x2, LEN=0x0, OFF=0x0, CTX=0x0(CB), ACK=1))
# [cpu2] [DCPTracer@/arm-io/dcpext] [dcpep] 0x1c00000002 (TYPE=0x2, LEN=0x1c, OFF=0x0, CTX=0x0(CB), ACK=0)
# [cpu2] [DCPTracer@/arm-io/dcpext] [dcpep] <d[0x0] D300 PropRelay::pr_publish(prop_id=91, value=255, unk0=0, unk1=0)
# [cpu1] [DCPTracer@/arm-io/dcpext] [dcpep] >ACK CB.0 (0x42 (TYPE=0x2, LEN=0x0, OFF=0x0, CTX=0x0(CB), ACK=1))
# [cpu2] [DCPTracer@/arm-io/dcpext] [dcpep] 0x1c00000002 (TYPE=0x2, LEN=0x1c, OFF=0x0, CTX=0x0(CB), ACK=0)
# [cpu2] [DCPTracer@/arm-io/dcpext] [dcpep] <d[0x0] D300 PropRelay::pr_publish(prop_id=97, value=0, unk0=0, unk1=0)
# [cpu1] [DCPTracer@/arm-io/dcpext] [dcpep] >ACK CB.0 (0x42 (TYPE=0x2, LEN=0x0, OFF=0x0, CTX=0x0(CB), ACK=1))
# [cpu2] [DCPTracer@/arm-io/dcpext] [dcpep] 0x1c00000002 (TYPE=0x2, LEN=0x1c, OFF=0x0, CTX=0x0(CB), ACK=0)
# [cpu2] [DCPTracer@/arm-io/dcpext] [dcpep] <d[0x0] D300 PropRelay::pr_publish(prop_id=98, value=0, unk0=0, unk1=0)
# [cpu1] [DCPTracer@/arm-io/dcpext] [dcpep] >ACK CB.0 (0x42 (TYPE=0x2, LEN=0x0, OFF=0x0, CTX=0x0(CB), ACK=1))
# [cpu3] [DCPTracer@/arm-io/dcpext] [dcpep] 0x1c00000002 (TYPE=0x2, LEN=0x1c, OFF=0x0, CTX=0x0(CB), ACK=0)
# [cpu3] [DCPTracer@/arm-io/dcpext] [dcpep] <d[0x0] D300 PropRelay::pr_publish(prop_id=99, value=0, unk0=0, unk1=0)
# [cpu1] [DCPTracer@/arm-io/dcpext] [dcpep] >ACK CB.0 (0x42 (TYPE=0x2, LEN=0x0, OFF=0x0, CTX=0x0(CB), ACK=1))
# [cpu2] [DCPTracer@/arm-io/dcpext] [dcpep] 0x1c00000002 (TYPE=0x2, LEN=0x1c, OFF=0x0, CTX=0x0(CB), ACK=0)
# [cpu2] [DCPTracer@/arm-io/dcpext] [dcpep] <d[0x0] D300 PropRelay::pr_publish(prop_id=100, value=0, unk0=0, unk1=0)
# [cpu1] [DCPTracer@/arm-io/dcpext] [dcpep] >ACK CB.0 (0x42 (TYPE=0x2, LEN=0x0, OFF=0x0, CTX=0x0(CB), ACK=1))
# [cpu2] [DCPTracer@/arm-io/dcpext] [dcpep] 0x1c00000002 (TYPE=0x2, LEN=0x1c, OFF=0x0, CTX=0x0(CB), ACK=0)
# [cpu2] [DCPTracer@/arm-io/dcpext] [dcpep] <d[0x0] D300 PropRelay::pr_publish(prop_id=95, value=0, unk0=0, unk1=0)
# [cpu1] [DCPTracer@/arm-io/dcpext] [dcpep] >ACK CB.0 (0x42 (TYPE=0x2, LEN=0x0, OFF=0x0, CTX=0x0(CB), ACK=1))
# [cpu2] [DCPTracer@/arm-io/dcpext] [dcpep] 0x1c00000002 (TYPE=0x2, LEN=0x1c, OFF=0x0, CTX=0x0(CB), ACK=0)
# [cpu2] [DCPTracer@/arm-io/dcpext] [dcpep] <d[0x0] D300 PropRelay::pr_publish(prop_id=96, value=0, unk0=0, unk1=0)
# [cpu1] [DCPTracer@/arm-io/dcpext] [dcpep] >ACK CB.0 (0x42 (TYPE=0x2, LEN=0x0, OFF=0x0, CTX=0x0(CB), ACK=1))
# [cpu2] [DCPTracer@/arm-io/dcpext] [dcpep] 0x1c00000002 (TYPE=0x2, LEN=0x1c, OFF=0x0, CTX=0x0(CB), ACK=0)
# [cpu2] [DCPTracer@/arm-io/dcpext] [dcpep] <d[0x0] D300 PropRelay::pr_publish(prop_id=93, value=0, unk0=0, unk1=0)
# [cpu1] [DCPTracer@/arm-io/dcpext] [dcpep] >ACK CB.0 (0x42 (TYPE=0x2, LEN=0x0, OFF=0x0, CTX=0x0(CB), ACK=1))
# [cpu1] [DCPTracer@/arm-io/dcpext] [dcpep] 0x1c00000002 (TYPE=0x2, LEN=0x1c, OFF=0x0, CTX=0x0(CB), ACK=0)
# [cpu1] [DCPTracer@/arm-io/dcpext] [dcpep] <d[0x0] D300 PropRelay::pr_publish(prop_id=141, value=0, unk0=0, unk1=0)
# [cpu1] [DCPTracer@/arm-io/dcpext] [dcpep] >ACK CB.0 (0x42 (TYPE=0x2, LEN=0x0, OFF=0x0, CTX=0x0(CB), ACK=1))
# [cpu2] [DCPTracer@/arm-io/dcpext] [dcpep] 0x1c00000002 (TYPE=0x2, LEN=0x1c, OFF=0x0, CTX=0x0(CB), ACK=0)
# [cpu2] [DCPTracer@/arm-io/dcpext] [dcpep] <d[0x0] D300 PropRelay::pr_publish(prop_id=144, value=-1, unk0=0, unk1=0)
# [cpu1] [DCPTracer@/arm-io/dcpext] [dcpep] >ACK CB.0 (0x42 (TYPE=0x2, LEN=0x0, OFF=0x0, CTX=0x0(CB), ACK=1))
# [cpu3] [DCPTracer@/arm-io/dcpext] [dcpep] 0x1c00000002 (TYPE=0x2, LEN=0x1c, OFF=0x0, CTX=0x0(CB), ACK=0)
# [cpu3] [DCPTracer@/arm-io/dcpext] [dcpep] <d[0x0] D300 PropRelay::pr_publish(prop_id=145, value=0, unk0=0, unk1=0)
# [cpu1] [DCPTracer@/arm-io/dcpext] [dcpep] >ACK CB.0 (0x42 (TYPE=0x2, LEN=0x0, OFF=0x0, CTX=0x0(CB), ACK=1))
# [cpu2] [DCPTracer@/arm-io/dcpext] [dcpep] 0x1c00000002 (TYPE=0x2, LEN=0x1c, OFF=0x0, CTX=0x0(CB), ACK=0)
# [cpu2] [DCPTracer@/arm-io/dcpext] [dcpep] <d[0x0] D300 PropRelay::pr_publish(prop_id=13, value=65536, unk0=0, unk1=0)
# [cpu1] [DCPTracer@/arm-io/dcpext] [dcpep] >ACK CB.0 (0x42 (TYPE=0x2, LEN=0x0, OFF=0x0, CTX=0x0(CB), ACK=1))
# [cpu3] [DCPTracer@/arm-io/dcpext] [dcpep] 0x1c00000002 (TYPE=0x2, LEN=0x1c, OFF=0x0, CTX=0x0(CB), ACK=0)
# [cpu3] [DCPTracer@/arm-io/dcpext] [dcpep] <d[0x0] D300 PropRelay::pr_publish(prop_id=14, value=65536, unk0=0, unk1=0)
# [cpu1] [DCPTracer@/arm-io/dcpext] [dcpep] >ACK CB.0 (0x42 (TYPE=0x2, LEN=0x0, OFF=0x0, CTX=0x0(CB), ACK=1))
# [cpu2] [DCPTracer@/arm-io/dcpext] [dcpep] 0x1c00000002 (TYPE=0x2, LEN=0x1c, OFF=0x0, CTX=0x0(CB), ACK=0)
# [cpu2] [DCPTracer@/arm-io/dcpext] [dcpep] <d[0x0] D300 PropRelay::pr_publish(prop_id=68, value=0, unk0=0, unk1=0)
# [cpu1] [DCPTracer@/arm-io/dcpext] [dcpep] >ACK CB.0 (0x42 (TYPE=0x2, LEN=0x0, OFF=0x0, CTX=0x0(CB), ACK=1))
# [cpu3] [DCPTracer@/arm-io/dcpext] [dcpep] 0x1c00000002 (TYPE=0x2, LEN=0x1c, OFF=0x0, CTX=0x0(CB), ACK=0)
# [cpu3] [DCPTracer@/arm-io/dcpext] [dcpep] <d[0x0] D300 PropRelay::pr_publish(prop_id=0, value=0, unk0=0, unk1=0)
# [cpu1] [DCPTracer@/arm-io/dcpext] [dcpep] >ACK CB.0 (0x42 (TYPE=0x2, LEN=0x0, OFF=0x0, CTX=0x0(CB), ACK=1))
# [cpu3] [DCPTracer@/arm-io/dcpext] [dcpep] 0x1c00000002 (TYPE=0x2, LEN=0x1c, OFF=0x0, CTX=0x0(CB), ACK=0)
# [cpu3] [DCPTracer@/arm-io/dcpext] [dcpep] <d[0x0] D300 PropRelay::pr_publish(prop_id=1, value=0, unk0=0, unk1=0)
# [cpu1] [DCPTracer@/arm-io/dcpext] [dcpep] >ACK CB.0 (0x42 (TYPE=0x2, LEN=0x0, OFF=0x0, CTX=0x0(CB), ACK=1))
# [cpu3] [DCPTracer@/arm-io/dcpext] [dcpep] 0x1c00000002 (TYPE=0x2, LEN=0x1c, OFF=0x0, CTX=0x0(CB), ACK=0)
# [cpu3] [DCPTracer@/arm-io/dcpext] [dcpep] <d[0x0] D300 PropRelay::pr_publish(prop_id=21, value=1, unk0=0, unk1=0)
# [cpu1] [DCPTracer@/arm-io/dcpext] [dcpep] >ACK CB.0 (0x42 (TYPE=0x2, LEN=0x0, OFF=0x0, CTX=0x0(CB), ACK=1))
# [cpu1] [DCPTracer@/arm-io/dcpext] [dcpep] 0x1c00000002 (TYPE=0x2, LEN=0x1c, OFF=0x0, CTX=0x0(CB), ACK=0)
# [cpu1] [DCPTracer@/arm-io/dcpext] [dcpep] <d[0x0] D300 PropRelay::pr_publish(prop_id=92, value=1, unk0=0, unk1=0)
# [cpu1] [DCPTracer@/arm-io/dcpext] [dcpep] >ACK CB.0 (0x42 (TYPE=0x2, LEN=0x0, OFF=0x0, CTX=0x0(CB), ACK=1))
# [cpu2] [DCPTracer@/arm-io/dcpext] [dcpep] 0x1c00000002 (TYPE=0x2, LEN=0x1c, OFF=0x0, CTX=0x0(CB), ACK=0)
# [cpu2] [DCPTracer@/arm-io/dcpext] [dcpep] <d[0x0] D300 PropRelay::pr_publish(prop_id=103, value=2, unk0=0, unk1=0)
# [cpu1] [DCPTracer@/arm-io/dcpext] [dcpep] >ACK CB.0 (0x42 (TYPE=0x2, LEN=0x0, OFF=0x0, CTX=0x0(CB), ACK=1))
# [cpu2] [DCPTracer@/arm-io/dcpext] [dcpep] 0x1c00000002 (TYPE=0x2, LEN=0x1c, OFF=0x0, CTX=0x0(CB), ACK=0)
# [cpu2] [DCPTracer@/arm-io/dcpext] [dcpep] <d[0x0] D300 PropRelay::pr_publish(prop_id=161, value=0, unk0=0, unk1=0)
# [cpu1] [DCPTracer@/arm-io/dcpext] [dcpep] >ACK CB.0 (0x42 (TYPE=0x2, LEN=0x0, OFF=0x0, CTX=0x0(CB), ACK=1))
# [cpu2] [DCPTracer@/arm-io/dcpext] [dcpep] 0x1c00000002 (TYPE=0x2, LEN=0x1c, OFF=0x0, CTX=0x0(CB), ACK=0)
# [cpu2] [DCPTracer@/arm-io/dcpext] [dcpep] <d[0x0] D300 PropRelay::pr_publish(prop_id=160, value=0, unk0=0, unk1=0)
# [cpu3] [DCPTracer@/arm-io/dcpext] [dcpep] >ACK CB.0 (0x42 (TYPE=0x2, LEN=0x0, OFF=0x0, CTX=0x0(CB), ACK=1))
# [cpu3] [DCPTracer@/arm-io/dcpext] [syslog] * [nifiedPipeline.cpp:1871]virtual bool UnifiedPipeline::start_ios_gated(): Flushed RTPs
# [cpu3] [DCPTracer@/arm-io/dcpext] [dcpep] 0xc00000002 (TYPE=0x2, LEN=0xc, OFF=0x0, CTX=0x0(CB), ACK=0)
# [cpu3] [DCPTracer@/arm-io/dcpext] [dcpep] <d[0x0] D100 UnifiedPipeline2::match_pmu_service()
# [cpu0] [DCPTracer@/arm-io/dcpext] [dcpep] >ACK CB.0 (0x42 (TYPE=0x2, LEN=0x0, OFF=0x0, CTX=0x0(CB), ACK=1))
# [cpu3] [DCPTracer@/arm-io/dcpext] [dcpep] 0x1000000002 (TYPE=0x2, LEN=0x10, OFF=0x0, CTX=0x0(CB), ACK=0)
# [cpu3] [DCPTracer@/arm-io/dcpext] [dcpep] <d[0x0] D206 UPPipe2::match_pmu_service_2()
# [cpu0] [DCPTracer@/arm-io/dcpext] [dcpep] >ACK CB.0 (0x42 (TYPE=0x2, LEN=0x0, OFF=0x0, CTX=0x0(CB), ACK=1))
# [cpu0] [DCPTracer@/arm-io/dcpext] [dcpep] 0x1000000002 (TYPE=0x2, LEN=0x10, OFF=0x0, CTX=0x0(CB), ACK=0)
# [cpu0] [DCPTracer@/arm-io/dcpext] [dcpep] <d[0x0] D207 UPPipe2::match_backlight_service()
# [cpu0] [DCPTracer@/arm-io/dcpext] [dcpep] >ACK CB.0 (0x42 (TYPE=0x2, LEN=0x0, OFF=0x0, CTX=0x0(CB), ACK=1))
# [cpu2] [DCPTracer@/arm-io/dcpext] [dcpep] 0x105400000002 (TYPE=0x2, LEN=0x1054, OFF=0x0, CTX=0x0(CB), ACK=0)
# [cpu2] [DCPTracer@/arm-io/dcpext] [dcpep] <d[0x0] D552 IOMobileFramebufferAP::setProperty_dict(key='DisplayPipeStrideRequirements', value=...)
# [cpu2] [DCPTracer@/arm-io/dcpext] [dcpep]   value = {'StrideLinearHorizontal': 64, 'StrideLinearVertical': 1}
# [cpu3] [DCPTracer@/arm-io/dcpext] [dcpep] >ACK CB.0 (0x42 (TYPE=0x2, LEN=0x0, OFF=0x0, CTX=0x0(CB), ACK=1))
# [cpu3] [DCPTracer@/arm-io/dcpext] [dcpep] 0x105400000002 (TYPE=0x2, LEN=0x1054, OFF=0x0, CTX=0x0(CB), ACK=0)
# [cpu3] [DCPTracer@/arm-io/dcpext] [dcpep] <d[0x0] D552 IOMobileFramebufferAP::setProperty_dict(key='DisplayPipePlaneBaseAlignment', value=...)
# [cpu3] [DCPTracer@/arm-io/dcpext] [dcpep]   value = {'PlaneBaseAlignmentLinear': 64}
# [cpu0] [DCPTracer@/arm-io/dcpext] [dcpep] >ACK CB.0 (0x42 (TYPE=0x2, LEN=0x0, OFF=0x0, CTX=0x0(CB), ACK=1))
# [cpu3] [DCPTracer@/arm-io/dcpext] [syslog] * [PPipeDCP_H13P.cpp:11122]IOMFB setup_video_limits called on secondary display with no timing set
# [cpu3] [DCPTracer@/arm-io/dcpext] [dcpep] 0x9400000002 (TYPE=0x2, LEN=0x94, OFF=0x0, CTX=0x0(CB), ACK=0)
# [cpu3] [DCPTracer@/arm-io/dcpext] [dcpep] <d[0x0] D124 UnifiedPipeline2::read_edt_data(key='initial-vbi-advance-lines', count=1, value=[2])
# [cpu0] [DCPTracer@/arm-io/dcpext] [dcpep] >ACK CB.0 (0x42 (TYPE=0x2, LEN=0x0, OFF=0x0, CTX=0x0(CB), ACK=1))
# [cpu3] [DCPTracer@/arm-io/dcpext] [dcpep] 0x105400000002 (TYPE=0x2, LEN=0x1054, OFF=0x0, CTX=0x0(CB), ACK=0)
# [cpu3] [DCPTracer@/arm-io/dcpext] [dcpep] <d[0x0] D561 IOMobileFramebufferAP::setProperty_dict(key='M3TimingParameters', value=...)
# [cpu3] [DCPTracer@/arm-io/dcpext] [dcpep]   value = {'subframe-duration-nclks': 0,
           'display-lead-time-nclks': 0,
           'initial-subframe-irq-time-lines': 0,
           'subframe-interrupt-time-lines': 0,
           'initial-vbi-advance-lines': 2,
           'vbi-advance-lines': 2}
# [cpu3] [DCPTracer@/arm-io/dcpext] [dcpep] >ACK CB.0 (0x42 (TYPE=0x2, LEN=0x0, OFF=0x0, CTX=0x0(CB), ACK=1))
# [cpu3] [DCPTracer@/arm-io/dcpext] [dcpep] 0x105400000002 (TYPE=0x2, LEN=0x1054, OFF=0x0, CTX=0x0(CB), ACK=0)
# [cpu3] [DCPTracer@/arm-io/dcpext] [dcpep] <d[0x0] D552 IOMobileFramebufferAP::setProperty_dict(key='IOMFBMaxSrcPixels', value=...)
# [cpu3] [DCPTracer@/arm-io/dcpext] [dcpep]   value = {'MaxSrcRectWidth': 6144,
           'MaxSrcRectTotal': 26542080,
           'MaxSrcBufferWidth': 16384,
           'MaxSrcBufferHeight': 16384,
           'MaxVideoSrcDownscalingWidth': 0,
           'VideoClock': 0,
           'PixelClock': 0,
           'IOMFBMaxCompressedSizeInBytes': 0}
# [cpu3] [DCPTracer@/arm-io/dcpext] [dcpep] >ACK CB.0 (0x42 (TYPE=0x2, LEN=0x0, OFF=0x0, CTX=0x0(CB), ACK=1))
# [cpu2] [DCPTracer@/arm-io/dcpext] [dcpep] 0x1000000002 (TYPE=0x2, LEN=0x10, OFF=0x0, CTX=0x0(CB), ACK=0)
# [cpu2] [DCPTracer@/arm-io/dcpext] [dcpep] <d[0x0] D101 UnifiedPipeline2::UNK_get_some_field()
# [cpu1] [DCPTracer@/arm-io/dcpext] [dcpep] >ACK CB.0 (0x42 (TYPE=0x2, LEN=0x0, OFF=0x0, CTX=0x0(CB), ACK=1))
# [cpu2] [DCPTracer@/arm-io/dcpext] [dcpep] 0x105400000002 (TYPE=0x2, LEN=0x1054, OFF=0x0, CTX=0x0(CB), ACK=0)
# [cpu2] [DCPTracer@/arm-io/dcpext] [dcpep] <d[0x0] D552 IOMobileFramebufferAP::setProperty_dict(key='DisplayPipePlaneBaseAlignment', value=...)
# [cpu2] [DCPTracer@/arm-io/dcpext] [dcpep]   value = {'DefaultStride': 0,
           'LinearX_Alignment': 64,
           'LinearY_Alignment': 1,
           'PlaneBaseAlignmentLinear': 64}
# [cpu3] [DCPTracer@/arm-io/dcpext] [dcpep] >ACK CB.0 (0x42 (TYPE=0x2, LEN=0x0, OFF=0x0, CTX=0x0(CB), ACK=1))
# [cpu2] [DCPTracer@/arm-io/dcpext] [dcpep] 0x105400000002 (TYPE=0x2, LEN=0x1054, OFF=0x0, CTX=0x0(CB), ACK=0)
# [cpu2] [DCPTracer@/arm-io/dcpext] [dcpep] <d[0x0] D552 IOMobileFramebufferAP::setProperty_dict(key='IOMFBScalingLimits', value=...)
# [cpu2] [DCPTracer@/arm-io/dcpext] [dcpep]   value = {'RGBLayer_MinScaleFraction': 2,
           'RGBLayer_MaxScale': 4,
           'YUVLayer_MinScaleFraction': 2,
           'YUVLayer_MaxScale': 4}
# [cpu3] [DCPTracer@/arm-io/dcpext] [dcpep] >ACK CB.0 (0x42 (TYPE=0x2, LEN=0x0, OFF=0x0, CTX=0x0(CB), ACK=1))
# [cpu3] [DCPTracer@/arm-io/dcpext] [dcpep] 0x5800000002 (TYPE=0x2, LEN=0x58, OFF=0x0, CTX=0x0(CB), ACK=0)
# [cpu3] [DCPTracer@/arm-io/dcpext] [dcpep] <d[0x0] D565 IOMobileFramebufferAP::setProperty_bool(key='IOMFBSupportsYFlip', value=True)
# [cpu3] [DCPTracer@/arm-io/dcpext] [dcpep] >ACK CB.0 (0x42 (TYPE=0x2, LEN=0x0, OFF=0x0, CTX=0x0(CB), ACK=1))
# [cpu3] [DCPTracer@/arm-io/dcpext] [dcpep] 0x5800000002 (TYPE=0x2, LEN=0x58, OFF=0x0, CTX=0x0(CB), ACK=0)
# [cpu3] [DCPTracer@/arm-io/dcpext] [dcpep] <d[0x0] D565 IOMobileFramebufferAP::setProperty_bool(key='IOMFBSupportsXFlip', value=True)
# [cpu0] [DCPTracer@/arm-io/dcpext] [dcpep] >ACK CB.0 (0x42 (TYPE=0x2, LEN=0x0, OFF=0x0, CTX=0x0(CB), ACK=1))
# [cpu1] [DCPTracer@/arm-io/dcpext] [dcpep] 0x5800000002 (TYPE=0x2, LEN=0x58, OFF=0x0, CTX=0x0(CB), ACK=0)
# [cpu1] [DCPTracer@/arm-io/dcpext] [dcpep] <d[0x0] D565 IOMobileFramebufferAP::setProperty_bool(key='IOMFBSupportsYFlip', value=True)
# [cpu0] [DCPTracer@/arm-io/dcpext] [dcpep] >ACK CB.0 (0x42 (TYPE=0x2, LEN=0x0, OFF=0x0, CTX=0x0(CB), ACK=1))
# [cpu3] [DCPTracer@/arm-io/dcpext] [dcpep] 0x5800000002 (TYPE=0x2, LEN=0x58, OFF=0x0, CTX=0x0(CB), ACK=0)
# [cpu3] [DCPTracer@/arm-io/dcpext] [dcpep] <d[0x0] D565 IOMobileFramebufferAP::setProperty_bool(key='IOMFBSupportsXFlip', value=True)
# [cpu3] [DCPTracer@/arm-io/dcpext] [dcpep] >ACK CB.0 (0x42 (TYPE=0x2, LEN=0x0, OFF=0x0, CTX=0x0(CB), ACK=1))
# [cpu2] [DCPTracer@/arm-io/dcpext] [dcpep] 0x5800000002 (TYPE=0x2, LEN=0x58, OFF=0x0, CTX=0x0(CB), ACK=0)
# [cpu2] [DCPTracer@/arm-io/dcpext] [dcpep] <d[0x0] D565 IOMobileFramebufferAP::setProperty_bool(key='ALSSSupported', value=False)
# [cpu0] [DCPTracer@/arm-io/dcpext] [dcpep] >ACK CB.0 (0x42 (TYPE=0x2, LEN=0x0, OFF=0x0, CTX=0x0(CB), ACK=1))
# [cpu2] [DCPTracer@/arm-io/dcpext] [dcpep] 0x5800000002 (TYPE=0x2, LEN=0x58, OFF=0x0, CTX=0x0(CB), ACK=0)
# [cpu2] [DCPTracer@/arm-io/dcpext] [dcpep] <d[0x0] D565 IOMobileFramebufferAP::setProperty_bool(key='ACSSSupported', value=False)
# [cpu3] [DCPTracer@/arm-io/dcpext] [dcpep] >ACK CB.0 (0x42 (TYPE=0x2, LEN=0x0, OFF=0x0, CTX=0x0(CB), ACK=1))
# [cpu2] [DCPTracer@/arm-io/dcpext] [dcpep] 0x5800000002 (TYPE=0x2, LEN=0x58, OFF=0x0, CTX=0x0(CB), ACK=0)
# [cpu2] [DCPTracer@/arm-io/dcpext] [dcpep] <d[0x0] D565 IOMobileFramebufferAP::setProperty_bool(key='SPLCSupported', value=False)
# [cpu0] [DCPTracer@/arm-io/dcpext] [dcpep] >ACK CB.0 (0x42 (TYPE=0x2, LEN=0x0, OFF=0x0, CTX=0x0(CB), ACK=1))
# [cpu3] [DCPTracer@/arm-io/dcpext] [dcpep] 0x1000000002 (TYPE=0x2, LEN=0x10, OFF=0x0, CTX=0x0(CB), ACK=0)
# [cpu3] [DCPTracer@/arm-io/dcpext] [dcpep] <d[0x0] D000 UPPipeAP_H13P::did_boot_signal()
# [cpu0] [DCPTracer@/arm-io/dcpext] [dcpep] >ACK CB.0 (0x42 (TYPE=0x2, LEN=0x0, OFF=0x0, CTX=0x0(CB), ACK=1))
# [cpu2] [DCPTracer@/arm-io/dcpext] [dcpep] 0x1000000002 (TYPE=0x2, LEN=0x10, OFF=0x0, CTX=0x0(CB), ACK=0)
# [cpu2] [DCPTracer@/arm-io/dcpext] [dcpep] <d[0x0] D001 UPPipeAP_H13P::did_power_on_signal()
# [cpu0] [DCPTracer@/arm-io/dcpext] [dcpep] >ACK CB.0 (0x42 (TYPE=0x2, LEN=0x0, OFF=0x0, CTX=0x0(CB), ACK=1))
# [cpu3] [DCPTracer@/arm-io/dcpext] [syslog] * [nifiedPipeline.cpp:1356]set_device_enabled_gated: current state: 1, requested state: 1
# [cpu3] [DCPTracer@/arm-io/dcpext] [dcpep] 0x1000000002 (TYPE=0x2, LEN=0x10, OFF=0x0, CTX=0x0(CB), ACK=0)
# [cpu3] [DCPTracer@/arm-io/dcpext] [dcpep] <d[0x0] D120 UnifiedPipeline2::start_hardware_boot()
# [cpu2] [DCPTracer@/arm-io/dcpext] [dcpep] >C[0x40] A373 UnifiedPipeline2::set_create_DFB()
# [cpu2] [DCPTracer@/arm-io/dcpext] [dcpep] 0x42 (TYPE=0x2, LEN=0x0, OFF=0x0, CTX=0x0(CB), ACK=1)
# [cpu2] [DCPTracer@/arm-io/dcpext] [dcpep] <ACK CMD.0 (0x42 (TYPE=0x2, LEN=0x0, OFF=0x0, CTX=0x0(CB), ACK=1))
# [cpu3] [DCPTracer@/arm-io/dcpext] [dcpep] >C[0x40] A445 IOMobileFramebufferAP::do_create_default_frame_buffer()
# [cpu3] [DCPTracer@/arm-io/dcpext] [dcpep] 0x42 (TYPE=0x2, LEN=0x0, OFF=0x0, CTX=0x0(CB), ACK=1)
# [cpu3] [DCPTracer@/arm-io/dcpext] [dcpep] <ACK CMD.0 (0x42 (TYPE=0x2, LEN=0x0, OFF=0x0, CTX=0x0(CB), ACK=1))
# [cpu1] [DCPTracer@/arm-io/dcpext] [dcpep] >C[0x40] A103 UPPipe2::get_config_frame_size(width=0, height=0)
# [cpu3] [DCPTracer@/arm-io/dcpext] [dcpep] 0x42 (TYPE=0x2, LEN=0x0, OFF=0x0, CTX=0x0(CB), ACK=1)
# [cpu3] [DCPTracer@/arm-io/dcpext] [dcpep] <ACK CMD.0 (0x42 (TYPE=0x2, LEN=0x0, OFF=0x0, CTX=0x0(CB), ACK=1))
# [cpu2] [DCPTracer@/arm-io/dcpext] [dcpep] >C[0x40] A444 IOMobileFramebufferAP::get_display_size(arg0=<out>, arg1=<out>)
# [cpu2] [DCPTracer@/arm-io/dcpext] [dcpep] 0x42 (TYPE=0x2, LEN=0x0, OFF=0x0, CTX=0x0(CB), ACK=1)
# [cpu2] [DCPTracer@/arm-io/dcpext] [dcpep] <ACK CMD.0 (0x42 (TYPE=0x2, LEN=0x0, OFF=0x0, CTX=0x0(CB), ACK=1))
# [cpu2] [DCPTracer@/arm-io/dcpext] [dcpep] >C[0x40] A104 UPPipe2::set_config_frame_size(width=6144, height=3456)
# [cpu2] [DCPTracer@/arm-io/dcpext] [dcpep] 0x42 (TYPE=0x2, LEN=0x0, OFF=0x0, CTX=0x0(CB), ACK=1)
# [cpu2] [DCPTracer@/arm-io/dcpext] [dcpep] <ACK CMD.0 (0x42 (TYPE=0x2, LEN=0x0, OFF=0x0, CTX=0x0(CB), ACK=1))
# [cpu3] [DCPTracer@/arm-io/dcpext] [dcpep] >C[0x40] A105 UPPipe2::program_config_frame_size()
# [cpu3] [DCPTracer@/arm-io/dcpext] [dcpep] 0x42 (TYPE=0x2, LEN=0x0, OFF=0x0, CTX=0x0(CB), ACK=1)
# [cpu3] [DCPTracer@/arm-io/dcpext] [dcpep] <ACK CMD.0 (0x42 (TYPE=0x2, LEN=0x0, OFF=0x0, CTX=0x0(CB), ACK=1))
# [cpu3] [DCPTracer@/arm-io/dcpext] [dcpep] >C[0x40] A029 UPPipeAP_H13P::setup_video_limits()
# [cpu2] [DCPTracer@/arm-io/dcpext] [syslog] * [PPipeDCP_H13P.cpp:11122]IOMFB setup_video_limits called on secondary display with no timing set
# [cpu2] [DCPTracer@/arm-io/dcpext] [dcpep] 0x42 (TYPE=0x2, LEN=0x0, OFF=0x0, CTX=0x0(CB), ACK=1)
# [cpu2] [DCPTracer@/arm-io/dcpext] [dcpep] <ACK CMD.0 (0x42 (TYPE=0x2, LEN=0x0, OFF=0x0, CTX=0x0(CB), ACK=1))
# [cpu2] [DCPTracer@/arm-io/dcpext] [dcpep] >C[0x40] A466 IOMobileFramebufferAP::flush_supportsPower(arg0=True)
# [cpu2] [DCPTracer@/arm-io/dcpext] [dcpep] 0x42 (TYPE=0x2, LEN=0x0, OFF=0x0, CTX=0x0(CB), ACK=1)
# [cpu2] [DCPTracer@/arm-io/dcpext] [dcpep] <ACK CMD.0 (0x42 (TYPE=0x2, LEN=0x0, OFF=0x0, CTX=0x0(CB), ACK=1))
# [cpu1] [DCPTracer@/arm-io/dcpext] [dcpep] >C[0x40] A036 UPPipeAP_H13P::apt_supported()
# [cpu3] [DCPTracer@/arm-io/dcpext] [dcpep] 0x42 (TYPE=0x2, LEN=0x0, OFF=0x0, CTX=0x0(CB), ACK=1)
# [cpu3] [DCPTracer@/arm-io/dcpext] [dcpep] <ACK CMD.0 (0x42 (TYPE=0x2, LEN=0x0, OFF=0x0, CTX=0x0(CB), ACK=1))
# [cpu1] [DCPTracer@/arm-io/dcpext] [dcpep] >C[0x40] A000 UPPipeAP_H13P::late_init_signal(arg0=True)
# [cpu1] [DCPTracer@/arm-io/dcpext] [dcpep] 0x4c00400002 (TYPE=0x2, LEN=0x4c, OFF=0x40, CTX=0x0(CB), ACK=0)
# [cpu1] [DCPTracer@/arm-io/dcpext] [dcpep] <d[0x40] D003 UPPipeAP_H13P::rt_bandwidth_setup_ap(config=<out>)
# [cpu3] [DCPTracer@/arm-io/dcpext] [dcpep] >O[0x0] A132 UPPipe2::backlight_service_matched()
# [cpu0] [DCPTracer@/arm-io/dcpext] [hdcp] >TX msg:0xa2000000000100 (TYPE=0xa2, WPTR=0x100)
# [cpu0] [DCPTracer@/arm-io/dcpext] [hdcp] >Ch 1 Type COMMAND Ver 2 Tag 2
# [cpu0] [DCPTracer@/arm-io/dcpext] [hdcp]   Len 30 Ver 4 Cat COMMAND Type 0xc0/STD_SERVICE Seq 1
# [cpu0] [DCPTracer@/arm-io/dcpext] [hdcp] [dcpdptx-hdcp-interface0] > open
# [cpu2] [DCPTracer@/arm-io/dcpext] [hdcp] <RX msg:0x85000000000000 (TYPE=0x85)
# [cpu2] [DCPTracer@/arm-io/dcpext] [hdcp] <Ch 1 Type REPLY Ver 2 Tag 2
# [cpu2] [DCPTracer@/arm-io/dcpext] [hdcp]   Len 30 Ver 4 Cat REPLY Type 0xc0/STD_SERVICE Seq 1
# [cpu2] [DCPTracer@/arm-io/dcpext] [hdcp] [dcpdptx-hdcp-interface0] < open
# [cpu1] [DCPTracer@/arm-io/dcpext] [dcpep] >ACK CB.0 (0x42 (TYPE=0x2, LEN=0x0, OFF=0x0, CTX=0x0(CB), ACK=1))
# [cpu3] [DCPTracer@/arm-io/dcpext] [dcpep] 0x1000400002 (TYPE=0x2, LEN=0x10, OFF=0x40, CTX=0x0(CB), ACK=0)
# [cpu3] [DCPTracer@/arm-io/dcpext] [dcpep] <d[0x40] D108 UnifiedPipeline2::create_provider_service()
# [cpu2] [DCPTracer@/arm-io/dcpext] [dcpep] >ACK CB.0 (0x42 (TYPE=0x2, LEN=0x0, OFF=0x0, CTX=0x0(CB), ACK=1))
# [cpu3] [DCPTracer@/arm-io/dcpext] [dcpep] 0x3800400002 (TYPE=0x2, LEN=0x38, OFF=0x40, CTX=0x0(CB), ACK=0)
# [cpu3] [DCPTracer@/arm-io/dcpext] [dcpep] <d[0x40] D411 ServiceRelay::sr_mapDeviceMemoryWithIndex(obj='PROV', index=5, flags=2147483904, unk_u64=<out>, addr=<out>, length=<out>)
# [cpu1] [DCPTracer@/arm-io/dcpext] [dcpep] >ACK CB.0 (0x42 (TYPE=0x2, LEN=0x0, OFF=0x0, CTX=0x0(CB), ACK=1))
# [cpu3] [DCPTracer@/arm-io/dcpext] [dcpep] 0x1000400002 (TYPE=0x2, LEN=0x10, OFF=0x40, CTX=0x0(CB), ACK=0)
# [cpu3] [DCPTracer@/arm-io/dcpext] [dcpep] <d[0x40] D108 UnifiedPipeline2::create_provider_service()
# [cpu1] [DCPTracer@/arm-io/dcpext] [dcpep] >ACK CB.0 (0x42 (TYPE=0x2, LEN=0x0, OFF=0x0, CTX=0x0(CB), ACK=1))
# [cpu1] [DCPTracer@/arm-io/dcpext] [dcpep] 0x3800400002 (TYPE=0x2, LEN=0x38, OFF=0x40, CTX=0x0(CB), ACK=0)
# [cpu1] [DCPTracer@/arm-io/dcpext] [dcpep] <d[0x40] D411 ServiceRelay::sr_mapDeviceMemoryWithIndex(obj='PROV', index=6, flags=2147483904, unk_u64=<out>, addr=<out>, length=<out>)
# [PhyTracer@/arm-io/atc-phy1] MMIO: R.4   USB2PHY_SIG = 0x1c10004 (VBUSDET_FORCE_VAL=0, VBUSDET_FORCE_EN=0, VBUSVLDEXT_FORCE_VAL=1, VBUSVLDEXT_FORCE_EN=0, MODE_HOST=0x10)
# [PhyTracer@/arm-io/atc-phy1] MMIO: W.4   USB2PHY_SIG = 0x1c17004 (VBUSDET_FORCE_VAL=0, VBUSDET_FORCE_EN=0, VBUSVLDEXT_FORCE_VAL=1, VBUSVLDEXT_FORCE_EN=0, MODE_HOST=0x17)
# [PhyTracer@/arm-io/atc-phy1] MMIO: R.4   USB2PHY_SIG = 0x1c17004 (VBUSDET_FORCE_VAL=0, VBUSDET_FORCE_EN=0, VBUSVLDEXT_FORCE_VAL=1, VBUSVLDEXT_FORCE_EN=0, MODE_HOST=0x17)
# [PhyTracer@/arm-io/atc-phy1] MMIO: W.4   USB2PHY_SIG = 0x1c17005 (VBUSDET_FORCE_VAL=1, VBUSDET_FORCE_EN=0, VBUSVLDEXT_FORCE_VAL=1, VBUSVLDEXT_FORCE_EN=0, MODE_HOST=0x17)
# [PhyTracer@/arm-io/atc-phy1] MMIO: R.4   USB2PHY_SIG = 0x1c17005 (VBUSDET_FORCE_VAL=1, VBUSDET_FORCE_EN=0, VBUSVLDEXT_FORCE_VAL=1, VBUSVLDEXT_FORCE_EN=0, MODE_HOST=0x17)
# [PhyTracer@/arm-io/atc-phy1] MMIO: W.4   USB2PHY_SIG = 0x1c17007 (VBUSDET_FORCE_VAL=1, VBUSDET_FORCE_EN=1, VBUSVLDEXT_FORCE_VAL=1, VBUSVLDEXT_FORCE_EN=0, MODE_HOST=0x17)
# [PhyTracer@/arm-io/atc-phy1] MMIO: R.4   USB2PHY_SIG = 0x1c17007 (VBUSDET_FORCE_VAL=1, VBUSDET_FORCE_EN=1, VBUSVLDEXT_FORCE_VAL=1, VBUSVLDEXT_FORCE_EN=0, MODE_HOST=0x17)
# [PhyTracer@/arm-io/atc-phy1] MMIO: W.4   USB2PHY_SIG = 0x1c17007 (VBUSDET_FORCE_VAL=1, VBUSDET_FORCE_EN=1, VBUSVLDEXT_FORCE_VAL=1, VBUSVLDEXT_FORCE_EN=0, MODE_HOST=0x17)
# [PhyTracer@/arm-io/atc-phy1] MMIO: R.4   USB2PHY_SIG = 0x1c17007 (VBUSDET_FORCE_VAL=1, VBUSDET_FORCE_EN=1, VBUSVLDEXT_FORCE_VAL=1, VBUSVLDEXT_FORCE_EN=0, MODE_HOST=0x17)
# [PhyTracer@/arm-io/atc-phy1] MMIO: W.4   USB2PHY_SIG = 0x1c1700f (VBUSDET_FORCE_VAL=1, VBUSDET_FORCE_EN=1, VBUSVLDEXT_FORCE_VAL=1, VBUSVLDEXT_FORCE_EN=1, MODE_HOST=0x17)
# [cpu0] [DCPTracer@/arm-io/dcpext] [dcpep] >ACK CB.0 (0x42 (TYPE=0x2, LEN=0x0, OFF=0x0, CTX=0x0(CB), ACK=1))
# [cpu2] [DCPTracer@/arm-io/dcpext] [dcpep] 0x42 (TYPE=0x2, LEN=0x0, OFF=0x0, CTX=0x0(CB), ACK=1)
# [cpu2] [DCPTracer@/arm-io/dcpext] [dcpep] <ACK CMD.0 (0x42 (TYPE=0x2, LEN=0x0, OFF=0x0, CTX=0x0(CB), ACK=1))
# [cpu0] [DCPTracer@/arm-io/dcpext] [dcpep] >C[0x40] A463 IOMobileFramebufferAP::setDisplayRefreshProperties()
# [cpu3] [DCPTracer@/arm-io/dcpext] [dcpep] 0x105400400002 (TYPE=0x2, LEN=0x1054, OFF=0x40, CTX=0x0(CB), ACK=0)
# [cpu3] [DCPTracer@/arm-io/dcpext] [dcpep] <d[0x40] D561 IOMobileFramebufferAP::setProperty_dict(key='IOMFBDisplayRefresh', value=...)
# [cpu3] [DCPTracer@/arm-io/dcpext] [dcpep]   value = {'displayMinRefreshInterval': 71582788,
           'displayMinRefreshIntervalMachTime': 399984,
           'displayMaxRefreshInterval': 178956970,
           'displayMaxRefreshIntervalMachTime': 999984,
           'displayRefreshStep': 0,
           'displayRefreshStepMachTime': 0}
# [cpu0] [DCPTracer@/arm-io/dcpext] [dcpep] >ACK CB.0 (0x42 (TYPE=0x2, LEN=0x0, OFF=0x0, CTX=0x0(CB), ACK=1))
# [cpu2] [DCPTracer@/arm-io/dcpext] [dcpep] 0x42 (TYPE=0x2, LEN=0x0, OFF=0x0, CTX=0x0(CB), ACK=1)
# [cpu2] [DCPTracer@/arm-io/dcpext] [dcpep] <ACK CMD.0 (0x42 (TYPE=0x2, LEN=0x0, OFF=0x0, CTX=0x0(CB), ACK=1))
# [cpu0] [DCPTracer@/arm-io/dcpext] [dcpep] >ACK CB.0 (0x42 (TYPE=0x2, LEN=0x0, OFF=0x0, CTX=0x0(CB), ACK=1))
# [cpu2] [DCPTracer@/arm-io/dcpext] [dcpep] 0x1000000002 (TYPE=0x2, LEN=0x10, OFF=0x0, CTX=0x0(CB), ACK=0)
# [cpu2] [DCPTracer@/arm-io/dcpext] [dcpep] <d[0x0] D111 UnifiedPipeline2::create_iomfb_service()
# [cpu0] [DCPTracer@/arm-io/dcpext] [dcpep] >ACK CB.0 (0x42 (TYPE=0x2, LEN=0x0, OFF=0x0, CTX=0x0(CB), ACK=1))
# [cpu2] [DCPTracer@/arm-io/dcpext] <ep:04 0080000000000000 ()
# [cpu0] [DCPTracer@/arm-io/dcpext] >ep:04 0080000000000000 ()
# [cpu0] [DCPTracer@/arm-io/dcpext] <ep:04 0080000000000000 ()
# [cpu0] [DCPTracer@/arm-io/dcpext] >ep:04 0080000000000000 ()
# [cpu0] [DCPTracer@/arm-io/dcpext] <ep:04 0080000000000000 ()
# [cpu0] [DCPTracer@/arm-io/dcpext] >ep:04 0080000000000000 ()
# [cpu3] [DCPTracer@/arm-io/dcpext] <ep:04 0080000000000000 ()
# [cpu0] [DCPTracer@/arm-io/dcpext] >ep:04 0080000000000000 ()
# [cpu0] [DCPTracer@/arm-io/dcpext] <ep:04 0080000000000000 ()
# [cpu0] [DCPTracer@/arm-io/dcpext] >ep:04 0080000000000000 ()
# [cpu3] [DCPTracer@/arm-io/dcpext] <ep:04 0080000000000000 ()
# [cpu0] [DCPTracer@/arm-io/dcpext] >ep:04 0080000000000000 ()
# [cpu2] [DCPTracer@/arm-io/dcpext] <ep:04 0080000000000000 ()
# [cpu0] [DCPTracer@/arm-io/dcpext] >ep:04 0080000000000000 ()
# [cpu2] [DCPTracer@/arm-io/dcpext] <ep:04 0080000000000000 ()
# [cpu0] [DCPTracer@/arm-io/dcpext] >ep:04 0080000000000000 ()
# [cpu3] [DCPTracer@/arm-io/dcpext] <ep:04 0080000000000000 ()
# [cpu0] [DCPTracer@/arm-io/dcpext] >ep:04 0080000000000000 ()
# [cpu2] [DCPTracer@/arm-io/dcpext] <ep:04 0080000000000000 ()
# [cpu0] [DCPTracer@/arm-io/dcpext] >ep:04 0080000000000000 ()
# [cpu3] [DCPTracer@/arm-io/dcpext] <ep:04 0080000000000000 ()
# [cpu0] [DCPTracer@/arm-io/dcpext] >ep:04 0080000000000000 ()
# [cpu3] [DCPTracer@/arm-io/dcpext] <ep:04 0080000000000000 ()
# [cpu0] [DCPTracer@/arm-io/dcpext] >ep:04 0080000000000000 ()
# [cpu3] [DCPTracer@/arm-io/dcpext] <ep:04 0080000000000000 ()
# [cpu0] [DCPTracer@/arm-io/dcpext] >ep:04 0080000000000000 ()
# [cpu2] [DCPTracer@/arm-io/dcpext] <ep:04 0080000000000000 ()
# [cpu0] [DCPTracer@/arm-io/dcpext] >ep:04 0080000000000000 ()
# [cpu3] [DCPTracer@/arm-io/dcpext] <ep:04 0080000000000000 ()
# [cpu0] [DCPTracer@/arm-io/dcpext] >ep:04 0080000000000000 ()
# [cpu2] [DCPTracer@/arm-io/dcpext] <ep:04 0080000000000000 ()
# [cpu0] [DCPTracer@/arm-io/dcpext] >ep:04 0080000000000000 ()
# [cpu3] [DCPTracer@/arm-io/dcpext] <ep:04 0080000000000000 ()
# [cpu0] [DCPTracer@/arm-io/dcpext] >ep:04 0080000000000000 ()
# [cpu3] [DCPTracer@/arm-io/dcpext] <ep:04 0080000000000000 ()
# [cpu0] [DCPTracer@/arm-io/dcpext] >ep:04 0080000000000000 ()
# [cpu3] [DCPTracer@/arm-io/dcpext] <ep:04 0080000000000000 ()
# [cpu0] [DCPTracer@/arm-io/dcpext] >ep:04 0080000000000000 ()
# [cpu0] [DCPTracer@/arm-io/dcpext] <ep:04 0080000000000000 ()
# [cpu0] [DCPTracer@/arm-io/dcpext] >ep:04 0080000000000000 ()
# [cpu3] [DCPTracer@/arm-io/dcpext] <ep:04 0080000000000000 ()
# [cpu0] [DCPTracer@/arm-io/dcpext] >ep:04 0080000000000000 ()
# [cpu2] [DCPTracer@/arm-io/dcpext] <ep:04 0080000000000000 ()
# [cpu0] [DCPTracer@/arm-io/dcpext] >ep:04 0080000000000000 ()
# [cpu2] [DCPTracer@/arm-io/dcpext] <ep:04 0080000000000000 ()
# [cpu0] [DCPTracer@/arm-io/dcpext] >ep:04 0080000000000000 ()
# [cpu0] [DCPTracer@/arm-io/dcpext] <ep:04 0080000000000000 ()
# [cpu0] [DCPTracer@/arm-io/dcpext] >ep:04 0080000000000000 ()
# [cpu3] [DCPTracer@/arm-io/dcpext] <ep:04 0080000000000000 ()
# [cpu0] [DCPTracer@/arm-io/dcpext] >ep:04 0080000000000000 ()
# [cpu2] [DCPTracer@/arm-io/dcpext] <ep:04 0080000000000000 ()
# [cpu0] [DCPTracer@/arm-io/dcpext] >ep:04 0080000000000000 ()
# [cpu0] [DCPTracer@/arm-io/dcpext] <ep:04 0080000000000000 ()
# [cpu0] [DCPTracer@/arm-io/dcpext] >ep:04 0080000000000000 ()
# [cpu3] [DCPTracer@/arm-io/dcpext] <ep:04 0080000000000000 ()
# [cpu0] [DCPTracer@/arm-io/dcpext] >ep:04 0080000000000000 ()
# [cpu3] [DCPTracer@/arm-io/dcpext] <ep:04 0080000000000000 ()
# [cpu0] [DCPTracer@/arm-io/dcpext] >ep:04 0080000000000000 ()
# [cpu3] [DCPTracer@/arm-io/dcpext] [dcpep] 0x1c00000002 (TYPE=0x2, LEN=0x1c, OFF=0x0, CTX=0x0(CB), ACK=0)
# [cpu3] [DCPTracer@/arm-io/dcpext] [dcpep] <d[0x0] D300 PropRelay::pr_publish(prop_id=141, value=0, unk0=545177832, unk1=0)
# [PhyTracer@/arm-io/atc-phy1] MMIO: R.4   USB2PHY_CTL = 0xb (RESET=1, PORT_RESET=1, APB_RESETN=0, SIDDQ=1)
# [PhyTracer@/arm-io/atc-phy1] MMIO: W.4   USB2PHY_CTL = 0x3 (RESET=1, PORT_RESET=1, APB_RESETN=0, SIDDQ=0)
# [PhyTracer@/arm-io/atc-phy1] MMIO: R.4   USB2PHY_CTL = 0x3 (RESET=1, PORT_RESET=1, APB_RESETN=0, SIDDQ=0)
# [PhyTracer@/arm-io/atc-phy1] MMIO: W.4   USB2PHY_CTL = 0x2 (RESET=0, PORT_RESET=1, APB_RESETN=0, SIDDQ=0)
# [PhyTracer@/arm-io/atc-phy1] MMIO: R.4   USB2PHY_CTL = 0x2 (RESET=0, PORT_RESET=1, APB_RESETN=0, SIDDQ=0)
# [PhyTracer@/arm-io/atc-phy1] MMIO: W.4   USB2PHY_CTL = 0x0 (RESET=0, PORT_RESET=0, APB_RESETN=0, SIDDQ=0)
# [PhyTracer@/arm-io/atc-phy1] MMIO: R.4   USB2PHY_CTL = 0x0 (RESET=0, PORT_RESET=0, APB_RESETN=0, SIDDQ=0)
# [PhyTracer@/arm-io/atc-phy1] MMIO: W.4   USB2PHY_CTL = 0x4 (RESET=0, PORT_RESET=0, APB_RESETN=1, SIDDQ=0)
# [PhyTracer@/arm-io/atc-phy1] MMIO: R.4   USB2PHY_MISCTUNE = 0x608c0013 (APBCLK_GATE_OFF=1, REFCLK_GATE_OFF=1)
# [PhyTracer@/arm-io/atc-phy1] MMIO: W.4   USB2PHY_MISCTUNE = 0x408c0013 (APBCLK_GATE_OFF=0, REFCLK_GATE_OFF=1)
# [PhyTracer@/arm-io/atc-phy1] MMIO: R.4   USB2PHY_MISCTUNE = 0x408c0013 (APBCLK_GATE_OFF=0, REFCLK_GATE_OFF=1)
# [PhyTracer@/arm-io/atc-phy1] MMIO: W.4   USB2PHY_MISCTUNE = 0x8c0013 (APBCLK_GATE_OFF=0, REFCLK_GATE_OFF=0)
# [cpu0] [DCPTracer@/arm-io/dcpext] [dcpep] >ACK CB.0 (0x42 (TYPE=0x2, LEN=0x0, OFF=0x0, CTX=0x0(CB), ACK=1))
# [cpu2] [DCPTracer@/arm-io/dcpext] [syslog] * [PPipeDCP_H13P.cpp:10468]set_run_mode_safe: no need to defer: 2 -> 1
# [cpu2] [DCPTracer@/arm-io/dcpext] [syslog] * [PPipeDCP_H13P.cpp:10468]set_run_mode_safe: no need to defer: 1 -> 0
# [cpu2] [DCPTracer@/arm-io/dcpext] [dcpep] 0xc00000002 (TYPE=0x2, LEN=0xc, OFF=0x0, CTX=0x0(CB), ACK=0)
# [cpu2] [DCPTracer@/arm-io/dcpext] [dcpep] <d[0x0] D002 UPPipeAP_H13P::will_power_off_signal()
# [cpu0] [DCPTracer@/arm-io/dcpext] [dcpep] >ACK CB.0 (0x42 (TYPE=0x2, LEN=0x0, OFF=0x0, CTX=0x0(CB), ACK=1))
# [cpu0] [DCPTracer@/arm-io/dcpext] [dcpep] 0x1c00000002 (TYPE=0x2, LEN=0x1c, OFF=0x0, CTX=0x0(CB), ACK=0)
# [cpu0] [DCPTracer@/arm-io/dcpext] [dcpep] <d[0x0] D300 PropRelay::pr_publish(prop_id=13, value=65536, unk0=0, unk1=0)
# [cpu0] [DCPTracer@/arm-io/dcpext] [dcpep] >ACK CB.0 (0x42 (TYPE=0x2, LEN=0x0, OFF=0x0, CTX=0x0(CB), ACK=1))
# [cpu2] [DCPTracer@/arm-io/dcpext] [dcpep] 0x1c00000002 (TYPE=0x2, LEN=0x1c, OFF=0x0, CTX=0x0(CB), ACK=0)
# [cpu2] [DCPTracer@/arm-io/dcpext] [dcpep] <d[0x0] D300 PropRelay::pr_publish(prop_id=14, value=65536, unk0=0, unk1=0)
# [PhyTracer@/arm-io/atc-phy1] MMIO: R.4   USB2PHY_USBCTL = 0x4 (MODE_HOST=0, MODE_ISOLATION=1)
# [PhyTracer@/arm-io/atc-phy1] MMIO: W.4   USB2PHY_USBCTL = 0x2 (MODE_HOST=1, MODE_ISOLATION=0)
# [Dwc3Tracer@/arm-io/usb-drd1] MMIO: R.4   PIPEHANDLER_AON_GEN = 0x30 (DWC3_FORCE_CLAMP_EN=1, DWC3_RESET_N=0)
# [Dwc3Tracer@/arm-io/usb-drd1] MMIO: W.4   PIPEHANDLER_AON_GEN = 0x20 (DWC3_FORCE_CLAMP_EN=0, DWC3_RESET_N=0)
# [Dwc3Tracer@/arm-io/usb-drd1] MMIO: R.4   PIPEHANDLER_AON_GEN = 0x20 (DWC3_FORCE_CLAMP_EN=0, DWC3_RESET_N=0)
# [Dwc3Tracer@/arm-io/usb-drd1] MMIO: W.4   PIPEHANDLER_AON_GEN = 0x21 (DWC3_FORCE_CLAMP_EN=0, DWC3_RESET_N=1)
# [Dwc3Tracer@/arm-io/usb-drd1] MMIO: R.4   GCTL = 0x30c12004 (U2RSTECN=1, PRTCAP=2, CORESOFTRESET=0, SOFITPSYNC=0, SCALEDOWN=0, DISSCRAMBLE=0, U2EXIT_LFPS=1, GBLHIBERNATIONEN=0, DSBLCLKGTNG=0)
# [Dwc3Tracer@/arm-io/usb-drd1] MMIO: W.4   GCTL = 0x30c11004 (U2RSTECN=1, PRTCAP=1, CORESOFTRESET=0, SOFITPSYNC=0, SCALEDOWN=0, DISSCRAMBLE=0, U2EXIT_LFPS=1, GBLHIBERNATIONEN=0, DSBLCLKGTNG=0)
# [cpu2] [DCPTracer@/arm-io/dcpext] [dcpep] >ACK CB.0 (0x42 (TYPE=0x2, LEN=0x0, OFF=0x0, CTX=0x0(CB), ACK=1))
# [cpu2] [DCPTracer@/arm-io/dcpext] [dcpep] 0x1400000002 (TYPE=0x2, LEN=0x14, OFF=0x0, CTX=0x0(CB), ACK=0)
# [cpu2] [DCPTracer@/arm-io/dcpext] [dcpep] <d[0x0] D574 IOMobileFramebufferAP::powerUpDART(arg0=False)
# [Dwc3Tracer@/arm-io/usb-drd1] MMIO: R.4   PIPEHANDLER_AON_GEN = 0x21 (DWC3_FORCE_CLAMP_EN=0, DWC3_RESET_N=1)
# [Dwc3Tracer@/arm-io/usb-drd1] MMIO: W.4   PIPEHANDLER_AON_GEN = 0x21 (DWC3_FORCE_CLAMP_EN=0, DWC3_RESET_N=1)
# [Dwc3Tracer@/arm-io/usb-drd1] MMIO: R.4   PIPEHANDLER_AON_GEN = 0x21 (DWC3_FORCE_CLAMP_EN=0, DWC3_RESET_N=1)
# [Dwc3Tracer@/arm-io/usb-drd1] MMIO: W.4   PIPEHANDLER_AON_GEN = 0x21 (DWC3_FORCE_CLAMP_EN=0, DWC3_RESET_N=1)
# [Dwc3Tracer@/arm-io/usb-drd1] MMIO: R.4   PIPEHANDLER_MUX_CTRL = 0x22 (MUX_MODE=2(DUMMY_PHY), CLK_SELECT=4(DUMMY_PHY))
# [Dwc3Tracer@/arm-io/usb-drd1] MMIO: R.4   DWC3_D38 = 0x0 ()
# [Dwc3Tracer@/arm-io/usb-drd1] MMIO: W.4   DWC3_D38 = 0xf800000 ()
# [Dwc3Tracer@/arm-io/usb-drd1] MMIO: R.4   DWC3_D38 = 0xf800000 ()
# [Dwc3Tracer@/arm-io/usb-drd1] MMIO: W.4   DWC3_D38 = 0xf800f80 ()
# [Dwc3Tracer@/arm-io/usb-drd1] MMIO: R.4   DWC3_D3C = 0x0 ()
# [Dwc3Tracer@/arm-io/usb-drd1] MMIO: W.4   DWC3_D3C = 0xfc00000 ()
# [Dwc3Tracer@/arm-io/usb-drd1] MMIO: R.4   DWC3_D3C = 0xfc00000 ()
# [Dwc3Tracer@/arm-io/usb-drd1] MMIO: W.4   DWC3_D3C = 0xfc00fc0 ()
# [Dwc3Tracer@/arm-io/usb-drd1] MMIO: R.4   DWC3_D40 = 0x3c20060c ()
# [Dwc3Tracer@/arm-io/usb-drd1] MMIO: W.4   DWC3_D40 = 0x3c14060c ()
# [Dwc3Tracer@/arm-io/usb-drd1] MMIO: R.4   DWC3_D40 = 0x3c14060c ()
# [Dwc3Tracer@/arm-io/usb-drd1] MMIO: W.4   DWC3_D40 = 0x3c140a0c ()
# [Dwc3Tracer@/arm-io/usb-drd1] MMIO: R.4   DWC3_D40 = 0x3c140a0c ()
# [Dwc3Tracer@/arm-io/usb-drd1] MMIO: W.4   DWC3_D40 = 0x3c140a10 ()
# [Dwc3Tracer@/arm-io/usb-drd1] MMIO: R.4   GCTL = 0x30c11004 (U2RSTECN=1, PRTCAP=1, CORESOFTRESET=0, SOFITPSYNC=0, SCALEDOWN=0, DISSCRAMBLE=0, U2EXIT_LFPS=1, GBLHIBERNATIONEN=0, DSBLCLKGTNG=0)
# [Dwc3Tracer@/arm-io/usb-drd1] MMIO: W.4   GCTL = 0x691004 (U2RSTECN=1, PRTCAP=1, CORESOFTRESET=0, SOFITPSYNC=0, SCALEDOWN=0, DISSCRAMBLE=0, U2EXIT_LFPS=1, GBLHIBERNATIONEN=0, DSBLCLKGTNG=0)
# [Dwc3Tracer@/arm-io/usb-drd1] MMIO: R.4   GCTL = 0x691004 (U2RSTECN=1, PRTCAP=1, CORESOFTRESET=0, SOFITPSYNC=0, SCALEDOWN=0, DISSCRAMBLE=0, U2EXIT_LFPS=1, GBLHIBERNATIONEN=0, DSBLCLKGTNG=0)
# [Dwc3Tracer@/arm-io/usb-drd1] MMIO: W.4   GCTL = 0x691006 (U2RSTECN=1, PRTCAP=1, CORESOFTRESET=0, SOFITPSYNC=0, SCALEDOWN=0, DISSCRAMBLE=0, U2EXIT_LFPS=1, GBLHIBERNATIONEN=1, DSBLCLKGTNG=0)
# [Dwc3Tracer@/arm-io/usb-drd1] MMIO: R.4   GUSB2PHYCFG = 0x102400 (PHYSOFTRST=0, U2_FREECLK_EXISTS=0, SUSPHY=0, ULPI_UTMI=0, ENBLSLPM=0)
# [Dwc3Tracer@/arm-io/usb-drd1] MMIO: W.4   GUSB2PHYCFG = 0x102400 (PHYSOFTRST=0, U2_FREECLK_EXISTS=0, SUSPHY=0, ULPI_UTMI=0, ENBLSLPM=0)
# [Dwc3Tracer@/arm-io/usb-drd1] MMIO: R.4   GUSB3PIPECTL = 0x1021102 (PHYSOFTRST=0, U2SSINP3OK=0, DISRXDETINP3=0, UX_EXIT_PX=0, REQP1P2P3=1, DEPOCHANGE=0, SUSPHY=1, LFPSFILT=0, RX_DETOPOLL=1)
# [Dwc3Tracer@/arm-io/usb-drd1] MMIO: W.4   GUSB3PIPECTL = 0x1001102 (PHYSOFTRST=0, U2SSINP3OK=0, DISRXDETINP3=0, UX_EXIT_PX=0, REQP1P2P3=1, DEPOCHANGE=0, SUSPHY=0, LFPSFILT=0, RX_DETOPOLL=1)
# [Dwc3Tracer@/arm-io/usb-drd1] MMIO: R.4   GCTL = 0x691006 (U2RSTECN=1, PRTCAP=1, CORESOFTRESET=0, SOFITPSYNC=0, SCALEDOWN=0, DISSCRAMBLE=0, U2EXIT_LFPS=1, GBLHIBERNATIONEN=1, DSBLCLKGTNG=0)
# [Dwc3Tracer@/arm-io/usb-drd1] MMIO: W.4   GCTL = 0x691006 (U2RSTECN=1, PRTCAP=1, CORESOFTRESET=0, SOFITPSYNC=0, SCALEDOWN=0, DISSCRAMBLE=0, U2EXIT_LFPS=1, GBLHIBERNATIONEN=1, DSBLCLKGTNG=0)
# [cpu1] [DCPTracer@/arm-io/dcpext] [dcpep] >ACK CB.0 (0x42 (TYPE=0x2, LEN=0x0, OFF=0x0, CTX=0x0(CB), ACK=1))
# [cpu3] [DCPTracer@/arm-io/dcpext] [syslog] * [nifiedPipeline.cpp:1356]set_device_enabled_gated: current state: 1, requested state: 0
# [cpu3] [DCPTracer@/arm-io/dcpext] [dcpep] 0x1000000002 (TYPE=0x2, LEN=0x10, OFF=0x0, CTX=0x0(CB), ACK=0)
# [cpu3] [DCPTracer@/arm-io/dcpext] [dcpep] <d[0x0] D577 IOMobileFramebufferAP::powerstate_notify(arg0=False, arg1=False)
# [cpu1] [DCPTracer@/arm-io/dcpext] [dcpep] >ACK CB.0 (0x42 (TYPE=0x2, LEN=0x0, OFF=0x0, CTX=0x0(CB), ACK=1))
# [cpu3] [DCPTracer@/arm-io/dcpext] [dcpep] 0x1000000002 (TYPE=0x2, LEN=0x10, OFF=0x0, CTX=0x0(CB), ACK=0)
# [cpu3] [DCPTracer@/arm-io/dcpext] [dcpep] <d[0x0] D122 UnifiedPipeline2::is_waking_from_hibernate()
# [cpu1] [DCPTracer@/arm-io/dcpext] [dcpep] >ACK CB.0 (0x42 (TYPE=0x2, LEN=0x0, OFF=0x0, CTX=0x0(CB), ACK=1))
# [cpu3] [DCPTracer@/arm-io/dcpext] [dcpep] 0x242 (TYPE=0x2, LEN=0x0, OFF=0x0, CTX=0x2(CMD), ACK=1)
# [cpu3] [DCPTracer@/arm-io/dcpext] [dcpep] <ACK CMD.0 (0x242 (TYPE=0x2, LEN=0x0, OFF=0x0, CTX=0x2(CMD), ACK=1))
# [cpu3] [DCPTracer@/arm-io/dcpext] [dcpep] 0x642 (TYPE=0x2, LEN=0x0, OFF=0x0, CTX=0x6(OOBCMD), ACK=1)
# [cpu3] [DCPTracer@/arm-io/dcpext] [dcpep] <ACK OOBCMD.0 (0x642 (TYPE=0x2, LEN=0x0, OFF=0x0, CTX=0x6(OOBCMD), ACK=1))
# [Dwc3Tracer@/arm-io/usb-drd1] MMIO: R.4   GUSB3PIPECTL = 0x1001102 (PHYSOFTRST=0, U2SSINP3OK=0, DISRXDETINP3=0, UX_EXIT_PX=0, REQP1P2P3=1, DEPOCHANGE=0, SUSPHY=0, LFPSFILT=0, RX_DETOPOLL=1)
# [Dwc3Tracer@/arm-io/usb-drd1] MMIO: W.4   GUSB3PIPECTL = 0x1021102 (PHYSOFTRST=0, U2SSINP3OK=0, DISRXDETINP3=0, UX_EXIT_PX=0, REQP1P2P3=1, DEPOCHANGE=0, SUSPHY=1, LFPSFILT=0, RX_DETOPOLL=1)
# [Dwc3Tracer@/arm-io/usb-drd1] MMIO: R.4   GUSB2PHYCFG = 0x102400 (PHYSOFTRST=0, U2_FREECLK_EXISTS=0, SUSPHY=0, ULPI_UTMI=0, ENBLSLPM=0)
# [Dwc3Tracer@/arm-io/usb-drd1] MMIO: W.4   GUSB2PHYCFG = 0x102440 (PHYSOFTRST=0, U2_FREECLK_EXISTS=0, SUSPHY=1, ULPI_UTMI=0, ENBLSLPM=0)
# [Dwc3Tracer@/arm-io/usb-drd1] MMIO: R.4   PIPEHANDLER_NONSELECTED_OVERRIDE = 0x1332 (NATIVE_POWER_DOWN=0x2, NATIVE_RESET=1, DUMMY_PHY_EN=0)
# [Dwc3Tracer@/arm-io/usb-drd1] MMIO: W.4   PIPEHANDLER_NONSELECTED_OVERRIDE = 0x9332 (NATIVE_POWER_DOWN=0x2, NATIVE_RESET=1, DUMMY_PHY_EN=1)
# [Dwc3Tracer@/arm-io/usb-drd1] MMIO: R.4   PIPEHANDLER_MUX_CTRL = 0x22 (MUX_MODE=2(DUMMY_PHY), CLK_SELECT=4(DUMMY_PHY))
# [Dwc3Tracer@/arm-io/usb-drd1] MMIO: R.4   GSBUSCFG1 = 0x6f00 ()
# [Dwc3Tracer@/arm-io/usb-drd1] MMIO: W.4   GSBUSCFG1 = 0x2f00 ()
# [Dwc3Tracer@/arm-io/usb-drd1] MMIO: R.4   GUCTL = 0xa416802 ()
# [Dwc3Tracer@/arm-io/usb-drd1] MMIO: W.4   GUCTL = 0xa4b68c8 ()
# [Dwc3Tracer@/arm-io/usb-drd1] MMIO: R.4   GDBGLTSSM = 0x9cc20006 ()
# [Dwc3Tracer@/arm-io/usb-drd1] MMIO: W.4   GDBGLTSSM = 0x9cc20004 ()
# [Dwc3Tracer@/arm-io/usb-drd1] MMIO: R.4   GUSB2PHYCFG = 0x102440 (PHYSOFTRST=0, U2_FREECLK_EXISTS=0, SUSPHY=1, ULPI_UTMI=0, ENBLSLPM=0)
# [Dwc3Tracer@/arm-io/usb-drd1] MMIO: W.4   GUSB2PHYCFG = 0x2102440 (PHYSOFTRST=0, U2_FREECLK_EXISTS=0, SUSPHY=1, ULPI_UTMI=0, ENBLSLPM=0)
# [Dwc3Tracer@/arm-io/usb-drd1] MMIO: R.4   PIPEHANDLER_NONSELECTED_OVERRIDE = 0x9332 (NATIVE_POWER_DOWN=0x2, NATIVE_RESET=1, DUMMY_PHY_EN=1)
# [Dwc3Tracer@/arm-io/usb-drd1] MMIO: W.4   PIPEHANDLER_NONSELECTED_OVERRIDE = 0x9732 (NATIVE_POWER_DOWN=0x2, NATIVE_RESET=1, DUMMY_PHY_EN=1)
# [Dwc3Tracer@/arm-io/usb-drd1] MMIO: R.4   0x50228d020 = 0x4e928162
# [Dwc3Tracer@/arm-io/usb-drd1] MMIO: R.4   0x50228d024 = 0x8b8080
# [cpu1] [DCPTracer@/arm-io/dcpext] [hdcp] >TX msg:0xa2000000000180 (TYPE=0xa2, WPTR=0x180)
# [cpu1] [DCPTracer@/arm-io/dcpext] [hdcp] >Ch 3 Type COMMAND Ver 2 Tag 3
# [cpu1] [DCPTracer@/arm-io/dcpext] [hdcp]   Len 30 Ver 4 Cat COMMAND Type 0xc0/STD_SERVICE Seq 1
# [cpu1] [DCPTracer@/arm-io/dcpext] [hdcp] [dcpdptx-hdcp-interface1] > open
# [cpu1] [DCPTracer@/arm-io/dcpext] [hdcp] <RX msg:0x85000000000000 (TYPE=0x85)
# [cpu1] [DCPTracer@/arm-io/dcpext] [hdcp] <Ch 3 Type REPLY Ver 2 Tag 3
# [cpu1] [DCPTracer@/arm-io/dcpext] [hdcp]   Len 30 Ver 4 Cat REPLY Type 0xc0/STD_SERVICE Seq 1
# [cpu1] [DCPTracer@/arm-io/dcpext] [hdcp] [dcpdptx-hdcp-interface1] < open
# [Dwc3Tracer@/arm-io/usb-drd1] MMIO: R.4   PIPEHANDLER_AON_GEN = 0x21 (DWC3_FORCE_CLAMP_EN=0, DWC3_RESET_N=1)
# [Dwc3Tracer@/arm-io/usb-drd1] MMIO: W.4   PIPEHANDLER_AON_GEN = 0x20 (DWC3_FORCE_CLAMP_EN=0, DWC3_RESET_N=0)
# [Dwc3Tracer@/arm-io/usb-drd1] MMIO: R.4   PIPEHANDLER_AON_GEN = 0x20 (DWC3_FORCE_CLAMP_EN=0, DWC3_RESET_N=0)
# [Dwc3Tracer@/arm-io/usb-drd1] MMIO: W.4   PIPEHANDLER_AON_GEN = 0x30 (DWC3_FORCE_CLAMP_EN=1, DWC3_RESET_N=0)
# [PhyTracer@/arm-io/atc-phy1] MMIO: R.4   USB2PHY_USBCTL = 0x102 (MODE_HOST=1, MODE_ISOLATION=0)
# [PhyTracer@/arm-io/atc-phy1] MMIO: W.4   USB2PHY_USBCTL = 0x104 (MODE_HOST=0, MODE_ISOLATION=1)
# [PhyTracer@/arm-io/atc-phy1] MMIO: R.4   USB2PHY_CTL = 0x4 (RESET=0, PORT_RESET=0, APB_RESETN=1, SIDDQ=0)
# [PhyTracer@/arm-io/atc-phy1] MMIO: W.4   USB2PHY_CTL = 0xc (RESET=0, PORT_RESET=0, APB_RESETN=1, SIDDQ=1)
# [PhyTracer@/arm-io/atc-phy1] MMIO: R.4   USB2PHY_CTL = 0xc (RESET=0, PORT_RESET=0, APB_RESETN=1, SIDDQ=1)
# [PhyTracer@/arm-io/atc-phy1] MMIO: W.4   USB2PHY_CTL = 0xe (RESET=0, PORT_RESET=1, APB_RESETN=1, SIDDQ=1)
# [PhyTracer@/arm-io/atc-phy1] MMIO: R.4   USB2PHY_CTL = 0xe (RESET=0, PORT_RESET=1, APB_RESETN=1, SIDDQ=1)
# [PhyTracer@/arm-io/atc-phy1] MMIO: W.4   USB2PHY_CTL = 0xf (RESET=1, PORT_RESET=1, APB_RESETN=1, SIDDQ=1)
# [PhyTracer@/arm-io/atc-phy1] MMIO: R.4   USB2PHY_CTL = 0xf (RESET=1, PORT_RESET=1, APB_RESETN=1, SIDDQ=1)
# [PhyTracer@/arm-io/atc-phy1] MMIO: W.4   USB2PHY_CTL = 0xb (RESET=1, PORT_RESET=1, APB_RESETN=0, SIDDQ=1)
# [PhyTracer@/arm-io/atc-phy1] MMIO: R.4   USB2PHY_MISCTUNE = 0x8c0013 (APBCLK_GATE_OFF=0, REFCLK_GATE_OFF=0)
# [PhyTracer@/arm-io/atc-phy1] MMIO: W.4   USB2PHY_MISCTUNE = 0x208c0013 (APBCLK_GATE_OFF=1, REFCLK_GATE_OFF=0)
# [PhyTracer@/arm-io/atc-phy1] MMIO: R.4   USB2PHY_MISCTUNE = 0x208c0013 (APBCLK_GATE_OFF=1, REFCLK_GATE_OFF=0)
# [PhyTracer@/arm-io/atc-phy1] MMIO: W.4   USB2PHY_MISCTUNE = 0x608c0013 (APBCLK_GATE_OFF=1, REFCLK_GATE_OFF=1)
# [cpu0] [DCPTracer@/arm-io/dcpext] [dcpep] >C[0x0] A374 UnifiedPipeline2::vi_set_temperature_hint()
# [cpu3] [DCPTracer@/arm-io/dcpext] [dcpep] 0x1000000002 (TYPE=0x2, LEN=0x10, OFF=0x0, CTX=0x0(CB), ACK=0)
# [cpu3] [DCPTracer@/arm-io/dcpext] [dcpep] <d[0x0] D110 UnifiedPipeline2::create_PMU_service()
# [cpu1] [DCPTracer@/arm-io/dcpext] [dcpep] >ACK CB.0 (0x42 (TYPE=0x2, LEN=0x0, OFF=0x0, CTX=0x0(CB), ACK=1))
# [cpu2] [DCPTracer@/arm-io/dcpext] [dcpep] 0x242 (TYPE=0x2, LEN=0x0, OFF=0x0, CTX=0x2(CMD), ACK=1)
# [cpu2] [DCPTracer@/arm-io/dcpext] [dcpep] <ACK CMD.0 (0x242 (TYPE=0x2, LEN=0x0, OFF=0x0, CTX=0x2(CMD), ACK=1))
# [cpu2] [DCPTracer@/arm-io/dcpext] [dcpep] >C[0x0] A131 UPPipe2::pmu_service_matched()
# [cpu2] [DCPTracer@/arm-io/dcpext] [dcpep] 0x1000000002 (TYPE=0x2, LEN=0x10, OFF=0x0, CTX=0x0(CB), ACK=0)
# [cpu2] [DCPTracer@/arm-io/dcpext] [dcpep] <d[0x0] D110 UnifiedPipeline2::create_PMU_service()
# [cpu2] [DCPTracer@/arm-io/dcpext] [dcpep] >ACK CB.0 (0x42 (TYPE=0x2, LEN=0x0, OFF=0x0, CTX=0x0(CB), ACK=1))
# [cpu3] [DCPTracer@/arm-io/dcpext] [dcpep] 0x242 (TYPE=0x2, LEN=0x0, OFF=0x0, CTX=0x2(CMD), ACK=1)
# [cpu3] [DCPTracer@/arm-io/dcpext] [dcpep] <ACK CMD.0 (0x242 (TYPE=0x2, LEN=0x0, OFF=0x0, CTX=0x2(CMD), ACK=1))
# [PhyTracer@/arm-io/atc-phy1] MMIO: R.4   ATCPHY_MISC = 0x0 (RESET_N=0, LANE_SWAP=0)
# [PhyTracer@/arm-io/atc-phy1] MMIO: W.4   ATCPHY_MISC = 0x1 (RESET_N=1, LANE_SWAP=0)
# [PhyTracer@/arm-io/atc-phy1] MMIO: R.4   ATCPHY_POWER_CTRL = 0x4 (SLEEP_SMALL=0, SLEEP_BIG=0, CLAMP_EN=1, APB_RESET_N=0, PHY_RESET_N=0)
# [PhyTracer@/arm-io/atc-phy1] MMIO: W.4   ATCPHY_POWER_CTRL = 0x5 (SLEEP_SMALL=1, SLEEP_BIG=0, CLAMP_EN=1, APB_RESET_N=0, PHY_RESET_N=0)
# [PhyTracer@/arm-io/atc-phy1] MMIO: R.4   ATCPHY_POWER_STAT = 0x1 (SLEEP_SMALL=1, SLEEP_BIG=0, CLAMP_EN=0, APB_RESET_N=0, PHY_RESET_N=0)
# [PhyTracer@/arm-io/atc-phy1] MMIO: R.4   ATCPHY_POWER_CTRL = 0x5 (SLEEP_SMALL=1, SLEEP_BIG=0, CLAMP_EN=1, APB_RESET_N=0, PHY_RESET_N=0)
# [PhyTracer@/arm-io/atc-phy1] MMIO: W.4   ATCPHY_POWER_CTRL = 0x7 (SLEEP_SMALL=1, SLEEP_BIG=1, CLAMP_EN=1, APB_RESET_N=0, PHY_RESET_N=0)
# [PhyTracer@/arm-io/atc-phy1] MMIO: R.4   ATCPHY_POWER_STAT = 0x3 (SLEEP_SMALL=1, SLEEP_BIG=1, CLAMP_EN=0, APB_RESET_N=0, PHY_RESET_N=0)
# [PhyTracer@/arm-io/atc-phy1] MMIO: R.4   ATCPHY_POWER_CTRL = 0x7 (SLEEP_SMALL=1, SLEEP_BIG=1, CLAMP_EN=1, APB_RESET_N=0, PHY_RESET_N=0)
# [PhyTracer@/arm-io/atc-phy1] MMIO: W.4   ATCPHY_POWER_CTRL = 0x3 (SLEEP_SMALL=1, SLEEP_BIG=1, CLAMP_EN=0, APB_RESET_N=0, PHY_RESET_N=0)
# [PhyTracer@/arm-io/atc-phy1] MMIO: R.4   ATCPHY_POWER_CTRL = 0x3 (SLEEP_SMALL=1, SLEEP_BIG=1, CLAMP_EN=0, APB_RESET_N=0, PHY_RESET_N=0)
# [PhyTracer@/arm-io/atc-phy1] MMIO: W.4   ATCPHY_POWER_CTRL = 0xb (SLEEP_SMALL=1, SLEEP_BIG=1, CLAMP_EN=0, APB_RESET_N=1, PHY_RESET_N=0)
# [PhyTracer@/arm-io/atc-phy1] MMIO: R.4   CIO3PLL_DCO_NCTRL = 0x80 (DCO_COARSEBIN_EFUSE0=0x0, DCO_COARSEBIN_EFUSE1=0x0)
# [PhyTracer@/arm-io/atc-phy1] MMIO: W.4   CIO3PLL_DCO_NCTRL = 0xa5 (DCO_COARSEBIN_EFUSE0=0x25, DCO_COARSEBIN_EFUSE1=0x0)
# [PhyTracer@/arm-io/atc-phy1] MMIO: R.4   CIO3PLL_DCO_NCTRL = 0xa5 (DCO_COARSEBIN_EFUSE0=0x25, DCO_COARSEBIN_EFUSE1=0x0)
# [PhyTracer@/arm-io/atc-phy1] MMIO: W.4   CIO3PLL_DCO_NCTRL = 0x5600a5 (DCO_COARSEBIN_EFUSE0=0x25, DCO_COARSEBIN_EFUSE1=0x2b)
# [PhyTracer@/arm-io/atc-phy1] MMIO: R.4   CIO3PLL_FRACN_CAN = 0x1044201 (DLL_CAL_START_CAPCODE=2)
# [PhyTracer@/arm-io/atc-phy1] MMIO: W.4   CIO3PLL_FRACN_CAN = 0x1024201 (DLL_CAL_START_CAPCODE=1)
# [PhyTracer@/arm-io/atc-phy1] MMIO: R.4   AUS_COMMON_SHIM_BLK_VREG = 0x40 (VREG_TRIM=0x10)
# [PhyTracer@/arm-io/atc-phy1] MMIO: W.4   AUS_COMMON_SHIM_BLK_VREG = 0x3c (VREG_TRIM=0xf)
# [PhyTracer@/arm-io/atc-phy1] MMIO: R.4   CIO3PLL_FRACN_CAN = 0x1024201 (DLL_CAL_START_CAPCODE=1)
# [PhyTracer@/arm-io/atc-phy1] MMIO: W.4   CIO3PLL_FRACN_CAN = 0x1004201 (DLL_CAL_START_CAPCODE=0)
# [PhyTracer@/arm-io/atc-phy1] MMIO: R.4   CIO3PLL_DTC_VREG = 0x1296822 (DTC_VREG_ADJUST=5)
# [PhyTracer@/arm-io/atc-phy1] MMIO: W.4   CIO3PLL_DTC_VREG = 0x1296822 (DTC_VREG_ADJUST=5)
# [PhyTracer@/arm-io/atc-phy1] MMIO: R.4   ACIOPHY_TOP_TUNABLE_a00 = 0x122180 ()
# [PhyTracer@/arm-io/atc-phy1] MMIO: W.4   ACIOPHY_TOP_TUNABLE_a00 = 0x13c180 ()
# [PhyTracer@/arm-io/atc-phy1] MMIO: R.4   ACIOPHY_TOP_TUNABLE_808 = 0xc44c446 ()
# [PhyTracer@/arm-io/atc-phy1] MMIO: W.4   ACIOPHY_TOP_TUNABLE_808 = 0x222c226 ()
# [PhyTracer@/arm-io/atc-phy1] MMIO: R.4   AUSPLL_DCO_EFUSE_SPARE = 0x103003 (RODCO_ENCAP_EFUSE=0, RODCO_BIAS_ADJUST_EFUSE=3)
# [PhyTracer@/arm-io/atc-phy1] MMIO: W.4   AUSPLL_DCO_EFUSE_SPARE = 0x103903 (RODCO_ENCAP_EFUSE=0, RODCO_BIAS_ADJUST_EFUSE=3)
# [PhyTracer@/arm-io/atc-phy1] MMIO: R.4   AUSPLL_CORE_TUNABLE_78 = 0x18300811 ()
# [PhyTracer@/arm-io/atc-phy1] MMIO: W.4   AUSPLL_CORE_TUNABLE_78 = 0x10300811 ()
# [PhyTracer@/arm-io/atc-phy1] MMIO: R.4   AUSPLL_FRACN_CAN = 0x1044200 (DLL_START_CAPCODE=2)
# [PhyTracer@/arm-io/atc-phy1] MMIO: W.4   AUSPLL_FRACN_CAN = 0x1044201 (DLL_START_CAPCODE=2)
# [PhyTracer@/arm-io/atc-phy1] MMIO: R.4   AUSPLL_TOP_FREQ_DESC_0C = 0x450800 ()
# [PhyTracer@/arm-io/atc-phy1] MMIO: W.4   AUSPLL_TOP_FREQ_DESC_0C = 0x460800 ()
# [PhyTracer@/arm-io/atc-phy1] MMIO: R.4   AUSPLL_TOP_TUNABLE_2094 = 0x655200 ()
# [PhyTracer@/arm-io/atc-phy1] MMIO: W.4   AUSPLL_TOP_TUNABLE_2094 = 0x665200 ()
# [PhyTracer@/arm-io/atc-phy1] MMIO: R.4   AUSPLL_TOP_TUNABLE_20a0 = 0x644800 ()
# [PhyTracer@/arm-io/atc-phy1] MMIO: W.4   AUSPLL_TOP_TUNABLE_20a0 = 0x654800 ()
# [PhyTracer@/arm-io/atc-phy1] MMIO: R.4   AUSPLL_TOP_TUNABLE_20ac = 0x644800 ()
# [PhyTracer@/arm-io/atc-phy1] MMIO: W.4   AUSPLL_TOP_TUNABLE_20ac = 0x654800 ()
# [PhyTracer@/arm-io/atc-phy1] MMIO: R.4   AUSPLL_TOP_TUNABLE_20b8 = 0x644800 ()
# [PhyTracer@/arm-io/atc-phy1] MMIO: W.4   AUSPLL_TOP_TUNABLE_20b8 = 0x654800 ()
# [PhyTracer@/arm-io/atc-phy1] MMIO: R.4   CIO3PLL_CLK_CTRL = 0x2000 (PCLK_EN=0, REFCLK_EN=0)
# [PhyTracer@/arm-io/atc-phy1] MMIO: W.4   CIO3PLL_CLK_CTRL = 0x2022 (PCLK_EN=1, REFCLK_EN=1)
# [PhyTracer@/arm-io/atc-phy1] MMIO: R.4   CIO3PLL_CORE_TUNABLE_1c = 0x33033 ()
# [PhyTracer@/arm-io/atc-phy1] MMIO: W.4   CIO3PLL_CORE_TUNABLE_1c = 0x32033 ()
# [PhyTracer@/arm-io/atc-phy1] MMIO: R.4   CIO3PLL_DTC_VREG = 0x1296822 (DTC_VREG_ADJUST=5)
# [PhyTracer@/arm-io/atc-phy1] MMIO: W.4   CIO3PLL_DTC_VREG = 0x12b6823 (DTC_VREG_ADJUST=5)
# [PhyTracer@/arm-io/atc-phy1] MMIO: R.4   CIO3PLL_CORE_TUNABLE_28 = 0x200d ()
# [PhyTracer@/arm-io/atc-phy1] MMIO: W.4   CIO3PLL_CORE_TUNABLE_28 = 0x201d ()
# [PhyTracer@/arm-io/atc-phy1] MMIO: R.4   CIO3PLL_CORE_TUNABLE_9c = 0x20005 ()
# [PhyTracer@/arm-io/atc-phy1] MMIO: W.4   CIO3PLL_CORE_TUNABLE_9c = 0x5 ()
# [PhyTracer@/arm-io/atc-phy1] MMIO: R.4   CIO3PLL_TOP_TUNABLE_10 = 0x8080802 ()
# [PhyTracer@/arm-io/atc-phy1] MMIO: W.4   CIO3PLL_TOP_TUNABLE_10 = 0xa0a0a04 ()
# [PhyTracer@/arm-io/atc-phy1] MMIO: R.4   CIO3PLL_TOP_TUNABLE_88 = 0x6522b ()
# [PhyTracer@/arm-io/atc-phy1] MMIO: W.4   CIO3PLL_TOP_TUNABLE_88 = 0x65327 ()
# [PhyTracer@/arm-io/atc-phy1] MMIO: R.4   CIO3PLL_TOP_TUNABLE_94 = 0x865216 ()
# [PhyTracer@/arm-io/atc-phy1] MMIO: W.4   CIO3PLL_TOP_TUNABLE_94 = 0x865315 ()
# [PhyTracer@/arm-io/atc-phy1] MMIO: R.4   LN0_AUSPMA_TX_TOP[2] = 0x6d9e ()
# [PhyTracer@/arm-io/atc-phy1] MMIO: R.4   LN0_AUSPMA_TX_TOP[12] = 0x2800 ()
# [PhyTracer@/arm-io/atc-phy1] MMIO: W.4   LN0_AUSPMA_TX_TOP[12] = 0x2a00 ()
# [PhyTracer@/arm-io/atc-phy1] MMIO: R.4   LN0_AUSPMA_TX_TOP[32] = 0x21780 ()
# [PhyTracer@/arm-io/atc-phy1] MMIO: W.4   LN0_AUSPMA_TX_TOP[32] = 0x1a1780 ()
# [PhyTracer@/arm-io/atc-phy1] MMIO: R.4   LN0_AUSPMA_TX_TOP[35] = 0x4c4c446 ()
# [PhyTracer@/arm-io/atc-phy1] MMIO: W.4   LN0_AUSPMA_TX_TOP[35] = 0x2222226 ()
# [PhyTracer@/arm-io/atc-phy1] MMIO: R.4   LN0_AUSPMA_TX_TOP[2] = 0x6d9e ()
# [PhyTracer@/arm-io/atc-phy1] MMIO: R.4   LN0_AUSPMA_TX_TOP[12] = 0x2a00 ()
# [PhyTracer@/arm-io/atc-phy1] MMIO: R.4   LN0_AUSPMA_TX_TOP[32] = 0x1a1780 ()
# [PhyTracer@/arm-io/atc-phy1] MMIO: R.4   LN0_AUSPMA_TX_TOP[35] = 0x2222226 ()
# [PhyTracer@/arm-io/atc-phy1] MMIO: R.4   LN0_AUSPMA_RX_TOP[0] = 0x78000000 ()
# [PhyTracer@/arm-io/atc-phy1] MMIO: W.4   LN0_AUSPMA_RX_TOP[0] = 0x1e000000 ()
# [PhyTracer@/arm-io/atc-phy1] MMIO: R.4   LN0_AUSPMA_RX_TOP[5] = 0x26c6f7 ()
# [PhyTracer@/arm-io/atc-phy1] MMIO: W.4   LN0_AUSPMA_RX_TOP[5] = 0x2646f7 ()
# [PhyTracer@/arm-io/atc-phy1] MMIO: R.4   LN0_AUSPMA_RX_TOP[11] = 0x100700d5 ()
# [PhyTracer@/arm-io/atc-phy1] MMIO: W.4   LN0_AUSPMA_RX_TOP[11] = 0x5aa1ffff ()
# [PhyTracer@/arm-io/atc-phy1] MMIO: R.4   LN0_AUSPMA_RX_TOP[12] = 0xee00ff40 ()
# [PhyTracer@/arm-io/atc-phy1] MMIO: W.4   LN0_AUSPMA_RX_TOP[12] = 0xff000f44 ()
# [PhyTracer@/arm-io/atc-phy1] MMIO: R.4   LN0_AUSPMA_RX_TOP[16] = 0x70001 ()
# [PhyTracer@/arm-io/atc-phy1] MMIO: W.4   LN0_AUSPMA_RX_TOP[16] = 0x40001 ()
# [PhyTracer@/arm-io/atc-phy1] MMIO: R.4   LN0_AUSPMA_RX_TOP[26] = 0x3f03a ()
# [PhyTracer@/arm-io/atc-phy1] MMIO: W.4   LN0_AUSPMA_RX_TOP[26] = 0x3f01a ()
# [PhyTracer@/arm-io/atc-phy1] MMIO: R.4   LN0_AUSPMA_RX_TOP[29] = 0x1f00c800 ()
# [PhyTracer@/arm-io/atc-phy1] MMIO: W.4   LN0_AUSPMA_RX_TOP[29] = 0x1f00c83e ()
# [PhyTracer@/arm-io/atc-phy1] MMIO: R.4   LN0_AUSPMA_RX_TOP[33] = 0x28062 ()
# [PhyTracer@/arm-io/atc-phy1] MMIO: W.4   LN0_AUSPMA_RX_TOP[33] = 0x406a ()
# [PhyTracer@/arm-io/atc-phy1] MMIO: R.4   LN0_AUSPMA_RX_TOP[34] = 0x1021c38 ()
# [PhyTracer@/arm-io/atc-phy1] MMIO: W.4   LN0_AUSPMA_RX_TOP[34] = 0x1021224 ()
# [PhyTracer@/arm-io/atc-phy1] MMIO: R.4   LN0_AUSPMA_RX_TOP[43] = 0x66428 ()
# [PhyTracer@/arm-io/atc-phy1] MMIO: W.4   LN0_AUSPMA_RX_TOP[43] = 0x46428 ()
# [PhyTracer@/arm-io/atc-phy1] MMIO: R.4   LN0_AUSPMA_RX_TOP[59] = 0x2 ()
# [PhyTracer@/arm-io/atc-phy1] MMIO: W.4   LN0_AUSPMA_RX_TOP[59] = 0x80002 ()
# [PhyTracer@/arm-io/atc-phy1] MMIO: R.4   LN0_AUSPMA_RX_TOP[65] = 0x7040704 ()
# [PhyTracer@/arm-io/atc-phy1] MMIO: W.4   LN0_AUSPMA_RX_TOP[65] = 0x7040202 ()
# [PhyTracer@/arm-io/atc-phy1] MMIO: R.4   LN0_AUSPMA_RX_TOP[66] = 0x3 ()
# [PhyTracer@/arm-io/atc-phy1] MMIO: W.4   LN0_AUSPMA_RX_TOP[66] = 0x0 ()
# [PhyTracer@/arm-io/atc-phy1] MMIO: R.4   LN0_AUSPMA_RX_TOP[68] = 0x4c4c447 ()
# [PhyTracer@/arm-io/atc-phy1] MMIO: W.4   LN0_AUSPMA_RX_TOP[68] = 0x2222227 ()
# [PhyTracer@/arm-io/atc-phy1] MMIO: R.4   LN0_AUSPMA_RX_TOP[70] = 0x7 ()
# [PhyTracer@/arm-io/atc-phy1] MMIO: W.4   LN0_AUSPMA_RX_TOP[70] = 0x5 ()
# [PhyTracer@/arm-io/atc-phy1] MMIO: R.4   LN0_AUSPMA_RX_TOP[0] = 0x1e000000 ()
# [PhyTracer@/arm-io/atc-phy1] MMIO: R.4   LN0_AUSPMA_RX_TOP[5] = 0x2646f7 ()
# [PhyTracer@/arm-io/atc-phy1] MMIO: R.4   LN0_AUSPMA_RX_TOP[11] = 0x5aa1ffff ()
# [PhyTracer@/arm-io/atc-phy1] MMIO: R.4   LN0_AUSPMA_RX_TOP[12] = 0xff000f44 ()
# [PhyTracer@/arm-io/atc-phy1] MMIO: R.4   LN0_AUSPMA_RX_TOP[16] = 0x40001 ()
# [PhyTracer@/arm-io/atc-phy1] MMIO: R.4   LN0_AUSPMA_RX_TOP[26] = 0x3f01a ()
# [PhyTracer@/arm-io/atc-phy1] MMIO: R.4   LN0_AUSPMA_RX_TOP[29] = 0x1f00c83e ()
# [PhyTracer@/arm-io/atc-phy1] MMIO: R.4   LN0_AUSPMA_RX_TOP[33] = 0x406a ()
# [PhyTracer@/arm-io/atc-phy1] MMIO: R.4   LN0_AUSPMA_RX_TOP[34] = 0x1021224 ()
# [PhyTracer@/arm-io/atc-phy1] MMIO: R.4   LN0_AUSPMA_RX_TOP[43] = 0x46428 ()
# [PhyTracer@/arm-io/atc-phy1] MMIO: R.4   LN0_AUSPMA_RX_TOP[57] = 0x4b412d ()
# [PhyTracer@/arm-io/atc-phy1] MMIO: W.4   LN0_AUSPMA_RX_TOP[57] = 0x1a50694 ()
# [PhyTracer@/arm-io/atc-phy1] MMIO: R.4   LN0_AUSPMA_RX_TOP[59] = 0x80002 ()
# [PhyTracer@/arm-io/atc-phy1] MMIO: R.4   LN0_AUSPMA_RX_TOP[65] = 0x7040202 ()
# [PhyTracer@/arm-io/atc-phy1] MMIO: R.4   LN0_AUSPMA_RX_TOP[66] = 0x0 ()
# [PhyTracer@/arm-io/atc-phy1] MMIO: R.4   LN0_AUSPMA_RX_TOP[68] = 0x2222227 ()
# [PhyTracer@/arm-io/atc-phy1] MMIO: R.4   LN0_AUSPMA_RX_TOP[70] = 0x5 ()
# [PhyTracer@/arm-io/atc-phy1] MMIO: R.4   LN0_AUSPMA_RX_SHM_TJ_RXA_UNK_CTRL7 = 0x93c03c0 ()
# [PhyTracer@/arm-io/atc-phy1] MMIO: W.4   LN0_AUSPMA_RX_SHM_TJ_RXA_UNK_CTRL7 = 0x9c00c21 ()
# [PhyTracer@/arm-io/atc-phy1] MMIO: R.4   LN0_AUSPMA_RX_SHM_TJ_RXA_UNK_CTRL9 = 0x40000011 ()
# [PhyTracer@/arm-io/atc-phy1] MMIO: W.4   LN0_AUSPMA_RX_SHM_TJ_RXA_UNK_CTRL9 = 0x4000c011 ()
# [PhyTracer@/arm-io/atc-phy1] MMIO: R.4   LN0_AUSPMA_RX_SHM_TJ_RXA_DFE_CTRL10 = 0x78000001 (PMA_RXA_DTVREG_ADJUST=0xf)
# [PhyTracer@/arm-io/atc-phy1] MMIO: W.4   LN0_AUSPMA_RX_SHM_TJ_RXA_DFE_CTRL10 = 0x78000601 (PMA_RXA_DTVREG_ADJUST=0xf)
# [PhyTracer@/arm-io/atc-phy1] MMIO: R.4   LN0_AUSPMA_RX_SHM_TJ_RXA_DFE_CTRL11 = 0x2a800012 (PMA_RXA_DTVREG_BIG_EN=1, PMA_RXA_DTVREG_BIG_EN_OV=0, PMA_RXA_DTVREG_SML_EN=1, PMA_RXA_DTVREG_SML_EN_OV=0)
# [PhyTracer@/arm-io/atc-phy1] MMIO: W.4   LN0_AUSPMA_RX_SHM_TJ_RXA_DFE_CTRL11 = 0x2a800052 (PMA_RXA_DTVREG_BIG_EN=1, PMA_RXA_DTVREG_BIG_EN_OV=0, PMA_RXA_DTVREG_SML_EN=1, PMA_RXA_DTVREG_SML_EN_OV=0)
# [PhyTracer@/arm-io/atc-phy1] MMIO: R.4   LN0_AUSPMA_RX_SHM_TJ_UNK_CTRL14A = 0x290c1806 ()
# [PhyTracer@/arm-io/atc-phy1] MMIO: W.4   LN0_AUSPMA_RX_SHM_TJ_UNK_CTRL14A = 0x330c1806 ()
# [PhyTracer@/arm-io/atc-phy1] MMIO: R.4   LN0_AUSPMA_RX_SHM_TJ_UNK_CTRL14B = 0x3024000 ()
# [PhyTracer@/arm-io/atc-phy1] MMIO: W.4   LN0_AUSPMA_RX_SHM_TJ_UNK_CTRL14B = 0x7024000 ()
# [PhyTracer@/arm-io/atc-phy1] MMIO: R.4   LN0_AUSPMA_RX_SHM_TJ_RXA_UNK_CTRL21 = 0x800 ()
# [PhyTracer@/arm-io/atc-phy1] MMIO: W.4   LN0_AUSPMA_RX_SHM_TJ_RXA_UNK_CTRL21 = 0xc00 ()
# [PhyTracer@/arm-io/atc-phy1] MMIO: R.4   LN0_AUSPMA_RX_SHM[33] = 0x6318c ()
# [PhyTracer@/arm-io/atc-phy1] MMIO: W.4   LN0_AUSPMA_RX_SHM[33] = 0x6659f ()
# [PhyTracer@/arm-io/atc-phy1] MMIO: R.4   LN0_AUSPMA_RX_SHM[35] = 0x0 ()
# [PhyTracer@/arm-io/atc-phy1] MMIO: W.4   LN0_AUSPMA_RX_SHM[35] = 0x100000 ()
# [PhyTracer@/arm-io/atc-phy1] MMIO: R.4   LN0_AUSPMA_RX_SHM_TJ_RXA_UNK_CTRL7 = 0x9c00c21 ()
# [PhyTracer@/arm-io/atc-phy1] MMIO: R.4   LN0_AUSPMA_RX_SHM_TJ_RXA_UNK_CTRL9 = 0x4000c011 ()
# [PhyTracer@/arm-io/atc-phy1] MMIO: R.4   LN0_AUSPMA_RX_SHM_TJ_RXA_DFE_CTRL10 = 0x78000601 (PMA_RXA_DTVREG_ADJUST=0xf)
# [PhyTracer@/arm-io/atc-phy1] MMIO: R.4   LN0_AUSPMA_RX_SHM_TJ_RXA_DFE_CTRL11 = 0x2a800052 (PMA_RXA_DTVREG_BIG_EN=1, PMA_RXA_DTVREG_BIG_EN_OV=0, PMA_RXA_DTVREG_SML_EN=1, PMA_RXA_DTVREG_SML_EN_OV=0)
# [PhyTracer@/arm-io/atc-phy1] MMIO: R.4   LN0_AUSPMA_RX_SHM_TJ_UNK_CTRL14A = 0x330c1806 ()
# [PhyTracer@/arm-io/atc-phy1] MMIO: R.4   LN0_AUSPMA_RX_SHM_TJ_UNK_CTRL14B = 0x7024000 ()
# [PhyTracer@/arm-io/atc-phy1] MMIO: R.4   LN0_AUSPMA_RX_SHM_TJ_RXA_UNK_CTRL21 = 0xc00 ()
# [PhyTracer@/arm-io/atc-phy1] MMIO: R.4   LN0_AUSPMA_RX_SHM[33] = 0x6659f ()
# [PhyTracer@/arm-io/atc-phy1] MMIO: W.4   LN0_AUSPMA_RX_SHM[33] = 0xce7ff ()
# [PhyTracer@/arm-io/atc-phy1] MMIO: R.4   LN0_AUSPMA_RX_SHM[35] = 0x100000 ()
# [PhyTracer@/arm-io/atc-phy1] MMIO: R.4   LN0_AUSPMA_RX_EQ[18] = 0x0 ()
# [PhyTracer@/arm-io/atc-phy1] MMIO: W.4   LN0_AUSPMA_RX_EQ[18] = 0x2 ()
# [PhyTracer@/arm-io/atc-phy1] MMIO: R.4   LN0_AUSPMA_RX_EQ[20] = 0xbf03 ()
# [PhyTracer@/arm-io/atc-phy1] MMIO: W.4   LN0_AUSPMA_RX_EQ[20] = 0xbfff ()
# [PhyTracer@/arm-io/atc-phy1] MMIO: R.4   LN0_AUSPMA_RX_EQ[21] = 0x0 ()
# [PhyTracer@/arm-io/atc-phy1] MMIO: W.4   LN0_AUSPMA_RX_EQ[21] = 0x2 ()
# [PhyTracer@/arm-io/atc-phy1] MMIO: R.4   LN0_AUSPMA_RX_EQ[23] = 0xffc3 ()
# [PhyTracer@/arm-io/atc-phy1] MMIO: W.4   LN0_AUSPMA_RX_EQ[23] = 0xffff ()
# [PhyTracer@/arm-io/atc-phy1] MMIO: R.4   LN0_AUSPMA_RX_EQ[31] = 0x28 ()
# [PhyTracer@/arm-io/atc-phy1] MMIO: W.4   LN0_AUSPMA_RX_EQ[31] = 0x7ff ()
# [PhyTracer@/arm-io/atc-phy1] MMIO: R.4   LN0_AUSPMA_RX_EQ[38] = 0x0 ()
# [PhyTracer@/arm-io/atc-phy1] MMIO: W.4   LN0_AUSPMA_RX_EQ[38] = 0x3f ()
# [PhyTracer@/arm-io/atc-phy1] MMIO: R.4   LN0_AUSPMA_RX_EQ[47] = 0x1800101 ()
# [PhyTracer@/arm-io/atc-phy1] MMIO: W.4   LN0_AUSPMA_RX_EQ[47] = 0x3000101 ()
# [PhyTracer@/arm-io/atc-phy1] MMIO: R.4   LN0_AUSPMA_RX_EQ[18] = 0x2 ()
# [PhyTracer@/arm-io/atc-phy1] MMIO: R.4   LN0_AUSPMA_RX_EQ[20] = 0xbfff ()
# [PhyTracer@/arm-io/atc-phy1] MMIO: R.4   LN0_AUSPMA_RX_EQ[21] = 0x2 ()
# [PhyTracer@/arm-io/atc-phy1] MMIO: R.4   LN0_AUSPMA_RX_EQ[23] = 0xffff ()
# [PhyTracer@/arm-io/atc-phy1] MMIO: R.4   LN0_AUSPMA_RX_EQ[31] = 0x7ff ()
# [PhyTracer@/arm-io/atc-phy1] MMIO: R.4   LN0_AUSPMA_RX_EQ[38] = 0x3f ()
# [PhyTracer@/arm-io/atc-phy1] MMIO: R.4   LN0_AUSPMA_RX_EQ[47] = 0x3000101 ()
# [PhyTracer@/arm-io/atc-phy1] MMIO: R.4   LN1_AUSPMA_TX_TOP[2] = 0x6d9e ()
# [PhyTracer@/arm-io/atc-phy1] MMIO: R.4   LN1_AUSPMA_TX_TOP[12] = 0x2800 ()
# [PhyTracer@/arm-io/atc-phy1] MMIO: W.4   LN1_AUSPMA_TX_TOP[12] = 0x2a00 ()
# [PhyTracer@/arm-io/atc-phy1] MMIO: R.4   LN1_AUSPMA_TX_TOP[32] = 0x21780 ()
# [PhyTracer@/arm-io/atc-phy1] MMIO: W.4   LN1_AUSPMA_TX_TOP[32] = 0x1a1780 ()
# [PhyTracer@/arm-io/atc-phy1] MMIO: R.4   LN1_AUSPMA_TX_TOP[35] = 0x4c4c446 ()
# [PhyTracer@/arm-io/atc-phy1] MMIO: W.4   LN1_AUSPMA_TX_TOP[35] = 0x2222226 ()
# [PhyTracer@/arm-io/atc-phy1] MMIO: R.4   LN1_AUSPMA_TX_TOP[2] = 0x6d9e ()
# [PhyTracer@/arm-io/atc-phy1] MMIO: R.4   LN1_AUSPMA_TX_TOP[12] = 0x2a00 ()
# [PhyTracer@/arm-io/atc-phy1] MMIO: R.4   LN1_AUSPMA_TX_TOP[32] = 0x1a1780 ()
# [PhyTracer@/arm-io/atc-phy1] MMIO: R.4   LN1_AUSPMA_TX_TOP[35] = 0x2222226 ()
# [PhyTracer@/arm-io/atc-phy1] MMIO: R.4   LN1_AUSPMA_RX_TOP[0] = 0x78000000 ()
# [PhyTracer@/arm-io/atc-phy1] MMIO: W.4   LN1_AUSPMA_RX_TOP[0] = 0x1e000000 ()
# [PhyTracer@/arm-io/atc-phy1] MMIO: R.4   LN1_AUSPMA_RX_TOP[5] = 0x26c6f7 ()
# [PhyTracer@/arm-io/atc-phy1] MMIO: W.4   LN1_AUSPMA_RX_TOP[5] = 0x2646f7 ()
# [PhyTracer@/arm-io/atc-phy1] MMIO: R.4   LN1_AUSPMA_RX_TOP[11] = 0x100700d5 ()
# [PhyTracer@/arm-io/atc-phy1] MMIO: W.4   LN1_AUSPMA_RX_TOP[11] = 0x5aa1ffff ()
# [PhyTracer@/arm-io/atc-phy1] MMIO: R.4   LN1_AUSPMA_RX_TOP[12] = 0xee00ff40 ()
# [PhyTracer@/arm-io/atc-phy1] MMIO: W.4   LN1_AUSPMA_RX_TOP[12] = 0xff000f44 ()
# [PhyTracer@/arm-io/atc-phy1] MMIO: R.4   LN1_AUSPMA_RX_TOP[16] = 0x70001 ()
# [PhyTracer@/arm-io/atc-phy1] MMIO: W.4   LN1_AUSPMA_RX_TOP[16] = 0x40001 ()
# [PhyTracer@/arm-io/atc-phy1] MMIO: R.4   LN1_AUSPMA_RX_TOP[26] = 0x3f03a ()
# [PhyTracer@/arm-io/atc-phy1] MMIO: W.4   LN1_AUSPMA_RX_TOP[26] = 0x3f01a ()
# [PhyTracer@/arm-io/atc-phy1] MMIO: R.4   LN1_AUSPMA_RX_TOP[29] = 0x1f00c800 ()
# [PhyTracer@/arm-io/atc-phy1] MMIO: W.4   LN1_AUSPMA_RX_TOP[29] = 0x1f00c83e ()
# [PhyTracer@/arm-io/atc-phy1] MMIO: R.4   LN1_AUSPMA_RX_TOP[33] = 0x28062 ()
# [PhyTracer@/arm-io/atc-phy1] MMIO: W.4   LN1_AUSPMA_RX_TOP[33] = 0x406a ()
# [PhyTracer@/arm-io/atc-phy1] MMIO: R.4   LN1_AUSPMA_RX_TOP[34] = 0x1021c38 ()
# [PhyTracer@/arm-io/atc-phy1] MMIO: W.4   LN1_AUSPMA_RX_TOP[34] = 0x1021224 ()
# [PhyTracer@/arm-io/atc-phy1] MMIO: R.4   LN1_AUSPMA_RX_TOP[43] = 0x66428 ()
# [PhyTracer@/arm-io/atc-phy1] MMIO: W.4   LN1_AUSPMA_RX_TOP[43] = 0x46428 ()
# [PhyTracer@/arm-io/atc-phy1] MMIO: R.4   LN1_AUSPMA_RX_TOP[59] = 0x2 ()
# [PhyTracer@/arm-io/atc-phy1] MMIO: W.4   LN1_AUSPMA_RX_TOP[59] = 0x80002 ()
# [PhyTracer@/arm-io/atc-phy1] MMIO: R.4   LN1_AUSPMA_RX_TOP[65] = 0x7040704 ()
# [PhyTracer@/arm-io/atc-phy1] MMIO: W.4   LN1_AUSPMA_RX_TOP[65] = 0x7040202 ()
# [PhyTracer@/arm-io/atc-phy1] MMIO: R.4   LN1_AUSPMA_RX_TOP[66] = 0x3 ()
# [PhyTracer@/arm-io/atc-phy1] MMIO: W.4   LN1_AUSPMA_RX_TOP[66] = 0x0 ()
# [PhyTracer@/arm-io/atc-phy1] MMIO: R.4   LN1_AUSPMA_RX_TOP[68] = 0x4c4c447 ()
# [PhyTracer@/arm-io/atc-phy1] MMIO: W.4   LN1_AUSPMA_RX_TOP[68] = 0x2222227 ()
# [PhyTracer@/arm-io/atc-phy1] MMIO: R.4   LN1_AUSPMA_RX_TOP[70] = 0x7 ()
# [PhyTracer@/arm-io/atc-phy1] MMIO: W.4   LN1_AUSPMA_RX_TOP[70] = 0x5 ()
# [PhyTracer@/arm-io/atc-phy1] MMIO: R.4   LN1_AUSPMA_RX_TOP[0] = 0x1e000000 ()
# [PhyTracer@/arm-io/atc-phy1] MMIO: R.4   LN1_AUSPMA_RX_TOP[5] = 0x2646f7 ()
# [PhyTracer@/arm-io/atc-phy1] MMIO: R.4   LN1_AUSPMA_RX_TOP[11] = 0x5aa1ffff ()
# [PhyTracer@/arm-io/atc-phy1] MMIO: R.4   LN1_AUSPMA_RX_TOP[12] = 0xff000f44 ()
# [PhyTracer@/arm-io/atc-phy1] MMIO: R.4   LN1_AUSPMA_RX_TOP[16] = 0x40001 ()
# [PhyTracer@/arm-io/atc-phy1] MMIO: R.4   LN1_AUSPMA_RX_TOP[26] = 0x3f01a ()
# [PhyTracer@/arm-io/atc-phy1] MMIO: R.4   LN1_AUSPMA_RX_TOP[29] = 0x1f00c83e ()
# [PhyTracer@/arm-io/atc-phy1] MMIO: R.4   LN1_AUSPMA_RX_TOP[33] = 0x406a ()
# [PhyTracer@/arm-io/atc-phy1] MMIO: R.4   LN1_AUSPMA_RX_TOP[34] = 0x1021224 ()
# [PhyTracer@/arm-io/atc-phy1] MMIO: R.4   LN1_AUSPMA_RX_TOP[43] = 0x46428 ()
# [PhyTracer@/arm-io/atc-phy1] MMIO: R.4   LN1_AUSPMA_RX_TOP[57] = 0x4b412d ()
# [PhyTracer@/arm-io/atc-phy1] MMIO: W.4   LN1_AUSPMA_RX_TOP[57] = 0x1a50694 ()
# [PhyTracer@/arm-io/atc-phy1] MMIO: R.4   LN1_AUSPMA_RX_TOP[59] = 0x80002 ()
# [PhyTracer@/arm-io/atc-phy1] MMIO: R.4   LN1_AUSPMA_RX_TOP[65] = 0x7040202 ()
# [PhyTracer@/arm-io/atc-phy1] MMIO: R.4   LN1_AUSPMA_RX_TOP[66] = 0x0 ()
# [PhyTracer@/arm-io/atc-phy1] MMIO: R.4   LN1_AUSPMA_RX_TOP[68] = 0x2222227 ()
# [PhyTracer@/arm-io/atc-phy1] MMIO: R.4   LN1_AUSPMA_RX_TOP[70] = 0x5 ()
# [PhyTracer@/arm-io/atc-phy1] MMIO: R.4   LN1_AUSPMA_RX_SHM_TJ_RXA_UNK_CTRL7 = 0x93c03c0 ()
# [PhyTracer@/arm-io/atc-phy1] MMIO: W.4   LN1_AUSPMA_RX_SHM_TJ_RXA_UNK_CTRL7 = 0x9c00c21 ()
# [PhyTracer@/arm-io/atc-phy1] MMIO: R.4   LN1_AUSPMA_RX_SHM_TJ_RXA_UNK_CTRL9 = 0x40000011 ()
# [PhyTracer@/arm-io/atc-phy1] MMIO: W.4   LN1_AUSPMA_RX_SHM_TJ_RXA_UNK_CTRL9 = 0x4000c011 ()
# [PhyTracer@/arm-io/atc-phy1] MMIO: R.4   LN1_AUSPMA_RX_SHM_TJ_RXA_DFE_CTRL10 = 0x78000001 (PMA_RXA_DTVREG_ADJUST=0xf)
# [PhyTracer@/arm-io/atc-phy1] MMIO: W.4   LN1_AUSPMA_RX_SHM_TJ_RXA_DFE_CTRL10 = 0x78000601 (PMA_RXA_DTVREG_ADJUST=0xf)
# [PhyTracer@/arm-io/atc-phy1] MMIO: R.4   LN1_AUSPMA_RX_SHM_TJ_RXA_DFE_CTRL11 = 0x2a800012 (PMA_RXA_DTVREG_BIG_EN=1, PMA_RXA_DTVREG_BIG_EN_OV=0, PMA_RXA_DTVREG_SML_EN=1, PMA_RXA_DTVREG_SML_EN_OV=0)
# [PhyTracer@/arm-io/atc-phy1] MMIO: W.4   LN1_AUSPMA_RX_SHM_TJ_RXA_DFE_CTRL11 = 0x2a800052 (PMA_RXA_DTVREG_BIG_EN=1, PMA_RXA_DTVREG_BIG_EN_OV=0, PMA_RXA_DTVREG_SML_EN=1, PMA_RXA_DTVREG_SML_EN_OV=0)
# [PhyTracer@/arm-io/atc-phy1] MMIO: R.4   LN1_AUSPMA_RX_SHM_TJ_UNK_CTRL14A = 0x290c1806 ()
# [PhyTracer@/arm-io/atc-phy1] MMIO: W.4   LN1_AUSPMA_RX_SHM_TJ_UNK_CTRL14A = 0x330c1806 ()
# [PhyTracer@/arm-io/atc-phy1] MMIO: R.4   LN1_AUSPMA_RX_SHM_TJ_UNK_CTRL14B = 0x3024000 ()
# [PhyTracer@/arm-io/atc-phy1] MMIO: W.4   LN1_AUSPMA_RX_SHM_TJ_UNK_CTRL14B = 0x7024000 ()
# [PhyTracer@/arm-io/atc-phy1] MMIO: R.4   LN1_AUSPMA_RX_SHM_TJ_RXA_UNK_CTRL21 = 0x800 ()
# [PhyTracer@/arm-io/atc-phy1] MMIO: W.4   LN1_AUSPMA_RX_SHM_TJ_RXA_UNK_CTRL21 = 0xc00 ()
# [PhyTracer@/arm-io/atc-phy1] MMIO: R.4   LN1_AUSPMA_RX_SHM[33] = 0x6318c ()
# [PhyTracer@/arm-io/atc-phy1] MMIO: W.4   LN1_AUSPMA_RX_SHM[33] = 0x6659f ()
# [PhyTracer@/arm-io/atc-phy1] MMIO: R.4   LN1_AUSPMA_RX_SHM[35] = 0x0 ()
# [PhyTracer@/arm-io/atc-phy1] MMIO: W.4   LN1_AUSPMA_RX_SHM[35] = 0x100000 ()
# [PhyTracer@/arm-io/atc-phy1] MMIO: R.4   LN1_AUSPMA_RX_SHM_TJ_RXA_UNK_CTRL7 = 0x9c00c21 ()
# [PhyTracer@/arm-io/atc-phy1] MMIO: R.4   LN1_AUSPMA_RX_SHM_TJ_RXA_UNK_CTRL9 = 0x4000c011 ()
# [PhyTracer@/arm-io/atc-phy1] MMIO: R.4   LN1_AUSPMA_RX_SHM_TJ_RXA_DFE_CTRL10 = 0x78000601 (PMA_RXA_DTVREG_ADJUST=0xf)
# [PhyTracer@/arm-io/atc-phy1] MMIO: R.4   LN1_AUSPMA_RX_SHM_TJ_RXA_DFE_CTRL11 = 0x2a800052 (PMA_RXA_DTVREG_BIG_EN=1, PMA_RXA_DTVREG_BIG_EN_OV=0, PMA_RXA_DTVREG_SML_EN=1, PMA_RXA_DTVREG_SML_EN_OV=0)
# [PhyTracer@/arm-io/atc-phy1] MMIO: R.4   LN1_AUSPMA_RX_SHM_TJ_UNK_CTRL14A = 0x330c1806 ()
# [PhyTracer@/arm-io/atc-phy1] MMIO: R.4   LN1_AUSPMA_RX_SHM_TJ_UNK_CTRL14B = 0x7024000 ()
# [PhyTracer@/arm-io/atc-phy1] MMIO: R.4   LN1_AUSPMA_RX_SHM_TJ_RXA_UNK_CTRL21 = 0xc00 ()
# [PhyTracer@/arm-io/atc-phy1] MMIO: R.4   LN1_AUSPMA_RX_SHM[33] = 0x6659f ()
# [PhyTracer@/arm-io/atc-phy1] MMIO: W.4   LN1_AUSPMA_RX_SHM[33] = 0xce7ff ()
# [PhyTracer@/arm-io/atc-phy1] MMIO: R.4   LN1_AUSPMA_RX_SHM[35] = 0x100000 ()
# [PhyTracer@/arm-io/atc-phy1] MMIO: R.4   LN1_AUSPMA_RX_EQ[18] = 0x0 ()
# [PhyTracer@/arm-io/atc-phy1] MMIO: W.4   LN1_AUSPMA_RX_EQ[18] = 0x2 ()
# [PhyTracer@/arm-io/atc-phy1] MMIO: R.4   LN1_AUSPMA_RX_EQ[20] = 0xbf03 ()
# [PhyTracer@/arm-io/atc-phy1] MMIO: W.4   LN1_AUSPMA_RX_EQ[20] = 0xbfff ()
# [PhyTracer@/arm-io/atc-phy1] MMIO: R.4   LN1_AUSPMA_RX_EQ[21] = 0x0 ()
# [PhyTracer@/arm-io/atc-phy1] MMIO: W.4   LN1_AUSPMA_RX_EQ[21] = 0x2 ()
# [PhyTracer@/arm-io/atc-phy1] MMIO: R.4   LN1_AUSPMA_RX_EQ[23] = 0xffc3 ()
# [PhyTracer@/arm-io/atc-phy1] MMIO: W.4   LN1_AUSPMA_RX_EQ[23] = 0xffff ()
# [PhyTracer@/arm-io/atc-phy1] MMIO: R.4   LN1_AUSPMA_RX_EQ[31] = 0x28 ()
# [PhyTracer@/arm-io/atc-phy1] MMIO: W.4   LN1_AUSPMA_RX_EQ[31] = 0x7ff ()
# [PhyTracer@/arm-io/atc-phy1] MMIO: R.4   LN1_AUSPMA_RX_EQ[38] = 0x0 ()
# [PhyTracer@/arm-io/atc-phy1] MMIO: W.4   LN1_AUSPMA_RX_EQ[38] = 0x3f ()
# [PhyTracer@/arm-io/atc-phy1] MMIO: R.4   LN1_AUSPMA_RX_EQ[47] = 0x1800101 ()
# [PhyTracer@/arm-io/atc-phy1] MMIO: W.4   LN1_AUSPMA_RX_EQ[47] = 0x3000101 ()
# [PhyTracer@/arm-io/atc-phy1] MMIO: R.4   LN1_AUSPMA_RX_EQ[18] = 0x2 ()
# [PhyTracer@/arm-io/atc-phy1] MMIO: R.4   LN1_AUSPMA_RX_EQ[20] = 0xbfff ()
# [PhyTracer@/arm-io/atc-phy1] MMIO: R.4   LN1_AUSPMA_RX_EQ[21] = 0x2 ()
# [PhyTracer@/arm-io/atc-phy1] MMIO: R.4   LN1_AUSPMA_RX_EQ[23] = 0xffff ()
# [PhyTracer@/arm-io/atc-phy1] MMIO: R.4   LN1_AUSPMA_RX_EQ[31] = 0x7ff ()
# [PhyTracer@/arm-io/atc-phy1] MMIO: R.4   LN1_AUSPMA_RX_EQ[38] = 0x3f ()
# [PhyTracer@/arm-io/atc-phy1] MMIO: R.4   LN1_AUSPMA_RX_EQ[47] = 0x3000101 ()
# [PhyTracer@/arm-io/atc-phy1] MMIO: R.4   ACIOPHY_CFG0 = 0x10000cc5 ()
# [PhyTracer@/arm-io/atc-phy1] MMIO: W.4   ACIOPHY_CFG0 = 0x10000cc5 ()
# [PhyTracer@/arm-io/atc-phy1] MMIO: R.4   ACIOPHY_CFG0 = 0x10000cc5 ()
# [PhyTracer@/arm-io/atc-phy1] MMIO: W.4   ACIOPHY_CFG0 = 0x10000ccd ()
# [PhyTracer@/arm-io/atc-phy1] MMIO: R.4   ACIOPHY_CFG0 = 0x10000ccd ()
# [PhyTracer@/arm-io/atc-phy1] MMIO: W.4   ACIOPHY_CFG0 = 0x10000ccd ()
# [PhyTracer@/arm-io/atc-phy1] MMIO: R.4   ACIOPHY_CFG0 = 0x10000ccd ()
# [PhyTracer@/arm-io/atc-phy1] MMIO: W.4   ACIOPHY_CFG0 = 0x10000ccf ()
# [PhyTracer@/arm-io/atc-phy1] MMIO: R.4   ACIOPHY_CFG0 = 0x10000ccf ()
# [PhyTracer@/arm-io/atc-phy1] MMIO: W.4   ACIOPHY_CFG0 = 0x10000ccf ()
# [PhyTracer@/arm-io/atc-phy1] MMIO: R.4   ACIOPHY_CFG0 = 0x10000ccf ()
# [PhyTracer@/arm-io/atc-phy1] MMIO: W.4   ACIOPHY_CFG0 = 0x10000cef ()
# [PhyTracer@/arm-io/atc-phy1] MMIO: R.4   ACIOPHY_SLEEP_CTRL = 0x15540033 ()
# [PhyTracer@/arm-io/atc-phy1] MMIO: W.4   ACIOPHY_SLEEP_CTRL = 0x15540033 ()
# [PhyTracer@/arm-io/atc-phy1] MMIO: R.4   ACIOPHY_SLEEP_CTRL = 0x15540033 ()
# [PhyTracer@/arm-io/atc-phy1] MMIO: W.4   ACIOPHY_SLEEP_CTRL = 0x155400f3 ()
# [PhyTracer@/arm-io/atc-phy1] MMIO: R.4   ACIOPHY_SLEEP_CTRL = 0x155500f3 ()
# [PhyTracer@/arm-io/atc-phy1] MMIO: W.4   ACIOPHY_SLEEP_CTRL = 0x155500f3 ()
# [PhyTracer@/arm-io/atc-phy1] MMIO: R.4   ACIOPHY_SLEEP_CTRL = 0x155500f3 ()
# [PhyTracer@/arm-io/atc-phy1] MMIO: W.4   ACIOPHY_SLEEP_CTRL = 0x155500ff ()
# [PhyTracer@/arm-io/atc-phy1] MMIO: R.4   ACIOPHY_SLEEP_CTRL = 0x155700ff ()
# [PhyTracer@/arm-io/atc-phy1] MMIO: W.4   ACIOPHY_SLEEP_CTRL = 0x155700ff ()
# [PhyTracer@/arm-io/atc-phy1] MMIO: R.4   ACIOPHY_SLEEP_CTRL = 0x155700ff ()
# [PhyTracer@/arm-io/atc-phy1] MMIO: W.4   ACIOPHY_SLEEP_CTRL = 0x15570cff ()
# [PhyTracer@/arm-io/atc-phy1] MMIO: R.4   ACIOPHY_CFG0 = 0x10000cef ()
# [PhyTracer@/arm-io/atc-phy1] MMIO: W.4   ACIOPHY_CFG0 = 0x10000cef ()
# [PhyTracer@/arm-io/atc-phy1] MMIO: R.4   ACIOPHY_CFG0 = 0x10000cef ()
# [PhyTracer@/arm-io/atc-phy1] MMIO: W.4   ACIOPHY_CFG0 = 0x10003cef ()
# [PhyTracer@/arm-io/atc-phy1] MMIO: R.4   ACIOPHY_CFG0 = 0x10803cef ()
# [PhyTracer@/arm-io/atc-phy1] MMIO: W.4   ACIOPHY_CFG0 = 0x10803cef ()
# [PhyTracer@/arm-io/atc-phy1] MMIO: R.4   ACIOPHY_CFG0 = 0x10803cef ()
# [PhyTracer@/arm-io/atc-phy1] MMIO: W.4   ACIOPHY_CFG0 = 0x10803fef ()
# [PhyTracer@/arm-io/atc-phy1] MMIO: R.4   ACIOPHY_CFG0 = 0x11803fef ()
# [PhyTracer@/arm-io/atc-phy1] MMIO: W.4   ACIOPHY_CFG0 = 0x11803fef ()
# [PhyTracer@/arm-io/atc-phy1] MMIO: R.4   ACIOPHY_CFG0 = 0x11803fef ()
# [PhyTracer@/arm-io/atc-phy1] MMIO: W.4   ACIOPHY_CFG0 = 0x11833fef ()
# [PhyTracer@/arm-io/atc-phy1] MMIO: R.4   CIO3PLL_CLK_CTRL = 0x2022 (PCLK_EN=1, REFCLK_EN=1)
# [PhyTracer@/arm-io/atc-phy1] MMIO: W.4   CIO3PLL_CLK_CTRL = 0x2022 (PCLK_EN=1, REFCLK_EN=1)
# [PhyTracer@/arm-io/atc-phy1] MMIO: R.4   CIO3PLL_CLK_CTRL = 0x2022 (PCLK_EN=1, REFCLK_EN=1)
# [PhyTracer@/arm-io/atc-phy1] MMIO: W.4   CIO3PLL_CLK_CTRL = 0x2022 (PCLK_EN=1, REFCLK_EN=1)
# [PhyTracer@/arm-io/atc-phy1] MMIO: R.4   ACIOPHY_LANE_MODE = 0x249 (RX0=1(USB3), TX0=1(USB3), RX1=1(USB3), TX1=1(USB3))
# [PhyTracer@/arm-io/atc-phy1] MMIO: W.4   ACIOPHY_LANE_MODE = 0x248 (RX0=0(USB4), TX0=1(USB3), RX1=1(USB3), TX1=1(USB3))
# [PhyTracer@/arm-io/atc-phy1] MMIO: R.4   ACIOPHY_LANE_MODE = 0x248 (RX0=0(USB4), TX0=1(USB3), RX1=1(USB3), TX1=1(USB3))
# [PhyTracer@/arm-io/atc-phy1] MMIO: W.4   ACIOPHY_LANE_MODE = 0x240 (RX0=0(USB4), TX0=0(USB4), RX1=1(USB3), TX1=1(USB3))
# [PhyTracer@/arm-io/atc-phy1] MMIO: R.4   ACIOPHY_LANE_MODE = 0x240 (RX0=0(USB4), TX0=0(USB4), RX1=1(USB3), TX1=1(USB3))
# [PhyTracer@/arm-io/atc-phy1] MMIO: W.4   ACIOPHY_LANE_MODE = 0x200 (RX0=0(USB4), TX0=0(USB4), RX1=0(USB4), TX1=1(USB3))
# [PhyTracer@/arm-io/atc-phy1] MMIO: R.4   ACIOPHY_LANE_MODE = 0x200 (RX0=0(USB4), TX0=0(USB4), RX1=0(USB4), TX1=1(USB3))
# [PhyTracer@/arm-io/atc-phy1] MMIO: W.4   ACIOPHY_LANE_MODE = 0x0 (RX0=0(USB4), TX0=0(USB4), RX1=0(USB4), TX1=0(USB4))
# [PhyTracer@/arm-io/atc-phy1] MMIO: R.4   ACIOPHY_CROSSBAR = 0x2a (PROTOCOL_SWAPPED=0, PROTOCOL=0x5(USB3), DPMODE=0x1)
# [PhyTracer@/arm-io/atc-phy1] MMIO: W.4   ACIOPHY_CROSSBAR = 0x20 (PROTOCOL_SWAPPED=0, PROTOCOL=0x0(USB4), DPMODE=0x1)
# [PhyTracer@/arm-io/atc-phy1] MMIO: R.4   ATCPHY_MISC = 0x1 (RESET_N=1, LANE_SWAP=0)
# [PhyTracer@/arm-io/atc-phy1] MMIO: W.4   ATCPHY_MISC = 0x1 (RESET_N=1, LANE_SWAP=0)
# [PhyTracer@/arm-io/atc-phy1] MMIO: R.4   ATCPHY_POWER_CTRL = 0xb (SLEEP_SMALL=1, SLEEP_BIG=1, CLAMP_EN=0, APB_RESET_N=1, PHY_RESET_N=0)
# [PhyTracer@/arm-io/atc-phy1] MMIO: W.4   ATCPHY_POWER_CTRL = 0x1b (SLEEP_SMALL=1, SLEEP_BIG=1, CLAMP_EN=0, APB_RESET_N=1, PHY_RESET_N=1)
# [DARTTracer@/arm-io/dart-dcpext] Invalidate Stream: 0x1 ()
# [DARTTracer@/arm-io/dart-dcpext] Invalidate Stream: 0x1 ()
# [DARTTracer@/arm-io/dart-dcpext] Invalidate Stream: 0x1 ()
# [DARTTracer@/arm-io/dart-dcpext] Invalidate Stream: 0x1 ()
# [DARTTracer@/arm-io/dart-dcpext] Invalidate Stream: 0x1 ()
# [DARTTracer@/arm-io/dart-dcpext] Invalidate Stream: 0x1 ()
# [DARTTracer@/arm-io/dart-dcpext] Invalidate Stream: 0x1 ()
# [DARTTracer@/arm-io/dart-dcpext] Invalidate Stream: 0x1 ()
# [cpu3] [0xfffffe0014c225c0] MMIO: R.4   0x501e50008 (atc1-dpin0[0], offset 0x08) = 0x0
p.read32(0x501e50000 + 0x8)
# [cpu3] [0xfffffe0014c22744] MMIO: W.4   0x501e50008 (atc1-dpin0[0], offset 0x08) = 0x3
p.write32(0x501e50000 + 0x8, 0x3)
# [cpu0] [0xfffffe0014c225c0] MMIO: R.4   0x501e50004 (atc1-dpin0[0], offset 0x04) = 0x1
p.read32(0x501e50000 + 0x4)
# [cpu0] [0xfffffe0014c225c0] MMIO: R.4   0x501e50000 (atc1-dpin0[0], offset 0x00) = 0x5
p.read32(0x501e50000 + 0x0)
# [cpu0] [0xfffffe0014c225c0] MMIO: R.4   0x501e50004 (atc1-dpin0[0], offset 0x04) = 0x1
p.read32(0x501e50000 + 0x4)
# [cpu0] [0xfffffe0014c22744] MMIO: W.4   0x501e50004 (atc1-dpin0[0], offset 0x04) = 0x1
p.write32(0x501e50000 + 0x4, 0x1)
# [cpu0] [0xfffffe0014c22744] MMIO: W.4   0x501e50000 (atc1-dpin0[0], offset 0x00) = 0x5
p.write32(0x501e50000 + 0x0, 0x5)
# [cpu3] [DCPTracer@/arm-io/dcpext] [dptxport] >TX msg:0xa2000000000100 (TYPE=0xa2, WPTR=0x100)
# [cpu3] [DCPTracer@/arm-io/dcpext] [dptxport] >Ch 1 Type COMMAND Ver 2 Tag 2
# [cpu3] [DCPTracer@/arm-io/dcpext] [dptxport]   Len 30 Ver 4 Cat COMMAND Type 0xc0/STD_SERVICE Seq 1
# [cpu3] [DCPTracer@/arm-io/dcpext] [dptxport] [dcpdptx-port-epic0] > connectTo(target=0x8011 (CORE=0x1, ATC=0x1, DIE=0x0, CONNECTED=1), unk1=0xb0101)
# [cpu3] [DCPTracer@/arm-io/dcpext] [dptxport] [dcpdptx-port-epic0] 00000000  01 01 0b 00 11 80 00 00  00 00 00 00 00 00 00 00  |................|
# [cpu3] [DCPTracer@/arm-io/dcpext] [dptxport] [dcpdptx-port-epic0] 00000010  00 00 00 00 00 00 00 00  00 00 00 00 00 00 00 00  |................|
# [cpu1] [DCPTracer@/arm-io/dcpext] [dptxport] <RX msg:0x85000000000000 (TYPE=0x85)
# [cpu1] [DCPTracer@/arm-io/dcpext] [dptxport] <Ch 1 Type REPLY Ver 2 Tag 2
# [cpu1] [DCPTracer@/arm-io/dcpext] [dptxport]   Len 30 Ver 4 Cat REPLY Type 0xc0/STD_SERVICE Seq 1
# [cpu1] [DCPTracer@/arm-io/dcpext] [dptxport] [dcpdptx-port-epic0] < connectTo(target=0x8011 (CORE=0x1, ATC=0x1, DIE=0x0, CONNECTED=1), unk1=0xb0101)
# [cpu1] [DCPTracer@/arm-io/dcpext] [dptxport] [dcpdptx-port-epic0] 00000000  01 01 0b 00 11 80 00 00  00 00 00 00 00 00 00 00  |................|
# [cpu1] [DCPTracer@/arm-io/dcpext] [dptxport] [dcpdptx-port-epic0] 00000010  00 00 00 00 00 00 00 00  00 00 00 00 00 00 00 00  |................|
# [cpu3] [DCPTracer@/arm-io/dcpext] [dptxport] >TX msg:0xa2000000000180 (TYPE=0xa2, WPTR=0x180)
# [cpu3] [DCPTracer@/arm-io/dcpext] [dptxport] >Ch 1 Type COMMAND Ver 2 Tag 3
# [cpu3] [DCPTracer@/arm-io/dcpext] [dptxport]   Len 30 Ver 4 Cat COMMAND Type 0xc0/STD_SERVICE Seq 2
# [cpu3] [DCPTracer@/arm-io/dcpext] [dptxport] [dcpdptx-port-epic0] > setPowerState
# [cpu3] [DCPTracer@/arm-io/dcpext] [dptxport] [dcpdptx-port-epic0] 00000000  00 00 00 00 00 00 00 00  00 00 00 00 00 00 00 00  |................|
# [cpu3] [DCPTracer@/arm-io/dcpext] [syslog] * [AppleDCPDPTX.cpp:355][AFK]powering nub 0x885238
# [cpu3] [DCPTracer@/arm-io/dcpext] [dptxport] <RX msg:0x85000000000000 (TYPE=0x85)
# [cpu3] [DCPTracer@/arm-io/dcpext] [dptxport] <Ch 1 Type NOTIFY Ver 2 Tag 3
# [cpu3] [DCPTracer@/arm-io/dcpext] [dptxport]   Len 100 Ver 4 Cat NOTIFY Type 0xc0/STD_SERVICE Seq 1
# [cpu3] [DCPTracer@/arm-io/dcpext] [dptxport] Notify:
# [cpu3] [DCPTracer@/arm-io/dcpext] [dptxport] [dcpdptx-port-epic0] < DPTX_APCALL_GET_SUPPORTS_HPD)
# [cpu3] [DCPTracer@/arm-io/dcpext] [dptxport] [dcpdptx-port-epic0] 00000000  00 00 00 00 12 00 00 00  20 00 00 00 78 63 70 69  |........ ...xcpi|
# [cpu3] [DCPTracer@/arm-io/dcpext] [dptxport] [dcpdptx-port-epic0] 00000010  00 00 00 00 00 00 00 00  00 00 00 00 00 00 00 00  |................|
# [cpu3] [DCPTracer@/arm-io/dcpext] [dptxport] [dcpdptx-port-epic0] 00000020  *
# [cpu2] [DCPTracer@/arm-io/dcpext] [dptxport] >TX msg:0xa2000000000240 (TYPE=0xa2, WPTR=0x240)
# [cpu2] [DCPTracer@/arm-io/dcpext] [dptxport] >Ch 1 Type NOTIFY_ACK Ver 2 Tag 4
# [cpu2] [DCPTracer@/arm-io/dcpext] [dptxport]   Len 100 Ver 4 Cat REPLY Type 0xc0/STD_SERVICE Seq 1
# [cpu2] [DCPTracer@/arm-io/dcpext] [dptxport] NotifyAck:
# [cpu2] [DCPTracer@/arm-io/dcpext] [dptxport] [dcpdptx-port-epic0] > DPTX_APCALL_GET_SUPPORTS_HPD)
# [cpu2] [DCPTracer@/arm-io/dcpext] [dptxport] [dcpdptx-port-epic0] 00000000  00 00 00 00 12 00 00 00  20 00 00 00 78 63 70 69  |........ ...xcpi|
# [cpu2] [DCPTracer@/arm-io/dcpext] [dptxport] [dcpdptx-port-epic0] 00000010  00 00 00 00 00 00 00 00  00 00 00 00 00 00 00 00  |................|
# [cpu2] [DCPTracer@/arm-io/dcpext] [dptxport] [dcpdptx-port-epic0] 00000020  *
# [cpu2] [DCPTracer@/arm-io/dcpext] [dptxport] [dcpdptx-port-epic0] 00000050  01 00 00 00 00 00 00 00  00 00 00 00 00 00 00 00  |................|
# [cpu2] [DCPTracer@/arm-io/dcpext] [dptxport] <RX msg:0x85000000000000 (TYPE=0x85)
# [cpu2] [DCPTracer@/arm-io/dcpext] [dptxport] <Ch 1 Type NOTIFY Ver 2 Tag 4
# [cpu2] [DCPTracer@/arm-io/dcpext] [dptxport]   Len 100 Ver 4 Cat NOTIFY Type 0xc0/STD_SERVICE Seq 2
# [cpu2] [DCPTracer@/arm-io/dcpext] [dptxport] Notify:
# [cpu2] [DCPTracer@/arm-io/dcpext] [dptxport] [dcpdptx-port-epic0] < DPTX_APCALL_GET_MAX_LANE_COUNT)
# [cpu2] [DCPTracer@/arm-io/dcpext] [dptxport] [dcpdptx-port-epic0] 00000000  00 00 00 00 0a 00 00 00  20 00 00 00 78 63 70 69  |........ ...xcpi|
# [cpu2] [DCPTracer@/arm-io/dcpext] [dptxport] [dcpdptx-port-epic0] 00000010  00 00 00 00 00 00 00 00  00 00 00 00 00 00 00 00  |................|
# [cpu2] [DCPTracer@/arm-io/dcpext] [dptxport] [dcpdptx-port-epic0] 00000020  *
# [cpu2] [DCPTracer@/arm-io/dcpext] [dptxport] >TX msg:0xa2000000000300 (TYPE=0xa2, WPTR=0x300)
# [cpu2] [DCPTracer@/arm-io/dcpext] [dptxport] >Ch 1 Type NOTIFY_ACK Ver 2 Tag 5
# [cpu2] [DCPTracer@/arm-io/dcpext] [dptxport]   Len 100 Ver 4 Cat REPLY Type 0xc0/STD_SERVICE Seq 2
# [cpu2] [DCPTracer@/arm-io/dcpext] [dptxport] NotifyAck:
# [cpu2] [DCPTracer@/arm-io/dcpext] [dptxport] [dcpdptx-port-epic0] > DPTX_APCALL_GET_MAX_LANE_COUNT)
# [cpu2] [DCPTracer@/arm-io/dcpext] [dptxport] [dcpdptx-port-epic0] 00000000  00 00 00 00 0a 00 00 00  20 00 00 00 78 63 70 69  |........ ...xcpi|
# [cpu2] [DCPTracer@/arm-io/dcpext] [dptxport] [dcpdptx-port-epic0] 00000010  00 00 00 00 00 00 00 00  00 00 00 00 00 00 00 00  |................|
# [cpu2] [DCPTracer@/arm-io/dcpext] [dptxport] [dcpdptx-port-epic0] 00000020  *
# [cpu2] [DCPTracer@/arm-io/dcpext] [dptxport] [dcpdptx-port-epic0] 00000050  04 00 00 00 00 00 00 00  00 00 00 00 00 00 00 00  |................|
# [cpu0] [DCPTracer@/arm-io/dcpext] [dptxport] <RX msg:0x85000000000000 (TYPE=0x85)
# [cpu0] [DCPTracer@/arm-io/dcpext] [dptxport] <Ch 1 Type NOTIFY Ver 2 Tag 5
# [cpu0] [DCPTracer@/arm-io/dcpext] [dptxport]   Len 84 Ver 4 Cat NOTIFY Type 0xc0/STD_SERVICE Seq 3
# [cpu0] [DCPTracer@/arm-io/dcpext] [dptxport] Notify:
# [cpu0] [DCPTracer@/arm-io/dcpext] [dptxport] [dcpdptx-port-epic0] < DPTX_APCALL_ACTIVATE)
# [cpu2] [0xfffffe0014c1b870] MMIO: R.4   0x50304c060 (atc1-dpxbar[0], offset 0x60) = 0x0
p.read32(0x50304c000 + 0x60)
# [cpu2] [0xfffffe0014c1b9f4] MMIO: W.4   0x50304c060 (atc1-dpxbar[0], offset 0x60) = 0x0
p.write32(0x50304c000 + 0x60, 0x0)
# [cpu2] [0xfffffe0014c1b870] MMIO: R.4   0x50304c060 (atc1-dpxbar[0], offset 0x60) = 0x0
p.read32(0x50304c000 + 0x60)
# [cpu2] [0xfffffe0014c1b9f4] MMIO: W.4   0x50304c060 (atc1-dpxbar[0], offset 0x60) = 0x0
p.write32(0x50304c000 + 0x60, 0x0)
# [cpu2] [0xfffffe0014c225c0] MMIO: R.4   0x501e5000c (atc1-dpin0[0], offset 0x0c) = 0x1
p.read32(0x501e50000 + 0xc)
# [cpu2] [0xfffffe0014c22744] MMIO: W.4   0x501e5000c (atc1-dpin0[0], offset 0x0c) = 0x0
p.write32(0x501e50000 + 0xc, 0x0)
# [cpu2] [0xfffffe0014c225c0] MMIO: R.4   0x501e50010 (atc1-dpin0[0], offset 0x10) = 0x0
p.read32(0x501e50000 + 0x10)
# [cpu2] [DCPTracer@/arm-io/dcpext] [dptxport] >TX msg:0xa20000000003c0 (TYPE=0xa2, WPTR=0x3c0)
# [cpu2] [DCPTracer@/arm-io/dcpext] [dptxport] >Ch 1 Type NOTIFY_ACK Ver 2 Tag 6
# [cpu2] [DCPTracer@/arm-io/dcpext] [dptxport]   Len 84 Ver 4 Cat REPLY Type 0xc0/STD_SERVICE Seq 3
# [cpu2] [DCPTracer@/arm-io/dcpext] [dptxport] NotifyAck:
# [cpu2] [DCPTracer@/arm-io/dcpext] [dptxport] [dcpdptx-port-epic0] > DPTX_APCALL_ACTIVATE)
# [cpu2] [DCPTracer@/arm-io/dcpext] [dptxport] <RX msg:0x85000000000000 (TYPE=0x85)
# [cpu2] [DCPTracer@/arm-io/dcpext] [dptxport] <Ch 1 Type REPLY Ver 2 Tag 6
# [cpu2] [DCPTracer@/arm-io/dcpext] [dptxport]   Len 30 Ver 4 Cat REPLY Type 0xc0/STD_SERVICE Seq 2
# [cpu2] [DCPTracer@/arm-io/dcpext] [dptxport] [dcpdptx-port-epic0] < setPowerState
# [cpu2] [DCPTracer@/arm-io/dcpext] [dptxport] [dcpdptx-port-epic0] 00000000  00 00 00 00 00 00 00 00  00 00 00 00 00 00 00 00  |................|
# [cpu2] [DCPTracer@/arm-io/dcpext] [dptxport] >TX msg:0xa2000000000440 (TYPE=0xa2, WPTR=0x440)
# [cpu2] [DCPTracer@/arm-io/dcpext] [dptxport] >Ch 1 Type 7 Ver 2 Tag 7
# [cpu2] [DCPTracer@/arm-io/dcpext] [dptxport]   Len 30 Ver 4 Cat COMMAND Type 0xc0/STD_SERVICE Seq 3
# [cpu2] [DCPTracer@/arm-io/dcpext] [dptxport] [dcpdptx-port-epic0] > hotPlugDetectChangeOccurred()
# [cpu2] [DCPTracer@/arm-io/dcpext] [dptxport] [dcpdptx-port-epic0] 00000000  00 00 00 00 00 00 00 00  00 00 00 00 00 00 00 00  |................|
# [cpu2] [DCPTracer@/arm-io/dcpext] [dptxport] [dcpdptx-port-epic0] 00000010  01 00 00 00 00 00 00 00  00 00 00 00 00 00 00 00  |................|
# [cpu2] [DCPTracer@/arm-io/dcpext] [dptxport] [dcpdptx-port-epic0] > hotPlugDetectChangeOccurred(unk=True)
# [cpu0] [DCPTracer@/arm-io/dcpext] [dpdev] <RX msg:0x85000000000000 (TYPE=0x85)
# [cpu0] [DCPTracer@/arm-io/dcpext] [dpdev] <Ch 1 Type REPLY Ver 2 Tag 0
# [cpu0] [DCPTracer@/arm-io/dcpext] [dpdev]   Len 220 Ver 4 Cat REPORT Type 0x30/ANNOUNCE Seq 0
# [cpu0] [DCPTracer@/arm-io/dcpext] [dpdev] Init: dispext0:dcpav-device-epic:0
# [cpu0] [DCPTracer@/arm-io/dcpext] [dpdev]   Props: {'EPICName': 'dcpav-device-epic', 'EPICUnit': 0, 'EPICLocation': 'External', 'EPICProviderClass': 'DCPDPDevice', 'interface-name': 'dispext0:dcpav-device-epic:0'}
# [cpu0] [DCPTracer@/arm-io/dcpext] [dpdev] New service: dcpav-device-epic0 on channel 1
# [cpu0] [DCPTracer@/arm-io/dcpext] [syslog] * [DCPDP13Service.cpp:60][AFK]version: 12
# [cpu0] [DCPTracer@/arm-io/dcpext] [syslog] * [DCPDPService.cpp:76][AFK]version: 12
# [cpu0] [DCPTracer@/arm-io/dcpext] [dpavserv] <RX msg:0x85000000000000 (TYPE=0x85)
# [cpu0] [DCPTracer@/arm-io/dcpext] [dpavserv] <Ch 1 Type REPLY Ver 2 Tag 0
# [cpu0] [DCPTracer@/arm-io/dcpext] [dpavserv]   Len 224 Ver 4 Cat REPORT Type 0x30/ANNOUNCE Seq 0
# [cpu0] [DCPTracer@/arm-io/dcpext] [dpavserv] Init: dispext0:dcpav-service-epic:0
# [cpu0] [DCPTracer@/arm-io/dcpext] [dpavserv]   Props: {'EPICName': 'dcpav-service-epic', 'EPICUnit': 0, 'EPICLocation': 'External', 'EPICProviderClass': 'DCPDPService', 'interface-name': 'dispext0:dcpav-service-epic:0'}
# [cpu0] [DCPTracer@/arm-io/dcpext] [dpavserv] New service: dcpav-service-epic0 on channel 1
# [cpu0] [DCPTracer@/arm-io/dcpext] [dpavserv] <Ch 3 Type REPLY Ver 2 Tag 1
# [cpu0] [DCPTracer@/arm-io/dcpext] [dpavserv]   Len 224 Ver 4 Cat REPORT Type 0x30/ANNOUNCE Seq 0
# [cpu0] [DCPTracer@/arm-io/dcpext] [dpavserv] Init: dispext0:dcpdp-service-epic:0
# [cpu0] [DCPTracer@/arm-io/dcpext] [dpavserv]   Props: {'EPICName': 'dcpdp-service-epic', 'EPICUnit': 0, 'EPICLocation': 'External', 'EPICProviderClass': 'DCPDPService', 'interface-name': 'dispext0:dcpdp-service-epic:0'}
# [cpu0] [DCPTracer@/arm-io/dcpext] [dpavserv] New service: dcpdp-service-epic0 on channel 3
# [cpu0] [DCPTracer@/arm-io/dcpext] [hdcp] <RX msg:0x85000000000000 (TYPE=0x85)
# [cpu0] [DCPTracer@/arm-io/dcpext] [hdcp] <Ch 1 Type NOTIFY Ver 2 Tag 4
# [cpu0] [DCPTracer@/arm-io/dcpext] [hdcp]   Len 112 Ver 4 Cat REPORT Type 0xc0/STD_SERVICE Seq 1
# [cpu0] [DCPTracer@/arm-io/dcpext] [hdcp] Report STD_SERVICE
# [cpu0] [DCPTracer@/arm-io/dcpext] [hdcp] 00000000  00 00 02 00 00 00 00 00  30 00 00 00 78 63 70 69  |........0...xcpi|
# [cpu0] [DCPTracer@/arm-io/dcpext] [hdcp] 00000010  00 00 00 00 00 00 00 00  00 00 00 00 00 00 00 00  |................|
# [cpu0] [DCPTracer@/arm-io/dcpext] [hdcp] 00000020  *
# [cpu0] [DCPTracer@/arm-io/dcpext] [hdcp] 00000050  20 50 11 e0 00 00 00 00  00 00 00 00 00 00 00 00  | P..............|
# [cpu0] [DCPTracer@/arm-io/dcpext] [hdcp] 00000060  78 5b fd 40 ff ff ff ff  00 00 00 00 00 00 00 00  |x[.@............|
# [cpu0] [DCPTracer@/arm-io/dcpext] [dpavctrl] <RX msg:0x85000000000000 (TYPE=0x85)
# [cpu0] [DCPTracer@/arm-io/dcpext] [dpavctrl] <Ch 1 Type NOTIFY Ver 2 Tag 6
# [cpu0] [DCPTracer@/arm-io/dcpext] [dpavctrl]   Len 112 Ver 4 Cat REPORT Type 0xc0/STD_SERVICE Seq 1
# [cpu0] [DCPTracer@/arm-io/dcpext] [dpavctrl] Report STD_SERVICE
# [cpu0] [DCPTracer@/arm-io/dcpext] [dpavctrl] 00000000  00 00 02 00 00 00 00 00  30 00 00 00 78 63 70 69  |........0...xcpi|
# [cpu0] [DCPTracer@/arm-io/dcpext] [dpavctrl] 00000010  00 00 00 00 00 00 00 00  00 00 00 00 00 00 00 00  |................|
# [cpu0] [DCPTracer@/arm-io/dcpext] [dpavctrl] 00000020  *
# [cpu0] [DCPTracer@/arm-io/dcpext] [dpavctrl] 00000050  20 50 11 e0 00 00 00 00  00 00 00 00 00 00 00 00  | P..............|
# [cpu0] [DCPTracer@/arm-io/dcpext] [dpavctrl] 00000060  78 5b fd 40 ff ff ff ff  00 00 00 00 00 00 00 00  |x[.@............|
# [cpu0] [DCPTracer@/arm-io/dcpext] [dpavctrl] <Ch 3 Type NOTIFY Ver 2 Tag 7
# [cpu0] [DCPTracer@/arm-io/dcpext] [dpavctrl]   Len 112 Ver 4 Cat REPORT Type 0xc0/STD_SERVICE Seq 1
# [cpu0] [DCPTracer@/arm-io/dcpext] [dpavctrl] Report STD_SERVICE
# [cpu0] [DCPTracer@/arm-io/dcpext] [dpavctrl] 00000000  00 00 02 00 00 00 00 00  30 00 00 00 78 63 70 69  |........0...xcpi|
# [cpu0] [DCPTracer@/arm-io/dcpext] [dpavctrl] 00000010  00 00 00 00 00 00 00 00  00 00 00 00 00 00 00 00  |................|
# [cpu0] [DCPTracer@/arm-io/dcpext] [dpavctrl] 00000020  *
# [cpu0] [DCPTracer@/arm-io/dcpext] [dpavctrl] 00000050  20 50 11 e0 00 00 00 00  00 00 00 00 00 00 00 00  | P..............|
# [cpu0] [DCPTracer@/arm-io/dcpext] [dpavctrl] 00000060  78 5b fd 40 ff ff ff ff  00 00 00 00 00 00 00 00  |x[.@............|
# [cpu0] [DCPTracer@/arm-io/dcpext] [dptxport] <RX msg:0x85000000000000 (TYPE=0x85)
# [cpu0] [DCPTracer@/arm-io/dcpext] [dptxport] <Ch 1 Type REPLY Ver 2 Tag 7
# [cpu0] [DCPTracer@/arm-io/dcpext] [dptxport]   Len 30 Ver 4 Cat REPLY Type 0xc0/STD_SERVICE Seq 3
# [cpu0] [DCPTracer@/arm-io/dcpext] [dptxport] [dcpdptx-port-epic0] < hotPlugDetectChangeOccurred(unk=True)
# [cpu2] [DCPTracer@/arm-io/dcpext] [dpavserv] >TX msg:0xa2000000000040 (TYPE=0xa2, WPTR=0x40)
# [cpu2] [DCPTracer@/arm-io/dcpext] [dpavserv] >Ch 3 Type NOTIFY Ver 2 Tag 0
# [cpu2] [DCPTracer@/arm-io/dcpext] [dpavserv]   Len 8 Ver 4 Cat REPORT Type 0x12/18 Seq 0
# [cpu2] [DCPTracer@/arm-io/dcpext] [dpavserv] Report 18
# [cpu2] [DCPTracer@/arm-io/dcpext] [dpavserv] 00000000  28 07 00 00 01 00 00 00                           |(.......        |
# [cpu2] [DCPTracer@/arm-io/dcpext] [dpdev] >TX msg:0xa2000000000040 (TYPE=0xa2, WPTR=0x40)
# [cpu2] [DCPTracer@/arm-io/dcpext] [dpdev] >Ch 1 Type NOTIFY Ver 2 Tag 0
# [cpu2] [DCPTracer@/arm-io/dcpext] [dpdev]   Len 8 Ver 4 Cat REPORT Type 0x12/18 Seq 0
# [cpu2] [DCPTracer@/arm-io/dcpext] [dpdev] Report 18
# [cpu2] [DCPTracer@/arm-io/dcpext] [dpdev] 00000000  27 07 00 00 01 00 00 00                           |'.......        |
# [cpu2] [DCPTracer@/arm-io/dcpext] [dpavserv] >TX msg:0xa2000000000080 (TYPE=0xa2, WPTR=0x80)
# [cpu2] [DCPTracer@/arm-io/dcpext] [dpavserv] >Ch 1 Type NOTIFY Ver 2 Tag 1
# [cpu2] [DCPTracer@/arm-io/dcpext] [dpavserv]   Len 8 Ver 4 Cat REPORT Type 0x12/18 Seq 0
# [cpu2] [DCPTracer@/arm-io/dcpext] [dpavserv] Report 18
# [cpu2] [DCPTracer@/arm-io/dcpext] [dpavserv] 00000000  26 07 00 00 01 00 00 00                           |&.......        |
# [cpu2] [DCPTracer@/arm-io/dcpext] [dptxport] <RX msg:0x85000000000000 (TYPE=0x85)
# [cpu2] [DCPTracer@/arm-io/dcpext] [dptxport] <Ch 1 Type NOTIFY Ver 2 Tag 8
# [cpu2] [DCPTracer@/arm-io/dcpext] [dptxport]   Len 212 Ver 4 Cat NOTIFY Type 0xc0/STD_SERVICE Seq 4
# [cpu2] [DCPTracer@/arm-io/dcpext] [dptxport] Notify:
# [cpu2] [DCPTracer@/arm-io/dcpext] [dptxport] [dcpdptx-port-epic0] < DPTX_APCALL_SET_TILED_DISPLAY_HINTS)
# [cpu2] [DCPTracer@/arm-io/dcpext] [dptxport] [dcpdptx-port-epic0] 00000000  00 00 00 00 15 00 00 00  90 00 00 00 78 63 70 69  |............xcpi|
# [cpu2] [DCPTracer@/arm-io/dcpext] [dptxport] [dcpdptx-port-epic0] 00000010  00 00 00 00 00 00 00 00  00 00 00 00 00 00 00 00  |................|
# [cpu2] [DCPTracer@/arm-io/dcpext] [dptxport] [dcpdptx-port-epic0] 00000020  *
# [cpu2] [DCPTracer@/arm-io/dcpext] [dptxport] [dcpdptx-port-epic0] 00000040  01 00 00 00 00 00 00 00  00 00 00 00 00 00 00 00  |................|
# [cpu2] [DCPTracer@/arm-io/dcpext] [dptxport] [dcpdptx-port-epic0] 00000050  ff ff ff 00 00 00 00 00  00 00 00 00 00 00 00 00  |................|
# [cpu2] [DCPTracer@/arm-io/dcpext] [dptxport] [dcpdptx-port-epic0] 00000060  00 00 00 00 00 00 00 00  00 00 00 00 00 00 00 00  |................|
# [cpu2] [DCPTracer@/arm-io/dcpext] [dptxport] [dcpdptx-port-epic0] 00000070  00 00 00 00 00 00 00 00  00 0f 00 00 70 08 00 00  |............p...|
# [cpu2] [DCPTracer@/arm-io/dcpext] [dptxport] [dcpdptx-port-epic0] 00000080  00 35 c9 1f 00 00 0a 00  00 00 00 00 00 00 00 00  |.5..............|
# [cpu2] [DCPTracer@/arm-io/dcpext] [dptxport] [dcpdptx-port-epic0] 00000090  00 00 00 00 00 00 00 00  00 00 00 00 00 00 00 00  |................|
# [cpu2] [DCPTracer@/arm-io/dcpext] [dptxport] [dcpdptx-port-epic0] 000000a0  *
# [cpu1] [DCPTracer@/arm-io/dcpext] [dpdev] >TX msg:0xa2000000000080 (TYPE=0xa2, WPTR=0x80)
# [cpu1] [DCPTracer@/arm-io/dcpext] [dpdev] >Ch 3 Type NOTIFY Ver 2 Tag 1
# [cpu1] [DCPTracer@/arm-io/dcpext] [dpdev]   Len 8 Ver 4 Cat REPORT Type 0x12/18 Seq 0
# [cpu1] [DCPTracer@/arm-io/dcpext] [dpdev] Report 18
# [cpu1] [DCPTracer@/arm-io/dcpext] [dpdev] 00000000  29 07 00 00 01 00 00 00                           |).......        |
# [cpu2] [DCPTracer@/arm-io/dcpext] [dptxport] >TX msg:0xa2000000000580 (TYPE=0xa2, WPTR=0x580)
# [cpu2] [DCPTracer@/arm-io/dcpext] [dptxport] >Ch 1 Type NOTIFY_ACK Ver 2 Tag 8
# [cpu2] [DCPTracer@/arm-io/dcpext] [dptxport]   Len 212 Ver 4 Cat REPLY Type 0xc0/STD_SERVICE Seq 4
# [cpu2] [DCPTracer@/arm-io/dcpext] [dptxport] NotifyAck:
# [cpu2] [DCPTracer@/arm-io/dcpext] [dptxport] [dcpdptx-port-epic0] > DPTX_APCALL_SET_TILED_DISPLAY_HINTS)
# [cpu2] [DCPTracer@/arm-io/dcpext] [dptxport] [dcpdptx-port-epic0] 00000000  00 00 00 00 15 00 00 00  90 00 00 00 78 63 70 69  |............xcpi|
# [cpu2] [DCPTracer@/arm-io/dcpext] [dptxport] [dcpdptx-port-epic0] 00000010  00 00 00 00 00 00 00 00  00 00 00 00 00 00 00 00  |................|
# [cpu2] [DCPTracer@/arm-io/dcpext] [dptxport] [dcpdptx-port-epic0] 00000020  *
# [cpu2] [DCPTracer@/arm-io/dcpext] [dptxport] [dcpdptx-port-epic0] 00000040  01 00 00 00 00 00 00 00  00 00 00 00 00 00 00 00  |................|
# [cpu2] [DCPTracer@/arm-io/dcpext] [dptxport] [dcpdptx-port-epic0] 00000050  ff ff ff 00 00 00 00 00  00 00 00 00 00 00 00 00  |................|
# [cpu2] [DCPTracer@/arm-io/dcpext] [dptxport] [dcpdptx-port-epic0] 00000060  00 00 00 00 00 00 00 00  00 00 00 00 00 00 00 00  |................|
# [cpu2] [DCPTracer@/arm-io/dcpext] [dptxport] [dcpdptx-port-epic0] 00000070  00 00 00 00 00 00 00 00  00 0f 00 00 70 08 00 00  |............p...|
# [cpu2] [DCPTracer@/arm-io/dcpext] [dptxport] [dcpdptx-port-epic0] 00000080  00 35 c9 1f 00 00 0a 00  00 00 00 00 00 00 00 00  |.5..............|
# [cpu2] [DCPTracer@/arm-io/dcpext] [dptxport] [dcpdptx-port-epic0] 00000090  00 00 00 00 00 00 00 00  00 00 00 00 00 00 00 00  |................|
# [cpu2] [DCPTracer@/arm-io/dcpext] [dptxport] [dcpdptx-port-epic0] 000000a0  *
# [cpu2] [DCPTracer@/arm-io/dcpext] [dptxport] <RX msg:0x85000000000000 (TYPE=0x85)
# [cpu2] [DCPTracer@/arm-io/dcpext] [dptxport] <Ch 1 Type NOTIFY Ver 2 Tag 9
# [cpu2] [DCPTracer@/arm-io/dcpext] [dptxport]   Len 100 Ver 4 Cat NOTIFY Type 0xc0/STD_SERVICE Seq 5
# [cpu2] [DCPTracer@/arm-io/dcpext] [dptxport] Notify:
# [cpu2] [DCPTracer@/arm-io/dcpext] [dptxport] [dcpdptx-port-epic0] < DPTX_APCALL_GET_MAX_LINK_RATE)
# [cpu2] [DCPTracer@/arm-io/dcpext] [dptxport] [dcpdptx-port-epic0] 00000000  00 00 00 00 07 00 00 00  20 00 00 00 78 63 70 69  |........ ...xcpi|
# [cpu2] [DCPTracer@/arm-io/dcpext] [dptxport] [dcpdptx-port-epic0] 00000010  00 00 00 00 00 00 00 00  00 00 00 00 00 00 00 00  |................|
# [cpu2] [DCPTracer@/arm-io/dcpext] [dptxport] [dcpdptx-port-epic0] 00000020  *
# [cpu1] [DCPTracer@/arm-io/dcpext] [dptxport] >TX msg:0xa2000000000640 (TYPE=0xa2, WPTR=0x640)
# [cpu1] [DCPTracer@/arm-io/dcpext] [dptxport] >Ch 1 Type NOTIFY_ACK Ver 2 Tag 9
# [cpu1] [DCPTracer@/arm-io/dcpext] [dptxport]   Len 100 Ver 4 Cat REPLY Type 0xc0/STD_SERVICE Seq 5
# [cpu1] [DCPTracer@/arm-io/dcpext] [dptxport] NotifyAck:
# [cpu1] [DCPTracer@/arm-io/dcpext] [dptxport] [dcpdptx-port-epic0] > DPTX_APCALL_GET_MAX_LINK_RATE)
# [cpu1] [DCPTracer@/arm-io/dcpext] [dptxport] [dcpdptx-port-epic0] 00000000  00 00 00 00 07 00 00 00  20 00 00 00 78 63 70 69  |........ ...xcpi|
# [cpu1] [DCPTracer@/arm-io/dcpext] [dptxport] [dcpdptx-port-epic0] 00000010  00 00 00 00 00 00 00 00  00 00 00 00 00 00 00 00  |................|
# [cpu1] [DCPTracer@/arm-io/dcpext] [dptxport] [dcpdptx-port-epic0] 00000020  *
# [cpu1] [DCPTracer@/arm-io/dcpext] [dptxport] [dcpdptx-port-epic0] 00000050  1e 00 00 00 00 00 00 00  00 00 00 00 00 00 00 00  |................|
# [cpu3] [DCPTracer@/arm-io/dcpext] [dptxport] <RX msg:0x85000000000000 (TYPE=0x85)
# [cpu3] [DCPTracer@/arm-io/dcpext] [dptxport] <Ch 1 Type NOTIFY Ver 2 Tag 10
# [cpu3] [DCPTracer@/arm-io/dcpext] [dptxport]   Len 100 Ver 4 Cat NOTIFY Type 0xc0/STD_SERVICE Seq 6
# [cpu3] [DCPTracer@/arm-io/dcpext] [dptxport] Notify:
# [cpu3] [DCPTracer@/arm-io/dcpext] [dptxport] [dcpdptx-port-epic0] < DPTX_APCALL_GET_SUPPORTS_DOWN_SPREAD)
# [cpu3] [DCPTracer@/arm-io/dcpext] [dptxport] [dcpdptx-port-epic0] 00000000  00 00 00 00 0d 00 00 00  20 00 00 00 78 63 70 69  |........ ...xcpi|
# [cpu3] [DCPTracer@/arm-io/dcpext] [dptxport] [dcpdptx-port-epic0] 00000010  00 00 00 00 00 00 00 00  00 00 00 00 00 00 00 00  |................|
# [cpu3] [DCPTracer@/arm-io/dcpext] [dptxport] [dcpdptx-port-epic0] 00000020  *
# [cpu2] [DCPTracer@/arm-io/dcpext] [dptxport] >TX msg:0xa2000000000700 (TYPE=0xa2, WPTR=0x700)
# [cpu2] [DCPTracer@/arm-io/dcpext] [dptxport] >Ch 1 Type NOTIFY_ACK Ver 2 Tag 10
# [cpu2] [DCPTracer@/arm-io/dcpext] [dptxport]   Len 100 Ver 4 Cat REPLY Type 0xc0/STD_SERVICE Seq 6
# [cpu2] [DCPTracer@/arm-io/dcpext] [dptxport] NotifyAck:
# [cpu2] [DCPTracer@/arm-io/dcpext] [dptxport] [dcpdptx-port-epic0] > DPTX_APCALL_GET_SUPPORTS_DOWN_SPREAD)
# [cpu2] [DCPTracer@/arm-io/dcpext] [dptxport] [dcpdptx-port-epic0] 00000000  00 00 00 00 0d 00 00 00  20 00 00 00 78 63 70 69  |........ ...xcpi|
# [cpu2] [DCPTracer@/arm-io/dcpext] [dptxport] [dcpdptx-port-epic0] 00000010  00 00 00 00 00 00 00 00  00 00 00 00 00 00 00 00  |................|
# [cpu2] [DCPTracer@/arm-io/dcpext] [dptxport] [dcpdptx-port-epic0] 00000020  *
# [cpu2] [DCPTracer@/arm-io/dcpext] [dptxport] <RX msg:0x85000000000000 (TYPE=0x85)
# [cpu2] [DCPTracer@/arm-io/dcpext] [dptxport] <Ch 1 Type NOTIFY Ver 2 Tag 11
# [cpu2] [DCPTracer@/arm-io/dcpext] [dptxport]   Len 100 Ver 4 Cat NOTIFY Type 0xc0/STD_SERVICE Seq 7
# [cpu2] [DCPTracer@/arm-io/dcpext] [dptxport] Notify:
# [cpu2] [DCPTracer@/arm-io/dcpext] [dptxport] [dcpdptx-port-epic0] < DPTX_APCALL_GET_MAX_LINK_RATE)
# [cpu2] [DCPTracer@/arm-io/dcpext] [dptxport] [dcpdptx-port-epic0] 00000000  00 00 00 00 07 00 00 00  20 00 00 00 78 63 70 69  |........ ...xcpi|
# [cpu2] [DCPTracer@/arm-io/dcpext] [dptxport] [dcpdptx-port-epic0] 00000010  00 00 00 00 00 00 00 00  00 00 00 00 00 00 00 00  |................|
# [cpu2] [DCPTracer@/arm-io/dcpext] [dptxport] [dcpdptx-port-epic0] 00000020  *
# [cpu2] [DCPTracer@/arm-io/dcpext] [dpdev] >TX msg:0xa2000000000100 (TYPE=0xa2, WPTR=0x100)
# [cpu2] [DCPTracer@/arm-io/dcpext] [dpdev] >Ch 3 Type 7 Ver 2 Tag 2
# [cpu2] [DCPTracer@/arm-io/dcpext] [dpdev]   Len 30 Ver 4 Cat COMMAND Type 0xc0/STD_SERVICE Seq 1
# [cpu2] [DCPTracer@/arm-io/dcpext] [dpdev] [???] > group 0 command 13
# [cpu2] [DCPTracer@/arm-io/dcpext] [dpdev] [???] 00000000  00 00 00 00 00 00 00 00  00 00 00 00 00 00 00 00  |................|
# [cpu2] [DCPTracer@/arm-io/dcpext] [dpdev] [???] 00000010  *
# [cpu3] [DCPTracer@/arm-io/dcpext] [dpdev] <RX msg:0x85000000000000 (TYPE=0x85)
# [cpu3] [DCPTracer@/arm-io/dcpext] [dpdev] <Ch 3 Type REPLY Ver 2 Tag 1
# [cpu3] [DCPTracer@/arm-io/dcpext] [dpdev]   Len 220 Ver 4 Cat REPORT Type 0x30/ANNOUNCE Seq 0
# [cpu3] [DCPTracer@/arm-io/dcpext] [dpdev] Init: dispext0:dcpdp-device-epic:0
# [cpu3] [DCPTracer@/arm-io/dcpext] [dpdev]   Props: {'EPICName': 'dcpdp-device-epic', 'EPICUnit': 0, 'EPICLocation': 'External', 'EPICProviderClass': 'DCPDPDevice', 'interface-name': 'dispext0:dcpdp-device-epic:0'}
# [cpu3] [DCPTracer@/arm-io/dcpext] [dpdev] New service: dcpdp-device-epic0 on channel 3
# [cpu3] [DCPTracer@/arm-io/dcpext] [dpdev] <Ch 3 Type REPLY Ver 2 Tag 2
# [cpu3] [DCPTracer@/arm-io/dcpext] [dpdev]   Len 30 Ver 4 Cat REPLY Type 0xc0/STD_SERVICE Seq 1
# [cpu3] [DCPTracer@/arm-io/dcpext] [dpdev] [dcpdp-device-epic0] < unknown group 0; command 13
# [cpu3] [DCPTracer@/arm-io/dcpext] [dpdev] [dcpdp-device-epic0] 00000000  00 00 00 00 00 00 00 00  00 00 00 00 00 00 00 00  |................|
# [cpu3] [DCPTracer@/arm-io/dcpext] [dpdev] [dcpdp-device-epic0] 00000010  *
# [cpu3] [DCPTracer@/arm-io/dcpext] [dptxport] >TX msg:0xa20000000007c0 (TYPE=0xa2, WPTR=0x7c0)
# [cpu3] [DCPTracer@/arm-io/dcpext] [dptxport] >Ch 1 Type NOTIFY_ACK Ver 2 Tag 11
# [cpu3] [DCPTracer@/arm-io/dcpext] [dptxport]   Len 100 Ver 4 Cat REPLY Type 0xc0/STD_SERVICE Seq 7
# [cpu3] [DCPTracer@/arm-io/dcpext] [dptxport] NotifyAck:
# [cpu3] [DCPTracer@/arm-io/dcpext] [dptxport] [dcpdptx-port-epic0] > DPTX_APCALL_GET_MAX_LINK_RATE)
# [cpu3] [DCPTracer@/arm-io/dcpext] [dptxport] [dcpdptx-port-epic0] 00000000  00 00 00 00 07 00 00 00  20 00 00 00 78 63 70 69  |........ ...xcpi|
# [cpu3] [DCPTracer@/arm-io/dcpext] [dptxport] [dcpdptx-port-epic0] 00000010  00 00 00 00 00 00 00 00  00 00 00 00 00 00 00 00  |................|
# [cpu3] [DCPTracer@/arm-io/dcpext] [dptxport] [dcpdptx-port-epic0] 00000020  *
# [cpu3] [DCPTracer@/arm-io/dcpext] [dptxport] [dcpdptx-port-epic0] 00000050  1e 00 00 00 00 00 00 00  00 00 00 00 00 00 00 00  |................|
# [cpu3] [DCPTracer@/arm-io/dcpext] [dpavserv] <RX msg:0x85000000000000 (TYPE=0x85)
# [cpu3] [DCPTracer@/arm-io/dcpext] [dpavserv] <Ch 1 Type NOTIFY Ver 2 Tag 2
# [cpu3] [DCPTracer@/arm-io/dcpext] [dpavserv]   Len 112 Ver 4 Cat REPORT Type 0xc0/STD_SERVICE Seq 1
# [cpu3] [DCPTracer@/arm-io/dcpext] [dpavserv] Report STD_SERVICE
# [cpu3] [DCPTracer@/arm-io/dcpext] [dpavserv] 00000000  00 00 02 00 00 00 00 00  30 00 00 00 78 63 70 69  |........0...xcpi|
# [cpu3] [DCPTracer@/arm-io/dcpext] [dpavserv] 00000010  00 00 00 00 00 00 00 00  00 00 00 00 00 00 00 00  |................|
# [cpu3] [DCPTracer@/arm-io/dcpext] [dpavserv] 00000020  *
# [cpu3] [DCPTracer@/arm-io/dcpext] [dpavserv] 00000050  00 51 11 e0 00 00 00 00  00 00 00 00 00 00 00 00  |.Q..............|
# [cpu3] [DCPTracer@/arm-io/dcpext] [dpavserv] 00000060  00 00 00 00 00 00 00 00  00 00 00 00 00 00 00 00  |................|
# [cpu3] [DCPTracer@/arm-io/dcpext] [dpavserv] <Ch 3 Type NOTIFY Ver 2 Tag 3
# [cpu3] [DCPTracer@/arm-io/dcpext] [dpavserv]   Len 112 Ver 4 Cat REPORT Type 0xc0/STD_SERVICE Seq 1
# [cpu3] [DCPTracer@/arm-io/dcpext] [dpavserv] Report STD_SERVICE
# [cpu3] [DCPTracer@/arm-io/dcpext] [dpavserv] 00000000  00 00 02 00 00 00 00 00  30 00 00 00 78 63 70 69  |........0...xcpi|
# [cpu3] [DCPTracer@/arm-io/dcpext] [dpavserv] 00000010  00 00 00 00 00 00 00 00  00 00 00 00 00 00 00 00  |................|
# [cpu3] [DCPTracer@/arm-io/dcpext] [dpavserv] 00000020  *
# [cpu3] [DCPTracer@/arm-io/dcpext] [dpavserv] 00000050  00 51 11 e0 00 00 00 00  00 00 00 00 00 00 00 00  |.Q..............|
# [cpu3] [DCPTracer@/arm-io/dcpext] [dpavserv] 00000060  00 00 00 00 00 00 00 00  00 00 00 00 00 00 00 00  |................|
# [cpu3] [DCPTracer@/arm-io/dcpext] [dptxport] <RX msg:0x85000000000000 (TYPE=0x85)
# [cpu3] [DCPTracer@/arm-io/dcpext] [dptxport] <Ch 1 Type NOTIFY Ver 2 Tag 12
# [cpu3] [DCPTracer@/arm-io/dcpext] [dptxport]   Len 100 Ver 4 Cat NOTIFY Type 0xc0/STD_SERVICE Seq 8
# [cpu3] [DCPTracer@/arm-io/dcpext] [dptxport] Notify:
# [cpu3] [DCPTracer@/arm-io/dcpext] [dptxport] [dcpdptx-port-epic0] < DPTX_APCALL_SET_DOWN_SPREAD)
# [cpu3] [DCPTracer@/arm-io/dcpext] [dptxport] [dcpdptx-port-epic0] 00000000  00 00 00 00 0f 00 00 00  20 00 00 00 78 63 70 69  |........ ...xcpi|
# [cpu3] [DCPTracer@/arm-io/dcpext] [dptxport] [dcpdptx-port-epic0] 00000010  00 00 00 00 00 00 00 00  00 00 00 00 00 00 00 00  |................|
# [cpu3] [DCPTracer@/arm-io/dcpext] [dptxport] [dcpdptx-port-epic0] 00000020  *
# [cpu3] [DCPTracer@/arm-io/dcpext] [dptxport] >TX msg:0xa2000000000880 (TYPE=0xa2, WPTR=0x880)
# [cpu3] [DCPTracer@/arm-io/dcpext] [dptxport] >Ch 1 Type NOTIFY_ACK Ver 2 Tag 12
# [cpu3] [DCPTracer@/arm-io/dcpext] [dptxport]   Len 100 Ver 4 Cat REPLY Type 0xc0/STD_SERVICE Seq 8
# [cpu3] [DCPTracer@/arm-io/dcpext] [dptxport] NotifyAck:
# [cpu3] [DCPTracer@/arm-io/dcpext] [dptxport] [dcpdptx-port-epic0] > DPTX_APCALL_SET_DOWN_SPREAD)
# [cpu3] [DCPTracer@/arm-io/dcpext] [dptxport] [dcpdptx-port-epic0] 00000000  00 00 00 00 0f 00 00 00  20 00 00 00 78 63 70 69  |........ ...xcpi|
# [cpu3] [DCPTracer@/arm-io/dcpext] [dptxport] [dcpdptx-port-epic0] 00000010  00 00 00 00 00 00 00 00  00 00 00 00 00 00 00 00  |................|
# [cpu3] [DCPTracer@/arm-io/dcpext] [dptxport] [dcpdptx-port-epic0] 00000020  *
# [cpu3] [DCPTracer@/arm-io/dcpext] [dptxport] <RX msg:0x85000000000000 (TYPE=0x85)
# [cpu3] [DCPTracer@/arm-io/dcpext] [dptxport] <Ch 1 Type NOTIFY Ver 2 Tag 13
# [cpu3] [DCPTracer@/arm-io/dcpext] [dptxport]   Len 84 Ver 4 Cat NOTIFY Type 0xc0/STD_SERVICE Seq 9
# [cpu3] [DCPTracer@/arm-io/dcpext] [dptxport] Notify:
# [cpu3] [DCPTracer@/arm-io/dcpext] [dptxport] [dcpdptx-port-epic0] < DPTX_APCALL_WILL_CHANGE_LINK_CONFIG)
# [cpu3] [DCPTracer@/arm-io/dcpext] [dptxport] [dcpdptx-port-epic0] 00000000  00 00 00 00 05 00 00 00  10 00 00 00 78 63 70 69  |............xcpi|
# [cpu3] [DCPTracer@/arm-io/dcpext] [dptxport] [dcpdptx-port-epic0] 00000010  00 00 00 00 00 00 00 00  00 00 00 00 00 00 00 00  |................|
# [cpu3] [DCPTracer@/arm-io/dcpext] [dptxport] [dcpdptx-port-epic0] 00000020  *
# [cpu1] [DCPTracer@/arm-io/dcpext] [dptxport] >TX msg:0xa2000000000940 (TYPE=0xa2, WPTR=0x940)
# [cpu1] [DCPTracer@/arm-io/dcpext] [dptxport] >Ch 1 Type NOTIFY_ACK Ver 2 Tag 13
# [cpu1] [DCPTracer@/arm-io/dcpext] [dptxport]   Len 84 Ver 4 Cat REPLY Type 0xc0/STD_SERVICE Seq 9
# [cpu1] [DCPTracer@/arm-io/dcpext] [dptxport] NotifyAck:
# [cpu1] [DCPTracer@/arm-io/dcpext] [dptxport] [dcpdptx-port-epic0] > DPTX_APCALL_WILL_CHANGE_LINK_CONFIG)
# [cpu1] [DCPTracer@/arm-io/dcpext] [dptxport] [dcpdptx-port-epic0] 00000000  00 00 00 00 05 00 00 00  10 00 00 00 78 63 70 69  |............xcpi|
# [cpu1] [DCPTracer@/arm-io/dcpext] [dptxport] [dcpdptx-port-epic0] 00000010  00 00 00 00 00 00 00 00  00 00 00 00 00 00 00 00  |................|
# [cpu1] [DCPTracer@/arm-io/dcpext] [dptxport] [dcpdptx-port-epic0] 00000020  *
# [cpu1] [DCPTracer@/arm-io/dcpext] [dptxport] <RX msg:0x85000000000000 (TYPE=0x85)
# [cpu1] [DCPTracer@/arm-io/dcpext] [dptxport] <Ch 1 Type NOTIFY Ver 2 Tag 14
# [cpu1] [DCPTracer@/arm-io/dcpext] [dptxport]   Len 100 Ver 4 Cat NOTIFY Type 0xc0/STD_SERVICE Seq 10
# [cpu1] [DCPTracer@/arm-io/dcpext] [dptxport] Notify:
# [cpu1] [DCPTracer@/arm-io/dcpext] [dptxport] [dcpdptx-port-epic0] < DPTX_APCALL_SET_ACTIVE_LANE_COUNT)
# [cpu1] [DCPTracer@/arm-io/dcpext] [dptxport] [dcpdptx-port-epic0] 00000000  00 00 00 00 0c 00 00 00  20 00 00 00 78 63 70 69  |........ ...xcpi|
# [cpu1] [DCPTracer@/arm-io/dcpext] [dptxport] [dcpdptx-port-epic0] 00000010  00 00 00 00 00 00 00 00  00 00 00 00 00 00 00 00  |................|
# [cpu1] [DCPTracer@/arm-io/dcpext] [dptxport] [dcpdptx-port-epic0] 00000020  *
# [cpu2] [DCPTracer@/arm-io/dcpext] [dptxport] >TX msg:0xa2000000000a00 (TYPE=0xa2, WPTR=0xa00)
# [cpu2] [DCPTracer@/arm-io/dcpext] [dptxport] >Ch 1 Type NOTIFY_ACK Ver 2 Tag 14
# [cpu2] [DCPTracer@/arm-io/dcpext] [dptxport]   Len 100 Ver 4 Cat REPLY Type 0xc0/STD_SERVICE Seq 10
# [cpu2] [DCPTracer@/arm-io/dcpext] [dptxport] NotifyAck:
# [cpu2] [DCPTracer@/arm-io/dcpext] [dptxport] [dcpdptx-port-epic0] > DPTX_APCALL_SET_ACTIVE_LANE_COUNT)
# [cpu2] [DCPTracer@/arm-io/dcpext] [dptxport] [dcpdptx-port-epic0] 00000000  00 00 00 00 0c 00 00 00  20 00 00 00 78 63 70 69  |........ ...xcpi|
# [cpu2] [DCPTracer@/arm-io/dcpext] [dptxport] [dcpdptx-port-epic0] 00000010  00 00 00 00 00 00 00 00  00 00 00 00 00 00 00 00  |................|
# [cpu2] [DCPTracer@/arm-io/dcpext] [dptxport] [dcpdptx-port-epic0] 00000020  *
# [cpu2] [DCPTracer@/arm-io/dcpext] [dptxport] <RX msg:0x85000000000000 (TYPE=0x85)
# [cpu2] [DCPTracer@/arm-io/dcpext] [dptxport] <Ch 1 Type NOTIFY Ver 2 Tag 15
# [cpu2] [DCPTracer@/arm-io/dcpext] [dptxport]   Len 100 Ver 4 Cat NOTIFY Type 0xc0/STD_SERVICE Seq 11
# [cpu2] [DCPTracer@/arm-io/dcpext] [dptxport] Notify:
# [cpu2] [DCPTracer@/arm-io/dcpext] [dptxport] [dcpdptx-port-epic0] < DPTX_APCALL_SET_LINK_RATE)
# [cpu2] [DCPTracer@/arm-io/dcpext] [dptxport] [dcpdptx-port-epic0] 00000000  00 00 00 00 09 00 00 00  20 00 00 00 78 63 70 69  |........ ...xcpi|
# [cpu2] [DCPTracer@/arm-io/dcpext] [dptxport] [dcpdptx-port-epic0] 00000010  00 00 00 00 00 00 00 00  00 00 00 00 00 00 00 00  |................|
# [cpu2] [DCPTracer@/arm-io/dcpext] [dptxport] [dcpdptx-port-epic0] 00000020  *
# [cpu2] [DCPTracer@/arm-io/dcpext] [dptxport] [dcpdptx-port-epic0] 00000050  14 00 00 00 00 00 00 00  00 00 00 00 00 00 00 00  |................|
# [PhyTracer@/arm-io/atc-phy1] MMIO: R.4   ACIOPHY_CFG0 = 0x11833fef ()
# [PhyTracer@/arm-io/atc-phy1] MMIO: W.4   ACIOPHY_CFG0 = 0x11833fef ()
# [PhyTracer@/arm-io/atc-phy1] MMIO: R.4   ACIOPHY_CFG0 = 0x11833fef ()
# [PhyTracer@/arm-io/atc-phy1] MMIO: W.4   ACIOPHY_CFG0 = 0x11833fef ()
# [PhyTracer@/arm-io/atc-phy1] MMIO: R.4   ACIOPHY_CFG0 = 0x11833fef ()
# [PhyTracer@/arm-io/atc-phy1] MMIO: W.4   ACIOPHY_CFG0 = 0x11833fef ()
# [PhyTracer@/arm-io/atc-phy1] MMIO: R.4   ACIOPHY_CFG0 = 0x11833fef ()
# [PhyTracer@/arm-io/atc-phy1] MMIO: W.4   ACIOPHY_CFG0 = 0x11833fef ()
# [PhyTracer@/arm-io/atc-phy1] MMIO: R.4   ACIOPHY_CFG0 = 0x11833fef ()
# [PhyTracer@/arm-io/atc-phy1] MMIO: W.4   ACIOPHY_CFG0 = 0x11833fef ()
# [PhyTracer@/arm-io/atc-phy1] MMIO: R.4   ACIOPHY_CFG0 = 0x11833fef ()
# [PhyTracer@/arm-io/atc-phy1] MMIO: W.4   ACIOPHY_CFG0 = 0x11833fef ()
# [PhyTracer@/arm-io/atc-phy1] MMIO: R.4   ACIOPHY_SLEEP_CTRL = 0x15570cff ()
# [PhyTracer@/arm-io/atc-phy1] MMIO: W.4   ACIOPHY_SLEEP_CTRL = 0x15570cff ()
# [PhyTracer@/arm-io/atc-phy1] MMIO: R.4   ACIOPHY_SLEEP_CTRL = 0x15570cff ()
# [PhyTracer@/arm-io/atc-phy1] MMIO: W.4   ACIOPHY_SLEEP_CTRL = 0x15570cff ()
# [PhyTracer@/arm-io/atc-phy1] MMIO: R.4   ACIOPHY_SLEEP_CTRL = 0x15570cff ()
# [PhyTracer@/arm-io/atc-phy1] MMIO: W.4   ACIOPHY_SLEEP_CTRL = 0x15570cff ()
# [PhyTracer@/arm-io/atc-phy1] MMIO: R.4   ACIOPHY_SLEEP_CTRL = 0x15570cff ()
# [PhyTracer@/arm-io/atc-phy1] MMIO: W.4   ACIOPHY_SLEEP_CTRL = 0x15570cff ()
# [PhyTracer@/arm-io/atc-phy1] MMIO: R.4   ACIOPHY_SLEEP_CTRL = 0x15570cff ()
# [PhyTracer@/arm-io/atc-phy1] MMIO: W.4   ACIOPHY_SLEEP_CTRL = 0x15570cff ()
# [PhyTracer@/arm-io/atc-phy1] MMIO: R.4   ACIOPHY_SLEEP_CTRL = 0x15570cff ()
# [PhyTracer@/arm-io/atc-phy1] MMIO: W.4   ACIOPHY_SLEEP_CTRL = 0x15570cff ()
# [PhyTracer@/arm-io/atc-phy1] MMIO: R.4   ACIOPHY_CFG0 = 0x11833fef ()
# [PhyTracer@/arm-io/atc-phy1] MMIO: W.4   ACIOPHY_CFG0 = 0x11833fef ()
# [PhyTracer@/arm-io/atc-phy1] MMIO: R.4   ACIOPHY_CFG0 = 0x11833fef ()
# [PhyTracer@/arm-io/atc-phy1] MMIO: W.4   ACIOPHY_CFG0 = 0x11833fef ()
# [PhyTracer@/arm-io/atc-phy1] MMIO: R.4   ACIOPHY_CFG0 = 0x11833fef ()
# [PhyTracer@/arm-io/atc-phy1] MMIO: W.4   ACIOPHY_CFG0 = 0x11833fef ()
# [PhyTracer@/arm-io/atc-phy1] MMIO: R.4   ACIOPHY_CFG0 = 0x11833fef ()
# [PhyTracer@/arm-io/atc-phy1] MMIO: W.4   ACIOPHY_CFG0 = 0x11833fef ()
# [PhyTracer@/arm-io/atc-phy1] MMIO: R.4   ACIOPHY_CFG0 = 0x11833fef ()
# [PhyTracer@/arm-io/atc-phy1] MMIO: W.4   ACIOPHY_CFG0 = 0x11833fef ()
# [PhyTracer@/arm-io/atc-phy1] MMIO: R.4   ACIOPHY_CFG0 = 0x11833fef ()
# [PhyTracer@/arm-io/atc-phy1] MMIO: W.4   ACIOPHY_CFG0 = 0x11833fef ()
# [PhyTracer@/arm-io/atc-phy1] MMIO: R.4   ACIOPHY_LANE_DP_CFG_BLK_TX_DP_CTRL0 = 0xe001 (DP_PMA_BYTECLK_RESET=1, DP_MAC_DIV20_CLK_SEL=0, DPTXPHY_PMA_LANE_RESET_N=0, DPTXPHY_PMA_LANE_RESET_N_OV=0, DPTX_PCLK1_SELECT=0, DPTX_PCLK2_SELECT=0, DPRX_PCLK_SELECT=0, DPTX_PCLK1_ENABLE=1, DPTX_PCLK2_ENABLE=1, DPRX_PCLK_ENABLE=1)
# [PhyTracer@/arm-io/atc-phy1] MMIO: W.4   ACIOPHY_LANE_DP_CFG_BLK_TX_DP_CTRL0 = 0xe005 (DP_PMA_BYTECLK_RESET=1, DP_MAC_DIV20_CLK_SEL=0, DPTXPHY_PMA_LANE_RESET_N=1, DPTXPHY_PMA_LANE_RESET_N_OV=0, DPTX_PCLK1_SELECT=0, DPTX_PCLK2_SELECT=0, DPRX_PCLK_SELECT=0, DPTX_PCLK1_ENABLE=1, DPTX_PCLK2_ENABLE=1, DPRX_PCLK_ENABLE=1)
# [PhyTracer@/arm-io/atc-phy1] MMIO: R.4   ACIOPHY_LANE_DP_CFG_BLK_TX_DP_CTRL0 = 0xe005 (DP_PMA_BYTECLK_RESET=1, DP_MAC_DIV20_CLK_SEL=0, DPTXPHY_PMA_LANE_RESET_N=1, DPTXPHY_PMA_LANE_RESET_N_OV=0, DPTX_PCLK1_SELECT=0, DPTX_PCLK2_SELECT=0, DPRX_PCLK_SELECT=0, DPTX_PCLK1_ENABLE=1, DPTX_PCLK2_ENABLE=1, DPRX_PCLK_ENABLE=1)
# [PhyTracer@/arm-io/atc-phy1] MMIO: W.4   ACIOPHY_LANE_DP_CFG_BLK_TX_DP_CTRL0 = 0xe00d (DP_PMA_BYTECLK_RESET=1, DP_MAC_DIV20_CLK_SEL=0, DPTXPHY_PMA_LANE_RESET_N=1, DPTXPHY_PMA_LANE_RESET_N_OV=1, DPTX_PCLK1_SELECT=0, DPTX_PCLK2_SELECT=0, DPRX_PCLK_SELECT=0, DPTX_PCLK1_ENABLE=1, DPTX_PCLK2_ENABLE=1, DPRX_PCLK_ENABLE=1)
# [PhyTracer@/arm-io/atc-phy1] MMIO: R.4   ACIOPHY_LANE_DP_CFG_BLK_TX_DP_CTRL0 = 0xe00d (DP_PMA_BYTECLK_RESET=1, DP_MAC_DIV20_CLK_SEL=0, DPTXPHY_PMA_LANE_RESET_N=1, DPTXPHY_PMA_LANE_RESET_N_OV=1, DPTX_PCLK1_SELECT=0, DPTX_PCLK2_SELECT=0, DPRX_PCLK_SELECT=0, DPTX_PCLK1_ENABLE=1, DPTX_PCLK2_ENABLE=1, DPRX_PCLK_ENABLE=1)
# [PhyTracer@/arm-io/atc-phy1] MMIO: W.4   ACIOPHY_LANE_DP_CFG_BLK_TX_DP_CTRL0 = 0xe00d (DP_PMA_BYTECLK_RESET=1, DP_MAC_DIV20_CLK_SEL=0, DPTXPHY_PMA_LANE_RESET_N=1, DPTXPHY_PMA_LANE_RESET_N_OV=1, DPTX_PCLK1_SELECT=0, DPTX_PCLK2_SELECT=0, DPRX_PCLK_SELECT=0, DPTX_PCLK1_ENABLE=1, DPTX_PCLK2_ENABLE=1, DPRX_PCLK_ENABLE=1)
# [PhyTracer@/arm-io/atc-phy1] MMIO: R.4   ACIOPHY_LANE_DP_CFG_BLK_TX_DP_CTRL0 = 0xe00d (DP_PMA_BYTECLK_RESET=1, DP_MAC_DIV20_CLK_SEL=0, DPTXPHY_PMA_LANE_RESET_N=1, DPTXPHY_PMA_LANE_RESET_N_OV=1, DPTX_PCLK1_SELECT=0, DPTX_PCLK2_SELECT=0, DPRX_PCLK_SELECT=0, DPTX_PCLK1_ENABLE=1, DPTX_PCLK2_ENABLE=1, DPRX_PCLK_ENABLE=1)
# [PhyTracer@/arm-io/atc-phy1] MMIO: W.4   ACIOPHY_LANE_DP_CFG_BLK_TX_DP_CTRL0 = 0xe01d (DP_PMA_BYTECLK_RESET=1, DP_MAC_DIV20_CLK_SEL=0, DPTXPHY_PMA_LANE_RESET_N=1, DPTXPHY_PMA_LANE_RESET_N_OV=1, DPTX_PCLK1_SELECT=1, DPTX_PCLK2_SELECT=0, DPRX_PCLK_SELECT=0, DPTX_PCLK1_ENABLE=1, DPTX_PCLK2_ENABLE=1, DPRX_PCLK_ENABLE=1)
# [PhyTracer@/arm-io/atc-phy1] MMIO: R.4   0x503002224 = 0x20086001
# [PhyTracer@/arm-io/atc-phy1] MMIO: W.4   0x503002224 = 0x20086000
# [PhyTracer@/arm-io/atc-phy1] MMIO: R.4   AUSPLL_TOP_FREQ_DESC_0A = 0x2a160190 ()
# [PhyTracer@/arm-io/atc-phy1] MMIO: W.4   AUSPLL_TOP_FREQ_DESC_0A = 0x2a16021c ()
# [PhyTracer@/arm-io/atc-phy1] MMIO: R.4   AUSPLL_TOP_FREQ_DESC_0A = 0x2a16021c ()
# [PhyTracer@/arm-io/atc-phy1] MMIO: W.4   AUSPLL_TOP_FREQ_DESC_0A = 0x2a16021c ()
# [PhyTracer@/arm-io/atc-phy1] MMIO: R.4   AUSPLL_TOP_FREQ_DESC_0A = 0x2a16021c ()
# [PhyTracer@/arm-io/atc-phy1] MMIO: W.4   AUSPLL_TOP_FREQ_DESC_0A = 0x2a16021c ()
# [PhyTracer@/arm-io/atc-phy1] MMIO: R.4   AUSPLL_TOP_FREQ_DESC_0A = 0x2a16021c ()
# [PhyTracer@/arm-io/atc-phy1] MMIO: W.4   AUSPLL_TOP_FREQ_DESC_0A = 0x2a16021c ()
# [PhyTracer@/arm-io/atc-phy1] MMIO: R.4   AUSPLL_TOP_FREQ_DESC_0A = 0x2a16021c ()
# [PhyTracer@/arm-io/atc-phy1] MMIO: W.4   AUSPLL_TOP_FREQ_DESC_0A = 0x2a0e021c ()
# [PhyTracer@/arm-io/atc-phy1] MMIO: R.4   AUSPLL_TOP_FREQ_DESC_0A = 0x2a0e021c ()
# [PhyTracer@/arm-io/atc-phy1] MMIO: W.4   AUSPLL_TOP_FREQ_DESC_0A = 0x2a0e021c ()
# [PhyTracer@/arm-io/atc-phy1] MMIO: R.4   AUSPLL_TOP_FREQ_DESC_0A = 0x2a0e021c ()
# [PhyTracer@/arm-io/atc-phy1] MMIO: W.4   AUSPLL_TOP_FREQ_DESC_0A = 0x1e0e021c ()
# [PhyTracer@/arm-io/atc-phy1] MMIO: R.4   AUSPLL_TOP_FREQ_DESC_0A = 0x1e0e021c ()
# [PhyTracer@/arm-io/atc-phy1] MMIO: W.4   AUSPLL_TOP_FREQ_DESC_0A = 0x1e0e021c ()
# [PhyTracer@/arm-io/atc-phy1] MMIO: R.4   AUSPLL_TOP_FREQ_DESC_0B = 0x0 ()
# [PhyTracer@/arm-io/atc-phy1] MMIO: W.4   AUSPLL_TOP_FREQ_DESC_0B = 0x0 ()
# [PhyTracer@/arm-io/atc-phy1] MMIO: R.4   AUSPLL_TOP_FREQ_DESC_0B = 0x0 ()
# [PhyTracer@/arm-io/atc-phy1] MMIO: W.4   AUSPLL_TOP_FREQ_DESC_0B = 0x0 ()
# [PhyTracer@/arm-io/atc-phy1] MMIO: R.4   AUSPLL_TOP_FREQ_DESC_0C = 0x460800 ()
# [PhyTracer@/arm-io/atc-phy1] MMIO: W.4   AUSPLL_TOP_FREQ_DESC_0C = 0x460800 ()
# [PhyTracer@/arm-io/atc-phy1] MMIO: R.4   AUSPLL_TOP_FREQ_DESC_0C = 0x460800 ()
# [PhyTracer@/arm-io/atc-phy1] MMIO: W.4   AUSPLL_TOP_FREQ_DESC_0C = 0x460800 ()
# [PhyTracer@/arm-io/atc-phy1] MMIO: R.4   AUSPLL_TOP_FREQ_DESC_0C = 0x460800 ()
# [PhyTracer@/arm-io/atc-phy1] MMIO: W.4   AUSPLL_TOP_FREQ_DESC_0C = 0x460a00 ()
# [PhyTracer@/arm-io/atc-phy1] MMIO: R.4   AUSPLL_TOP_FREQ_DESC_0C = 0x460a00 ()
# [PhyTracer@/arm-io/atc-phy1] MMIO: W.4   AUSPLL_TOP_FREQ_DESC_0C = 0x464a00 ()
# [PhyTracer@/arm-io/atc-phy1] MMIO: R.4   AUSPLL_TOP_FREQ_DESC_0C = 0x464a00 ()
# [PhyTracer@/arm-io/atc-phy1] MMIO: W.4   AUSPLL_TOP_FREQ_DESC_0C = 0x454a00 ()
# [PhyTracer@/arm-io/atc-phy1] MMIO: R.4   AUSPLL_TOP_FREQ_DESC_0C = 0x454a00 ()
# [PhyTracer@/arm-io/atc-phy1] MMIO: W.4   AUSPLL_TOP_FREQ_DESC_0C = 0x654a00 ()
# [PhyTracer@/arm-io/atc-phy1] MMIO: R.4   AUSPLL_TOP_FREQ_DESC_0C = 0x654a00 ()
# [PhyTracer@/arm-io/atc-phy1] MMIO: W.4   AUSPLL_TOP_FREQ_DESC_0C = 0x654a00 ()
# [PhyTracer@/arm-io/atc-phy1] MMIO: R.4   0x503002208 = 0x180001
# [PhyTracer@/arm-io/atc-phy1] MMIO: W.4   0x503002208 = 0x10001
# [PhyTracer@/arm-io/atc-phy1] MMIO: R.4   AUSPLL_CLKOUT_DTC_VREG = 0x11090a2 (DTC_VREG_ADJUST=2)
# [PhyTracer@/arm-io/atc-phy1] MMIO: W.4   AUSPLL_CLKOUT_DTC_VREG = 0x11090a2 (DTC_VREG_ADJUST=2)
# [PhyTracer@/arm-io/atc-phy1] MMIO: R.4   0x503002214 = 0x1e0
# [PhyTracer@/arm-io/atc-phy1] MMIO: W.4   0x503002214 = 0x1e1
# [PhyTracer@/arm-io/atc-phy1] MMIO: R.4   0x503002200 = 0x2000
# [PhyTracer@/arm-io/atc-phy1] MMIO: W.4   0x503002200 = 0x2004
# [PhyTracer@/arm-io/atc-phy1] MMIO: R.4   0x503002200 = 0x2004
# [PhyTracer@/arm-io/atc-phy1] MMIO: W.4   0x503002200 = 0x2014
# [PhyTracer@/arm-io/atc-phy1] MMIO: R.4   0x503002200 = 0x2014
# [PhyTracer@/arm-io/atc-phy1] MMIO: W.4   0x503002200 = 0x2054
# [PhyTracer@/arm-io/atc-phy1] MMIO: R.4   AUSPLL_CMD_OVERRIDE = 0x2 (APB_OVERRIDE=0)
# [PhyTracer@/arm-io/atc-phy1] MMIO: W.4   AUSPLL_CMD_OVERRIDE = 0x10000003 (APB_OVERRIDE=1)
# [PhyTracer@/arm-io/atc-phy1] MMIO: R.4   AUSPLL_CMD_OVERRIDE = 0x10000003 (APB_OVERRIDE=1)
# [PhyTracer@/arm-io/atc-phy1] MMIO: R.4   AUSPLL_CMD_OVERRIDE = 0x10000003 (APB_OVERRIDE=1)
# [PhyTracer@/arm-io/atc-phy1] MMIO: W.4   AUSPLL_CMD_OVERRIDE = 0x10000002 (APB_OVERRIDE=1)
# [PhyTracer@/arm-io/atc-phy1] MMIO: R.4   0x503007044 = 0x0
# [PhyTracer@/arm-io/atc-phy1] MMIO: R.4   0x503007044 = 0x8
# [PhyTracer@/arm-io/atc-phy1] MMIO: R.4   AUSPLL_CMD_OVERRIDE = 0x10000000 (APB_OVERRIDE=1)
# [PhyTracer@/arm-io/atc-phy1] MMIO: W.4   AUSPLL_CMD_OVERRIDE = 0x10010001 (APB_OVERRIDE=1)
# [PhyTracer@/arm-io/atc-phy1] MMIO: R.4   AUSPLL_CMD_OVERRIDE = 0x10010003 (APB_OVERRIDE=1)
# [PhyTracer@/arm-io/atc-phy1] MMIO: R.4   AUSPLL_CMD_OVERRIDE = 0x10010003 (APB_OVERRIDE=1)
# [PhyTracer@/arm-io/atc-phy1] MMIO: W.4   AUSPLL_CMD_OVERRIDE = 0x10010002 (APB_OVERRIDE=1)
# [cpu1] [DCPTracer@/arm-io/dcpext] [dptxport] >TX msg:0xa2000000000ac0 (TYPE=0xa2, WPTR=0xac0)
# [cpu1] [DCPTracer@/arm-io/dcpext] [dptxport] >Ch 1 Type NOTIFY_ACK Ver 2 Tag 15
# [cpu1] [DCPTracer@/arm-io/dcpext] [dptxport]   Len 100 Ver 4 Cat REPLY Type 0xc0/STD_SERVICE Seq 11
# [cpu1] [DCPTracer@/arm-io/dcpext] [dptxport] NotifyAck:
# [cpu1] [DCPTracer@/arm-io/dcpext] [dptxport] [dcpdptx-port-epic0] > DPTX_APCALL_SET_LINK_RATE)
# [cpu1] [DCPTracer@/arm-io/dcpext] [dptxport] [dcpdptx-port-epic0] 00000000  00 00 00 00 09 00 00 00  20 00 00 00 78 63 70 69  |........ ...xcpi|
# [cpu1] [DCPTracer@/arm-io/dcpext] [dptxport] [dcpdptx-port-epic0] 00000010  00 00 00 00 00 00 00 00  00 00 00 00 00 00 00 00  |................|
# [cpu1] [DCPTracer@/arm-io/dcpext] [dptxport] [dcpdptx-port-epic0] 00000020  *
# [cpu1] [DCPTracer@/arm-io/dcpext] [dptxport] [dcpdptx-port-epic0] 00000050  14 00 00 00 00 00 00 00  00 00 00 00 00 00 00 00  |................|
# [cpu2] [DCPTracer@/arm-io/dcpext] [dptxport] <RX msg:0x85000000000000 (TYPE=0x85)
# [cpu2] [DCPTracer@/arm-io/dcpext] [dptxport] <Ch 1 Type NOTIFY Ver 2 Tag 16
# [cpu2] [DCPTracer@/arm-io/dcpext] [dptxport]   Len 84 Ver 4 Cat NOTIFY Type 0xc0/STD_SERVICE Seq 12
# [cpu2] [DCPTracer@/arm-io/dcpext] [dptxport] Notify:
# [cpu2] [DCPTracer@/arm-io/dcpext] [dptxport] [dcpdptx-port-epic0] < DPTX_APCALL_DID_CHANGE_LINK_CONFIG)
# [cpu2] [DCPTracer@/arm-io/dcpext] [dptxport] [dcpdptx-port-epic0] 00000000  00 00 00 00 06 00 00 00  10 00 00 00 78 63 70 69  |............xcpi|
# [cpu2] [DCPTracer@/arm-io/dcpext] [dptxport] [dcpdptx-port-epic0] 00000010  00 00 00 00 00 00 00 00  00 00 00 00 00 00 00 00  |................|
# [cpu2] [DCPTracer@/arm-io/dcpext] [dptxport] [dcpdptx-port-epic0] 00000020  *
# [cpu3] [0xfffffe0014c1b9f4] MMIO: W.4   0x50304cc00 (atc1-dpxbar[0], offset 0xc00) = 0x0
p.write32(0x50304c000 + 0xc00, 0x0)
# [cpu3] [0xfffffe0014c1b870] MMIO: R.4   0x50304c004 (atc1-dpxbar[0], offset 0x04) = 0x1ff
p.read32(0x50304c000 + 0x4)
# [cpu3] [0xfffffe0014c1b9f4] MMIO: W.4   0x50304c004 (atc1-dpxbar[0], offset 0x04) = 0x1fe
p.write32(0x50304c000 + 0x4, 0x1fe)
# [cpu3] [0xfffffe0014c1b870] MMIO: R.4   0x50304c028 (atc1-dpxbar[0], offset 0x28) = 0x1ff
p.read32(0x50304c000 + 0x28)
# [cpu3] [0xfffffe0014c1b9f4] MMIO: W.4   0x50304c028 (atc1-dpxbar[0], offset 0x28) = 0x1fe
p.write32(0x50304c000 + 0x28, 0x1fe)
# [cpu3] [0xfffffe0014c1b870] MMIO: R.4   0x50304c048 (atc1-dpxbar[0], offset 0x48) = 0x111
p.read32(0x50304c000 + 0x48)
# [cpu3] [0xfffffe0014c1b9f4] MMIO: W.4   0x50304c048 (atc1-dpxbar[0], offset 0x48) = 0x110
p.write32(0x50304c000 + 0x48, 0x110)
# [cpu3] [0xfffffe0014c1b870] MMIO: R.4   0x50304c804 (atc1-dpxbar[0], offset 0x804) = 0x1fe
p.read32(0x50304c000 + 0x804)
# [cpu3] [0xfffffe0014c1b870] MMIO: R.4   0x50304c828 (atc1-dpxbar[0], offset 0x828) = 0x1fe
p.read32(0x50304c000 + 0x828)
# [cpu3] [0xfffffe0014c1b870] MMIO: R.4   0x50304c848 (atc1-dpxbar[0], offset 0x848) = 0x110
p.read32(0x50304c000 + 0x848)
# [cpu3] [0xfffffe0014c1b870] MMIO: R.4   0x50304c008 (atc1-dpxbar[0], offset 0x08) = 0x0
p.read32(0x50304c000 + 0x8)
# [cpu3] [0xfffffe0014c1b9f4] MMIO: W.4   0x50304c008 (atc1-dpxbar[0], offset 0x08) = 0x1
p.write32(0x50304c000 + 0x8, 0x1)
# [cpu3] [0xfffffe0014c1b870] MMIO: R.4   0x50304c02c (atc1-dpxbar[0], offset 0x2c) = 0x0
p.read32(0x50304c000 + 0x2c)
# [cpu3] [0xfffffe0014c1b9f4] MMIO: W.4   0x50304c02c (atc1-dpxbar[0], offset 0x2c) = 0x1
p.write32(0x50304c000 + 0x2c, 0x1)
# [cpu3] [0xfffffe0014c1b870] MMIO: R.4   0x50304c04c (atc1-dpxbar[0], offset 0x4c) = 0x0
p.read32(0x50304c000 + 0x4c)
# [cpu3] [0xfffffe0014c1b9f4] MMIO: W.4   0x50304c04c (atc1-dpxbar[0], offset 0x4c) = 0x1
p.write32(0x50304c000 + 0x4c, 0x1)
# [cpu3] [0xfffffe0014c1b870] MMIO: R.4   0x50304c000 (atc1-dpxbar[0], offset 0x00) = 0x0
p.read32(0x50304c000 + 0x0)
# [cpu3] [0xfffffe0014c1b9f4] MMIO: W.4   0x50304c000 (atc1-dpxbar[0], offset 0x00) = 0x1
p.write32(0x50304c000 + 0x0, 0x1)
# [cpu3] [0xfffffe0014c1b870] MMIO: R.4   0x50304c020 (atc1-dpxbar[0], offset 0x20) = 0x0
p.read32(0x50304c000 + 0x20)
# [cpu3] [0xfffffe0014c1b9f4] MMIO: W.4   0x50304c020 (atc1-dpxbar[0], offset 0x20) = 0x1
p.write32(0x50304c000 + 0x20, 0x1)
# [cpu3] [0xfffffe0014c1b870] MMIO: R.4   0x50304c040 (atc1-dpxbar[0], offset 0x40) = 0x0
p.read32(0x50304c000 + 0x40)
# [cpu3] [0xfffffe0014c1b9f4] MMIO: W.4   0x50304c040 (atc1-dpxbar[0], offset 0x40) = 0x1
p.write32(0x50304c000 + 0x40, 0x1)
# [cpu3] [0xfffffe0014c1b870] MMIO: R.4   0x50304c070 (atc1-dpxbar[0], offset 0x70) = 0x0
p.read32(0x50304c000 + 0x70)
# [cpu3] [0xfffffe0014c1b9f4] MMIO: W.4   0x50304c070 (atc1-dpxbar[0], offset 0x70) = 0x1
p.write32(0x50304c000 + 0x70, 0x1)
# [cpu3] [0xfffffe0014c1b870] MMIO: R.4   0x50304c050 (atc1-dpxbar[0], offset 0x50) = 0x0
p.read32(0x50304c000 + 0x50)
# [cpu3] [0xfffffe0014c1b9f4] MMIO: W.4   0x50304c050 (atc1-dpxbar[0], offset 0x50) = 0x1
p.write32(0x50304c000 + 0x50, 0x1)
# [cpu3] [0xfffffe0014c1b870] MMIO: R.4   0x50304c020 (atc1-dpxbar[0], offset 0x20) = 0x1
p.read32(0x50304c000 + 0x20)
# [cpu3] [0xfffffe0014c1b9f4] MMIO: W.4   0x50304c020 (atc1-dpxbar[0], offset 0x20) = 0x0
p.write32(0x50304c000 + 0x20, 0x0)
# [cpu3] [0xfffffe0014c1b870] MMIO: R.4   0x50304c020 (atc1-dpxbar[0], offset 0x20) = 0x0
p.read32(0x50304c000 + 0x20)
# [cpu3] [0xfffffe0014c1b9f4] MMIO: W.4   0x50304c020 (atc1-dpxbar[0], offset 0x20) = 0x1
p.write32(0x50304c000 + 0x20, 0x1)
# [cpu3] [DCPTracer@/arm-io/dcpext] [dptxport] >TX msg:0xa2000000000b80 (TYPE=0xa2, WPTR=0xb80)
# [cpu3] [DCPTracer@/arm-io/dcpext] [dptxport] >Ch 1 Type NOTIFY_ACK Ver 2 Tag 16
# [cpu3] [DCPTracer@/arm-io/dcpext] [dptxport]   Len 84 Ver 4 Cat REPLY Type 0xc0/STD_SERVICE Seq 12
# [cpu3] [DCPTracer@/arm-io/dcpext] [dptxport] NotifyAck:
# [cpu3] [DCPTracer@/arm-io/dcpext] [dptxport] [dcpdptx-port-epic0] > DPTX_APCALL_DID_CHANGE_LINK_CONFIG)
# [cpu3] [DCPTracer@/arm-io/dcpext] [dptxport] [dcpdptx-port-epic0] 00000000  00 00 00 00 06 00 00 00  10 00 00 00 78 63 70 69  |............xcpi|
# [cpu3] [DCPTracer@/arm-io/dcpext] [dptxport] [dcpdptx-port-epic0] 00000010  00 00 00 00 00 00 00 00  00 00 00 00 00 00 00 00  |................|
# [cpu3] [DCPTracer@/arm-io/dcpext] [dptxport] [dcpdptx-port-epic0] 00000020  *
# [cpu3] [DCPTracer@/arm-io/dcpext] [dptxport] <RX msg:0x85000000000000 (TYPE=0x85)
# [cpu3] [DCPTracer@/arm-io/dcpext] [dptxport] <Ch 1 Type NOTIFY Ver 2 Tag 17
# [cpu3] [DCPTracer@/arm-io/dcpext] [dptxport]   Len 100 Ver 4 Cat NOTIFY Type 0xc0/STD_SERVICE Seq 13
# [cpu3] [DCPTracer@/arm-io/dcpext] [dptxport] Notify:
# [cpu3] [DCPTracer@/arm-io/dcpext] [dptxport] [dcpdptx-port-epic0] < DPTX_APCALL_GET_SUPPORTS_DOWN_SPREAD)
# [cpu3] [DCPTracer@/arm-io/dcpext] [dptxport] [dcpdptx-port-epic0] 00000000  00 00 00 00 0d 00 00 00  20 00 00 00 78 63 70 69  |........ ...xcpi|
# [cpu3] [DCPTracer@/arm-io/dcpext] [dptxport] [dcpdptx-port-epic0] 00000010  00 00 00 00 00 00 00 00  00 00 00 00 00 00 00 00  |................|
# [cpu3] [DCPTracer@/arm-io/dcpext] [dptxport] [dcpdptx-port-epic0] 00000020  *
# [cpu2] [DCPTracer@/arm-io/dcpext] [dptxport] >TX msg:0xa2000000000c40 (TYPE=0xa2, WPTR=0xc40)
# [cpu2] [DCPTracer@/arm-io/dcpext] [dptxport] >Ch 1 Type NOTIFY_ACK Ver 2 Tag 17
# [cpu2] [DCPTracer@/arm-io/dcpext] [dptxport]   Len 100 Ver 4 Cat REPLY Type 0xc0/STD_SERVICE Seq 13
# [cpu2] [DCPTracer@/arm-io/dcpext] [dptxport] NotifyAck:
# [cpu2] [DCPTracer@/arm-io/dcpext] [dptxport] [dcpdptx-port-epic0] > DPTX_APCALL_GET_SUPPORTS_DOWN_SPREAD)
# [cpu2] [DCPTracer@/arm-io/dcpext] [dptxport] [dcpdptx-port-epic0] 00000000  00 00 00 00 0d 00 00 00  20 00 00 00 78 63 70 69  |........ ...xcpi|
# [cpu2] [DCPTracer@/arm-io/dcpext] [dptxport] [dcpdptx-port-epic0] 00000010  00 00 00 00 00 00 00 00  00 00 00 00 00 00 00 00  |................|
# [cpu2] [DCPTracer@/arm-io/dcpext] [dptxport] [dcpdptx-port-epic0] 00000020  *
# [cpu2] [DCPTracer@/arm-io/dcpext] [dptxport] <RX msg:0x85000000000000 (TYPE=0x85)
# [cpu2] [DCPTracer@/arm-io/dcpext] [dptxport] <Ch 1 Type NOTIFY Ver 2 Tag 18
# [cpu2] [DCPTracer@/arm-io/dcpext] [dptxport]   Len 100 Ver 4 Cat NOTIFY Type 0xc0/STD_SERVICE Seq 14
# [cpu2] [DCPTracer@/arm-io/dcpext] [dptxport] Notify:
# [cpu2] [DCPTracer@/arm-io/dcpext] [dptxport] [dcpdptx-port-epic0] < DPTX_APCALL_SET_ACTIVE_LANE_COUNT)
# [cpu2] [DCPTracer@/arm-io/dcpext] [dptxport] [dcpdptx-port-epic0] 00000000  00 00 00 00 0c 00 00 00  20 00 00 00 78 63 70 69  |........ ...xcpi|
# [cpu2] [DCPTracer@/arm-io/dcpext] [dptxport] [dcpdptx-port-epic0] 00000010  00 00 00 00 00 00 00 00  00 00 00 00 00 00 00 00  |................|
# [cpu2] [DCPTracer@/arm-io/dcpext] [dptxport] [dcpdptx-port-epic0] 00000020  *
# [cpu2] [DCPTracer@/arm-io/dcpext] [dptxport] [dcpdptx-port-epic0] 00000050  04 00 00 00 00 00 00 00  00 00 00 00 00 00 00 00  |................|
# [cpu1] [DCPTracer@/arm-io/dcpext] [dptxport] >TX msg:0xa2000000000d00 (TYPE=0xa2, WPTR=0xd00)
# [cpu1] [DCPTracer@/arm-io/dcpext] [dptxport] >Ch 1 Type NOTIFY_ACK Ver 2 Tag 18
# [cpu1] [DCPTracer@/arm-io/dcpext] [dptxport]   Len 100 Ver 4 Cat REPLY Type 0xc0/STD_SERVICE Seq 14
# [cpu1] [DCPTracer@/arm-io/dcpext] [dptxport] NotifyAck:
# [cpu1] [DCPTracer@/arm-io/dcpext] [dptxport] [dcpdptx-port-epic0] > DPTX_APCALL_SET_ACTIVE_LANE_COUNT)
# [cpu1] [DCPTracer@/arm-io/dcpext] [dptxport] [dcpdptx-port-epic0] 00000000  00 00 00 00 0c 00 00 00  20 00 00 00 78 63 70 69  |........ ...xcpi|
# [cpu1] [DCPTracer@/arm-io/dcpext] [dptxport] [dcpdptx-port-epic0] 00000010  00 00 00 00 00 00 00 00  00 00 00 00 00 00 00 00  |................|
# [cpu1] [DCPTracer@/arm-io/dcpext] [dptxport] [dcpdptx-port-epic0] 00000020  *
# [cpu1] [DCPTracer@/arm-io/dcpext] [dptxport] [dcpdptx-port-epic0] 00000050  04 00 00 00 00 00 00 00  00 00 00 00 00 00 00 00  |................|
# [cpu3] [DCPTracer@/arm-io/dcpext] [dptxport] <RX msg:0x85000000000000 (TYPE=0x85)
# [cpu3] [DCPTracer@/arm-io/dcpext] [dptxport] <Ch 1 Type NOTIFY Ver 2 Tag 19
# [cpu3] [DCPTracer@/arm-io/dcpext] [dptxport]   Len 132 Ver 4 Cat NOTIFY Type 0xc0/STD_SERVICE Seq 15
# [cpu3] [DCPTracer@/arm-io/dcpext] [dptxport] Notify:
# [cpu3] [DCPTracer@/arm-io/dcpext] [dptxport] [dcpdptx-port-epic0] < unknown group 1; command 3
# [cpu3] [DCPTracer@/arm-io/dcpext] [dptxport] [dcpdptx-port-epic0] 00000000  00 00 01 00 03 00 00 00  40 00 00 00 78 63 70 69  |........@...xcpi|
# [cpu3] [DCPTracer@/arm-io/dcpext] [dptxport] [dcpdptx-port-epic0] 00000010  00 00 00 00 00 00 00 00  00 00 00 00 00 00 00 00  |................|
# [cpu3] [DCPTracer@/arm-io/dcpext] [dptxport] [dcpdptx-port-epic0] 00000020  *
# [cpu3] [DCPTracer@/arm-io/dcpext] [dptxport] [dcpdptx-port-epic0] 00000040  10 f2 fa 40 ff ff ff ff  02 00 00 00 00 00 00 00  |...@............|
# [cpu3] [DCPTracer@/arm-io/dcpext] [dptxport] [dcpdptx-port-epic0] 00000050  04 00 00 00 00 00 00 00  0e 00 00 00 00 00 00 00  |................|
# [cpu3] [DCPTracer@/arm-io/dcpext] [dptxport] [dcpdptx-port-epic0] 00000060  00 00 00 00 00 00 00 00  00 00 00 00 00 00 00 00  |................|
# [cpu3] [DCPTracer@/arm-io/dcpext] [dptxport] [dcpdptx-port-epic0] 00000070  *
# [cpu1] [DCPTracer@/arm-io/dcpext] [dptxport] >TX msg:0xa2000000000dc0 (TYPE=0xa2, WPTR=0xdc0)
# [cpu1] [DCPTracer@/arm-io/dcpext] [dptxport] >Ch 1 Type NOTIFY_ACK Ver 2 Tag 19
# [cpu1] [DCPTracer@/arm-io/dcpext] [dptxport]   Len 132 Ver 4 Cat REPLY Type 0xc0/STD_SERVICE Seq 15
# [cpu1] [DCPTracer@/arm-io/dcpext] [dptxport] NotifyAck:
# [cpu1] [DCPTracer@/arm-io/dcpext] [dptxport] [dcpdptx-port-epic0] < unknown group 1; command 3
# [cpu1] [DCPTracer@/arm-io/dcpext] [dptxport] [dcpdptx-port-epic0] 00000000  00 00 01 00 03 00 00 00  40 00 00 00 78 63 70 69  |........@...xcpi|
# [cpu1] [DCPTracer@/arm-io/dcpext] [dptxport] [dcpdptx-port-epic0] 00000010  00 00 00 00 00 00 00 00  00 00 00 00 00 00 00 00  |................|
# [cpu1] [DCPTracer@/arm-io/dcpext] [dptxport] [dcpdptx-port-epic0] 00000020  *
# [cpu1] [DCPTracer@/arm-io/dcpext] [dptxport] [dcpdptx-port-epic0] 00000040  00 00 00 00 ff ff ff ff  02 00 00 00 00 00 00 00  |................|
# [cpu1] [DCPTracer@/arm-io/dcpext] [dptxport] [dcpdptx-port-epic0] 00000050  04 00 00 00 00 00 00 00  0e 00 00 00 00 00 00 00  |................|
# [cpu1] [DCPTracer@/arm-io/dcpext] [dptxport] [dcpdptx-port-epic0] 00000060  00 00 00 00 00 00 00 00  00 00 00 00 00 00 00 00  |................|
# [cpu1] [DCPTracer@/arm-io/dcpext] [dptxport] [dcpdptx-port-epic0] 00000070  *
# [cpu1] [DCPTracer@/arm-io/dcpext] [dptxport] <RX msg:0x85000000000000 (TYPE=0x85)
# [cpu1] [DCPTracer@/arm-io/dcpext] [dptxport] <Ch 1 Type NOTIFY Ver 2 Tag 20
# [cpu1] [DCPTracer@/arm-io/dcpext] [dptxport]   Len 100 Ver 4 Cat NOTIFY Type 0xc0/STD_SERVICE Seq 16
# [cpu1] [DCPTracer@/arm-io/dcpext] [dptxport] Notify:
# [cpu1] [DCPTracer@/arm-io/dcpext] [dptxport] [dcpdptx-port-epic0] < DPTX_APCALL_GET_MAX_DRIVE_SETTINGS)
# [cpu1] [DCPTracer@/arm-io/dcpext] [dptxport] [dcpdptx-port-epic0] 00000000  00 00 00 00 02 00 00 00  20 00 00 00 78 63 70 69  |........ ...xcpi|
# [cpu1] [DCPTracer@/arm-io/dcpext] [dptxport] [dcpdptx-port-epic0] 00000010  00 00 00 00 00 00 00 00  00 00 00 00 00 00 00 00  |................|
# [cpu1] [DCPTracer@/arm-io/dcpext] [dptxport] [dcpdptx-port-epic0] 00000020  *
# [cpu3] [DCPTracer@/arm-io/dcpext] [dptxport] >TX msg:0xa2000000000e80 (TYPE=0xa2, WPTR=0xe80)
# [cpu3] [DCPTracer@/arm-io/dcpext] [dptxport] >Ch 1 Type NOTIFY_ACK Ver 2 Tag 20
# [cpu3] [DCPTracer@/arm-io/dcpext] [dptxport]   Len 100 Ver 4 Cat REPLY Type 0xc0/STD_SERVICE Seq 16
# [cpu3] [DCPTracer@/arm-io/dcpext] [dptxport] NotifyAck:
# [cpu3] [DCPTracer@/arm-io/dcpext] [dptxport] [dcpdptx-port-epic0] > DPTX_APCALL_GET_MAX_DRIVE_SETTINGS)
# [cpu3] [DCPTracer@/arm-io/dcpext] [dptxport] [dcpdptx-port-epic0] 00000000  00 00 00 00 02 00 00 00  20 00 00 00 78 63 70 69  |........ ...xcpi|
# [cpu3] [DCPTracer@/arm-io/dcpext] [dptxport] [dcpdptx-port-epic0] 00000010  00 00 00 00 00 00 00 00  00 00 00 00 00 00 00 00  |................|
# [cpu3] [DCPTracer@/arm-io/dcpext] [dptxport] [dcpdptx-port-epic0] 00000020  *
# [cpu3] [DCPTracer@/arm-io/dcpext] [dptxport] [dcpdptx-port-epic0] 00000050  03 00 00 00 03 00 00 00  00 00 00 00 00 00 00 00  |................|
# [cpu4] [DCPTracer@/arm-io/dcpext] [dptxport] <RX msg:0x85000000000000 (TYPE=0x85)
# [cpu4] [DCPTracer@/arm-io/dcpext] [dptxport] <Ch 1 Type NOTIFY Ver 2 Tag 21
# [cpu4] [DCPTracer@/arm-io/dcpext] [dptxport]   Len 132 Ver 4 Cat NOTIFY Type 0xc0/STD_SERVICE Seq 17
# [cpu4] [DCPTracer@/arm-io/dcpext] [dptxport] Notify:
# [cpu4] [DCPTracer@/arm-io/dcpext] [dptxport] [dcpdptx-port-epic0] < unknown group 1; command 3
# [cpu4] [DCPTracer@/arm-io/dcpext] [dptxport] [dcpdptx-port-epic0] 00000000  00 00 01 00 03 00 00 00  40 00 00 00 78 63 70 69  |........@...xcpi|
# [cpu4] [DCPTracer@/arm-io/dcpext] [dptxport] [dcpdptx-port-epic0] 00000010  00 00 00 00 00 00 00 00  00 00 00 00 00 00 00 00  |................|
# [cpu4] [DCPTracer@/arm-io/dcpext] [dptxport] [dcpdptx-port-epic0] 00000020  *
# [cpu4] [DCPTracer@/arm-io/dcpext] [dptxport] [dcpdptx-port-epic0] 00000050  04 00 00 00 00 00 00 00  00 00 00 00 00 00 00 00  |................|
# [cpu4] [DCPTracer@/arm-io/dcpext] [dptxport] [dcpdptx-port-epic0] 00000060  00 00 00 00 00 00 00 00  00 00 00 00 00 00 00 00  |................|
# [cpu4] [DCPTracer@/arm-io/dcpext] [dptxport] [dcpdptx-port-epic0] 00000070  *
# [cpu2] [DCPTracer@/arm-io/dcpext] [dptxport] >TX msg:0xa2000000000f40 (TYPE=0xa2, WPTR=0xf40)
# [cpu2] [DCPTracer@/arm-io/dcpext] [dptxport] >Ch 1 Type NOTIFY_ACK Ver 2 Tag 21
# [cpu2] [DCPTracer@/arm-io/dcpext] [dptxport]   Len 132 Ver 4 Cat REPLY Type 0xc0/STD_SERVICE Seq 17
# [cpu2] [DCPTracer@/arm-io/dcpext] [dptxport] NotifyAck:
# [cpu2] [DCPTracer@/arm-io/dcpext] [dptxport] [dcpdptx-port-epic0] < unknown group 1; command 3
# [cpu2] [DCPTracer@/arm-io/dcpext] [dptxport] [dcpdptx-port-epic0] 00000000  00 00 01 00 03 00 00 00  40 00 00 00 78 63 70 69  |........@...xcpi|
# [cpu2] [DCPTracer@/arm-io/dcpext] [dptxport] [dcpdptx-port-epic0] 00000010  00 00 00 00 00 00 00 00  00 00 00 00 00 00 00 00  |................|
# [cpu2] [DCPTracer@/arm-io/dcpext] [dptxport] [dcpdptx-port-epic0] 00000020  *
# [cpu2] [DCPTracer@/arm-io/dcpext] [dptxport] [dcpdptx-port-epic0] 00000050  04 00 00 00 00 00 00 00  00 00 00 00 00 00 00 00  |................|
# [cpu2] [DCPTracer@/arm-io/dcpext] [dptxport] [dcpdptx-port-epic0] 00000060  00 00 00 00 00 00 00 00  00 00 00 00 00 00 00 00  |................|
# [cpu2] [DCPTracer@/arm-io/dcpext] [dptxport] [dcpdptx-port-epic0] 00000070  *
# [cpu2] [DCPTracer@/arm-io/dcpext] [dptxport] <RX msg:0x85000000000000 (TYPE=0x85)
# [cpu2] [DCPTracer@/arm-io/dcpext] [dptxport] <Ch 1 Type NOTIFY Ver 2 Tag 22
# [cpu2] [DCPTracer@/arm-io/dcpext] [dptxport]   Len 100 Ver 4 Cat NOTIFY Type 0xc0/STD_SERVICE Seq 18
# [cpu2] [DCPTracer@/arm-io/dcpext] [dptxport] Notify:
# [cpu2] [DCPTracer@/arm-io/dcpext] [dptxport] [dcpdptx-port-epic0] < DPTX_APCALL_GET_MAX_DRIVE_SETTINGS)
# [cpu2] [DCPTracer@/arm-io/dcpext] [dptxport] [dcpdptx-port-epic0] 00000000  00 00 00 00 02 00 00 00  20 00 00 00 78 63 70 69  |........ ...xcpi|
# [cpu2] [DCPTracer@/arm-io/dcpext] [dptxport] [dcpdptx-port-epic0] 00000010  00 00 00 00 00 00 00 00  00 00 00 00 00 00 00 00  |................|
# [cpu2] [DCPTracer@/arm-io/dcpext] [dptxport] [dcpdptx-port-epic0] 00000020  *
# [cpu3] [DCPTracer@/arm-io/dcpext] [dptxport] >TX msg:0xa2000000001000 (TYPE=0xa2, WPTR=0x1000)
# [cpu3] [DCPTracer@/arm-io/dcpext] [dptxport] >Ch 1 Type NOTIFY_ACK Ver 2 Tag 22
# [cpu3] [DCPTracer@/arm-io/dcpext] [dptxport]   Len 100 Ver 4 Cat REPLY Type 0xc0/STD_SERVICE Seq 18
# [cpu3] [DCPTracer@/arm-io/dcpext] [dptxport] NotifyAck:
# [cpu3] [DCPTracer@/arm-io/dcpext] [dptxport] [dcpdptx-port-epic0] > DPTX_APCALL_GET_MAX_DRIVE_SETTINGS)
# [cpu3] [DCPTracer@/arm-io/dcpext] [dptxport] [dcpdptx-port-epic0] 00000000  00 00 00 00 02 00 00 00  20 00 00 00 78 63 70 69  |........ ...xcpi|
# [cpu3] [DCPTracer@/arm-io/dcpext] [dptxport] [dcpdptx-port-epic0] 00000010  00 00 00 00 00 00 00 00  00 00 00 00 00 00 00 00  |................|
# [cpu3] [DCPTracer@/arm-io/dcpext] [dptxport] [dcpdptx-port-epic0] 00000020  *
# [cpu3] [DCPTracer@/arm-io/dcpext] [dptxport] [dcpdptx-port-epic0] 00000050  03 00 00 00 03 00 00 00  00 00 00 00 00 00 00 00  |................|
# [cpu0] [DCPTracer@/arm-io/dcpext] [dpavserv] <RX msg:0x85000000000000 (TYPE=0x85)
# [cpu0] [DCPTracer@/arm-io/dcpext] [dpavserv] <Ch 1 Type NOTIFY Ver 2 Tag 4
# [cpu0] [DCPTracer@/arm-io/dcpext] [dpavserv]   Len 112 Ver 4 Cat REPORT Type 0xc0/STD_SERVICE Seq 2
# [cpu0] [DCPTracer@/arm-io/dcpext] [dpavserv] Report STD_SERVICE
# [cpu0] [DCPTracer@/arm-io/dcpext] [dpavserv] 00000000  00 00 02 00 00 00 00 00  30 00 00 00 78 63 70 69  |........0...xcpi|
# [cpu0] [DCPTracer@/arm-io/dcpext] [dpavserv] 00000010  00 00 00 00 00 00 00 00  00 00 00 00 00 00 00 00  |................|
# [cpu0] [DCPTracer@/arm-io/dcpext] [dpavserv] 00000020  *
# [cpu0] [DCPTracer@/arm-io/dcpext] [dpavserv] 00000050  01 51 11 e0 00 00 00 00  00 00 00 00 00 00 00 00  |.Q..............|
# [cpu0] [DCPTracer@/arm-io/dcpext] [dpavserv] 00000060  00 00 00 00 00 00 00 00  00 00 00 00 00 00 00 00  |................|
# [cpu0] [DCPTracer@/arm-io/dcpext] [dpavserv] <Ch 3 Type NOTIFY Ver 2 Tag 5
# [cpu0] [DCPTracer@/arm-io/dcpext] [dpavserv]   Len 112 Ver 4 Cat REPORT Type 0xc0/STD_SERVICE Seq 2
# [cpu0] [DCPTracer@/arm-io/dcpext] [dpavserv] Report STD_SERVICE
# [cpu0] [DCPTracer@/arm-io/dcpext] [dpavserv] 00000000  00 00 02 00 00 00 00 00  30 00 00 00 78 63 70 69  |........0...xcpi|
# [cpu0] [DCPTracer@/arm-io/dcpext] [dpavserv] 00000010  00 00 00 00 00 00 00 00  00 00 00 00 00 00 00 00  |................|
# [cpu0] [DCPTracer@/arm-io/dcpext] [dpavserv] 00000020  *
# [cpu0] [DCPTracer@/arm-io/dcpext] [dpavserv] 00000050  01 51 11 e0 00 00 00 00  00 00 00 00 00 00 00 00  |.Q..............|
# [cpu0] [DCPTracer@/arm-io/dcpext] [dpavserv] 00000060  00 00 00 00 00 00 00 00  00 00 00 00 00 00 00 00  |................|
# [cpu0] [DCPTracer@/arm-io/dcpext] [av] <RX msg:0x85000000000000 (TYPE=0x85)
# [cpu0] [DCPTracer@/arm-io/dcpext] [av] <Ch 1 Type REPLY Ver 2 Tag 0
# [cpu0] [DCPTracer@/arm-io/dcpext] [av]   Len 256 Ver 4 Cat REPORT Type 0x30/ANNOUNCE Seq 0
# [cpu0] [DCPTracer@/arm-io/dcpext] [av] Init: dispext0:dcpav-video-interface-
# [cpu0] [DCPTracer@/arm-io/dcpext] [av]   Props: {'EPICName': 'dcpav-video-interface-epic', 'EPICUnit': 0, 'EPICLocation': 'External', 'EPICProviderClass': 'DCPAVSimpleVideoInterface', 'interface-name': 'dispext0:dcpav-video-interface-epic:0'}
# [cpu0] [DCPTracer@/arm-io/dcpext] [av] New service: dcpav-video-interface-epic0 on channel 1
# [cpu0] [DCPTracer@/arm-io/dcpext] [syslog] * [eoInterfaceIOAV.cpp:135]IOMFB: IOAVVideoInterface published
# [cpu0] [DCPTracer@/arm-io/dcpext] [syslog] * [eoInterfaceIOAV.cpp:714]IOMFBStatus VideoInterfaceIOAV::plug_gated(IOAVVideoInterface *, bool): display HPD asserted
# [cpu0] [DCPTracer@/arm-io/dcpext] [dcpep] 0x1400000302 (TYPE=0x2, LEN=0x14, OFF=0x0, CTX=0x3(ASYNC), ACK=0)
# [cpu0] [DCPTracer@/arm-io/dcpext] [dcpep] <a[0x0] D126 UnifiedPipeline2::setDCPAVPropStart(length=2833)
# [cpu2] [DCPTracer@/arm-io/dcpext] [dcpep] >ACK ASYNC.0 (0x342 (TYPE=0x2, LEN=0x0, OFF=0x0, CTX=0x3(ASYNC), ACK=1))
# [cpu2] [DCPTracer@/arm-io/dcpext] [dcpep] 0x101800000302 (TYPE=0x2, LEN=0x1018, OFF=0x0, CTX=0x3(ASYNC), ACK=0)
# [cpu2] [DCPTracer@/arm-io/dcpext] [dcpep] <a[0x0] D127 UnifiedPipeline2::setDCPAVPropChunk(data=..., offset=0, length=2832)
# [cpu2] [DCPTracer@/arm-io/dcpext] [dcpep]   data = (0xb10 bytes)
# [cpu2] [DCPTracer@/arm-io/dcpext] [dcpep] >ACK ASYNC.0 (0x342 (TYPE=0x2, LEN=0x0, OFF=0x0, CTX=0x3(ASYNC), ACK=1))
# [cpu2] [DCPTracer@/arm-io/dcpext] [dcpep] 0x5000000302 (TYPE=0x2, LEN=0x50, OFF=0x0, CTX=0x3(ASYNC), ACK=0)
# [cpu2] [DCPTracer@/arm-io/dcpext] [dcpep] <a[0x0] D128 UnifiedPipeline2::setDCPAVPropEnd(key='ColorElements')
# [cpu2] [DCPTracer@/arm-io/dcpext] [dcpep] >ACK ASYNC.0 (0x342 (TYPE=0x2, LEN=0x0, OFF=0x0, CTX=0x3(ASYNC), ACK=1))
# [cpu1] [DCPTracer@/arm-io/dcpext] [av] >TX msg:0xa2000000000040 (TYPE=0xa2, WPTR=0x40)
# [cpu1] [DCPTracer@/arm-io/dcpext] [av] >Ch 1 Type NOTIFY Ver 2 Tag 0
# [cpu1] [DCPTracer@/arm-io/dcpext] [av]   Len 8 Ver 4 Cat REPORT Type 0x12/18 Seq 0
# [cpu1] [DCPTracer@/arm-io/dcpext] [av] Report 18
# [cpu1] [DCPTracer@/arm-io/dcpext] [av] 00000000  2d 07 00 00 01 00 00 00                           |-.......        |
# [cpu0] [DCPTracer@/arm-io/dcpext] [dcpep] 0x1400000302 (TYPE=0x2, LEN=0x14, OFF=0x0, CTX=0x3(ASYNC), ACK=0)
# [cpu0] [DCPTracer@/arm-io/dcpext] [dcpep] <a[0x0] D126 UnifiedPipeline2::setDCPAVPropStart(length=91961)
# [cpu0] [DCPTracer@/arm-io/dcpext] [dcpep] >ACK ASYNC.0 (0x342 (TYPE=0x2, LEN=0x0, OFF=0x0, CTX=0x3(ASYNC), ACK=1))
# [cpu2] [DCPTracer@/arm-io/dcpext] [dcpep] 0x101800000302 (TYPE=0x2, LEN=0x1018, OFF=0x0, CTX=0x3(ASYNC), ACK=0)
# [cpu2] [DCPTracer@/arm-io/dcpext] [dcpep] <a[0x0] D127 UnifiedPipeline2::setDCPAVPropChunk(data=..., offset=0, length=4096)
# [cpu2] [DCPTracer@/arm-io/dcpext] [dcpep]   data = (0x1000 bytes)
# [cpu0] [DCPTracer@/arm-io/dcpext] [dcpep] >ACK ASYNC.0 (0x342 (TYPE=0x2, LEN=0x0, OFF=0x0, CTX=0x3(ASYNC), ACK=1))
# [cpu0] [DCPTracer@/arm-io/dcpext] [dcpep] 0x101800000302 (TYPE=0x2, LEN=0x1018, OFF=0x0, CTX=0x3(ASYNC), ACK=0)
# [cpu0] [DCPTracer@/arm-io/dcpext] [dcpep] <a[0x0] D127 UnifiedPipeline2::setDCPAVPropChunk(data=..., offset=4096, length=4096)
# [cpu0] [DCPTracer@/arm-io/dcpext] [dcpep]   data = (0x1000 bytes)
# [cpu1] [DCPTracer@/arm-io/dcpext] [dcpep] >ACK ASYNC.0 (0x342 (TYPE=0x2, LEN=0x0, OFF=0x0, CTX=0x3(ASYNC), ACK=1))
# [cpu1] [DCPTracer@/arm-io/dcpext] [dcpep] 0x101800000302 (TYPE=0x2, LEN=0x1018, OFF=0x0, CTX=0x3(ASYNC), ACK=0)
# [cpu1] [DCPTracer@/arm-io/dcpext] [dcpep] <a[0x0] D127 UnifiedPipeline2::setDCPAVPropChunk(data=..., offset=8192, length=4096)
# [cpu1] [DCPTracer@/arm-io/dcpext] [dcpep]   data = (0x1000 bytes)
# [cpu1] [DCPTracer@/arm-io/dcpext] [dcpep] >ACK ASYNC.0 (0x342 (TYPE=0x2, LEN=0x0, OFF=0x0, CTX=0x3(ASYNC), ACK=1))
# [cpu1] [DCPTracer@/arm-io/dcpext] [dcpep] 0x101800000302 (TYPE=0x2, LEN=0x1018, OFF=0x0, CTX=0x3(ASYNC), ACK=0)
# [cpu1] [DCPTracer@/arm-io/dcpext] [dcpep] <a[0x0] D127 UnifiedPipeline2::setDCPAVPropChunk(data=..., offset=12288, length=4096)
# [cpu1] [DCPTracer@/arm-io/dcpext] [dcpep]   data = (0x1000 bytes)
# [cpu3] [DCPTracer@/arm-io/dcpext] [dcpep] >ACK ASYNC.0 (0x342 (TYPE=0x2, LEN=0x0, OFF=0x0, CTX=0x3(ASYNC), ACK=1))
# [cpu3] [DCPTracer@/arm-io/dcpext] [dcpep] 0x101800000302 (TYPE=0x2, LEN=0x1018, OFF=0x0, CTX=0x3(ASYNC), ACK=0)
# [cpu3] [DCPTracer@/arm-io/dcpext] [dcpep] <a[0x0] D127 UnifiedPipeline2::setDCPAVPropChunk(data=..., offset=16384, length=4096)
# [cpu3] [DCPTracer@/arm-io/dcpext] [dcpep]   data = (0x1000 bytes)
# [cpu2] [DCPTracer@/arm-io/dcpext] [dcpep] >ACK ASYNC.0 (0x342 (TYPE=0x2, LEN=0x0, OFF=0x0, CTX=0x3(ASYNC), ACK=1))
# [cpu2] [DCPTracer@/arm-io/dcpext] [dcpep] 0x101800000302 (TYPE=0x2, LEN=0x1018, OFF=0x0, CTX=0x3(ASYNC), ACK=0)
# [cpu2] [DCPTracer@/arm-io/dcpext] [dcpep] <a[0x0] D127 UnifiedPipeline2::setDCPAVPropChunk(data=..., offset=20480, length=4096)
# [cpu2] [DCPTracer@/arm-io/dcpext] [dcpep]   data = (0x1000 bytes)
# [cpu1] [DCPTracer@/arm-io/dcpext] [dcpep] >ACK ASYNC.0 (0x342 (TYPE=0x2, LEN=0x0, OFF=0x0, CTX=0x3(ASYNC), ACK=1))
# [cpu1] [DCPTracer@/arm-io/dcpext] [dcpep] 0x101800000302 (TYPE=0x2, LEN=0x1018, OFF=0x0, CTX=0x3(ASYNC), ACK=0)
# [cpu1] [DCPTracer@/arm-io/dcpext] [dcpep] <a[0x0] D127 UnifiedPipeline2::setDCPAVPropChunk(data=..., offset=24576, length=4096)
# [cpu1] [DCPTracer@/arm-io/dcpext] [dcpep]   data = (0x1000 bytes)
# [cpu1] [DCPTracer@/arm-io/dcpext] [dcpep] >ACK ASYNC.0 (0x342 (TYPE=0x2, LEN=0x0, OFF=0x0, CTX=0x3(ASYNC), ACK=1))
# [cpu3] [DCPTracer@/arm-io/dcpext] [dcpep] 0x101800000302 (TYPE=0x2, LEN=0x1018, OFF=0x0, CTX=0x3(ASYNC), ACK=0)
# [cpu3] [DCPTracer@/arm-io/dcpext] [dcpep] <a[0x0] D127 UnifiedPipeline2::setDCPAVPropChunk(data=..., offset=28672, length=4096)
# [cpu3] [DCPTracer@/arm-io/dcpext] [dcpep]   data = (0x1000 bytes)
# [cpu1] [DCPTracer@/arm-io/dcpext] [dcpep] >ACK ASYNC.0 (0x342 (TYPE=0x2, LEN=0x0, OFF=0x0, CTX=0x3(ASYNC), ACK=1))
# [cpu1] [DCPTracer@/arm-io/dcpext] [dcpep] 0x101800000302 (TYPE=0x2, LEN=0x1018, OFF=0x0, CTX=0x3(ASYNC), ACK=0)
# [cpu1] [DCPTracer@/arm-io/dcpext] [dcpep] <a[0x0] D127 UnifiedPipeline2::setDCPAVPropChunk(data=..., offset=32768, length=4096)
# [cpu1] [DCPTracer@/arm-io/dcpext] [dcpep]   data = (0x1000 bytes)
# [cpu0] [DCPTracer@/arm-io/dcpext] [dcpep] >ACK ASYNC.0 (0x342 (TYPE=0x2, LEN=0x0, OFF=0x0, CTX=0x3(ASYNC), ACK=1))
# [cpu0] [DCPTracer@/arm-io/dcpext] [dcpep] 0x101800000302 (TYPE=0x2, LEN=0x1018, OFF=0x0, CTX=0x3(ASYNC), ACK=0)
# [cpu0] [DCPTracer@/arm-io/dcpext] [dcpep] <a[0x0] D127 UnifiedPipeline2::setDCPAVPropChunk(data=..., offset=36864, length=4096)
# [cpu0] [DCPTracer@/arm-io/dcpext] [dcpep]   data = (0x1000 bytes)
# [cpu3] [DCPTracer@/arm-io/dcpext] [dcpep] >ACK ASYNC.0 (0x342 (TYPE=0x2, LEN=0x0, OFF=0x0, CTX=0x3(ASYNC), ACK=1))
# [cpu3] [DCPTracer@/arm-io/dcpext] [dcpep] 0x101800000302 (TYPE=0x2, LEN=0x1018, OFF=0x0, CTX=0x3(ASYNC), ACK=0)
# [cpu3] [DCPTracer@/arm-io/dcpext] [dcpep] <a[0x0] D127 UnifiedPipeline2::setDCPAVPropChunk(data=..., offset=40960, length=4096)
# [cpu3] [DCPTracer@/arm-io/dcpext] [dcpep]   data = (0x1000 bytes)
# [cpu3] [DCPTracer@/arm-io/dcpext] [dcpep] >ACK ASYNC.0 (0x342 (TYPE=0x2, LEN=0x0, OFF=0x0, CTX=0x3(ASYNC), ACK=1))
# [cpu3] [DCPTracer@/arm-io/dcpext] [dcpep] 0x101800000302 (TYPE=0x2, LEN=0x1018, OFF=0x0, CTX=0x3(ASYNC), ACK=0)
# [cpu3] [DCPTracer@/arm-io/dcpext] [dcpep] <a[0x0] D127 UnifiedPipeline2::setDCPAVPropChunk(data=..., offset=45056, length=4096)
# [cpu3] [DCPTracer@/arm-io/dcpext] [dcpep]   data = (0x1000 bytes)
# [cpu2] [DCPTracer@/arm-io/dcpext] [dcpep] >ACK ASYNC.0 (0x342 (TYPE=0x2, LEN=0x0, OFF=0x0, CTX=0x3(ASYNC), ACK=1))
# [cpu2] [DCPTracer@/arm-io/dcpext] [dcpep] 0x101800000302 (TYPE=0x2, LEN=0x1018, OFF=0x0, CTX=0x3(ASYNC), ACK=0)
# [cpu2] [DCPTracer@/arm-io/dcpext] [dcpep] <a[0x0] D127 UnifiedPipeline2::setDCPAVPropChunk(data=..., offset=49152, length=4096)
# [cpu2] [DCPTracer@/arm-io/dcpext] [dcpep]   data = (0x1000 bytes)
# [cpu2] [DCPTracer@/arm-io/dcpext] [dcpep] >ACK ASYNC.0 (0x342 (TYPE=0x2, LEN=0x0, OFF=0x0, CTX=0x3(ASYNC), ACK=1))
# [cpu2] [DCPTracer@/arm-io/dcpext] [dcpep] 0x101800000302 (TYPE=0x2, LEN=0x1018, OFF=0x0, CTX=0x3(ASYNC), ACK=0)
# [cpu2] [DCPTracer@/arm-io/dcpext] [dcpep] <a[0x0] D127 UnifiedPipeline2::setDCPAVPropChunk(data=..., offset=53248, length=4096)
# [cpu2] [DCPTracer@/arm-io/dcpext] [dcpep]   data = (0x1000 bytes)
# [cpu2] [DCPTracer@/arm-io/dcpext] [dcpep] >ACK ASYNC.0 (0x342 (TYPE=0x2, LEN=0x0, OFF=0x0, CTX=0x3(ASYNC), ACK=1))
# [cpu2] [DCPTracer@/arm-io/dcpext] [dcpep] 0x101800000302 (TYPE=0x2, LEN=0x1018, OFF=0x0, CTX=0x3(ASYNC), ACK=0)
# [cpu2] [DCPTracer@/arm-io/dcpext] [dcpep] <a[0x0] D127 UnifiedPipeline2::setDCPAVPropChunk(data=..., offset=57344, length=4096)
# [cpu2] [DCPTracer@/arm-io/dcpext] [dcpep]   data = (0x1000 bytes)
# [cpu2] [DCPTracer@/arm-io/dcpext] [dcpep] >ACK ASYNC.0 (0x342 (TYPE=0x2, LEN=0x0, OFF=0x0, CTX=0x3(ASYNC), ACK=1))
# [cpu2] [DCPTracer@/arm-io/dcpext] [dcpep] 0x101800000302 (TYPE=0x2, LEN=0x1018, OFF=0x0, CTX=0x3(ASYNC), ACK=0)
# [cpu2] [DCPTracer@/arm-io/dcpext] [dcpep] <a[0x0] D127 UnifiedPipeline2::setDCPAVPropChunk(data=..., offset=61440, length=4096)
# [cpu2] [DCPTracer@/arm-io/dcpext] [dcpep]   data = (0x1000 bytes)
# [cpu2] [DCPTracer@/arm-io/dcpext] [dcpep] >ACK ASYNC.0 (0x342 (TYPE=0x2, LEN=0x0, OFF=0x0, CTX=0x3(ASYNC), ACK=1))
# [cpu2] [DCPTracer@/arm-io/dcpext] [dcpep] 0x101800000302 (TYPE=0x2, LEN=0x1018, OFF=0x0, CTX=0x3(ASYNC), ACK=0)
# [cpu2] [DCPTracer@/arm-io/dcpext] [dcpep] <a[0x0] D127 UnifiedPipeline2::setDCPAVPropChunk(data=..., offset=65536, length=4096)
# [cpu2] [DCPTracer@/arm-io/dcpext] [dcpep]   data = (0x1000 bytes)
# [cpu2] [DCPTracer@/arm-io/dcpext] [dcpep] >ACK ASYNC.0 (0x342 (TYPE=0x2, LEN=0x0, OFF=0x0, CTX=0x3(ASYNC), ACK=1))
# [cpu2] [DCPTracer@/arm-io/dcpext] [dcpep] 0x101800000302 (TYPE=0x2, LEN=0x1018, OFF=0x0, CTX=0x3(ASYNC), ACK=0)
# [cpu2] [DCPTracer@/arm-io/dcpext] [dcpep] <a[0x0] D127 UnifiedPipeline2::setDCPAVPropChunk(data=..., offset=69632, length=4096)
# [cpu2] [DCPTracer@/arm-io/dcpext] [dcpep]   data = (0x1000 bytes)
# [cpu3] [DCPTracer@/arm-io/dcpext] [dcpep] >ACK ASYNC.0 (0x342 (TYPE=0x2, LEN=0x0, OFF=0x0, CTX=0x3(ASYNC), ACK=1))
# [cpu3] [DCPTracer@/arm-io/dcpext] [dcpep] 0x101800000302 (TYPE=0x2, LEN=0x1018, OFF=0x0, CTX=0x3(ASYNC), ACK=0)
# [cpu3] [DCPTracer@/arm-io/dcpext] [dcpep] <a[0x0] D127 UnifiedPipeline2::setDCPAVPropChunk(data=..., offset=73728, length=4096)
# [cpu3] [DCPTracer@/arm-io/dcpext] [dcpep]   data = (0x1000 bytes)
# [cpu2] [DCPTracer@/arm-io/dcpext] [dcpep] >ACK ASYNC.0 (0x342 (TYPE=0x2, LEN=0x0, OFF=0x0, CTX=0x3(ASYNC), ACK=1))
# [cpu2] [DCPTracer@/arm-io/dcpext] [dcpep] 0x101800000302 (TYPE=0x2, LEN=0x1018, OFF=0x0, CTX=0x3(ASYNC), ACK=0)
# [cpu2] [DCPTracer@/arm-io/dcpext] [dcpep] <a[0x0] D127 UnifiedPipeline2::setDCPAVPropChunk(data=..., offset=77824, length=4096)
# [cpu2] [DCPTracer@/arm-io/dcpext] [dcpep]   data = (0x1000 bytes)
# [cpu2] [DCPTracer@/arm-io/dcpext] [dcpep] >ACK ASYNC.0 (0x342 (TYPE=0x2, LEN=0x0, OFF=0x0, CTX=0x3(ASYNC), ACK=1))
# [cpu2] [DCPTracer@/arm-io/dcpext] [dcpep] 0x101800000302 (TYPE=0x2, LEN=0x1018, OFF=0x0, CTX=0x3(ASYNC), ACK=0)
# [cpu2] [DCPTracer@/arm-io/dcpext] [dcpep] <a[0x0] D127 UnifiedPipeline2::setDCPAVPropChunk(data=..., offset=81920, length=4096)
# [cpu2] [DCPTracer@/arm-io/dcpext] [dcpep]   data = (0x1000 bytes)
# [cpu2] [DCPTracer@/arm-io/dcpext] [dcpep] >ACK ASYNC.0 (0x342 (TYPE=0x2, LEN=0x0, OFF=0x0, CTX=0x3(ASYNC), ACK=1))
# [cpu2] [DCPTracer@/arm-io/dcpext] [dcpep] 0x101800000302 (TYPE=0x2, LEN=0x1018, OFF=0x0, CTX=0x3(ASYNC), ACK=0)
# [cpu2] [DCPTracer@/arm-io/dcpext] [dcpep] <a[0x0] D127 UnifiedPipeline2::setDCPAVPropChunk(data=..., offset=86016, length=4096)
# [cpu2] [DCPTracer@/arm-io/dcpext] [dcpep]   data = (0x1000 bytes)
# [cpu2] [DCPTracer@/arm-io/dcpext] [dcpep] >ACK ASYNC.0 (0x342 (TYPE=0x2, LEN=0x0, OFF=0x0, CTX=0x3(ASYNC), ACK=1))
# [cpu2] [DCPTracer@/arm-io/dcpext] [dcpep] 0x101800000302 (TYPE=0x2, LEN=0x1018, OFF=0x0, CTX=0x3(ASYNC), ACK=0)
# [cpu2] [DCPTracer@/arm-io/dcpext] [dcpep] <a[0x0] D127 UnifiedPipeline2::setDCPAVPropChunk(data=..., offset=90112, length=1848)
# [cpu2] [DCPTracer@/arm-io/dcpext] [dcpep]   data = (0x738 bytes)
# [cpu0] [DCPTracer@/arm-io/dcpext] [dcpep] >ACK ASYNC.0 (0x342 (TYPE=0x2, LEN=0x0, OFF=0x0, CTX=0x3(ASYNC), ACK=1))
# [cpu2] [DCPTracer@/arm-io/dcpext] [dcpep] 0x5000000302 (TYPE=0x2, LEN=0x50, OFF=0x0, CTX=0x3(ASYNC), ACK=0)
# [cpu2] [DCPTracer@/arm-io/dcpext] [dcpep] <a[0x0] D128 UnifiedPipeline2::setDCPAVPropEnd(key='TimingElements')
# [cpu1] [DCPTracer@/arm-io/dcpext] [dcpep] >ACK ASYNC.0 (0x342 (TYPE=0x2, LEN=0x0, OFF=0x0, CTX=0x3(ASYNC), ACK=1))
# [cpu1] [DCPTracer@/arm-io/dcpext] [dcpep] 0x1400000302 (TYPE=0x2, LEN=0x14, OFF=0x0, CTX=0x3(ASYNC), ACK=0)
# [cpu1] [DCPTracer@/arm-io/dcpext] [dcpep] <a[0x0] D126 UnifiedPipeline2::setDCPAVPropStart(length=1289)
# [cpu1] [DCPTracer@/arm-io/dcpext] [dcpep] >ACK ASYNC.0 (0x342 (TYPE=0x2, LEN=0x0, OFF=0x0, CTX=0x3(ASYNC), ACK=1))
# [cpu1] [DCPTracer@/arm-io/dcpext] [dcpep] 0x101800000302 (TYPE=0x2, LEN=0x1018, OFF=0x0, CTX=0x3(ASYNC), ACK=0)
# [cpu1] [DCPTracer@/arm-io/dcpext] [dcpep] <a[0x0] D127 UnifiedPipeline2::setDCPAVPropChunk(data=..., offset=0, length=1288)
# [cpu1] [DCPTracer@/arm-io/dcpext] [dcpep]   data = (0x508 bytes)
# [cpu0] [DCPTracer@/arm-io/dcpext] [dcpep] >ACK ASYNC.0 (0x342 (TYPE=0x2, LEN=0x0, OFF=0x0, CTX=0x3(ASYNC), ACK=1))
# [cpu2] [DCPTracer@/arm-io/dcpext] [dcpep] 0x5000000302 (TYPE=0x2, LEN=0x50, OFF=0x0, CTX=0x3(ASYNC), ACK=0)
# [cpu2] [DCPTracer@/arm-io/dcpext] [dcpep] <a[0x0] D128 UnifiedPipeline2::setDCPAVPropEnd(key='DisplayAttributes')
# [cpu0] [DCPTracer@/arm-io/dcpext] [dcpep] >ACK ASYNC.0 (0x342 (TYPE=0x2, LEN=0x0, OFF=0x0, CTX=0x3(ASYNC), ACK=1))
# [cpu0] [DCPTracer@/arm-io/dcpext] [dcpep] 0x1400000302 (TYPE=0x2, LEN=0x14, OFF=0x0, CTX=0x3(ASYNC), ACK=0)
# [cpu0] [DCPTracer@/arm-io/dcpext] [dcpep] <a[0x0] D126 UnifiedPipeline2::setDCPAVPropStart(length=53)
# [cpu0] [DCPTracer@/arm-io/dcpext] [dcpep] >ACK ASYNC.0 (0x342 (TYPE=0x2, LEN=0x0, OFF=0x0, CTX=0x3(ASYNC), ACK=1))
# [cpu0] [DCPTracer@/arm-io/dcpext] [dcpep] 0x101800000302 (TYPE=0x2, LEN=0x1018, OFF=0x0, CTX=0x3(ASYNC), ACK=0)
# [cpu0] [DCPTracer@/arm-io/dcpext] [dcpep] <a[0x0] D127 UnifiedPipeline2::setDCPAVPropChunk(data=..., offset=0, length=52)
# [cpu0] [DCPTracer@/arm-io/dcpext] [dcpep]   data = (0x34 bytes)
# [cpu1] [DCPTracer@/arm-io/dcpext] [dcpep] >ACK ASYNC.0 (0x342 (TYPE=0x2, LEN=0x0, OFF=0x0, CTX=0x3(ASYNC), ACK=1))
# [cpu1] [DCPTracer@/arm-io/dcpext] [dcpep] 0x5000000302 (TYPE=0x2, LEN=0x50, OFF=0x0, CTX=0x3(ASYNC), ACK=0)
# [cpu1] [DCPTracer@/arm-io/dcpext] [dcpep] <a[0x0] D128 UnifiedPipeline2::setDCPAVPropEnd(key='Transport')
# [cpu1] [DCPTracer@/arm-io/dcpext] [dcpep] >ACK ASYNC.0 (0x342 (TYPE=0x2, LEN=0x0, OFF=0x0, CTX=0x3(ASYNC), ACK=1))
# [cpu1] [DCPTracer@/arm-io/dcpext] [dcpep] 0x9000000302 (TYPE=0x2, LEN=0x90, OFF=0x0, CTX=0x3(ASYNC), ACK=0)
# [cpu1] [DCPTracer@/arm-io/dcpext] [dcpep] <a[0x0] D567 IOMobileFramebufferAP::setProperty_str(key='EDID UUID', value='1E6D7B5B-0000-0000-0A1E-0104B5351E78')
# [cpu1] [DCPTracer@/arm-io/dcpext] [dcpep] >ACK ASYNC.0 (0x342 (TYPE=0x2, LEN=0x0, OFF=0x0, CTX=0x3(ASYNC), ACK=1))
# [cpu1] [DCPTracer@/arm-io/dcpext] [dcpep] 0x9000000302 (TYPE=0x2, LEN=0x90, OFF=0x0, CTX=0x3(ASYNC), ACK=0)
# [cpu1] [DCPTracer@/arm-io/dcpext] [dcpep] <a[0x0] D567 IOMobileFramebufferAP::setProperty_str(key='IOMFBUUID', value='1E6D7B5B-0000-0000-0A1E-0104B5351E78')
# [cpu1] [DCPTracer@/arm-io/dcpext] [dcpep] >ACK ASYNC.0 (0x342 (TYPE=0x2, LEN=0x0, OFF=0x0, CTX=0x3(ASYNC), ACK=1))
# [cpu1] [DCPTracer@/arm-io/dcpext] [dcpep] 0x9000000302 (TYPE=0x2, LEN=0x90, OFF=0x0, CTX=0x3(ASYNC), ACK=0)
# [cpu1] [DCPTracer@/arm-io/dcpext] [dcpep] <a[0x0] D567 IOMobileFramebufferAP::setProperty_str(key='DisplayContainerID', value='EA0F2D6C-4701-405A-AA01-2B66BFF8F10E')
# [cpu0] [DCPTracer@/arm-io/dcpext] [dcpep] >ACK ASYNC.0 (0x342 (TYPE=0x2, LEN=0x0, OFF=0x0, CTX=0x3(ASYNC), ACK=1))
# [cpu0] [DCPTracer@/arm-io/dcpext] [dcpep] 0xac00000302 (TYPE=0x2, LEN=0xac, OFF=0x0, CTX=0x3(ASYNC), ACK=0)
# [cpu0] [DCPTracer@/arm-io/dcpext] [dcpep] <a[0x0] D576 IOMobileFramebufferAP::hotPlug_notify_gated(arg0=1, arg1=...)
# [cpu0] [DCPTracer@/arm-io/dcpext] [dcpep]   arg1 = (0x4c bytes)
# [cpu0] [DCPTracer@/arm-io/dcpext] [dcpep] >ACK ASYNC.0 (0x342 (TYPE=0x2, LEN=0x0, OFF=0x0, CTX=0x3(ASYNC), ACK=1))
# [DARTTracer@/arm-io/dart-dcpext] Invalidate Stream: 0x1 ()
# [DARTTracer@/arm-io/dart-dcpext] Invalidate Stream: 0x1 ()
# [DARTTracer@/arm-io/dart-dcpext] Invalidate Stream: 0x1 ()
# [DARTTracer@/arm-io/dart-dcpext] Invalidate Stream: 0x1 ()
# [DARTTracer@/arm-io/dart-dcpext] Invalidate Stream: 0x1 ()
# [DARTTracer@/arm-io/dart-dcpext] Invalidate Stream: 0x1 ()
# [DARTTracer@/arm-io/dart-dcpext] Invalidate Stream: 0x1 ()
# [DARTTracer@/arm-io/dart-dcpext] Invalidate Stream: 0x1 ()
# [cpu2] [0xfffffe0014c225c0] MMIO: R.4   0x501e50004 (atc1-dpin0[0], offset 0x04) = 0x1
p.read32(0x501e50000 + 0x4)
# [cpu2] [0xfffffe0014c225c0] MMIO: R.4   0x501e50000 (atc1-dpin0[0], offset 0x00) = 0x2
p.read32(0x501e50000 + 0x0)
# [cpu2] [0xfffffe0014c225c0] MMIO: R.4   0x501e50004 (atc1-dpin0[0], offset 0x04) = 0x1
p.read32(0x501e50000 + 0x4)
# [cpu2] [0xfffffe0014c22744] MMIO: W.4   0x501e50004 (atc1-dpin0[0], offset 0x04) = 0x1
p.write32(0x501e50000 + 0x4, 0x1)
# [cpu2] [0xfffffe0014c22744] MMIO: W.4   0x501e50000 (atc1-dpin0[0], offset 0x00) = 0x2
p.write32(0x501e50000 + 0x0, 0x2)
# [cpu0] [DCPTracer@/arm-io/dcpext] [dptxport] >TX msg:0xa2000000001080 (TYPE=0xa2, WPTR=0x1080)
# [cpu0] [DCPTracer@/arm-io/dcpext] [dptxport] >Ch 1 Type 7 Ver 2 Tag 23
# [cpu0] [DCPTracer@/arm-io/dcpext] [dptxport]   Len 30 Ver 4 Cat COMMAND Type 0xc0/STD_SERVICE Seq 4
# [cpu0] [DCPTracer@/arm-io/dcpext] [dptxport] [dcpdptx-port-epic0] > hotPlugDetectChangeOccurred()
# [cpu0] [DCPTracer@/arm-io/dcpext] [dptxport] [dcpdptx-port-epic0] 00000000  00 00 00 00 00 00 00 00  00 00 00 00 00 00 00 00  |................|
# [cpu0] [DCPTracer@/arm-io/dcpext] [dptxport] [dcpdptx-port-epic0] 00000010  *
# [cpu0] [DCPTracer@/arm-io/dcpext] [dptxport] [dcpdptx-port-epic0] > hotPlugDetectChangeOccurred(unk=False)
# [cpu0] [DCPTracer@/arm-io/dcpext] [dptxport] <RX msg:0x85000000000000 (TYPE=0x85)
# [cpu0] [DCPTracer@/arm-io/dcpext] [dptxport] <Ch 1 Type NOTIFY Ver 2 Tag 23
# [cpu0] [DCPTracer@/arm-io/dcpext] [dptxport]   Len 212 Ver 4 Cat NOTIFY Type 0xc0/STD_SERVICE Seq 19
# [cpu0] [DCPTracer@/arm-io/dcpext] [dptxport] Notify:
# [cpu0] [DCPTracer@/arm-io/dcpext] [dptxport] [dcpdptx-port-epic0] < DPTX_APCALL_SET_TILED_DISPLAY_HINTS)
# [cpu0] [DCPTracer@/arm-io/dcpext] [dptxport] [dcpdptx-port-epic0] 00000000  00 00 00 00 15 00 00 00  90 00 00 00 78 63 70 69  |............xcpi|
# [cpu0] [DCPTracer@/arm-io/dcpext] [dptxport] [dcpdptx-port-epic0] 00000010  00 00 00 00 00 00 00 00  00 00 00 00 00 00 00 00  |................|
# [cpu0] [DCPTracer@/arm-io/dcpext] [dptxport] [dcpdptx-port-epic0] 00000020  *
# [cpu0] [DCPTracer@/arm-io/dcpext] [dptxport] [dcpdptx-port-epic0] 00000050  ff ff ff 00 00 00 00 00  00 00 00 00 00 00 00 00  |................|
# [cpu0] [DCPTracer@/arm-io/dcpext] [dptxport] [dcpdptx-port-epic0] 00000060  00 00 00 00 00 00 00 00  00 00 00 00 00 00 00 00  |................|
# [cpu0] [DCPTracer@/arm-io/dcpext] [dptxport] [dcpdptx-port-epic0] 00000070  *
# [cpu0] [DCPTracer@/arm-io/dcpext] [dptxport] >TX msg:0xa20000000011c0 (TYPE=0xa2, WPTR=0x11c0)
# [cpu0] [DCPTracer@/arm-io/dcpext] [dptxport] >Ch 1 Type NOTIFY_ACK Ver 2 Tag 24
# [cpu0] [DCPTracer@/arm-io/dcpext] [dptxport]   Len 212 Ver 4 Cat REPLY Type 0xc0/STD_SERVICE Seq 19
# [cpu0] [DCPTracer@/arm-io/dcpext] [dptxport] NotifyAck:
# [cpu0] [DCPTracer@/arm-io/dcpext] [dptxport] [dcpdptx-port-epic0] > DPTX_APCALL_SET_TILED_DISPLAY_HINTS)
# [cpu0] [DCPTracer@/arm-io/dcpext] [dptxport] [dcpdptx-port-epic0] 00000000  00 00 00 00 15 00 00 00  90 00 00 00 78 63 70 69  |............xcpi|
# [cpu0] [DCPTracer@/arm-io/dcpext] [dptxport] [dcpdptx-port-epic0] 00000010  00 00 00 00 00 00 00 00  00 00 00 00 00 00 00 00  |................|
# [cpu0] [DCPTracer@/arm-io/dcpext] [dptxport] [dcpdptx-port-epic0] 00000020  *
# [cpu0] [DCPTracer@/arm-io/dcpext] [dptxport] [dcpdptx-port-epic0] 00000050  ff ff ff 00 00 00 00 00  00 00 00 00 00 00 00 00  |................|
# [cpu0] [DCPTracer@/arm-io/dcpext] [dptxport] [dcpdptx-port-epic0] 00000060  00 00 00 00 00 00 00 00  00 00 00 00 00 00 00 00  |................|
# [cpu0] [DCPTracer@/arm-io/dcpext] [dptxport] [dcpdptx-port-epic0] 00000070  *
# [cpu0] [DCPTracer@/arm-io/dcpext] [syslog] * [eoInterfaceIOAV.cpp:146]IOMFB: IOAVVideoInterface terminated
# [cpu0] [DCPTracer@/arm-io/dcpext] [syslog] * [oInterfaceIOAV.cpp:1094]void VideoInterfaceIOAV::unplug_gated(IOAVVideoInterface *): display HPD removed
# [cpu0] [DCPTracer@/arm-io/dcpext] [dcpep] 0x4c00000302 (TYPE=0x2, LEN=0x4c, OFF=0x0, CTX=0x3(ASYNC), ACK=0)
# [cpu0] [DCPTracer@/arm-io/dcpext] [dcpep] <a[0x0] D107 UnifiedPipeline2::removeProperty(key='DPTimingModeId')
# [cpu0] [DCPTracer@/arm-io/dcpext] [hdcp] <RX msg:0x85000000000000 (TYPE=0x85)
# [cpu0] [DCPTracer@/arm-io/dcpext] [hdcp] <Ch 1 Type NOTIFY Ver 2 Tag 5
# [cpu0] [DCPTracer@/arm-io/dcpext] [hdcp]   Len 112 Ver 4 Cat REPORT Type 0xc0/STD_SERVICE Seq 2
# [cpu0] [DCPTracer@/arm-io/dcpext] [hdcp] Report STD_SERVICE
# [cpu0] [DCPTracer@/arm-io/dcpext] [hdcp] 00000000  00 00 02 00 00 00 00 00  30 00 00 00 78 63 70 69  |........0...xcpi|
# [cpu0] [DCPTracer@/arm-io/dcpext] [hdcp] 00000010  00 00 00 00 00 00 00 00  00 00 00 00 00 00 00 00  |................|
# [cpu0] [DCPTracer@/arm-io/dcpext] [hdcp] 00000020  *
# [cpu0] [DCPTracer@/arm-io/dcpext] [hdcp] 00000050  21 50 11 e0 00 00 00 00  00 00 00 00 00 00 00 00  |!P..............|
# [cpu0] [DCPTracer@/arm-io/dcpext] [hdcp] 00000060  78 5b fd 40 ff ff ff ff  00 00 00 00 00 00 00 00  |x[.@............|
# [cpu0] [DCPTracer@/arm-io/dcpext] [dpavctrl] <RX msg:0x85000000000000 (TYPE=0x85)
# [cpu0] [DCPTracer@/arm-io/dcpext] [dpavctrl] <Ch 1 Type NOTIFY Ver 2 Tag 8
# [cpu0] [DCPTracer@/arm-io/dcpext] [dpavctrl]   Len 112 Ver 4 Cat REPORT Type 0xc0/STD_SERVICE Seq 2
# [cpu0] [DCPTracer@/arm-io/dcpext] [dpavctrl] Report STD_SERVICE
# [cpu0] [DCPTracer@/arm-io/dcpext] [dpavctrl] 00000000  00 00 02 00 00 00 00 00  30 00 00 00 78 63 70 69  |........0...xcpi|
# [cpu0] [DCPTracer@/arm-io/dcpext] [dpavctrl] 00000010  00 00 00 00 00 00 00 00  00 00 00 00 00 00 00 00  |................|
# [cpu0] [DCPTracer@/arm-io/dcpext] [dpavctrl] 00000020  *
# [cpu0] [DCPTracer@/arm-io/dcpext] [dpavctrl] 00000050  21 50 11 e0 00 00 00 00  00 00 00 00 00 00 00 00  |!P..............|
# [cpu0] [DCPTracer@/arm-io/dcpext] [dpavctrl] 00000060  78 5b fd 40 ff ff ff ff  00 00 00 00 00 00 00 00  |x[.@............|
# [cpu0] [DCPTracer@/arm-io/dcpext] [dpavctrl] <Ch 3 Type NOTIFY Ver 2 Tag 9
# [cpu0] [DCPTracer@/arm-io/dcpext] [dpavctrl]   Len 112 Ver 4 Cat REPORT Type 0xc0/STD_SERVICE Seq 2
# [cpu0] [DCPTracer@/arm-io/dcpext] [dpavctrl] Report STD_SERVICE
# [cpu0] [DCPTracer@/arm-io/dcpext] [dpavctrl] 00000000  00 00 02 00 00 00 00 00  30 00 00 00 78 63 70 69  |........0...xcpi|
# [cpu0] [DCPTracer@/arm-io/dcpext] [dpavctrl] 00000010  00 00 00 00 00 00 00 00  00 00 00 00 00 00 00 00  |................|
# [cpu0] [DCPTracer@/arm-io/dcpext] [dpavctrl] 00000020  *
# [cpu0] [DCPTracer@/arm-io/dcpext] [dpavctrl] 00000050  21 50 11 e0 00 00 00 00  00 00 00 00 00 00 00 00  |!P..............|
# [cpu0] [DCPTracer@/arm-io/dcpext] [dpavctrl] 00000060  78 5b fd 40 ff ff ff ff  00 00 00 00 00 00 00 00  |x[.@............|
# [cpu0] [DCPTracer@/arm-io/dcpext] [dpdev] <RX msg:0x85000000000000 (TYPE=0x85)
# [cpu0] [DCPTracer@/arm-io/dcpext] [dpdev] <Ch 3 Type NOTIFY Ver 2 Tag 3
# [cpu0] [DCPTracer@/arm-io/dcpext] [dpdev]   Len 4 Ver 4 Cat REPORT Type 0x32/TEARDOWN Seq 1
# [cpu0] [DCPTracer@/arm-io/dcpext] [dpdev] Report TEARDOWN
# [cpu0] [DCPTracer@/arm-io/dcpext] [dpdev] 00000000  00 00 00 00                                       |....            |
# [cpu0] [DCPTracer@/arm-io/dcpext] [dpdev] <Ch 1 Type NOTIFY Ver 2 Tag 4
# [cpu0] [DCPTracer@/arm-io/dcpext] [dpdev]   Len 4 Ver 4 Cat REPORT Type 0x32/TEARDOWN Seq 1
# [cpu0] [DCPTracer@/arm-io/dcpext] [dpdev] Report TEARDOWN
# [cpu0] [DCPTracer@/arm-io/dcpext] [dpdev] 00000000  00 00 00 00                                       |....            |
# [cpu0] [DCPTracer@/arm-io/dcpext] [av] <RX msg:0x85000000000000 (TYPE=0x85)
# [cpu0] [DCPTracer@/arm-io/dcpext] [av] <Ch 1 Type NOTIFY Ver 2 Tag 1
# [cpu0] [DCPTracer@/arm-io/dcpext] [av]   Len 4 Ver 4 Cat REPORT Type 0x32/TEARDOWN Seq 1
# [cpu0] [DCPTracer@/arm-io/dcpext] [av] Report TEARDOWN
# [cpu0] [DCPTracer@/arm-io/dcpext] [av] 00000000  00 00 00 00                                       |....            |
# [cpu0] [DCPTracer@/arm-io/dcpext] [dpavserv] <RX msg:0x85000000000000 (TYPE=0x85)
# [cpu0] [DCPTracer@/arm-io/dcpext] [dpavserv] <Ch 3 Type NOTIFY Ver 2 Tag 6
# [cpu0] [DCPTracer@/arm-io/dcpext] [dpavserv]   Len 4 Ver 4 Cat REPORT Type 0x32/TEARDOWN Seq 3
# [cpu0] [DCPTracer@/arm-io/dcpext] [dpavserv] Report TEARDOWN
# [cpu0] [DCPTracer@/arm-io/dcpext] [dpavserv] 00000000  00 00 00 00                                       |....            |
# [cpu0] [DCPTracer@/arm-io/dcpext] [dpavserv] <Ch 1 Type NOTIFY Ver 2 Tag 7
# [cpu0] [DCPTracer@/arm-io/dcpext] [dpavserv]   Len 4 Ver 4 Cat REPORT Type 0x32/TEARDOWN Seq 3
# [cpu0] [DCPTracer@/arm-io/dcpext] [dpavserv] Report TEARDOWN
# [cpu0] [DCPTracer@/arm-io/dcpext] [dpavserv] 00000000  00 00 00 00                                       |....            |
# [cpu0] [DCPTracer@/arm-io/dcpext] [syslog] * [dpointInterface.cpp:606][AFK][AFKMailboxSharedMemoryEndpointInterface:#93] if:3 inCmd:1 inResp:1 outRepErr:0 outCmdErr:0 t:889598764
# [cpu0] [DCPTracer@/arm-io/dcpext] [syslog] * [dpointInterface.cpp:606][AFK][AFKMailboxSharedMemoryEndpointInterface:#96] if:1 inCmd:0 inResp:0 outRepErr:0 outCmdErr:0 t:891144138
# [cpu0] [DCPTracer@/arm-io/dcpext] [syslog] * [dpointInterface.cpp:606][AFK][AFKMailboxSharedMemoryEndpointInterface:#91] if:3 inCmd:0 inResp:0 outRepErr:0 outCmdErr:0 t:891146187
# [cpu0] [DCPTracer@/arm-io/dcpext] [syslog] * [dpointInterface.cpp:606][AFK][AFKMailboxSharedMemoryEndpointInterface:#89] if:1 inCmd:0 inResp:0 outRepErr:0 outCmdErr:0 t:891147890
# [cpu0] [DCPTracer@/arm-io/dcpext] [syslog] * [dpointInterface.cpp:606][AFK][AFKMailboxSharedMemoryEndpointInterface:#86] if:1 inCmd:0 inResp:0 outRepErr:0 outCmdErr:0 t:891150012
# [cpu2] [DCPTracer@/arm-io/dcpext] [dcpep] >ACK ASYNC.0 (0x342 (TYPE=0x2, LEN=0x0, OFF=0x0, CTX=0x3(ASYNC), ACK=1))
# [cpu2] [DCPTracer@/arm-io/dcpext] [dcpep] 0x4c00000302 (TYPE=0x2, LEN=0x4c, OFF=0x0, CTX=0x3(ASYNC), ACK=0)
# [cpu2] [DCPTracer@/arm-io/dcpext] [dcpep] <a[0x0] D107 UnifiedPipeline2::removeProperty(key='DisplayWidth')
# [cpu3] [DCPTracer@/arm-io/dcpext] [dcpep] >ACK ASYNC.0 (0x342 (TYPE=0x2, LEN=0x0, OFF=0x0, CTX=0x3(ASYNC), ACK=1))
# [cpu2] [DCPTracer@/arm-io/dcpext] [dcpep] 0x4c00000302 (TYPE=0x2, LEN=0x4c, OFF=0x0, CTX=0x3(ASYNC), ACK=0)
# [cpu2] [DCPTracer@/arm-io/dcpext] [dcpep] <a[0x0] D107 UnifiedPipeline2::removeProperty(key='DisplayHeight')
# [cpu2] [DCPTracer@/arm-io/dcpext] [dcpep] >ACK ASYNC.0 (0x342 (TYPE=0x2, LEN=0x0, OFF=0x0, CTX=0x3(ASYNC), ACK=1))
# [cpu2] [DCPTracer@/arm-io/dcpext] [dcpep] 0x4c00000302 (TYPE=0x2, LEN=0x4c, OFF=0x0, CTX=0x3(ASYNC), ACK=0)
# [cpu2] [DCPTracer@/arm-io/dcpext] [dcpep] <a[0x0] D107 UnifiedPipeline2::removeProperty(key='ColorElements')
# [cpu2] [DCPTracer@/arm-io/dcpext] [dcpep] >ACK ASYNC.0 (0x342 (TYPE=0x2, LEN=0x0, OFF=0x0, CTX=0x3(ASYNC), ACK=1))
# [cpu2] [DCPTracer@/arm-io/dcpext] [dcpep] 0x4c00000302 (TYPE=0x2, LEN=0x4c, OFF=0x0, CTX=0x3(ASYNC), ACK=0)
# [cpu2] [DCPTracer@/arm-io/dcpext] [dcpep] <a[0x0] D107 UnifiedPipeline2::removeProperty(key='TimingElements')
# [cpu3] [DCPTracer@/arm-io/dcpext] [dcpep] >ACK ASYNC.0 (0x342 (TYPE=0x2, LEN=0x0, OFF=0x0, CTX=0x3(ASYNC), ACK=1))
# [cpu3] [DCPTracer@/arm-io/dcpext] [dcpep] 0x4c00000302 (TYPE=0x2, LEN=0x4c, OFF=0x0, CTX=0x3(ASYNC), ACK=0)
# [cpu3] [DCPTracer@/arm-io/dcpext] [dcpep] <a[0x0] D107 UnifiedPipeline2::removeProperty(key='DisplayAttributes')
# [cpu3] [DCPTracer@/arm-io/dcpext] [dcpep] >ACK ASYNC.0 (0x342 (TYPE=0x2, LEN=0x0, OFF=0x0, CTX=0x3(ASYNC), ACK=1))
# [cpu3] [DCPTracer@/arm-io/dcpext] [dcpep] 0x4c00000302 (TYPE=0x2, LEN=0x4c, OFF=0x0, CTX=0x3(ASYNC), ACK=0)
# [cpu3] [DCPTracer@/arm-io/dcpext] [dcpep] <a[0x0] D107 UnifiedPipeline2::removeProperty(key='Transport')
# [cpu0] [DCPTracer@/arm-io/dcpext] [dcpep] >ACK ASYNC.0 (0x342 (TYPE=0x2, LEN=0x0, OFF=0x0, CTX=0x3(ASYNC), ACK=1))
# [cpu3] [DCPTracer@/arm-io/dcpext] [dcpep] 0x4c00000302 (TYPE=0x2, LEN=0x4c, OFF=0x0, CTX=0x3(ASYNC), ACK=0)
# [cpu3] [DCPTracer@/arm-io/dcpext] [dcpep] <a[0x0] D107 UnifiedPipeline2::removeProperty(key='EDID UUID')
# [cpu0] [DCPTracer@/arm-io/dcpext] [dcpep] >ACK ASYNC.0 (0x342 (TYPE=0x2, LEN=0x0, OFF=0x0, CTX=0x3(ASYNC), ACK=1))
# [cpu1] [DCPTracer@/arm-io/dcpext] [dcpep] 0x4c00000302 (TYPE=0x2, LEN=0x4c, OFF=0x0, CTX=0x3(ASYNC), ACK=0)
# [cpu1] [DCPTracer@/arm-io/dcpext] [dcpep] <a[0x0] D107 UnifiedPipeline2::removeProperty(key='DisplayContainerID')
# [cpu2] [DCPTracer@/arm-io/dcpext] [dcpep] >ACK ASYNC.0 (0x342 (TYPE=0x2, LEN=0x0, OFF=0x0, CTX=0x3(ASYNC), ACK=1))
# [cpu2] [DCPTracer@/arm-io/dcpext] [dcpep] 0x4c00000302 (TYPE=0x2, LEN=0x4c, OFF=0x0, CTX=0x3(ASYNC), ACK=0)
# [cpu2] [DCPTracer@/arm-io/dcpext] [dcpep] <a[0x0] D107 UnifiedPipeline2::removeProperty(key='IOMFBUUID')
# [cpu3] [DCPTracer@/arm-io/dcpext] [dcpep] >ACK ASYNC.0 (0x342 (TYPE=0x2, LEN=0x0, OFF=0x0, CTX=0x3(ASYNC), ACK=1))
# [cpu3] [DCPTracer@/arm-io/dcpext] [dcpep] 0x1c00000302 (TYPE=0x2, LEN=0x1c, OFF=0x0, CTX=0x3(ASYNC), ACK=0)
# [cpu3] [DCPTracer@/arm-io/dcpext] [dcpep] <a[0x0] D300 PropRelay::pr_publish(prop_id=141, value=0, unk0=895285326, unk1=0)
# [cpu3] [DCPTracer@/arm-io/dcpext] [dcpep] >ACK ASYNC.0 (0x342 (TYPE=0x2, LEN=0x0, OFF=0x0, CTX=0x3(ASYNC), ACK=1))
# [cpu3] [DCPTracer@/arm-io/dcpext] [dcpep] 0xac00000302 (TYPE=0x2, LEN=0xac, OFF=0x0, CTX=0x3(ASYNC), ACK=0)
# [cpu3] [DCPTracer@/arm-io/dcpext] [dcpep] <a[0x0] D576 IOMobileFramebufferAP::hotPlug_notify_gated(arg0=0, arg1=...)
# [cpu3] [DCPTracer@/arm-io/dcpext] [dcpep]   arg1 = (0x4c bytes)
# [cpu3] [DCPTracer@/arm-io/dcpext] [dptxport] <RX msg:0x85000000000000 (TYPE=0x85)
# [cpu3] [DCPTracer@/arm-io/dcpext] [dptxport] <Ch 1 Type NOTIFY Ver 2 Tag 24
# [cpu3] [DCPTracer@/arm-io/dcpext] [dptxport]   Len 84 Ver 4 Cat NOTIFY Type 0xc0/STD_SERVICE Seq 20
# [cpu3] [DCPTracer@/arm-io/dcpext] [dptxport] Notify:
# [cpu3] [DCPTracer@/arm-io/dcpext] [dptxport] [dcpdptx-port-epic0] < DPTX_APCALL_WILL_CHANGE_LINK_CONFIG)
# [cpu3] [DCPTracer@/arm-io/dcpext] [dptxport] [dcpdptx-port-epic0] 00000000  00 00 00 00 05 00 00 00  10 00 00 00 78 63 70 69  |............xcpi|
# [cpu3] [DCPTracer@/arm-io/dcpext] [dptxport] [dcpdptx-port-epic0] 00000010  00 00 00 00 00 00 00 00  00 00 00 00 00 00 00 00  |................|
# [cpu3] [DCPTracer@/arm-io/dcpext] [dptxport] [dcpdptx-port-epic0] 00000020  *
# [cpu2] [DCPTracer@/arm-io/dcpext] [dcpep] >ACK ASYNC.0 (0x342 (TYPE=0x2, LEN=0x0, OFF=0x0, CTX=0x3(ASYNC), ACK=1))
# [cpu2] [0xfffffe0014c225c0] MMIO: R.4   0x501e5000c (atc1-dpin0[0], offset 0x0c) = 0x0
p.read32(0x501e50000 + 0xc)
# [cpu2] [0xfffffe0014c22744] MMIO: W.4   0x501e5000c (atc1-dpin0[0], offset 0x0c) = 0x1
p.write32(0x501e50000 + 0xc, 0x1)
# [cpu2] [0xfffffe0014c225c0] MMIO: R.4   0x501e50010 (atc1-dpin0[0], offset 0x10) = 0x1
p.read32(0x501e50000 + 0x10)
# [cpu2] [0xfffffe0014c1b870] MMIO: R.4   0x50304c050 (atc1-dpxbar[0], offset 0x50) = 0x1
p.read32(0x50304c000 + 0x50)
# [cpu2] [0xfffffe0014c1b9f4] MMIO: W.4   0x50304c050 (atc1-dpxbar[0], offset 0x50) = 0x0
p.write32(0x50304c000 + 0x50, 0x0)
# [cpu2] [0xfffffe0014c1b870] MMIO: R.4   0x50304c000 (atc1-dpxbar[0], offset 0x00) = 0x1
p.read32(0x50304c000 + 0x0)
# [cpu2] [0xfffffe0014c1b9f4] MMIO: W.4   0x50304c000 (atc1-dpxbar[0], offset 0x00) = 0x0
p.write32(0x50304c000 + 0x0, 0x0)
# [cpu2] [0xfffffe0014c1b870] MMIO: R.4   0x50304c020 (atc1-dpxbar[0], offset 0x20) = 0x1
p.read32(0x50304c000 + 0x20)
# [cpu2] [0xfffffe0014c1b9f4] MMIO: W.4   0x50304c020 (atc1-dpxbar[0], offset 0x20) = 0x0
p.write32(0x50304c000 + 0x20, 0x0)
# [cpu2] [0xfffffe0014c1b870] MMIO: R.4   0x50304c040 (atc1-dpxbar[0], offset 0x40) = 0x1
p.read32(0x50304c000 + 0x40)
# [cpu2] [0xfffffe0014c1b9f4] MMIO: W.4   0x50304c040 (atc1-dpxbar[0], offset 0x40) = 0x0
p.write32(0x50304c000 + 0x40, 0x0)
# [cpu2] [0xfffffe0014c1b870] MMIO: R.4   0x50304c800 (atc1-dpxbar[0], offset 0x800) = 0x1fc
p.read32(0x50304c000 + 0x800)
# [cpu2] [0xfffffe0014c1b870] MMIO: R.4   0x50304c820 (atc1-dpxbar[0], offset 0x820) = 0x1fc
p.read32(0x50304c000 + 0x820)
# [cpu2] [0xfffffe0014c1b870] MMIO: R.4   0x50304c840 (atc1-dpxbar[0], offset 0x840) = 0x0
p.read32(0x50304c000 + 0x840)
# [cpu2] [0xfffffe0014c1b870] MMIO: R.4   0x50304c008 (atc1-dpxbar[0], offset 0x08) = 0x1
p.read32(0x50304c000 + 0x8)
# [cpu2] [0xfffffe0014c1b9f4] MMIO: W.4   0x50304c008 (atc1-dpxbar[0], offset 0x08) = 0x0
p.write32(0x50304c000 + 0x8, 0x0)
# [cpu2] [0xfffffe0014c1b870] MMIO: R.4   0x50304c02c (atc1-dpxbar[0], offset 0x2c) = 0x1
p.read32(0x50304c000 + 0x2c)
# [cpu2] [0xfffffe0014c1b9f4] MMIO: W.4   0x50304c02c (atc1-dpxbar[0], offset 0x2c) = 0x0
p.write32(0x50304c000 + 0x2c, 0x0)
# [cpu2] [0xfffffe0014c1b870] MMIO: R.4   0x50304c04c (atc1-dpxbar[0], offset 0x4c) = 0x1
p.read32(0x50304c000 + 0x4c)
# [cpu2] [0xfffffe0014c1b9f4] MMIO: W.4   0x50304c04c (atc1-dpxbar[0], offset 0x4c) = 0x0
p.write32(0x50304c000 + 0x4c, 0x0)
# [cpu2] [0xfffffe0014c1b870] MMIO: R.4   0x50304c004 (atc1-dpxbar[0], offset 0x04) = 0x1fe
p.read32(0x50304c000 + 0x4)
# [cpu2] [0xfffffe0014c1b9f4] MMIO: W.4   0x50304c004 (atc1-dpxbar[0], offset 0x04) = 0x1ff
p.write32(0x50304c000 + 0x4, 0x1ff)
# [cpu2] [0xfffffe0014c1b870] MMIO: R.4   0x50304c028 (atc1-dpxbar[0], offset 0x28) = 0x1fe
p.read32(0x50304c000 + 0x28)
# [cpu2] [0xfffffe0014c1b9f4] MMIO: W.4   0x50304c028 (atc1-dpxbar[0], offset 0x28) = 0x1ff
p.write32(0x50304c000 + 0x28, 0x1ff)
# [cpu2] [0xfffffe0014c1b870] MMIO: R.4   0x50304c048 (atc1-dpxbar[0], offset 0x48) = 0x110
p.read32(0x50304c000 + 0x48)
# [cpu2] [0xfffffe0014c1b9f4] MMIO: W.4   0x50304c048 (atc1-dpxbar[0], offset 0x48) = 0x111
p.write32(0x50304c000 + 0x48, 0x111)
# [cpu2] [0xfffffe0014c225c0] MMIO: R.4   0x501e5000c (atc1-dpin0[0], offset 0x0c) = 0x1
p.read32(0x501e50000 + 0xc)
# [cpu2] [0xfffffe0014c22744] MMIO: W.4   0x501e5000c (atc1-dpin0[0], offset 0x0c) = 0x0
p.write32(0x501e50000 + 0xc, 0x0)
# [cpu2] [0xfffffe0014c225c0] MMIO: R.4   0x501e50010 (atc1-dpin0[0], offset 0x10) = 0x1
p.read32(0x501e50000 + 0x10)
# [cpu2] [0xfffffe0014c225c0] MMIO: R.4   0x501e50000 (atc1-dpin0[0], offset 0x00) = 0x0
p.read32(0x501e50000 + 0x0)
# [cpu2] [DCPTracer@/arm-io/dcpext] [dptxport] >TX msg:0xa2000000001280 (TYPE=0xa2, WPTR=0x1280)
# [cpu2] [DCPTracer@/arm-io/dcpext] [dptxport] >Ch 1 Type NOTIFY_ACK Ver 2 Tag 25
# [cpu2] [DCPTracer@/arm-io/dcpext] [dptxport]   Len 84 Ver 4 Cat REPLY Type 0xc0/STD_SERVICE Seq 20
# [cpu2] [DCPTracer@/arm-io/dcpext] [dptxport] NotifyAck:
# [cpu2] [DCPTracer@/arm-io/dcpext] [dptxport] [dcpdptx-port-epic0] > DPTX_APCALL_WILL_CHANGE_LINK_CONFIG)
# [cpu2] [DCPTracer@/arm-io/dcpext] [dptxport] [dcpdptx-port-epic0] 00000000  00 00 00 00 05 00 00 00  10 00 00 00 78 63 70 69  |............xcpi|
# [cpu2] [DCPTracer@/arm-io/dcpext] [dptxport] [dcpdptx-port-epic0] 00000010  00 00 00 00 00 00 00 00  00 00 00 00 00 00 00 00  |................|
# [cpu2] [DCPTracer@/arm-io/dcpext] [dptxport] [dcpdptx-port-epic0] 00000020  *
# [cpu2] [DCPTracer@/arm-io/dcpext] [dptxport] [dcpdptx-port-epic0] 00000040  eb 02 00 e0 00 00 00 00  00 00 00 00 00 00 00 00  |................|
# [cpu2] [DCPTracer@/arm-io/dcpext] [dptxport] <RX msg:0x85000000000000 (TYPE=0x85)
# [cpu2] [DCPTracer@/arm-io/dcpext] [dptxport] <Ch 1 Type NOTIFY Ver 2 Tag 25
# [cpu2] [DCPTracer@/arm-io/dcpext] [dptxport]   Len 100 Ver 4 Cat NOTIFY Type 0xc0/STD_SERVICE Seq 21
# [cpu2] [DCPTracer@/arm-io/dcpext] [dptxport] Notify:
# [cpu2] [DCPTracer@/arm-io/dcpext] [dptxport] [dcpdptx-port-epic0] < DPTX_APCALL_SET_ACTIVE_LANE_COUNT)
# [cpu2] [DCPTracer@/arm-io/dcpext] [dptxport] [dcpdptx-port-epic0] 00000000  00 00 00 00 0c 00 00 00  20 00 00 00 78 63 70 69  |........ ...xcpi|
# [cpu2] [DCPTracer@/arm-io/dcpext] [dptxport] [dcpdptx-port-epic0] 00000010  00 00 00 00 00 00 00 00  00 00 00 00 00 00 00 00  |................|
# [cpu2] [DCPTracer@/arm-io/dcpext] [dptxport] [dcpdptx-port-epic0] 00000020  *
# [cpu2] [DCPTracer@/arm-io/dcpext] [dptxport] >TX msg:0xa2000000001340 (TYPE=0xa2, WPTR=0x1340)
# [cpu2] [DCPTracer@/arm-io/dcpext] [dptxport] >Ch 1 Type NOTIFY_ACK Ver 2 Tag 26
# [cpu2] [DCPTracer@/arm-io/dcpext] [dptxport]   Len 100 Ver 4 Cat REPLY Type 0xc0/STD_SERVICE Seq 21
# [cpu2] [DCPTracer@/arm-io/dcpext] [dptxport] NotifyAck:
# [cpu2] [DCPTracer@/arm-io/dcpext] [dptxport] [dcpdptx-port-epic0] > DPTX_APCALL_SET_ACTIVE_LANE_COUNT)
# [cpu2] [DCPTracer@/arm-io/dcpext] [dptxport] [dcpdptx-port-epic0] 00000000  00 00 00 00 0c 00 00 00  20 00 00 00 78 63 70 69  |........ ...xcpi|
# [cpu2] [DCPTracer@/arm-io/dcpext] [dptxport] [dcpdptx-port-epic0] 00000010  00 00 00 00 00 00 00 00  00 00 00 00 00 00 00 00  |................|
# [cpu2] [DCPTracer@/arm-io/dcpext] [dptxport] [dcpdptx-port-epic0] 00000020  *
# [cpu2] [DCPTracer@/arm-io/dcpext] [dptxport] <RX msg:0x85000000000000 (TYPE=0x85)
# [cpu2] [DCPTracer@/arm-io/dcpext] [dptxport] <Ch 1 Type NOTIFY Ver 2 Tag 26
# [cpu2] [DCPTracer@/arm-io/dcpext] [dptxport]   Len 100 Ver 4 Cat NOTIFY Type 0xc0/STD_SERVICE Seq 22
# [cpu2] [DCPTracer@/arm-io/dcpext] [dptxport] Notify:
# [cpu2] [DCPTracer@/arm-io/dcpext] [dptxport] [dcpdptx-port-epic0] < DPTX_APCALL_SET_LINK_RATE)
# [cpu2] [DCPTracer@/arm-io/dcpext] [dptxport] [dcpdptx-port-epic0] 00000000  00 00 00 00 09 00 00 00  20 00 00 00 78 63 70 69  |........ ...xcpi|
# [cpu2] [DCPTracer@/arm-io/dcpext] [dptxport] [dcpdptx-port-epic0] 00000010  00 00 00 00 00 00 00 00  00 00 00 00 00 00 00 00  |................|
# [cpu2] [DCPTracer@/arm-io/dcpext] [dptxport] [dcpdptx-port-epic0] 00000020  *
# [PhyTracer@/arm-io/atc-phy1] MMIO: R.4   0x503002200 = 0x2054
# [PhyTracer@/arm-io/atc-phy1] MMIO: W.4   0x503002200 = 0x2050
# [PhyTracer@/arm-io/atc-phy1] MMIO: R.4   0x503002200 = 0x2050
# [PhyTracer@/arm-io/atc-phy1] MMIO: W.4   0x503002200 = 0x2040
# [PhyTracer@/arm-io/atc-phy1] MMIO: R.4   0x503002200 = 0x2040
# [PhyTracer@/arm-io/atc-phy1] MMIO: W.4   0x503002200 = 0x2000
# [PhyTracer@/arm-io/atc-phy1] MMIO: R.4   AUSPLL_CMD_OVERRIDE = 0x10010000 (APB_OVERRIDE=1)
# [PhyTracer@/arm-io/atc-phy1] MMIO: W.4   AUSPLL_CMD_OVERRIDE = 0x10000019 (APB_OVERRIDE=1)
# [PhyTracer@/arm-io/atc-phy1] MMIO: R.4   AUSPLL_CMD_OVERRIDE = 0x1000001b (APB_OVERRIDE=1)
# [PhyTracer@/arm-io/atc-phy1] MMIO: R.4   AUSPLL_CMD_OVERRIDE = 0x1000001b (APB_OVERRIDE=1)
# [PhyTracer@/arm-io/atc-phy1] MMIO: W.4   AUSPLL_CMD_OVERRIDE = 0x1000001a (APB_OVERRIDE=1)
# [cpu0] [DCPTracer@/arm-io/dcpext] [dptxport] >TX msg:0xa2000000001400 (TYPE=0xa2, WPTR=0x1400)
# [cpu0] [DCPTracer@/arm-io/dcpext] [dptxport] >Ch 1 Type NOTIFY_ACK Ver 2 Tag 27
# [cpu0] [DCPTracer@/arm-io/dcpext] [dptxport]   Len 100 Ver 4 Cat REPLY Type 0xc0/STD_SERVICE Seq 22
# [cpu0] [DCPTracer@/arm-io/dcpext] [dptxport] NotifyAck:
# [cpu0] [DCPTracer@/arm-io/dcpext] [dptxport] [dcpdptx-port-epic0] > DPTX_APCALL_SET_LINK_RATE)
# [cpu0] [DCPTracer@/arm-io/dcpext] [dptxport] [dcpdptx-port-epic0] 00000000  00 00 00 00 09 00 00 00  20 00 00 00 78 63 70 69  |........ ...xcpi|
# [cpu0] [DCPTracer@/arm-io/dcpext] [dptxport] [dcpdptx-port-epic0] 00000010  00 00 00 00 00 00 00 00  00 00 00 00 00 00 00 00  |................|
# [cpu0] [DCPTracer@/arm-io/dcpext] [dptxport] [dcpdptx-port-epic0] 00000020  *
# [cpu0] [DCPTracer@/arm-io/dcpext] [dptxport] <RX msg:0x85000000000000 (TYPE=0x85)
# [cpu0] [DCPTracer@/arm-io/dcpext] [dptxport] <Ch 1 Type NOTIFY Ver 2 Tag 27
# [cpu0] [DCPTracer@/arm-io/dcpext] [dptxport]   Len 84 Ver 4 Cat NOTIFY Type 0xc0/STD_SERVICE Seq 23
# [cpu0] [DCPTracer@/arm-io/dcpext] [dptxport] Notify:
# [cpu0] [DCPTracer@/arm-io/dcpext] [dptxport] [dcpdptx-port-epic0] < DPTX_APCALL_DID_CHANGE_LINK_CONFIG)
# [cpu0] [DCPTracer@/arm-io/dcpext] [dptxport] [dcpdptx-port-epic0] 00000000  00 00 00 00 06 00 00 00  10 00 00 00 78 63 70 69  |............xcpi|
# [cpu0] [DCPTracer@/arm-io/dcpext] [dptxport] [dcpdptx-port-epic0] 00000010  00 00 00 00 00 00 00 00  00 00 00 00 00 00 00 00  |................|
# [cpu0] [DCPTracer@/arm-io/dcpext] [dptxport] [dcpdptx-port-epic0] 00000020  *
# [cpu0] [DCPTracer@/arm-io/dcpext] [dptxport] >TX msg:0xa20000000014c0 (TYPE=0xa2, WPTR=0x14c0)
# [cpu0] [DCPTracer@/arm-io/dcpext] [dptxport] >Ch 1 Type NOTIFY_ACK Ver 2 Tag 28
# [cpu0] [DCPTracer@/arm-io/dcpext] [dptxport]   Len 84 Ver 4 Cat REPLY Type 0xc0/STD_SERVICE Seq 23
# [cpu0] [DCPTracer@/arm-io/dcpext] [dptxport] NotifyAck:
# [cpu0] [DCPTracer@/arm-io/dcpext] [dptxport] [dcpdptx-port-epic0] > DPTX_APCALL_DID_CHANGE_LINK_CONFIG)
# [cpu0] [DCPTracer@/arm-io/dcpext] [dptxport] [dcpdptx-port-epic0] 00000000  00 00 00 00 06 00 00 00  10 00 00 00 78 63 70 69  |............xcpi|
# [cpu0] [DCPTracer@/arm-io/dcpext] [dptxport] [dcpdptx-port-epic0] 00000010  00 00 00 00 00 00 00 00  00 00 00 00 00 00 00 00  |................|
# [cpu0] [DCPTracer@/arm-io/dcpext] [dptxport] [dcpdptx-port-epic0] 00000020  *
# [cpu0] [DCPTracer@/arm-io/dcpext] [dptxport] <RX msg:0x85000000000000 (TYPE=0x85)
# [cpu0] [DCPTracer@/arm-io/dcpext] [dptxport] <Ch 1 Type NOTIFY Ver 2 Tag 28
# [cpu0] [DCPTracer@/arm-io/dcpext] [dptxport]   Len 84 Ver 4 Cat NOTIFY Type 0xc0/STD_SERVICE Seq 24
# [cpu0] [DCPTracer@/arm-io/dcpext] [dptxport] Notify:
# [cpu0] [DCPTracer@/arm-io/dcpext] [dptxport] [dcpdptx-port-epic0] < DPTX_APCALL_INACTIVE_SINK_DETECTED)
# [cpu0] [DCPTracer@/arm-io/dcpext] [dptxport] [dcpdptx-port-epic0] 00000000  00 00 00 00 14 00 00 00  10 00 00 00 78 63 70 69  |............xcpi|
# [cpu0] [DCPTracer@/arm-io/dcpext] [dptxport] [dcpdptx-port-epic0] 00000010  00 00 00 00 00 00 00 00  00 00 00 00 00 00 00 00  |................|
# [cpu0] [DCPTracer@/arm-io/dcpext] [dptxport] [dcpdptx-port-epic0] 00000020  *
# [cpu2] [DCPTracer@/arm-io/dcpext] [dptxport] >TX msg:0xa2000000001580 (TYPE=0xa2, WPTR=0x1580)
# [cpu2] [DCPTracer@/arm-io/dcpext] [dptxport] >Ch 1 Type NOTIFY_ACK Ver 2 Tag 29
# [cpu2] [DCPTracer@/arm-io/dcpext] [dptxport]   Len 84 Ver 4 Cat REPLY Type 0xc0/STD_SERVICE Seq 24
# [cpu2] [DCPTracer@/arm-io/dcpext] [dptxport] NotifyAck:
# [cpu2] [DCPTracer@/arm-io/dcpext] [dptxport] [dcpdptx-port-epic0] > DPTX_APCALL_INACTIVE_SINK_DETECTED)
# [cpu2] [DCPTracer@/arm-io/dcpext] [dptxport] [dcpdptx-port-epic0] 00000000  00 00 00 00 14 00 00 00  10 00 00 00 78 63 70 69  |............xcpi|
# [cpu2] [DCPTracer@/arm-io/dcpext] [dptxport] [dcpdptx-port-epic0] 00000010  00 00 00 00 00 00 00 00  00 00 00 00 00 00 00 00  |................|
# [cpu2] [DCPTracer@/arm-io/dcpext] [dptxport] [dcpdptx-port-epic0] 00000020  *
# [cpu2] [DCPTracer@/arm-io/dcpext] [dptxport] <RX msg:0x85000000000000 (TYPE=0x85)
# [cpu2] [DCPTracer@/arm-io/dcpext] [dptxport] <Ch 1 Type REPLY Ver 2 Tag 29
# [cpu2] [DCPTracer@/arm-io/dcpext] [dptxport]   Len 30 Ver 4 Cat REPLY Type 0xc0/STD_SERVICE Seq 4
# [cpu2] [DCPTracer@/arm-io/dcpext] [dptxport] [dcpdptx-port-epic0] < hotPlugDetectChangeOccurred(unk=False)
# [cpu3] [DCPTracer@/arm-io/dcpext] [dptxport] >TX msg:0xa2000000001600 (TYPE=0xa2, WPTR=0x1600)
# [cpu3] [DCPTracer@/arm-io/dcpext] [dptxport] >Ch 1 Type 7 Ver 2 Tag 30
# [cpu3] [DCPTracer@/arm-io/dcpext] [dptxport]   Len 30 Ver 4 Cat COMMAND Type 0xc0/STD_SERVICE Seq 5
# [cpu3] [DCPTracer@/arm-io/dcpext] [dptxport] [dcpdptx-port-epic0] > unknown group 8; command 7
# [cpu3] [DCPTracer@/arm-io/dcpext] [dptxport] [dcpdptx-port-epic0] 00000000  00 00 00 00 00 00 00 00  00 00 00 00 00 00 00 00  |................|
# [cpu2] [DCPTracer@/arm-io/dcpext] [dptxport] <RX msg:0x85000000000000 (TYPE=0x85)
# [cpu2] [DCPTracer@/arm-io/dcpext] [dptxport] <Ch 1 Type NOTIFY Ver 2 Tag 30
# [cpu2] [DCPTracer@/arm-io/dcpext] [dptxport]   Len 84 Ver 4 Cat NOTIFY Type 0xc0/STD_SERVICE Seq 25
# [cpu2] [DCPTracer@/arm-io/dcpext] [dptxport] Notify:
# [cpu2] [DCPTracer@/arm-io/dcpext] [dptxport] [dcpdptx-port-epic0] < DPTX_APCALL_DEACTIVATE)
# [cpu2] [0xfffffe0014c225c0] MMIO: R.4   0x501e50008 (atc1-dpin0[0], offset 0x08) = 0x3
p.read32(0x501e50000 + 0x8)
# [cpu2] [0xfffffe0014c22744] MMIO: W.4   0x501e50008 (atc1-dpin0[0], offset 0x08) = 0x0
p.write32(0x501e50000 + 0x8, 0x0)
# [cpu2] [DCPTracer@/arm-io/dcpext] [dptxport] >TX msg:0xa20000000016c0 (TYPE=0xa2, WPTR=0x16c0)
# [cpu2] [DCPTracer@/arm-io/dcpext] [dptxport] >Ch 1 Type NOTIFY_ACK Ver 2 Tag 31
# [cpu2] [DCPTracer@/arm-io/dcpext] [dptxport]   Len 84 Ver 4 Cat REPLY Type 0xc0/STD_SERVICE Seq 25
# [cpu2] [DCPTracer@/arm-io/dcpext] [dptxport] NotifyAck:
# [cpu2] [DCPTracer@/arm-io/dcpext] [dptxport] [dcpdptx-port-epic0] > DPTX_APCALL_DEACTIVATE)
# [cpu2] [DCPTracer@/arm-io/dcpext] [dptxport] <RX msg:0x85000000000000 (TYPE=0x85)
# [cpu2] [DCPTracer@/arm-io/dcpext] [dptxport] <Ch 1 Type REPLY Ver 2 Tag 31
# [cpu2] [DCPTracer@/arm-io/dcpext] [dptxport]   Len 30 Ver 4 Cat REPLY Type 0xc0/STD_SERVICE Seq 5
# [cpu2] [DCPTracer@/arm-io/dcpext] [dptxport] [dcpdptx-port-epic0] < unknown group 8; command 7
# [cpu2] [DCPTracer@/arm-io/dcpext] [dptxport] [dcpdptx-port-epic0] 00000000  00 00 00 00 00 00 00 00  00 00 00 00 00 00 00 00  |................|
# [PhyTracer@/arm-io/atc-phy1] MMIO: R.4   ATCPHY_POWER_CTRL = 0x1b (SLEEP_SMALL=1, SLEEP_BIG=1, CLAMP_EN=0, APB_RESET_N=1, PHY_RESET_N=1)
# [PhyTracer@/arm-io/atc-phy1] MMIO: W.4   ATCPHY_POWER_CTRL = 0xb (SLEEP_SMALL=1, SLEEP_BIG=1, CLAMP_EN=0, APB_RESET_N=1, PHY_RESET_N=0)
# [PhyTracer@/arm-io/atc-phy1] MMIO: R.4   ATCPHY_POWER_CTRL = 0xb (SLEEP_SMALL=1, SLEEP_BIG=1, CLAMP_EN=0, APB_RESET_N=1, PHY_RESET_N=0)
# [PhyTracer@/arm-io/atc-phy1] MMIO: W.4   ATCPHY_POWER_CTRL = 0xf (SLEEP_SMALL=1, SLEEP_BIG=1, CLAMP_EN=1, APB_RESET_N=1, PHY_RESET_N=0)
# [PhyTracer@/arm-io/atc-phy1] MMIO: R.4   ATCPHY_MISC = 0x1 (RESET_N=1, LANE_SWAP=0)
# [PhyTracer@/arm-io/atc-phy1] MMIO: W.4   ATCPHY_MISC = 0x0 (RESET_N=0, LANE_SWAP=0)
# [PhyTracer@/arm-io/atc-phy1] MMIO: R.4   ATCPHY_POWER_CTRL = 0xf (SLEEP_SMALL=1, SLEEP_BIG=1, CLAMP_EN=1, APB_RESET_N=1, PHY_RESET_N=0)
# [PhyTracer@/arm-io/atc-phy1] MMIO: W.4   ATCPHY_POWER_CTRL = 0x7 (SLEEP_SMALL=1, SLEEP_BIG=1, CLAMP_EN=1, APB_RESET_N=0, PHY_RESET_N=0)
# [PhyTracer@/arm-io/atc-phy1] MMIO: R.4   ATCPHY_POWER_CTRL = 0x7 (SLEEP_SMALL=1, SLEEP_BIG=1, CLAMP_EN=1, APB_RESET_N=0, PHY_RESET_N=0)
# [PhyTracer@/arm-io/atc-phy1] MMIO: W.4   ATCPHY_POWER_CTRL = 0x5 (SLEEP_SMALL=1, SLEEP_BIG=0, CLAMP_EN=1, APB_RESET_N=0, PHY_RESET_N=0)
# [PhyTracer@/arm-io/atc-phy1] MMIO: R.4   ATCPHY_POWER_STAT = 0x0 (SLEEP_SMALL=0, SLEEP_BIG=0, CLAMP_EN=0, APB_RESET_N=0, PHY_RESET_N=0)
# [PhyTracer@/arm-io/atc-phy1] MMIO: R.4   ATCPHY_POWER_CTRL = 0x5 (SLEEP_SMALL=1, SLEEP_BIG=0, CLAMP_EN=1, APB_RESET_N=0, PHY_RESET_N=0)
# [PhyTracer@/arm-io/atc-phy1] MMIO: W.4   ATCPHY_POWER_CTRL = 0x4 (SLEEP_SMALL=0, SLEEP_BIG=0, CLAMP_EN=1, APB_RESET_N=0, PHY_RESET_N=0)
# [PhyTracer@/arm-io/atc-phy1] MMIO: R.4   ATCPHY_POWER_STAT = 0x0 (SLEEP_SMALL=0, SLEEP_BIG=0, CLAMP_EN=0, APB_RESET_N=0, PHY_RESET_N=0)
# [PhyTracer@/arm-io/atc-phy1] MMIO: R.4   USB2PHY_SIG = 0x1c10004 (VBUSDET_FORCE_VAL=0, VBUSDET_FORCE_EN=0, VBUSVLDEXT_FORCE_VAL=1, VBUSVLDEXT_FORCE_EN=0, MODE_HOST=0x10)
# [PhyTracer@/arm-io/atc-phy1] MMIO: W.4   USB2PHY_SIG = 0x1c17004 (VBUSDET_FORCE_VAL=0, VBUSDET_FORCE_EN=0, VBUSVLDEXT_FORCE_VAL=1, VBUSVLDEXT_FORCE_EN=0, MODE_HOST=0x17)
# [PhyTracer@/arm-io/atc-phy1] MMIO: R.4   USB2PHY_SIG = 0x1c17004 (VBUSDET_FORCE_VAL=0, VBUSDET_FORCE_EN=0, VBUSVLDEXT_FORCE_VAL=1, VBUSVLDEXT_FORCE_EN=0, MODE_HOST=0x17)
# [PhyTracer@/arm-io/atc-phy1] MMIO: W.4   USB2PHY_SIG = 0x1c17005 (VBUSDET_FORCE_VAL=1, VBUSDET_FORCE_EN=0, VBUSVLDEXT_FORCE_VAL=1, VBUSVLDEXT_FORCE_EN=0, MODE_HOST=0x17)
# [PhyTracer@/arm-io/atc-phy1] MMIO: R.4   USB2PHY_SIG = 0x1c17005 (VBUSDET_FORCE_VAL=1, VBUSDET_FORCE_EN=0, VBUSVLDEXT_FORCE_VAL=1, VBUSVLDEXT_FORCE_EN=0, MODE_HOST=0x17)
# [PhyTracer@/arm-io/atc-phy1] MMIO: W.4   USB2PHY_SIG = 0x1c17007 (VBUSDET_FORCE_VAL=1, VBUSDET_FORCE_EN=1, VBUSVLDEXT_FORCE_VAL=1, VBUSVLDEXT_FORCE_EN=0, MODE_HOST=0x17)
# [PhyTracer@/arm-io/atc-phy1] MMIO: R.4   USB2PHY_SIG = 0x1c17007 (VBUSDET_FORCE_VAL=1, VBUSDET_FORCE_EN=1, VBUSVLDEXT_FORCE_VAL=1, VBUSVLDEXT_FORCE_EN=0, MODE_HOST=0x17)
# [PhyTracer@/arm-io/atc-phy1] MMIO: W.4   USB2PHY_SIG = 0x1c17007 (VBUSDET_FORCE_VAL=1, VBUSDET_FORCE_EN=1, VBUSVLDEXT_FORCE_VAL=1, VBUSVLDEXT_FORCE_EN=0, MODE_HOST=0x17)
# [PhyTracer@/arm-io/atc-phy1] MMIO: R.4   USB2PHY_SIG = 0x1c17007 (VBUSDET_FORCE_VAL=1, VBUSDET_FORCE_EN=1, VBUSVLDEXT_FORCE_VAL=1, VBUSVLDEXT_FORCE_EN=0, MODE_HOST=0x17)
# [PhyTracer@/arm-io/atc-phy1] MMIO: W.4   USB2PHY_SIG = 0x1c1700f (VBUSDET_FORCE_VAL=1, VBUSDET_FORCE_EN=1, VBUSVLDEXT_FORCE_VAL=1, VBUSVLDEXT_FORCE_EN=1, MODE_HOST=0x17)
# [PhyTracer@/arm-io/atc-phy1] MMIO: R.4   USB2PHY_CTL = 0xb (RESET=1, PORT_RESET=1, APB_RESETN=0, SIDDQ=1)
# [PhyTracer@/arm-io/atc-phy1] MMIO: W.4   USB2PHY_CTL = 0x3 (RESET=1, PORT_RESET=1, APB_RESETN=0, SIDDQ=0)
# [PhyTracer@/arm-io/atc-phy1] MMIO: R.4   USB2PHY_CTL = 0x3 (RESET=1, PORT_RESET=1, APB_RESETN=0, SIDDQ=0)
# [PhyTracer@/arm-io/atc-phy1] MMIO: W.4   USB2PHY_CTL = 0x2 (RESET=0, PORT_RESET=1, APB_RESETN=0, SIDDQ=0)
# [PhyTracer@/arm-io/atc-phy1] MMIO: R.4   USB2PHY_CTL = 0x2 (RESET=0, PORT_RESET=1, APB_RESETN=0, SIDDQ=0)
# [PhyTracer@/arm-io/atc-phy1] MMIO: W.4   USB2PHY_CTL = 0x0 (RESET=0, PORT_RESET=0, APB_RESETN=0, SIDDQ=0)
# [PhyTracer@/arm-io/atc-phy1] MMIO: R.4   USB2PHY_CTL = 0x0 (RESET=0, PORT_RESET=0, APB_RESETN=0, SIDDQ=0)
# [PhyTracer@/arm-io/atc-phy1] MMIO: W.4   USB2PHY_CTL = 0x4 (RESET=0, PORT_RESET=0, APB_RESETN=1, SIDDQ=0)
# [PhyTracer@/arm-io/atc-phy1] MMIO: R.4   USB2PHY_MISCTUNE = 0x608c0013 (APBCLK_GATE_OFF=1, REFCLK_GATE_OFF=1)
# [PhyTracer@/arm-io/atc-phy1] MMIO: W.4   USB2PHY_MISCTUNE = 0x408c0013 (APBCLK_GATE_OFF=0, REFCLK_GATE_OFF=1)
# [PhyTracer@/arm-io/atc-phy1] MMIO: R.4   USB2PHY_MISCTUNE = 0x408c0013 (APBCLK_GATE_OFF=0, REFCLK_GATE_OFF=1)
# [PhyTracer@/arm-io/atc-phy1] MMIO: W.4   USB2PHY_MISCTUNE = 0x8c0013 (APBCLK_GATE_OFF=0, REFCLK_GATE_OFF=0)
# [PhyTracer@/arm-io/atc-phy1] MMIO: R.4   USB2PHY_USBCTL = 0x4 (MODE_HOST=0, MODE_ISOLATION=1)
# [PhyTracer@/arm-io/atc-phy1] MMIO: W.4   USB2PHY_USBCTL = 0x2 (MODE_HOST=1, MODE_ISOLATION=0)
# [Dwc3Tracer@/arm-io/usb-drd1] MMIO: R.4   PIPEHANDLER_AON_GEN = 0x30 (DWC3_FORCE_CLAMP_EN=1, DWC3_RESET_N=0)
# [Dwc3Tracer@/arm-io/usb-drd1] MMIO: W.4   PIPEHANDLER_AON_GEN = 0x20 (DWC3_FORCE_CLAMP_EN=0, DWC3_RESET_N=0)
# [Dwc3Tracer@/arm-io/usb-drd1] MMIO: R.4   PIPEHANDLER_AON_GEN = 0x20 (DWC3_FORCE_CLAMP_EN=0, DWC3_RESET_N=0)
# [Dwc3Tracer@/arm-io/usb-drd1] MMIO: W.4   PIPEHANDLER_AON_GEN = 0x21 (DWC3_FORCE_CLAMP_EN=0, DWC3_RESET_N=1)
# [Dwc3Tracer@/arm-io/usb-drd1] MMIO: R.4   PIPEHANDLER_MUX_CTRL = 0x22 (MUX_MODE=2(DUMMY_PHY), CLK_SELECT=4(DUMMY_PHY))
# [Dwc3Tracer@/arm-io/usb-drd1] MMIO: R.4   DWC3_D38 = 0x0 ()
# [Dwc3Tracer@/arm-io/usb-drd1] MMIO: W.4   DWC3_D38 = 0xf800000 ()
# [Dwc3Tracer@/arm-io/usb-drd1] MMIO: R.4   DWC3_D38 = 0xf800000 ()
# [Dwc3Tracer@/arm-io/usb-drd1] MMIO: W.4   DWC3_D38 = 0xf800f80 ()
# [Dwc3Tracer@/arm-io/usb-drd1] MMIO: R.4   DWC3_D3C = 0x0 ()
# [Dwc3Tracer@/arm-io/usb-drd1] MMIO: W.4   DWC3_D3C = 0xfc00000 ()
# [Dwc3Tracer@/arm-io/usb-drd1] MMIO: R.4   DWC3_D3C = 0xfc00000 ()
# [Dwc3Tracer@/arm-io/usb-drd1] MMIO: W.4   DWC3_D3C = 0xfc00fc0 ()
# [Dwc3Tracer@/arm-io/usb-drd1] MMIO: R.4   DWC3_D40 = 0x3c20060c ()
# [Dwc3Tracer@/arm-io/usb-drd1] MMIO: W.4   DWC3_D40 = 0x3c14060c ()
# [Dwc3Tracer@/arm-io/usb-drd1] MMIO: R.4   DWC3_D40 = 0x3c14060c ()
# [Dwc3Tracer@/arm-io/usb-drd1] MMIO: W.4   DWC3_D40 = 0x3c140a0c ()
# [Dwc3Tracer@/arm-io/usb-drd1] MMIO: R.4   DWC3_D40 = 0x3c140a0c ()
# [Dwc3Tracer@/arm-io/usb-drd1] MMIO: W.4   DWC3_D40 = 0x3c140a10 ()
# [Dwc3Tracer@/arm-io/usb-drd1] MMIO: R.4   GCTL = 0x30c12004 (U2RSTECN=1, PRTCAP=2, CORESOFTRESET=0, SOFITPSYNC=0, SCALEDOWN=0, DISSCRAMBLE=0, U2EXIT_LFPS=1, GBLHIBERNATIONEN=0, DSBLCLKGTNG=0)
# [Dwc3Tracer@/arm-io/usb-drd1] MMIO: W.4   GCTL = 0x692004 (U2RSTECN=1, PRTCAP=2, CORESOFTRESET=0, SOFITPSYNC=0, SCALEDOWN=0, DISSCRAMBLE=0, U2EXIT_LFPS=1, GBLHIBERNATIONEN=0, DSBLCLKGTNG=0)
# [Dwc3Tracer@/arm-io/usb-drd1] MMIO: R.4   GCTL = 0x692004 (U2RSTECN=1, PRTCAP=2, CORESOFTRESET=0, SOFITPSYNC=0, SCALEDOWN=0, DISSCRAMBLE=0, U2EXIT_LFPS=1, GBLHIBERNATIONEN=0, DSBLCLKGTNG=0)
# [Dwc3Tracer@/arm-io/usb-drd1] MMIO: W.4   GCTL = 0x692006 (U2RSTECN=1, PRTCAP=2, CORESOFTRESET=0, SOFITPSYNC=0, SCALEDOWN=0, DISSCRAMBLE=0, U2EXIT_LFPS=1, GBLHIBERNATIONEN=1, DSBLCLKGTNG=0)
# [Dwc3Tracer@/arm-io/usb-drd1] MMIO: R.4   GUSB2PHYCFG = 0x102400 (PHYSOFTRST=0, U2_FREECLK_EXISTS=0, SUSPHY=0, ULPI_UTMI=0, ENBLSLPM=0)
# [Dwc3Tracer@/arm-io/usb-drd1] MMIO: W.4   GUSB2PHYCFG = 0x102400 (PHYSOFTRST=0, U2_FREECLK_EXISTS=0, SUSPHY=0, ULPI_UTMI=0, ENBLSLPM=0)
# [Dwc3Tracer@/arm-io/usb-drd1] MMIO: R.4   GUSB3PIPECTL = 0x1021102 (PHYSOFTRST=0, U2SSINP3OK=0, DISRXDETINP3=0, UX_EXIT_PX=0, REQP1P2P3=1, DEPOCHANGE=0, SUSPHY=1, LFPSFILT=0, RX_DETOPOLL=1)
# [Dwc3Tracer@/arm-io/usb-drd1] MMIO: W.4   GUSB3PIPECTL = 0x1001102 (PHYSOFTRST=0, U2SSINP3OK=0, DISRXDETINP3=0, UX_EXIT_PX=0, REQP1P2P3=1, DEPOCHANGE=0, SUSPHY=0, LFPSFILT=0, RX_DETOPOLL=1)
# [Dwc3Tracer@/arm-io/usb-drd1] MMIO: R.4   GCTL = 0x692006 (U2RSTECN=1, PRTCAP=2, CORESOFTRESET=0, SOFITPSYNC=0, SCALEDOWN=0, DISSCRAMBLE=0, U2EXIT_LFPS=1, GBLHIBERNATIONEN=1, DSBLCLKGTNG=0)
# [Dwc3Tracer@/arm-io/usb-drd1] MMIO: W.4   GCTL = 0x691006 (U2RSTECN=1, PRTCAP=1, CORESOFTRESET=0, SOFITPSYNC=0, SCALEDOWN=0, DISSCRAMBLE=0, U2EXIT_LFPS=1, GBLHIBERNATIONEN=1, DSBLCLKGTNG=0)
# [Dwc3Tracer@/arm-io/usb-drd1] MMIO: R.4   GUSB3PIPECTL = 0x1001102 (PHYSOFTRST=0, U2SSINP3OK=0, DISRXDETINP3=0, UX_EXIT_PX=0, REQP1P2P3=1, DEPOCHANGE=0, SUSPHY=0, LFPSFILT=0, RX_DETOPOLL=1)
# [Dwc3Tracer@/arm-io/usb-drd1] MMIO: W.4   GUSB3PIPECTL = 0x1021102 (PHYSOFTRST=0, U2SSINP3OK=0, DISRXDETINP3=0, UX_EXIT_PX=0, REQP1P2P3=1, DEPOCHANGE=0, SUSPHY=1, LFPSFILT=0, RX_DETOPOLL=1)
# [Dwc3Tracer@/arm-io/usb-drd1] MMIO: R.4   GUSB2PHYCFG = 0x102400 (PHYSOFTRST=0, U2_FREECLK_EXISTS=0, SUSPHY=0, ULPI_UTMI=0, ENBLSLPM=0)
# [Dwc3Tracer@/arm-io/usb-drd1] MMIO: W.4   GUSB2PHYCFG = 0x102440 (PHYSOFTRST=0, U2_FREECLK_EXISTS=0, SUSPHY=1, ULPI_UTMI=0, ENBLSLPM=0)
# [Dwc3Tracer@/arm-io/usb-drd1] MMIO: R.4   PIPEHANDLER_NONSELECTED_OVERRIDE = 0x1332 (NATIVE_POWER_DOWN=0x2, NATIVE_RESET=1, DUMMY_PHY_EN=0)
# [Dwc3Tracer@/arm-io/usb-drd1] MMIO: W.4   PIPEHANDLER_NONSELECTED_OVERRIDE = 0x9332 (NATIVE_POWER_DOWN=0x2, NATIVE_RESET=1, DUMMY_PHY_EN=1)
# [Dwc3Tracer@/arm-io/usb-drd1] MMIO: R.4   PIPEHANDLER_MUX_CTRL = 0x22 (MUX_MODE=2(DUMMY_PHY), CLK_SELECT=4(DUMMY_PHY))
# [Dwc3Tracer@/arm-io/usb-drd1] MMIO: R.4   GSBUSCFG1 = 0x6f00 ()
# [Dwc3Tracer@/arm-io/usb-drd1] MMIO: W.4   GSBUSCFG1 = 0x2f00 ()
# [Dwc3Tracer@/arm-io/usb-drd1] MMIO: R.4   GUCTL = 0xa416802 ()
# [Dwc3Tracer@/arm-io/usb-drd1] MMIO: W.4   GUCTL = 0xa4b68c8 ()
# [Dwc3Tracer@/arm-io/usb-drd1] MMIO: R.4   GDBGLTSSM = 0x9cc20006 ()
# [Dwc3Tracer@/arm-io/usb-drd1] MMIO: W.4   GDBGLTSSM = 0x9cc20004 ()
# [Dwc3Tracer@/arm-io/usb-drd1] MMIO: R.4   GUSB2PHYCFG = 0x102440 (PHYSOFTRST=0, U2_FREECLK_EXISTS=0, SUSPHY=1, ULPI_UTMI=0, ENBLSLPM=0)
# [Dwc3Tracer@/arm-io/usb-drd1] MMIO: W.4   GUSB2PHYCFG = 0x2102440 (PHYSOFTRST=0, U2_FREECLK_EXISTS=0, SUSPHY=1, ULPI_UTMI=0, ENBLSLPM=0)
# [Dwc3Tracer@/arm-io/usb-drd1] MMIO: R.4   PIPEHANDLER_NONSELECTED_OVERRIDE = 0x9332 (NATIVE_POWER_DOWN=0x2, NATIVE_RESET=1, DUMMY_PHY_EN=1)
# [Dwc3Tracer@/arm-io/usb-drd1] MMIO: W.4   PIPEHANDLER_NONSELECTED_OVERRIDE = 0x9732 (NATIVE_POWER_DOWN=0x2, NATIVE_RESET=1, DUMMY_PHY_EN=1)
# [Dwc3Tracer@/arm-io/usb-drd1] MMIO: R.4   0x50228d020 = 0x4e928162
# [Dwc3Tracer@/arm-io/usb-drd1] MMIO: R.4   0x50228d024 = 0x8b8080
# [Dwc3Tracer@/arm-io/usb-drd1] MMIO: R.4   PIPEHANDLER_AON_GEN = 0x21 (DWC3_FORCE_CLAMP_EN=0, DWC3_RESET_N=1)
# [PhyTracer@/arm-io/atc-phy1] MMIO: R.4   ATCPHY_MISC = 0x0 (RESET_N=0, LANE_SWAP=0)
# [PhyTracer@/arm-io/atc-phy1] MMIO: W.4   ATCPHY_MISC = 0x1 (RESET_N=1, LANE_SWAP=0)
# [PhyTracer@/arm-io/atc-phy1] MMIO: R.4   ATCPHY_POWER_CTRL = 0x4 (SLEEP_SMALL=0, SLEEP_BIG=0, CLAMP_EN=1, APB_RESET_N=0, PHY_RESET_N=0)
# [PhyTracer@/arm-io/atc-phy1] MMIO: W.4   ATCPHY_POWER_CTRL = 0x5 (SLEEP_SMALL=1, SLEEP_BIG=0, CLAMP_EN=1, APB_RESET_N=0, PHY_RESET_N=0)
# [PhyTracer@/arm-io/atc-phy1] MMIO: R.4   ATCPHY_POWER_STAT = 0x1 (SLEEP_SMALL=1, SLEEP_BIG=0, CLAMP_EN=0, APB_RESET_N=0, PHY_RESET_N=0)
# [PhyTracer@/arm-io/atc-phy1] MMIO: R.4   ATCPHY_POWER_CTRL = 0x5 (SLEEP_SMALL=1, SLEEP_BIG=0, CLAMP_EN=1, APB_RESET_N=0, PHY_RESET_N=0)
# [PhyTracer@/arm-io/atc-phy1] MMIO: W.4   ATCPHY_POWER_CTRL = 0x7 (SLEEP_SMALL=1, SLEEP_BIG=1, CLAMP_EN=1, APB_RESET_N=0, PHY_RESET_N=0)
# [PhyTracer@/arm-io/atc-phy1] MMIO: R.4   ATCPHY_POWER_STAT = 0x3 (SLEEP_SMALL=1, SLEEP_BIG=1, CLAMP_EN=0, APB_RESET_N=0, PHY_RESET_N=0)
# [PhyTracer@/arm-io/atc-phy1] MMIO: R.4   ATCPHY_POWER_CTRL = 0x7 (SLEEP_SMALL=1, SLEEP_BIG=1, CLAMP_EN=1, APB_RESET_N=0, PHY_RESET_N=0)
# [PhyTracer@/arm-io/atc-phy1] MMIO: W.4   ATCPHY_POWER_CTRL = 0x3 (SLEEP_SMALL=1, SLEEP_BIG=1, CLAMP_EN=0, APB_RESET_N=0, PHY_RESET_N=0)
# [PhyTracer@/arm-io/atc-phy1] MMIO: R.4   ATCPHY_POWER_CTRL = 0x3 (SLEEP_SMALL=1, SLEEP_BIG=1, CLAMP_EN=0, APB_RESET_N=0, PHY_RESET_N=0)
# [PhyTracer@/arm-io/atc-phy1] MMIO: W.4   ATCPHY_POWER_CTRL = 0xb (SLEEP_SMALL=1, SLEEP_BIG=1, CLAMP_EN=0, APB_RESET_N=1, PHY_RESET_N=0)
# [PhyTracer@/arm-io/atc-phy1] MMIO: R.4   CIO3PLL_DCO_NCTRL = 0x80 (DCO_COARSEBIN_EFUSE0=0x0, DCO_COARSEBIN_EFUSE1=0x0)
# [PhyTracer@/arm-io/atc-phy1] MMIO: W.4   CIO3PLL_DCO_NCTRL = 0xa5 (DCO_COARSEBIN_EFUSE0=0x25, DCO_COARSEBIN_EFUSE1=0x0)
# [PhyTracer@/arm-io/atc-phy1] MMIO: R.4   CIO3PLL_DCO_NCTRL = 0xa5 (DCO_COARSEBIN_EFUSE0=0x25, DCO_COARSEBIN_EFUSE1=0x0)
# [PhyTracer@/arm-io/atc-phy1] MMIO: W.4   CIO3PLL_DCO_NCTRL = 0x5600a5 (DCO_COARSEBIN_EFUSE0=0x25, DCO_COARSEBIN_EFUSE1=0x2b)
# [PhyTracer@/arm-io/atc-phy1] MMIO: R.4   CIO3PLL_FRACN_CAN = 0x1044201 (DLL_CAL_START_CAPCODE=2)
# [PhyTracer@/arm-io/atc-phy1] MMIO: W.4   CIO3PLL_FRACN_CAN = 0x1024201 (DLL_CAL_START_CAPCODE=1)
# [PhyTracer@/arm-io/atc-phy1] MMIO: R.4   AUS_COMMON_SHIM_BLK_VREG = 0x40 (VREG_TRIM=0x10)
# [PhyTracer@/arm-io/atc-phy1] MMIO: W.4   AUS_COMMON_SHIM_BLK_VREG = 0x3c (VREG_TRIM=0xf)
# [PhyTracer@/arm-io/atc-phy1] MMIO: R.4   CIO3PLL_FRACN_CAN = 0x1024201 (DLL_CAL_START_CAPCODE=1)
# [PhyTracer@/arm-io/atc-phy1] MMIO: W.4   CIO3PLL_FRACN_CAN = 0x1004201 (DLL_CAL_START_CAPCODE=0)
# [PhyTracer@/arm-io/atc-phy1] MMIO: R.4   CIO3PLL_DTC_VREG = 0x1296822 (DTC_VREG_ADJUST=5)
# [PhyTracer@/arm-io/atc-phy1] MMIO: W.4   CIO3PLL_DTC_VREG = 0x1296822 (DTC_VREG_ADJUST=5)
# [PhyTracer@/arm-io/atc-phy1] MMIO: R.4   AUSPLL_DCO_EFUSE_SPARE = 0x103003 (RODCO_ENCAP_EFUSE=0, RODCO_BIAS_ADJUST_EFUSE=3)
# [PhyTracer@/arm-io/atc-phy1] MMIO: W.4   AUSPLL_DCO_EFUSE_SPARE = 0x103003 (RODCO_ENCAP_EFUSE=0, RODCO_BIAS_ADJUST_EFUSE=3)
# [PhyTracer@/arm-io/atc-phy1] MMIO: R.4   AUSPLL_DCO_EFUSE_SPARE = 0x103003 (RODCO_ENCAP_EFUSE=0, RODCO_BIAS_ADJUST_EFUSE=3)
# [PhyTracer@/arm-io/atc-phy1] MMIO: W.4   AUSPLL_DCO_EFUSE_SPARE = 0x104003 (RODCO_ENCAP_EFUSE=0, RODCO_BIAS_ADJUST_EFUSE=4)
# [PhyTracer@/arm-io/atc-phy1] MMIO: R.4   AUSPLL_FRACN_CAN = 0x1044200 (DLL_START_CAPCODE=2)
# [PhyTracer@/arm-io/atc-phy1] MMIO: W.4   AUSPLL_FRACN_CAN = 0x1044200 (DLL_START_CAPCODE=2)
# [PhyTracer@/arm-io/atc-phy1] MMIO: R.4   AUSPLL_CLKOUT_DTC_VREG = 0x11090a2 (DTC_VREG_ADJUST=2)
# [PhyTracer@/arm-io/atc-phy1] MMIO: W.4   AUSPLL_CLKOUT_DTC_VREG = 0x11090a2 (DTC_VREG_ADJUST=2)
# [PhyTracer@/arm-io/atc-phy1] MMIO: R.4   AUS_COMMON_SHIM_BLK_VREG = 0x3c (VREG_TRIM=0xf)
# [PhyTracer@/arm-io/atc-phy1] MMIO: W.4   AUS_COMMON_SHIM_BLK_VREG = 0x3c (VREG_TRIM=0xf)
# [PhyTracer@/arm-io/atc-phy1] MMIO: R.4   ACIOPHY_TOP_TUNABLE_118 = 0x0 ()
# [PhyTracer@/arm-io/atc-phy1] MMIO: W.4   ACIOPHY_TOP_TUNABLE_118 = 0x8446abe6 ()
# [PhyTracer@/arm-io/atc-phy1] MMIO: R.4   ACIOPHY_TOP_TUNABLE_11c = 0x0 ()
# [PhyTracer@/arm-io/atc-phy1] MMIO: W.4   ACIOPHY_TOP_TUNABLE_11c = 0x18080887 ()
# [PhyTracer@/arm-io/atc-phy1] MMIO: R.4   ACIOPHY_TOP_TUNABLE_124 = 0x0 ()
# [PhyTracer@/arm-io/atc-phy1] MMIO: W.4   ACIOPHY_TOP_TUNABLE_124 = 0x640a ()
# [PhyTracer@/arm-io/atc-phy1] MMIO: R.4   ACIOPHY_TOP_TUNABLE_118 = 0x8446abe6 ()
# [PhyTracer@/arm-io/atc-phy1] MMIO: R.4   ACIOPHY_TOP_TUNABLE_11c = 0x18080887 ()
# [PhyTracer@/arm-io/atc-phy1] MMIO: R.4   ACIOPHY_TOP_TUNABLE_124 = 0x640a ()
# [PhyTracer@/arm-io/atc-phy1] MMIO: R.4   ACIOPHY_TOP_TUNABLE_a00 = 0x122180 ()
# [PhyTracer@/arm-io/atc-phy1] MMIO: W.4   ACIOPHY_TOP_TUNABLE_a00 = 0x13c180 ()
# [PhyTracer@/arm-io/atc-phy1] MMIO: R.4   ACIOPHY_TOP_TUNABLE_808 = 0xc44c446 ()
# [PhyTracer@/arm-io/atc-phy1] MMIO: W.4   ACIOPHY_TOP_TUNABLE_808 = 0x222c226 ()
# [PhyTracer@/arm-io/atc-phy1] MMIO: R.4   AUSPLL_DCO_EFUSE_SPARE = 0x104003 (RODCO_ENCAP_EFUSE=0, RODCO_BIAS_ADJUST_EFUSE=4)
# [PhyTracer@/arm-io/atc-phy1] MMIO: W.4   AUSPLL_DCO_EFUSE_SPARE = 0x104903 (RODCO_ENCAP_EFUSE=0, RODCO_BIAS_ADJUST_EFUSE=4)
# [PhyTracer@/arm-io/atc-phy1] MMIO: R.4   AUSPLL_CORE_TUNABLE_78 = 0x18300811 ()
# [PhyTracer@/arm-io/atc-phy1] MMIO: W.4   AUSPLL_CORE_TUNABLE_78 = 0x10300811 ()
# [PhyTracer@/arm-io/atc-phy1] MMIO: R.4   AUSPLL_FRACN_CAN = 0x1044200 (DLL_START_CAPCODE=2)
# [PhyTracer@/arm-io/atc-phy1] MMIO: W.4   AUSPLL_FRACN_CAN = 0x1044201 (DLL_START_CAPCODE=2)
# [PhyTracer@/arm-io/atc-phy1] MMIO: R.4   AUSPLL_TOP_FREQ_DESC_0C = 0x450800 ()
# [PhyTracer@/arm-io/atc-phy1] MMIO: W.4   AUSPLL_TOP_FREQ_DESC_0C = 0x460800 ()
# [PhyTracer@/arm-io/atc-phy1] MMIO: R.4   AUSPLL_TOP_TUNABLE_2094 = 0x655200 ()
# [PhyTracer@/arm-io/atc-phy1] MMIO: W.4   AUSPLL_TOP_TUNABLE_2094 = 0x665200 ()
# [PhyTracer@/arm-io/atc-phy1] MMIO: R.4   AUSPLL_TOP_TUNABLE_20a0 = 0x644800 ()
# [PhyTracer@/arm-io/atc-phy1] MMIO: W.4   AUSPLL_TOP_TUNABLE_20a0 = 0x654800 ()
# [PhyTracer@/arm-io/atc-phy1] MMIO: R.4   AUSPLL_TOP_TUNABLE_20ac = 0x644800 ()
# [PhyTracer@/arm-io/atc-phy1] MMIO: W.4   AUSPLL_TOP_TUNABLE_20ac = 0x654800 ()
# [PhyTracer@/arm-io/atc-phy1] MMIO: R.4   AUSPLL_TOP_TUNABLE_20b8 = 0x644800 ()
# [PhyTracer@/arm-io/atc-phy1] MMIO: W.4   AUSPLL_TOP_TUNABLE_20b8 = 0x654800 ()
# [PhyTracer@/arm-io/atc-phy1] MMIO: R.4   CIO3PLL_CLK_CTRL = 0x2000 (PCLK_EN=0, REFCLK_EN=0)
# [PhyTracer@/arm-io/atc-phy1] MMIO: W.4   CIO3PLL_CLK_CTRL = 0x2022 (PCLK_EN=1, REFCLK_EN=1)
# [PhyTracer@/arm-io/atc-phy1] MMIO: R.4   CIO3PLL_CORE_TUNABLE_1c = 0x33033 ()
# [PhyTracer@/arm-io/atc-phy1] MMIO: W.4   CIO3PLL_CORE_TUNABLE_1c = 0x32033 ()
# [PhyTracer@/arm-io/atc-phy1] MMIO: R.4   CIO3PLL_DTC_VREG = 0x1296822 (DTC_VREG_ADJUST=5)
# [PhyTracer@/arm-io/atc-phy1] MMIO: W.4   CIO3PLL_DTC_VREG = 0x12b6823 (DTC_VREG_ADJUST=5)
# [PhyTracer@/arm-io/atc-phy1] MMIO: R.4   CIO3PLL_CORE_TUNABLE_28 = 0x200d ()
# [PhyTracer@/arm-io/atc-phy1] MMIO: W.4   CIO3PLL_CORE_TUNABLE_28 = 0x201d ()
# [PhyTracer@/arm-io/atc-phy1] MMIO: R.4   CIO3PLL_CORE_TUNABLE_9c = 0x20005 ()
# [PhyTracer@/arm-io/atc-phy1] MMIO: W.4   CIO3PLL_CORE_TUNABLE_9c = 0x5 ()
# [PhyTracer@/arm-io/atc-phy1] MMIO: R.4   CIO3PLL_TOP_TUNABLE_10 = 0x8080802 ()
# [PhyTracer@/arm-io/atc-phy1] MMIO: W.4   CIO3PLL_TOP_TUNABLE_10 = 0xa0a0a04 ()
# [PhyTracer@/arm-io/atc-phy1] MMIO: R.4   CIO3PLL_TOP_TUNABLE_88 = 0x6522b ()
# [PhyTracer@/arm-io/atc-phy1] MMIO: W.4   CIO3PLL_TOP_TUNABLE_88 = 0x65327 ()
# [PhyTracer@/arm-io/atc-phy1] MMIO: R.4   CIO3PLL_TOP_TUNABLE_94 = 0x865216 ()
# [PhyTracer@/arm-io/atc-phy1] MMIO: W.4   CIO3PLL_TOP_TUNABLE_94 = 0x865315 ()
# [PhyTracer@/arm-io/atc-phy1] MMIO: R.4   LN0_AUSPMA_TX_TOP[2] = 0x6d9e ()
# [PhyTracer@/arm-io/atc-phy1] MMIO: R.4   LN0_AUSPMA_TX_TOP[6] = 0x1891504 ()
# [PhyTracer@/arm-io/atc-phy1] MMIO: W.4   LN0_AUSPMA_TX_TOP[6] = 0x3018184 ()
# [PhyTracer@/arm-io/atc-phy1] MMIO: R.4   LN0_AUSPMA_TX_TOP[7] = 0x1682d0 ()
# [PhyTracer@/arm-io/atc-phy1] MMIO: W.4   LN0_AUSPMA_TX_TOP[7] = 0x1685a0 ()
# [PhyTracer@/arm-io/atc-phy1] MMIO: R.4   LN0_AUSPMA_TX_TOP[12] = 0x2800 ()
# [PhyTracer@/arm-io/atc-phy1] MMIO: W.4   LN0_AUSPMA_TX_TOP[12] = 0x2a00 ()
# [PhyTracer@/arm-io/atc-phy1] MMIO: R.4   LN0_AUSPMA_TX_TOP[32] = 0x21780 ()
# [PhyTracer@/arm-io/atc-phy1] MMIO: W.4   LN0_AUSPMA_TX_TOP[32] = 0x1a1780 ()
# [PhyTracer@/arm-io/atc-phy1] MMIO: R.4   LN0_AUSPMA_TX_TOP[35] = 0x4c4c446 ()
# [PhyTracer@/arm-io/atc-phy1] MMIO: W.4   LN0_AUSPMA_TX_TOP[35] = 0x2222226 ()
# [PhyTracer@/arm-io/atc-phy1] MMIO: R.4   LN0_AUSPMA_TX_TOP[2] = 0x6d9e ()
# [PhyTracer@/arm-io/atc-phy1] MMIO: R.4   LN0_AUSPMA_TX_TOP[6] = 0x3018184 ()
# [PhyTracer@/arm-io/atc-phy1] MMIO: R.4   LN0_AUSPMA_TX_TOP[7] = 0x1685a0 ()
# [PhyTracer@/arm-io/atc-phy1] MMIO: R.4   LN0_AUSPMA_TX_TOP[12] = 0x2a00 ()
# [PhyTracer@/arm-io/atc-phy1] MMIO: R.4   LN0_AUSPMA_TX_TOP[32] = 0x1a1780 ()
# [PhyTracer@/arm-io/atc-phy1] MMIO: R.4   LN0_AUSPMA_TX_TOP[35] = 0x2222226 ()
# [PhyTracer@/arm-io/atc-phy1] MMIO: R.4   LN0_AUSPMA_RX_TOP[0] = 0x78000000 ()
# [PhyTracer@/arm-io/atc-phy1] MMIO: W.4   LN0_AUSPMA_RX_TOP[0] = 0x3e000000 ()
# [PhyTracer@/arm-io/atc-phy1] MMIO: R.4   LN0_AUSPMA_RX_TOP[5] = 0x26c6f7 ()
# [PhyTracer@/arm-io/atc-phy1] MMIO: W.4   LN0_AUSPMA_RX_TOP[5] = 0x2646f7 ()
# [PhyTracer@/arm-io/atc-phy1] MMIO: R.4   LN0_AUSPMA_RX_TOP[11] = 0x100700d5 ()
# [PhyTracer@/arm-io/atc-phy1] MMIO: W.4   LN0_AUSPMA_RX_TOP[11] = 0x30a70fdf ()
# [PhyTracer@/arm-io/atc-phy1] MMIO: R.4   LN0_AUSPMA_RX_TOP[12] = 0xee00ff40 ()
# [PhyTracer@/arm-io/atc-phy1] MMIO: W.4   LN0_AUSPMA_RX_TOP[12] = 0xeeffce40 ()
# [PhyTracer@/arm-io/atc-phy1] MMIO: R.4   LN0_AUSPMA_RX_TOP[16] = 0x70001 ()
# [PhyTracer@/arm-io/atc-phy1] MMIO: W.4   LN0_AUSPMA_RX_TOP[16] = 0x40001 ()
# [PhyTracer@/arm-io/atc-phy1] MMIO: R.4   LN0_AUSPMA_RX_TOP[17] = 0x4d0003 ()
# [PhyTracer@/arm-io/atc-phy1] MMIO: W.4   LN0_AUSPMA_RX_TOP[17] = 0x4f0003 ()
# [PhyTracer@/arm-io/atc-phy1] MMIO: R.4   LN0_AUSPMA_RX_TOP[26] = 0x3f03a ()
# [PhyTracer@/arm-io/atc-phy1] MMIO: W.4   LN0_AUSPMA_RX_TOP[26] = 0x3f01a ()
# [PhyTracer@/arm-io/atc-phy1] MMIO: R.4   LN0_AUSPMA_RX_TOP[29] = 0x1f00c800 ()
# [PhyTracer@/arm-io/atc-phy1] MMIO: W.4   LN0_AUSPMA_RX_TOP[29] = 0x1f00c83e ()
# [PhyTracer@/arm-io/atc-phy1] MMIO: R.4   LN0_AUSPMA_RX_TOP[33] = 0x28062 ()
# [PhyTracer@/arm-io/atc-phy1] MMIO: W.4   LN0_AUSPMA_RX_TOP[33] = 0x406a ()
# [PhyTracer@/arm-io/atc-phy1] MMIO: R.4   LN0_AUSPMA_RX_TOP[34] = 0x1021c38 ()
# [PhyTracer@/arm-io/atc-phy1] MMIO: W.4   LN0_AUSPMA_RX_TOP[34] = 0x1021224 ()
# [PhyTracer@/arm-io/atc-phy1] MMIO: R.4   LN0_AUSPMA_RX_TOP[43] = 0x66428 ()
# [PhyTracer@/arm-io/atc-phy1] MMIO: W.4   LN0_AUSPMA_RX_TOP[43] = 0x46428 ()
# [PhyTracer@/arm-io/atc-phy1] MMIO: R.4   LN0_AUSPMA_RX_TOP[55] = 0x0 ()
# [PhyTracer@/arm-io/atc-phy1] MMIO: W.4   LN0_AUSPMA_RX_TOP[55] = 0xcc28c48a ()
# [PhyTracer@/arm-io/atc-phy1] MMIO: R.4   LN0_AUSPMA_RX_TOP[59] = 0x2 ()
# [PhyTracer@/arm-io/atc-phy1] MMIO: W.4   LN0_AUSPMA_RX_TOP[59] = 0x2606 ()
# [PhyTracer@/arm-io/atc-phy1] MMIO: R.4   LN0_AUSPMA_RX_TOP[61] = 0x14504250 ()
# [PhyTracer@/arm-io/atc-phy1] MMIO: W.4   LN0_AUSPMA_RX_TOP[61] = 0x3280650 ()
# [PhyTracer@/arm-io/atc-phy1] MMIO: R.4   LN0_AUSPMA_RX_TOP[63] = 0x1128a ()
# [PhyTracer@/arm-io/atc-phy1] MMIO: W.4   LN0_AUSPMA_RX_TOP[63] = 0x11284 ()
# [PhyTracer@/arm-io/atc-phy1] MMIO: R.4   LN0_AUSPMA_RX_TOP[65] = 0x7040704 ()
# [PhyTracer@/arm-io/atc-phy1] MMIO: W.4   LN0_AUSPMA_RX_TOP[65] = 0x7040202 ()
# [PhyTracer@/arm-io/atc-phy1] MMIO: R.4   LN0_AUSPMA_RX_TOP[66] = 0x3 ()
# [PhyTracer@/arm-io/atc-phy1] MMIO: W.4   LN0_AUSPMA_RX_TOP[66] = 0x0 ()
# [PhyTracer@/arm-io/atc-phy1] MMIO: R.4   LN0_AUSPMA_RX_TOP[68] = 0x4c4c447 ()
# [PhyTracer@/arm-io/atc-phy1] MMIO: W.4   LN0_AUSPMA_RX_TOP[68] = 0x2222227 ()
# [PhyTracer@/arm-io/atc-phy1] MMIO: R.4   LN0_AUSPMA_RX_TOP[0] = 0x3e000000 ()
# [PhyTracer@/arm-io/atc-phy1] MMIO: R.4   LN0_AUSPMA_RX_TOP[5] = 0x2646f7 ()
# [PhyTracer@/arm-io/atc-phy1] MMIO: R.4   LN0_AUSPMA_RX_TOP[11] = 0x30a70fdf ()
# [PhyTracer@/arm-io/atc-phy1] MMIO: R.4   LN0_AUSPMA_RX_TOP[12] = 0xeeffce40 ()
# [PhyTracer@/arm-io/atc-phy1] MMIO: W.4   LN0_AUSPMA_RX_TOP[12] = 0xee00ce40 ()
# [PhyTracer@/arm-io/atc-phy1] MMIO: R.4   LN0_AUSPMA_RX_TOP[16] = 0x40001 ()
# [PhyTracer@/arm-io/atc-phy1] MMIO: R.4   LN0_AUSPMA_RX_TOP[17] = 0x4f0003 ()
# [PhyTracer@/arm-io/atc-phy1] MMIO: R.4   LN0_AUSPMA_RX_TOP[26] = 0x3f01a ()
# [PhyTracer@/arm-io/atc-phy1] MMIO: R.4   LN0_AUSPMA_RX_TOP[29] = 0x1f00c83e ()
# [PhyTracer@/arm-io/atc-phy1] MMIO: R.4   LN0_AUSPMA_RX_TOP[33] = 0x406a ()
# [PhyTracer@/arm-io/atc-phy1] MMIO: R.4   LN0_AUSPMA_RX_TOP[34] = 0x1021224 ()
# [PhyTracer@/arm-io/atc-phy1] MMIO: R.4   LN0_AUSPMA_RX_TOP[43] = 0x46428 ()
# [PhyTracer@/arm-io/atc-phy1] MMIO: R.4   LN0_AUSPMA_RX_TOP[55] = 0xcc28c48a ()
# [PhyTracer@/arm-io/atc-phy1] MMIO: R.4   LN0_AUSPMA_RX_TOP[59] = 0x2606 ()
# [PhyTracer@/arm-io/atc-phy1] MMIO: R.4   LN0_AUSPMA_RX_TOP[61] = 0x3280650 ()
# [PhyTracer@/arm-io/atc-phy1] MMIO: R.4   LN0_AUSPMA_RX_TOP[63] = 0x11284 ()
# [PhyTracer@/arm-io/atc-phy1] MMIO: R.4   LN0_AUSPMA_RX_TOP[65] = 0x7040202 ()
# [PhyTracer@/arm-io/atc-phy1] MMIO: R.4   LN0_AUSPMA_RX_TOP[66] = 0x0 ()
# [PhyTracer@/arm-io/atc-phy1] MMIO: R.4   LN0_AUSPMA_RX_TOP[68] = 0x2222227 ()
# [PhyTracer@/arm-io/atc-phy1] MMIO: R.4   LN0_AUSPMA_RX_SHM_TJ_RXA_UNK_CTRL7 = 0x93c03c0 ()
# [PhyTracer@/arm-io/atc-phy1] MMIO: W.4   LN0_AUSPMA_RX_SHM_TJ_RXA_UNK_CTRL7 = 0x9c00c21 ()
# [PhyTracer@/arm-io/atc-phy1] MMIO: R.4   LN0_AUSPMA_RX_SHM_TJ_RXA_UNK_CTRL9 = 0x40000011 ()
# [PhyTracer@/arm-io/atc-phy1] MMIO: W.4   LN0_AUSPMA_RX_SHM_TJ_RXA_UNK_CTRL9 = 0x4000c011 ()
# [PhyTracer@/arm-io/atc-phy1] MMIO: R.4   LN0_AUSPMA_RX_SHM_TJ_RXA_DFE_CTRL10 = 0x78000001 (PMA_RXA_DTVREG_ADJUST=0xf)
# [PhyTracer@/arm-io/atc-phy1] MMIO: W.4   LN0_AUSPMA_RX_SHM_TJ_RXA_DFE_CTRL10 = 0x78000601 (PMA_RXA_DTVREG_ADJUST=0xf)
# [PhyTracer@/arm-io/atc-phy1] MMIO: R.4   LN0_AUSPMA_RX_SHM_TJ_RXA_DFE_CTRL11 = 0x2a800012 (PMA_RXA_DTVREG_BIG_EN=1, PMA_RXA_DTVREG_BIG_EN_OV=0, PMA_RXA_DTVREG_SML_EN=1, PMA_RXA_DTVREG_SML_EN_OV=0)
# [PhyTracer@/arm-io/atc-phy1] MMIO: W.4   LN0_AUSPMA_RX_SHM_TJ_RXA_DFE_CTRL11 = 0x2a800052 (PMA_RXA_DTVREG_BIG_EN=1, PMA_RXA_DTVREG_BIG_EN_OV=0, PMA_RXA_DTVREG_SML_EN=1, PMA_RXA_DTVREG_SML_EN_OV=0)
# [PhyTracer@/arm-io/atc-phy1] MMIO: R.4   LN0_AUSPMA_RX_SHM_TJ_UNK_CTRL14A = 0x290c1806 ()
# [PhyTracer@/arm-io/atc-phy1] MMIO: W.4   LN0_AUSPMA_RX_SHM_TJ_UNK_CTRL14A = 0x330c180e ()
# [PhyTracer@/arm-io/atc-phy1] MMIO: R.4   LN0_AUSPMA_RX_SHM_TJ_UNK_CTRL14B = 0x3024000 ()
# [PhyTracer@/arm-io/atc-phy1] MMIO: W.4   LN0_AUSPMA_RX_SHM_TJ_UNK_CTRL14B = 0x7024000 ()
# [PhyTracer@/arm-io/atc-phy1] MMIO: R.4   LN0_AUSPMA_RX_SHM[32] = 0x0 ()
# [PhyTracer@/arm-io/atc-phy1] MMIO: W.4   LN0_AUSPMA_RX_SHM[32] = 0x808550 ()
# [PhyTracer@/arm-io/atc-phy1] MMIO: R.4   LN0_AUSPMA_RX_SHM[33] = 0x6318c ()
# [PhyTracer@/arm-io/atc-phy1] MMIO: W.4   LN0_AUSPMA_RX_SHM[33] = 0x206719c ()
# [PhyTracer@/arm-io/atc-phy1] MMIO: R.4   LN0_AUSPMA_RX_SHM[34] = 0x0 ()
# [PhyTracer@/arm-io/atc-phy1] MMIO: W.4   LN0_AUSPMA_RX_SHM[34] = 0x20020020 ()
# [PhyTracer@/arm-io/atc-phy1] MMIO: R.4   LN0_AUSPMA_RX_SHM[35] = 0x0 ()
# [PhyTracer@/arm-io/atc-phy1] MMIO: W.4   LN0_AUSPMA_RX_SHM[35] = 0x800 ()
# [PhyTracer@/arm-io/atc-phy1] MMIO: R.4   LN0_AUSPMA_RX_SHM_TJ_RXA_UNK_CTRL7 = 0x9c00c21 ()
# [PhyTracer@/arm-io/atc-phy1] MMIO: R.4   LN0_AUSPMA_RX_SHM_TJ_RXA_UNK_CTRL9 = 0x4000c011 ()
# [PhyTracer@/arm-io/atc-phy1] MMIO: R.4   LN0_AUSPMA_RX_SHM_TJ_RXA_DFE_CTRL10 = 0x78000601 (PMA_RXA_DTVREG_ADJUST=0xf)
# [PhyTracer@/arm-io/atc-phy1] MMIO: R.4   LN0_AUSPMA_RX_SHM_TJ_RXA_DFE_CTRL11 = 0x2a800052 (PMA_RXA_DTVREG_BIG_EN=1, PMA_RXA_DTVREG_BIG_EN_OV=0, PMA_RXA_DTVREG_SML_EN=1, PMA_RXA_DTVREG_SML_EN_OV=0)
# [PhyTracer@/arm-io/atc-phy1] MMIO: R.4   LN0_AUSPMA_RX_SHM_TJ_UNK_CTRL14A = 0x330c180e ()
# [PhyTracer@/arm-io/atc-phy1] MMIO: R.4   LN0_AUSPMA_RX_SHM_TJ_UNK_CTRL14B = 0x7024000 ()
# [PhyTracer@/arm-io/atc-phy1] MMIO: R.4   LN0_AUSPMA_RX_SHM[32] = 0x808550 ()
# [PhyTracer@/arm-io/atc-phy1] MMIO: R.4   LN0_AUSPMA_RX_SHM[33] = 0x206719c ()
# [PhyTracer@/arm-io/atc-phy1] MMIO: W.4   LN0_AUSPMA_RX_SHM[33] = 0x20e739c ()
# [PhyTracer@/arm-io/atc-phy1] MMIO: R.4   LN0_AUSPMA_RX_SHM[34] = 0x20020020 ()
# [PhyTracer@/arm-io/atc-phy1] MMIO: R.4   LN0_AUSPMA_RX_SHM[35] = 0x800 ()
# [PhyTracer@/arm-io/atc-phy1] MMIO: R.4   AUSPLL_DCO_EFUSE_SPARE = 0x104903 (RODCO_ENCAP_EFUSE=0, RODCO_BIAS_ADJUST_EFUSE=4)
# [PhyTracer@/arm-io/atc-phy1] MMIO: R.4   AUSPLL_CORE_TUNABLE_78 = 0x10300811 ()
# [PhyTracer@/arm-io/atc-phy1] MMIO: R.4   AUSPLL_FRACN_CAN = 0x1044201 (DLL_START_CAPCODE=2)
# [PhyTracer@/arm-io/atc-phy1] MMIO: R.4   AUSPLL_TOP_FREQ_DESC_0C = 0x460800 ()
# [PhyTracer@/arm-io/atc-phy1] MMIO: R.4   AUSPLL_TOP_TUNABLE_2094 = 0x665200 ()
# [PhyTracer@/arm-io/atc-phy1] MMIO: R.4   AUSPLL_TOP_TUNABLE_20a0 = 0x654800 ()
# [PhyTracer@/arm-io/atc-phy1] MMIO: R.4   AUSPLL_TOP_TUNABLE_20ac = 0x654800 ()
# [PhyTracer@/arm-io/atc-phy1] MMIO: R.4   AUSPLL_TOP_TUNABLE_20b8 = 0x654800 ()
# [PhyTracer@/arm-io/atc-phy1] MMIO: R.4   ACIOPHY_TOP_TUNABLE_a00 = 0x13c180 ()
# [PhyTracer@/arm-io/atc-phy1] MMIO: R.4   ACIOPHY_TOP_TUNABLE_808 = 0x222c226 ()
# [PhyTracer@/arm-io/atc-phy1] MMIO: R.4   LN1_AUSPMA_TX_TOP[2] = 0x6d9e ()
# [PhyTracer@/arm-io/atc-phy1] MMIO: R.4   LN1_AUSPMA_TX_TOP[12] = 0x2800 ()
# [PhyTracer@/arm-io/atc-phy1] MMIO: W.4   LN1_AUSPMA_TX_TOP[12] = 0x2a00 ()
# [PhyTracer@/arm-io/atc-phy1] MMIO: R.4   LN1_AUSPMA_TX_TOP[32] = 0x21780 ()
# [PhyTracer@/arm-io/atc-phy1] MMIO: W.4   LN1_AUSPMA_TX_TOP[32] = 0x1a1780 ()
# [PhyTracer@/arm-io/atc-phy1] MMIO: R.4   LN1_AUSPMA_TX_TOP[35] = 0x4c4c446 ()
# [PhyTracer@/arm-io/atc-phy1] MMIO: W.4   LN1_AUSPMA_TX_TOP[35] = 0x2222226 ()
# [PhyTracer@/arm-io/atc-phy1] MMIO: R.4   AUSPLL_FSM_CTRL = 0x0 (APBREQ_OVSEL=0x0)
# [PhyTracer@/arm-io/atc-phy1] MMIO: W.4   AUSPLL_FSM_CTRL = 0x1fe000 (APBREQ_OVSEL=0xff)
# [PhyTracer@/arm-io/atc-phy1] MMIO: R.4   AUSPLL_CMD_OVERRIDE = 0x2 (APB_OVERRIDE=0)
# [PhyTracer@/arm-io/atc-phy1] MMIO: W.4   AUSPLL_CMD_OVERRIDE = 0x10000002 (APB_OVERRIDE=1)
# [PhyTracer@/arm-io/atc-phy1] MMIO: R.4   ACIOPHY_CFG0 = 0x10000cc5 ()
# [PhyTracer@/arm-io/atc-phy1] MMIO: W.4   ACIOPHY_CFG0 = 0x10000cc5 ()
# [PhyTracer@/arm-io/atc-phy1] MMIO: R.4   ACIOPHY_CFG0 = 0x10000cc5 ()
# [PhyTracer@/arm-io/atc-phy1] MMIO: W.4   ACIOPHY_CFG0 = 0x10000ccd ()
# [PhyTracer@/arm-io/atc-phy1] MMIO: R.4   ACIOPHY_CFG0 = 0x10000ccd ()
# [PhyTracer@/arm-io/atc-phy1] MMIO: W.4   ACIOPHY_CFG0 = 0x10000ccd ()
# [PhyTracer@/arm-io/atc-phy1] MMIO: R.4   ACIOPHY_CFG0 = 0x10000ccd ()
# [PhyTracer@/arm-io/atc-phy1] MMIO: W.4   ACIOPHY_CFG0 = 0x10000ccf ()
# [PhyTracer@/arm-io/atc-phy1] MMIO: R.4   ACIOPHY_CFG0 = 0x10000ccf ()
# [PhyTracer@/arm-io/atc-phy1] MMIO: W.4   ACIOPHY_CFG0 = 0x10000ccf ()
# [PhyTracer@/arm-io/atc-phy1] MMIO: R.4   ACIOPHY_CFG0 = 0x10000ccf ()
# [PhyTracer@/arm-io/atc-phy1] MMIO: W.4   ACIOPHY_CFG0 = 0x10000cef ()
# [PhyTracer@/arm-io/atc-phy1] MMIO: R.4   ACIOPHY_SLEEP_CTRL = 0x15540033 ()
# [PhyTracer@/arm-io/atc-phy1] MMIO: W.4   ACIOPHY_SLEEP_CTRL = 0x15540033 ()
# [PhyTracer@/arm-io/atc-phy1] MMIO: R.4   ACIOPHY_SLEEP_CTRL = 0x15540033 ()
# [PhyTracer@/arm-io/atc-phy1] MMIO: W.4   ACIOPHY_SLEEP_CTRL = 0x155400f3 ()
# [PhyTracer@/arm-io/atc-phy1] MMIO: R.4   ACIOPHY_SLEEP_CTRL = 0x155500f3 ()
# [PhyTracer@/arm-io/atc-phy1] MMIO: W.4   ACIOPHY_SLEEP_CTRL = 0x155500f3 ()
# [PhyTracer@/arm-io/atc-phy1] MMIO: R.4   ACIOPHY_SLEEP_CTRL = 0x155500f3 ()
# [PhyTracer@/arm-io/atc-phy1] MMIO: W.4   ACIOPHY_SLEEP_CTRL = 0x155500ff ()
# [PhyTracer@/arm-io/atc-phy1] MMIO: R.4   ACIOPHY_SLEEP_CTRL = 0x155700ff ()
# [PhyTracer@/arm-io/atc-phy1] MMIO: W.4   ACIOPHY_SLEEP_CTRL = 0x155700ff ()
# [PhyTracer@/arm-io/atc-phy1] MMIO: R.4   ACIOPHY_SLEEP_CTRL = 0x155700ff ()
# [PhyTracer@/arm-io/atc-phy1] MMIO: W.4   ACIOPHY_SLEEP_CTRL = 0x15570cff ()
# [PhyTracer@/arm-io/atc-phy1] MMIO: R.4   ACIOPHY_CFG0 = 0x10000cef ()
# [PhyTracer@/arm-io/atc-phy1] MMIO: W.4   ACIOPHY_CFG0 = 0x10000cef ()
# [PhyTracer@/arm-io/atc-phy1] MMIO: R.4   ACIOPHY_CFG0 = 0x10000cef ()
# [PhyTracer@/arm-io/atc-phy1] MMIO: W.4   ACIOPHY_CFG0 = 0x10003cef ()
# [PhyTracer@/arm-io/atc-phy1] MMIO: R.4   ACIOPHY_CFG0 = 0x10803cef ()
# [PhyTracer@/arm-io/atc-phy1] MMIO: W.4   ACIOPHY_CFG0 = 0x10803cef ()
# [PhyTracer@/arm-io/atc-phy1] MMIO: R.4   ACIOPHY_CFG0 = 0x10803cef ()
# [PhyTracer@/arm-io/atc-phy1] MMIO: W.4   ACIOPHY_CFG0 = 0x10803fef ()
# [PhyTracer@/arm-io/atc-phy1] MMIO: R.4   ACIOPHY_CFG0 = 0x11803fef ()
# [PhyTracer@/arm-io/atc-phy1] MMIO: W.4   ACIOPHY_CFG0 = 0x11803fef ()
# [PhyTracer@/arm-io/atc-phy1] MMIO: R.4   ACIOPHY_CFG0 = 0x11803fef ()
# [PhyTracer@/arm-io/atc-phy1] MMIO: W.4   ACIOPHY_CFG0 = 0x11833fef ()
# [PhyTracer@/arm-io/atc-phy1] MMIO: R.4   CIO3PLL_CLK_CTRL = 0x2022 (PCLK_EN=1, REFCLK_EN=1)
# [PhyTracer@/arm-io/atc-phy1] MMIO: W.4   CIO3PLL_CLK_CTRL = 0x2022 (PCLK_EN=1, REFCLK_EN=1)
# [PhyTracer@/arm-io/atc-phy1] MMIO: R.4   CIO3PLL_CLK_CTRL = 0x2022 (PCLK_EN=1, REFCLK_EN=1)
# [PhyTracer@/arm-io/atc-phy1] MMIO: W.4   CIO3PLL_CLK_CTRL = 0x2022 (PCLK_EN=1, REFCLK_EN=1)
# [PhyTracer@/arm-io/atc-phy1] MMIO: R.4   ACIOPHY_LANE_MODE = 0x249 (RX0=1(USB3), TX0=1(USB3), RX1=1(USB3), TX1=1(USB3))
# [PhyTracer@/arm-io/atc-phy1] MMIO: W.4   ACIOPHY_LANE_MODE = 0x249 (RX0=1(USB3), TX0=1(USB3), RX1=1(USB3), TX1=1(USB3))
# [PhyTracer@/arm-io/atc-phy1] MMIO: R.4   ACIOPHY_LANE_MODE = 0x249 (RX0=1(USB3), TX0=1(USB3), RX1=1(USB3), TX1=1(USB3))
# [PhyTracer@/arm-io/atc-phy1] MMIO: W.4   ACIOPHY_LANE_MODE = 0x249 (RX0=1(USB3), TX0=1(USB3), RX1=1(USB3), TX1=1(USB3))
# [PhyTracer@/arm-io/atc-phy1] MMIO: R.4   ACIOPHY_LANE_MODE = 0x249 (RX0=1(USB3), TX0=1(USB3), RX1=1(USB3), TX1=1(USB3))
# [PhyTracer@/arm-io/atc-phy1] MMIO: W.4   ACIOPHY_LANE_MODE = 0x289 (RX0=1(USB3), TX0=1(USB3), RX1=2(DP), TX1=1(USB3))
# [PhyTracer@/arm-io/atc-phy1] MMIO: R.4   ACIOPHY_LANE_MODE = 0x289 (RX0=1(USB3), TX0=1(USB3), RX1=2(DP), TX1=1(USB3))
# [PhyTracer@/arm-io/atc-phy1] MMIO: W.4   ACIOPHY_LANE_MODE = 0x489 (RX0=1(USB3), TX0=1(USB3), RX1=2(DP), TX1=2(DP))
# [PhyTracer@/arm-io/atc-phy1] MMIO: R.4   ACIOPHY_CROSSBAR = 0x2a (PROTOCOL_SWAPPED=0, PROTOCOL=0x5(USB3), DPMODE=0x1)
# [PhyTracer@/arm-io/atc-phy1] MMIO: W.4   ACIOPHY_CROSSBAR = 0x30 (PROTOCOL_SWAPPED=0, PROTOCOL=0x8(USB3_DP), DPMODE=0x1)
# [PhyTracer@/arm-io/atc-phy1] MMIO: R.4   ATCPHY_MISC = 0x1 (RESET_N=1, LANE_SWAP=0)
# [PhyTracer@/arm-io/atc-phy1] MMIO: W.4   ATCPHY_MISC = 0x1 (RESET_N=1, LANE_SWAP=0)
# [PhyTracer@/arm-io/atc-phy1] MMIO: R.4   ACIOPHY_CROSSBAR = 0x30 (PROTOCOL_SWAPPED=0, PROTOCOL=0x8(USB3_DP), DPMODE=0x1)
# [PhyTracer@/arm-io/atc-phy1] MMIO: W.4   ACIOPHY_CROSSBAR = 0x30 (PROTOCOL_SWAPPED=0, PROTOCOL=0x8(USB3_DP), DPMODE=0x1)
# [PhyTracer@/arm-io/atc-phy1] MMIO: R.4   ACIOPHY_CROSSBAR = 0x30 (PROTOCOL_SWAPPED=0, PROTOCOL=0x8(USB3_DP), DPMODE=0x1)
# [PhyTracer@/arm-io/atc-phy1] MMIO: W.4   ACIOPHY_CROSSBAR = 0x110 (PROTOCOL_SWAPPED=0, PROTOCOL=0x8(USB3_DP), DPMODE=0x8)
# [PhyTracer@/arm-io/atc-phy1] MMIO: R.4   LN1_AUSPMA_RX_TOP[4] = 0x53600000 ()
# [PhyTracer@/arm-io/atc-phy1] MMIO: W.4   LN1_AUSPMA_RX_TOP[4] = 0x53600001 ()
# [PhyTracer@/arm-io/atc-phy1] MMIO: R.4   LN1_AUSPMA_RX_TOP[4] = 0x53600001 ()
# [PhyTracer@/arm-io/atc-phy1] MMIO: R.4   LN1_AUSPMA_RX_TOP[4] = 0x53600001 ()
# [PhyTracer@/arm-io/atc-phy1] MMIO: W.4   LN1_AUSPMA_RX_TOP[4] = 0x53600001 ()
# [PhyTracer@/arm-io/atc-phy1] MMIO: R.4   ATCPHY_POWER_CTRL = 0xb (SLEEP_SMALL=1, SLEEP_BIG=1, CLAMP_EN=0, APB_RESET_N=1, PHY_RESET_N=0)
# [PhyTracer@/arm-io/atc-phy1] MMIO: W.4   ATCPHY_POWER_CTRL = 0x1b (SLEEP_SMALL=1, SLEEP_BIG=1, CLAMP_EN=0, APB_RESET_N=1, PHY_RESET_N=1)
# [Dwc3Tracer@/arm-io/usb-drd1] MMIO: R.4   PIPEHANDLER_LOCK_ACK = 0x0 (LOCK_EN=0)
# [Dwc3Tracer@/arm-io/usb-drd1] MMIO: R.4   PIPEHANDLER_OVERRIDE_VALUES = 0x16 (RXVALID=0, RXDETECT=1)
# [Dwc3Tracer@/arm-io/usb-drd1] MMIO: W.4   PIPEHANDLER_OVERRIDE_VALUES = 0x10 (RXVALID=0, RXDETECT=0)
# [Dwc3Tracer@/arm-io/usb-drd1] MMIO: R.4   PIPEHANDLER_OVERRIDE = 0x0 (RXVALID=0, RXDETECT=0)
# [Dwc3Tracer@/arm-io/usb-drd1] MMIO: W.4   PIPEHANDLER_OVERRIDE = 0x1 (RXVALID=1, RXDETECT=0)
# [Dwc3Tracer@/arm-io/usb-drd1] MMIO: R.4   PIPEHANDLER_OVERRIDE = 0x1 (RXVALID=1, RXDETECT=0)
# [Dwc3Tracer@/arm-io/usb-drd1] MMIO: W.4   PIPEHANDLER_OVERRIDE = 0x5 (RXVALID=1, RXDETECT=1)
# [Dwc3Tracer@/arm-io/usb-drd1] MMIO: R.4   PIPEHANDLER_LOCK_REQ = 0x0 (LOCK_EN=0)
# [Dwc3Tracer@/arm-io/usb-drd1] MMIO: W.4   PIPEHANDLER_LOCK_REQ = 0x1 (LOCK_EN=1)
# [Dwc3Tracer@/arm-io/usb-drd1] MMIO: R.4   PIPEHANDLER_LOCK_ACK = 0x0 (LOCK_EN=0)
# [Dwc3Tracer@/arm-io/usb-drd1] MMIO: R.4   PIPEHANDLER_LOCK_ACK = 0x1 (LOCK_EN=1)
# [Dwc3Tracer@/arm-io/usb-drd1] MMIO: R.4   PIPEHANDLER_LOCK_ACK = 0x1 (LOCK_EN=1)
# [PhyTracer@/arm-io/atc-phy1] MMIO: R.4   ACIOPHY_BIST_RESET = 0x0 ()
# [PhyTracer@/arm-io/atc-phy1] MMIO: W.4   ACIOPHY_BIST_RESET = 0x1 ()
# [PhyTracer@/arm-io/atc-phy1] MMIO: R.4   ACIOPHY_BIST_OV = 0x0 ()
# [PhyTracer@/arm-io/atc-phy1] MMIO: W.4   ACIOPHY_BIST_OV = 0x2000 ()
# [PhyTracer@/arm-io/atc-phy1] MMIO: R.4   ACIOPHY_BIST_STAT = 0x800005 ()
# [PhyTracer@/arm-io/atc-phy1] MMIO: R.4   ACIOPHY_BIST_STAT = 0xf05 ()
# [PhyTracer@/arm-io/atc-phy1] MMIO: R.4   ACIOPHY_BIST_STAT = 0xf05 ()
# [PhyTracer@/arm-io/atc-phy1] MMIO: R.4   ACIOPHY_BIST_CFG0 = 0x0 ()
# [PhyTracer@/arm-io/atc-phy1] MMIO: W.4   ACIOPHY_BIST_CFG0 = 0x4 ()
# [PhyTracer@/arm-io/atc-phy1] MMIO: R.4   ACIOPHY_BIST_CFG0 = 0x4 ()
# [PhyTracer@/arm-io/atc-phy1] MMIO: W.4   ACIOPHY_BIST_CFG0 = 0x0 ()
# [PhyTracer@/arm-io/atc-phy1] MMIO: R.4   ACIOPHY_BIST_CFG1 = 0x0 ()
# [PhyTracer@/arm-io/atc-phy1] MMIO: W.4   ACIOPHY_BIST_CFG1 = 0xc00 ()
# [PhyTracer@/arm-io/atc-phy1] MMIO: R.4   ACIOPHY_BIST_OV = 0x2000 ()
# [PhyTracer@/arm-io/atc-phy1] MMIO: W.4   ACIOPHY_BIST_OV = 0x2002000 ()
# [PhyTracer@/arm-io/atc-phy1] MMIO: R.4   ACIOPHY_BIST_EN = 0x0 ()
# [PhyTracer@/arm-io/atc-phy1] MMIO: W.4   ACIOPHY_BIST_EN = 0x8000000 ()
# [PhyTracer@/arm-io/atc-phy1] MMIO: R.4   ACIOPHY_BIST_EN = 0x8000000 ()
# [PhyTracer@/arm-io/atc-phy1] MMIO: W.4   ACIOPHY_BIST_EN = 0x18000000 ()
# [PhyTracer@/arm-io/atc-phy1] MMIO: W.4   ACIOPHY_BIST_EN = 0x0 ()
# [PhyTracer@/arm-io/atc-phy1] MMIO: R.4   ACIOPHY_BIST_STAT = 0x800f05 ()
# [PhyTracer@/arm-io/atc-phy1] MMIO: R.4   ACIOPHY_BIST_STAT = 0x800f05 ()
# [PhyTracer@/arm-io/atc-phy1] MMIO: R.4   ACIOPHY_BIST_STAT = 0xf05 ()
# [PhyTracer@/arm-io/atc-phy1] MMIO: R.4   ACIOPHY_BIST_STAT = 0xf05 ()
# [Dwc3Tracer@/arm-io/usb-drd1] MMIO: R.4   PIPEHANDLER_NONSELECTED_OVERRIDE = 0x9732 (NATIVE_POWER_DOWN=0x2, NATIVE_RESET=1, DUMMY_PHY_EN=1)
# [Dwc3Tracer@/arm-io/usb-drd1] MMIO: W.4   PIPEHANDLER_NONSELECTED_OVERRIDE = 0x9733 (NATIVE_POWER_DOWN=0x3, NATIVE_RESET=1, DUMMY_PHY_EN=1)
# [Dwc3Tracer@/arm-io/usb-drd1] MMIO: R.4   PIPEHANDLER_NONSELECTED_OVERRIDE = 0x9733 (NATIVE_POWER_DOWN=0x3, NATIVE_RESET=1, DUMMY_PHY_EN=1)
# [Dwc3Tracer@/arm-io/usb-drd1] MMIO: W.4   PIPEHANDLER_NONSELECTED_OVERRIDE = 0x8733 (NATIVE_POWER_DOWN=0x3, NATIVE_RESET=0, DUMMY_PHY_EN=1)
# [Dwc3Tracer@/arm-io/usb-drd1] MMIO: R.4   PIPEHANDLER_NONSELECTED_OVERRIDE = 0x8733 (NATIVE_POWER_DOWN=0x3, NATIVE_RESET=0, DUMMY_PHY_EN=1)
# [Dwc3Tracer@/arm-io/usb-drd1] MMIO: R.4   PIPEHANDLER_NONSELECTED_OVERRIDE = 0x8733 (NATIVE_POWER_DOWN=0x3, NATIVE_RESET=0, DUMMY_PHY_EN=1)
# [Dwc3Tracer@/arm-io/usb-drd1] MMIO: R.4   PIPEHANDLER_NONSELECTED_OVERRIDE = 0x8733 (NATIVE_POWER_DOWN=0x3, NATIVE_RESET=0, DUMMY_PHY_EN=1)
# [Dwc3Tracer@/arm-io/usb-drd1] MMIO: R.4   PIPEHANDLER_NONSELECTED_OVERRIDE = 0x8733 (NATIVE_POWER_DOWN=0x3, NATIVE_RESET=0, DUMMY_PHY_EN=1)
# [PhyTracer@/arm-io/atc-phy1] MMIO: W.4   ACIOPHY_BIST_OV = 0x0 ()
# [PhyTracer@/arm-io/atc-phy1] MMIO: R.4   ACIOPHY_BIST_EN = 0x0 ()
# [PhyTracer@/arm-io/atc-phy1] MMIO: W.4   ACIOPHY_BIST_EN = 0x8000000 ()
# [PhyTracer@/arm-io/atc-phy1] MMIO: R.4   ACIOPHY_BIST_EN = 0x8000000 ()
# [PhyTracer@/arm-io/atc-phy1] MMIO: W.4   ACIOPHY_BIST_EN = 0x18000000 ()
# [Dwc3Tracer@/arm-io/usb-drd1] MMIO: R.4   PIPEHANDLER_MUX_CTRL = 0x22 (MUX_MODE=2(DUMMY_PHY), CLK_SELECT=4(DUMMY_PHY))
# [Dwc3Tracer@/arm-io/usb-drd1] MMIO: W.4   PIPEHANDLER_MUX_CTRL = 0x2 (MUX_MODE=2(DUMMY_PHY), CLK_SELECT=0(UNK0))
# [Dwc3Tracer@/arm-io/usb-drd1] MMIO: R.4   PIPEHANDLER_MUX_CTRL = 0x2 (MUX_MODE=2(DUMMY_PHY), CLK_SELECT=0(UNK0))
# [Dwc3Tracer@/arm-io/usb-drd1] MMIO: W.4   PIPEHANDLER_MUX_CTRL = 0x0 (MUX_MODE=0(USB3_PHY), CLK_SELECT=0(UNK0))
# [Dwc3Tracer@/arm-io/usb-drd1] MMIO: R.4   PIPEHANDLER_MUX_CTRL = 0x0 (MUX_MODE=0(USB3_PHY), CLK_SELECT=0(UNK0))
# [Dwc3Tracer@/arm-io/usb-drd1] MMIO: W.4   PIPEHANDLER_MUX_CTRL = 0x8 (MUX_MODE=0(USB3_PHY), CLK_SELECT=1(USB3_PHY))
# [Dwc3Tracer@/arm-io/usb-drd1] MMIO: R.4   PIPEHANDLER_OVERRIDE = 0x5 (RXVALID=1, RXDETECT=1)
# [Dwc3Tracer@/arm-io/usb-drd1] MMIO: W.4   PIPEHANDLER_OVERRIDE = 0x4 (RXVALID=0, RXDETECT=1)
# [Dwc3Tracer@/arm-io/usb-drd1] MMIO: R.4   PIPEHANDLER_OVERRIDE = 0x4 (RXVALID=0, RXDETECT=1)
# [Dwc3Tracer@/arm-io/usb-drd1] MMIO: W.4   PIPEHANDLER_OVERRIDE = 0x0 (RXVALID=0, RXDETECT=0)
# [Dwc3Tracer@/arm-io/usb-drd1] MMIO: R.4   PIPEHANDLER_LOCK_REQ = 0x1 (LOCK_EN=1)
# [Dwc3Tracer@/arm-io/usb-drd1] MMIO: W.4   PIPEHANDLER_LOCK_REQ = 0x0 (LOCK_EN=0)
# [Dwc3Tracer@/arm-io/usb-drd1] MMIO: R.4   PIPEHANDLER_LOCK_ACK = 0x1 (LOCK_EN=1)
# [Dwc3Tracer@/arm-io/usb-drd1] MMIO: R.4   PIPEHANDLER_LOCK_ACK = 0x0 (LOCK_EN=0)
# [Dwc3Tracer@/arm-io/usb-drd1] MMIO: R.4   PIPEHANDLER_LOCK_ACK = 0x0 (LOCK_EN=0)
# [DARTTracer@/arm-io/dart-dcpext] Invalidate Stream: 0x1 ()
# [DARTTracer@/arm-io/dart-dcpext] Invalidate Stream: 0x1 ()
# [DARTTracer@/arm-io/dart-dcpext] Invalidate Stream: 0x1 ()
# [DARTTracer@/arm-io/dart-dcpext] Invalidate Stream: 0x1 ()
# [Dwc3Tracer@/arm-io/usb-drd1] MMIO: R.4   0x50228d024 = 0x8b8080
# [Dwc3Tracer@/arm-io/usb-drd1] MMIO: R.4   PIPEHANDLER_AON_GEN = 0x21 (DWC3_FORCE_CLAMP_EN=0, DWC3_RESET_N=1)
# [Dwc3Tracer@/arm-io/usb-drd1] MMIO: R.4   PIPEHANDLER_LOCK_ACK = 0x0 (LOCK_EN=0)
# [Dwc3Tracer@/arm-io/usb-drd1] MMIO: R.4   PIPEHANDLER_OVERRIDE_VALUES = 0x10 (RXVALID=0, RXDETECT=0)
# [Dwc3Tracer@/arm-io/usb-drd1] MMIO: W.4   PIPEHANDLER_OVERRIDE_VALUES = 0x10 (RXVALID=0, RXDETECT=0)
# [Dwc3Tracer@/arm-io/usb-drd1] MMIO: R.4   PIPEHANDLER_OVERRIDE = 0x0 (RXVALID=0, RXDETECT=0)
# [Dwc3Tracer@/arm-io/usb-drd1] MMIO: W.4   PIPEHANDLER_OVERRIDE = 0x1 (RXVALID=1, RXDETECT=0)
# [Dwc3Tracer@/arm-io/usb-drd1] MMIO: R.4   PIPEHANDLER_OVERRIDE = 0x1 (RXVALID=1, RXDETECT=0)
# [Dwc3Tracer@/arm-io/usb-drd1] MMIO: W.4   PIPEHANDLER_OVERRIDE = 0x5 (RXVALID=1, RXDETECT=1)
# [Dwc3Tracer@/arm-io/usb-drd1] MMIO: R.4   PIPEHANDLER_LOCK_REQ = 0x0 (LOCK_EN=0)
# [Dwc3Tracer@/arm-io/usb-drd1] MMIO: W.4   PIPEHANDLER_LOCK_REQ = 0x1 (LOCK_EN=1)
# [Dwc3Tracer@/arm-io/usb-drd1] MMIO: R.4   PIPEHANDLER_LOCK_ACK = 0x0 (LOCK_EN=0)
# [Dwc3Tracer@/arm-io/usb-drd1] MMIO: R.4   PIPEHANDLER_LOCK_ACK = 0x1 (LOCK_EN=1)
# [Dwc3Tracer@/arm-io/usb-drd1] MMIO: R.4   PIPEHANDLER_LOCK_ACK = 0x1 (LOCK_EN=1)
# [Dwc3Tracer@/arm-io/usb-drd1] MMIO: R.4   PIPEHANDLER_MUX_CTRL = 0x8 (MUX_MODE=0(USB3_PHY), CLK_SELECT=1(USB3_PHY))
# [Dwc3Tracer@/arm-io/usb-drd1] MMIO: W.4   PIPEHANDLER_MUX_CTRL = 0x0 (MUX_MODE=0(USB3_PHY), CLK_SELECT=0(UNK0))
# [Dwc3Tracer@/arm-io/usb-drd1] MMIO: R.4   PIPEHANDLER_MUX_CTRL = 0x0 (MUX_MODE=0(USB3_PHY), CLK_SELECT=0(UNK0))
# [Dwc3Tracer@/arm-io/usb-drd1] MMIO: W.4   PIPEHANDLER_MUX_CTRL = 0x2 (MUX_MODE=2(DUMMY_PHY), CLK_SELECT=0(UNK0))
# [Dwc3Tracer@/arm-io/usb-drd1] MMIO: R.4   PIPEHANDLER_MUX_CTRL = 0x2 (MUX_MODE=2(DUMMY_PHY), CLK_SELECT=0(UNK0))
# [Dwc3Tracer@/arm-io/usb-drd1] MMIO: W.4   PIPEHANDLER_MUX_CTRL = 0x22 (MUX_MODE=2(DUMMY_PHY), CLK_SELECT=4(DUMMY_PHY))
# [Dwc3Tracer@/arm-io/usb-drd1] MMIO: R.4   PIPEHANDLER_LOCK_REQ = 0x1 (LOCK_EN=1)
# [Dwc3Tracer@/arm-io/usb-drd1] MMIO: W.4   PIPEHANDLER_LOCK_REQ = 0x0 (LOCK_EN=0)
# [Dwc3Tracer@/arm-io/usb-drd1] MMIO: R.4   PIPEHANDLER_LOCK_ACK = 0x0 (LOCK_EN=0)
# [Dwc3Tracer@/arm-io/usb-drd1] MMIO: R.4   PIPEHANDLER_LOCK_ACK = 0x0 (LOCK_EN=0)
# [PhyTracer@/arm-io/atc-phy1] MMIO: R.4   ATCPHY_POWER_CTRL = 0x1b (SLEEP_SMALL=1, SLEEP_BIG=1, CLAMP_EN=0, APB_RESET_N=1, PHY_RESET_N=1)
# [PhyTracer@/arm-io/atc-phy1] MMIO: W.4   ATCPHY_POWER_CTRL = 0xb (SLEEP_SMALL=1, SLEEP_BIG=1, CLAMP_EN=0, APB_RESET_N=1, PHY_RESET_N=0)
# [PhyTracer@/arm-io/atc-phy1] MMIO: R.4   ATCPHY_POWER_CTRL = 0xb (SLEEP_SMALL=1, SLEEP_BIG=1, CLAMP_EN=0, APB_RESET_N=1, PHY_RESET_N=0)
# [PhyTracer@/arm-io/atc-phy1] MMIO: W.4   ATCPHY_POWER_CTRL = 0xf (SLEEP_SMALL=1, SLEEP_BIG=1, CLAMP_EN=1, APB_RESET_N=1, PHY_RESET_N=0)
# [PhyTracer@/arm-io/atc-phy1] MMIO: R.4   ATCPHY_MISC = 0x1 (RESET_N=1, LANE_SWAP=0)
# [PhyTracer@/arm-io/atc-phy1] MMIO: W.4   ATCPHY_MISC = 0x0 (RESET_N=0, LANE_SWAP=0)
# [PhyTracer@/arm-io/atc-phy1] MMIO: R.4   ATCPHY_POWER_CTRL = 0xf (SLEEP_SMALL=1, SLEEP_BIG=1, CLAMP_EN=1, APB_RESET_N=1, PHY_RESET_N=0)
# [PhyTracer@/arm-io/atc-phy1] MMIO: W.4   ATCPHY_POWER_CTRL = 0x7 (SLEEP_SMALL=1, SLEEP_BIG=1, CLAMP_EN=1, APB_RESET_N=0, PHY_RESET_N=0)
# [PhyTracer@/arm-io/atc-phy1] MMIO: R.4   ATCPHY_POWER_CTRL = 0x7 (SLEEP_SMALL=1, SLEEP_BIG=1, CLAMP_EN=1, APB_RESET_N=0, PHY_RESET_N=0)
# [PhyTracer@/arm-io/atc-phy1] MMIO: W.4   ATCPHY_POWER_CTRL = 0x5 (SLEEP_SMALL=1, SLEEP_BIG=0, CLAMP_EN=1, APB_RESET_N=0, PHY_RESET_N=0)
# [PhyTracer@/arm-io/atc-phy1] MMIO: R.4   ATCPHY_POWER_STAT = 0x0 (SLEEP_SMALL=0, SLEEP_BIG=0, CLAMP_EN=0, APB_RESET_N=0, PHY_RESET_N=0)
# [PhyTracer@/arm-io/atc-phy1] MMIO: R.4   ATCPHY_POWER_CTRL = 0x5 (SLEEP_SMALL=1, SLEEP_BIG=0, CLAMP_EN=1, APB_RESET_N=0, PHY_RESET_N=0)
# [PhyTracer@/arm-io/atc-phy1] MMIO: W.4   ATCPHY_POWER_CTRL = 0x4 (SLEEP_SMALL=0, SLEEP_BIG=0, CLAMP_EN=1, APB_RESET_N=0, PHY_RESET_N=0)
# [PhyTracer@/arm-io/atc-phy1] MMIO: R.4   ATCPHY_POWER_STAT = 0x0 (SLEEP_SMALL=0, SLEEP_BIG=0, CLAMP_EN=0, APB_RESET_N=0, PHY_RESET_N=0)
# [Dwc3Tracer@/arm-io/usb-drd1] MMIO: R.4   PIPEHANDLER_NONSELECTED_OVERRIDE = 0x8733 (NATIVE_POWER_DOWN=0x3, NATIVE_RESET=0, DUMMY_PHY_EN=1)
# [Dwc3Tracer@/arm-io/usb-drd1] MMIO: W.4   PIPEHANDLER_NONSELECTED_OVERRIDE = 0x8732 (NATIVE_POWER_DOWN=0x2, NATIVE_RESET=0, DUMMY_PHY_EN=1)
# [Dwc3Tracer@/arm-io/usb-drd1] MMIO: R.4   PIPEHANDLER_NONSELECTED_OVERRIDE = 0x8732 (NATIVE_POWER_DOWN=0x2, NATIVE_RESET=0, DUMMY_PHY_EN=1)
# [Dwc3Tracer@/arm-io/usb-drd1] MMIO: W.4   PIPEHANDLER_NONSELECTED_OVERRIDE = 0x9732 (NATIVE_POWER_DOWN=0x2, NATIVE_RESET=1, DUMMY_PHY_EN=1)
# [PhyTracer@/arm-io/atc-phy1] MMIO: R.4   ATCPHY_MISC = 0x0 (RESET_N=0, LANE_SWAP=0)
# [PhyTracer@/arm-io/atc-phy1] MMIO: W.4   ATCPHY_MISC = 0x1 (RESET_N=1, LANE_SWAP=0)
# [PhyTracer@/arm-io/atc-phy1] MMIO: R.4   ATCPHY_POWER_CTRL = 0x4 (SLEEP_SMALL=0, SLEEP_BIG=0, CLAMP_EN=1, APB_RESET_N=0, PHY_RESET_N=0)
# [PhyTracer@/arm-io/atc-phy1] MMIO: W.4   ATCPHY_POWER_CTRL = 0x5 (SLEEP_SMALL=1, SLEEP_BIG=0, CLAMP_EN=1, APB_RESET_N=0, PHY_RESET_N=0)
# [PhyTracer@/arm-io/atc-phy1] MMIO: R.4   ATCPHY_POWER_STAT = 0x1 (SLEEP_SMALL=1, SLEEP_BIG=0, CLAMP_EN=0, APB_RESET_N=0, PHY_RESET_N=0)
# [PhyTracer@/arm-io/atc-phy1] MMIO: R.4   ATCPHY_POWER_CTRL = 0x5 (SLEEP_SMALL=1, SLEEP_BIG=0, CLAMP_EN=1, APB_RESET_N=0, PHY_RESET_N=0)
# [PhyTracer@/arm-io/atc-phy1] MMIO: W.4   ATCPHY_POWER_CTRL = 0x7 (SLEEP_SMALL=1, SLEEP_BIG=1, CLAMP_EN=1, APB_RESET_N=0, PHY_RESET_N=0)
# [PhyTracer@/arm-io/atc-phy1] MMIO: R.4   ATCPHY_POWER_STAT = 0x3 (SLEEP_SMALL=1, SLEEP_BIG=1, CLAMP_EN=0, APB_RESET_N=0, PHY_RESET_N=0)
# [PhyTracer@/arm-io/atc-phy1] MMIO: R.4   ATCPHY_POWER_CTRL = 0x7 (SLEEP_SMALL=1, SLEEP_BIG=1, CLAMP_EN=1, APB_RESET_N=0, PHY_RESET_N=0)
# [PhyTracer@/arm-io/atc-phy1] MMIO: W.4   ATCPHY_POWER_CTRL = 0x3 (SLEEP_SMALL=1, SLEEP_BIG=1, CLAMP_EN=0, APB_RESET_N=0, PHY_RESET_N=0)
# [PhyTracer@/arm-io/atc-phy1] MMIO: R.4   ATCPHY_POWER_CTRL = 0x3 (SLEEP_SMALL=1, SLEEP_BIG=1, CLAMP_EN=0, APB_RESET_N=0, PHY_RESET_N=0)
# [PhyTracer@/arm-io/atc-phy1] MMIO: W.4   ATCPHY_POWER_CTRL = 0xb (SLEEP_SMALL=1, SLEEP_BIG=1, CLAMP_EN=0, APB_RESET_N=1, PHY_RESET_N=0)
# [PhyTracer@/arm-io/atc-phy1] MMIO: R.4   CIO3PLL_DCO_NCTRL = 0x80 (DCO_COARSEBIN_EFUSE0=0x0, DCO_COARSEBIN_EFUSE1=0x0)
# [PhyTracer@/arm-io/atc-phy1] MMIO: W.4   CIO3PLL_DCO_NCTRL = 0xa5 (DCO_COARSEBIN_EFUSE0=0x25, DCO_COARSEBIN_EFUSE1=0x0)
# [PhyTracer@/arm-io/atc-phy1] MMIO: R.4   CIO3PLL_DCO_NCTRL = 0xa5 (DCO_COARSEBIN_EFUSE0=0x25, DCO_COARSEBIN_EFUSE1=0x0)
# [PhyTracer@/arm-io/atc-phy1] MMIO: W.4   CIO3PLL_DCO_NCTRL = 0x5600a5 (DCO_COARSEBIN_EFUSE0=0x25, DCO_COARSEBIN_EFUSE1=0x2b)
# [PhyTracer@/arm-io/atc-phy1] MMIO: R.4   CIO3PLL_FRACN_CAN = 0x1044201 (DLL_CAL_START_CAPCODE=2)
# [PhyTracer@/arm-io/atc-phy1] MMIO: W.4   CIO3PLL_FRACN_CAN = 0x1024201 (DLL_CAL_START_CAPCODE=1)
# [PhyTracer@/arm-io/atc-phy1] MMIO: R.4   AUS_COMMON_SHIM_BLK_VREG = 0x40 (VREG_TRIM=0x10)
# [PhyTracer@/arm-io/atc-phy1] MMIO: W.4   AUS_COMMON_SHIM_BLK_VREG = 0x3c (VREG_TRIM=0xf)
# [PhyTracer@/arm-io/atc-phy1] MMIO: R.4   CIO3PLL_FRACN_CAN = 0x1024201 (DLL_CAL_START_CAPCODE=1)
# [PhyTracer@/arm-io/atc-phy1] MMIO: W.4   CIO3PLL_FRACN_CAN = 0x1004201 (DLL_CAL_START_CAPCODE=0)
# [PhyTracer@/arm-io/atc-phy1] MMIO: R.4   CIO3PLL_DTC_VREG = 0x1296822 (DTC_VREG_ADJUST=5)
# [PhyTracer@/arm-io/atc-phy1] MMIO: W.4   CIO3PLL_DTC_VREG = 0x1296822 (DTC_VREG_ADJUST=5)
# [PhyTracer@/arm-io/atc-phy1] MMIO: R.4   ACIOPHY_TOP_TUNABLE_a00 = 0x122180 ()
# [PhyTracer@/arm-io/atc-phy1] MMIO: W.4   ACIOPHY_TOP_TUNABLE_a00 = 0x13c180 ()
# [PhyTracer@/arm-io/atc-phy1] MMIO: R.4   ACIOPHY_TOP_TUNABLE_808 = 0xc44c446 ()
# [PhyTracer@/arm-io/atc-phy1] MMIO: W.4   ACIOPHY_TOP_TUNABLE_808 = 0x222c226 ()
# [PhyTracer@/arm-io/atc-phy1] MMIO: R.4   AUSPLL_DCO_EFUSE_SPARE = 0x103003 (RODCO_ENCAP_EFUSE=0, RODCO_BIAS_ADJUST_EFUSE=3)
# [PhyTracer@/arm-io/atc-phy1] MMIO: W.4   AUSPLL_DCO_EFUSE_SPARE = 0x103903 (RODCO_ENCAP_EFUSE=0, RODCO_BIAS_ADJUST_EFUSE=3)
# [PhyTracer@/arm-io/atc-phy1] MMIO: R.4   AUSPLL_CORE_TUNABLE_78 = 0x18300811 ()
# [PhyTracer@/arm-io/atc-phy1] MMIO: W.4   AUSPLL_CORE_TUNABLE_78 = 0x10300811 ()
# [PhyTracer@/arm-io/atc-phy1] MMIO: R.4   AUSPLL_FRACN_CAN = 0x1044200 (DLL_START_CAPCODE=2)
# [PhyTracer@/arm-io/atc-phy1] MMIO: W.4   AUSPLL_FRACN_CAN = 0x1044201 (DLL_START_CAPCODE=2)
# [PhyTracer@/arm-io/atc-phy1] MMIO: R.4   AUSPLL_TOP_FREQ_DESC_0C = 0x450800 ()
# [PhyTracer@/arm-io/atc-phy1] MMIO: W.4   AUSPLL_TOP_FREQ_DESC_0C = 0x460800 ()
# [PhyTracer@/arm-io/atc-phy1] MMIO: R.4   AUSPLL_TOP_TUNABLE_2094 = 0x655200 ()
# [PhyTracer@/arm-io/atc-phy1] MMIO: W.4   AUSPLL_TOP_TUNABLE_2094 = 0x665200 ()
# [PhyTracer@/arm-io/atc-phy1] MMIO: R.4   AUSPLL_TOP_TUNABLE_20a0 = 0x644800 ()
# [PhyTracer@/arm-io/atc-phy1] MMIO: W.4   AUSPLL_TOP_TUNABLE_20a0 = 0x654800 ()
# [PhyTracer@/arm-io/atc-phy1] MMIO: R.4   AUSPLL_TOP_TUNABLE_20ac = 0x644800 ()
# [PhyTracer@/arm-io/atc-phy1] MMIO: W.4   AUSPLL_TOP_TUNABLE_20ac = 0x654800 ()
# [PhyTracer@/arm-io/atc-phy1] MMIO: R.4   AUSPLL_TOP_TUNABLE_20b8 = 0x644800 ()
# [PhyTracer@/arm-io/atc-phy1] MMIO: W.4   AUSPLL_TOP_TUNABLE_20b8 = 0x654800 ()
# [PhyTracer@/arm-io/atc-phy1] MMIO: R.4   CIO3PLL_CLK_CTRL = 0x2000 (PCLK_EN=0, REFCLK_EN=0)
# [PhyTracer@/arm-io/atc-phy1] MMIO: W.4   CIO3PLL_CLK_CTRL = 0x2022 (PCLK_EN=1, REFCLK_EN=1)
# [PhyTracer@/arm-io/atc-phy1] MMIO: R.4   CIO3PLL_CORE_TUNABLE_1c = 0x33033 ()
# [PhyTracer@/arm-io/atc-phy1] MMIO: W.4   CIO3PLL_CORE_TUNABLE_1c = 0x32033 ()
# [PhyTracer@/arm-io/atc-phy1] MMIO: R.4   CIO3PLL_DTC_VREG = 0x1296822 (DTC_VREG_ADJUST=5)
# [PhyTracer@/arm-io/atc-phy1] MMIO: W.4   CIO3PLL_DTC_VREG = 0x12b6823 (DTC_VREG_ADJUST=5)
# [PhyTracer@/arm-io/atc-phy1] MMIO: R.4   CIO3PLL_CORE_TUNABLE_28 = 0x200d ()
# [PhyTracer@/arm-io/atc-phy1] MMIO: W.4   CIO3PLL_CORE_TUNABLE_28 = 0x201d ()
# [PhyTracer@/arm-io/atc-phy1] MMIO: R.4   CIO3PLL_CORE_TUNABLE_9c = 0x20005 ()
# [PhyTracer@/arm-io/atc-phy1] MMIO: W.4   CIO3PLL_CORE_TUNABLE_9c = 0x5 ()
# [PhyTracer@/arm-io/atc-phy1] MMIO: R.4   CIO3PLL_TOP_TUNABLE_10 = 0x8080802 ()
# [PhyTracer@/arm-io/atc-phy1] MMIO: W.4   CIO3PLL_TOP_TUNABLE_10 = 0xa0a0a04 ()
# [PhyTracer@/arm-io/atc-phy1] MMIO: R.4   CIO3PLL_TOP_TUNABLE_88 = 0x6522b ()
# [PhyTracer@/arm-io/atc-phy1] MMIO: W.4   CIO3PLL_TOP_TUNABLE_88 = 0x65327 ()
# [PhyTracer@/arm-io/atc-phy1] MMIO: R.4   CIO3PLL_TOP_TUNABLE_94 = 0x865216 ()
# [PhyTracer@/arm-io/atc-phy1] MMIO: W.4   CIO3PLL_TOP_TUNABLE_94 = 0x865315 ()
# [PhyTracer@/arm-io/atc-phy1] MMIO: R.4   LN0_AUSPMA_TX_TOP[2] = 0x6d9e ()
# [PhyTracer@/arm-io/atc-phy1] MMIO: R.4   LN0_AUSPMA_TX_TOP[12] = 0x2800 ()
# [PhyTracer@/arm-io/atc-phy1] MMIO: W.4   LN0_AUSPMA_TX_TOP[12] = 0x2a00 ()
# [PhyTracer@/arm-io/atc-phy1] MMIO: R.4   LN0_AUSPMA_TX_TOP[32] = 0x21780 ()
# [PhyTracer@/arm-io/atc-phy1] MMIO: W.4   LN0_AUSPMA_TX_TOP[32] = 0x1a1780 ()
# [PhyTracer@/arm-io/atc-phy1] MMIO: R.4   LN0_AUSPMA_TX_TOP[35] = 0x4c4c446 ()
# [PhyTracer@/arm-io/atc-phy1] MMIO: W.4   LN0_AUSPMA_TX_TOP[35] = 0x2222226 ()
# [PhyTracer@/arm-io/atc-phy1] MMIO: R.4   LN0_AUSPMA_TX_TOP[2] = 0x6d9e ()
# [PhyTracer@/arm-io/atc-phy1] MMIO: R.4   LN0_AUSPMA_TX_TOP[12] = 0x2a00 ()
# [PhyTracer@/arm-io/atc-phy1] MMIO: R.4   LN0_AUSPMA_TX_TOP[32] = 0x1a1780 ()
# [PhyTracer@/arm-io/atc-phy1] MMIO: R.4   LN0_AUSPMA_TX_TOP[35] = 0x2222226 ()
# [PhyTracer@/arm-io/atc-phy1] MMIO: R.4   LN0_AUSPMA_RX_TOP[0] = 0x78000000 ()
# [PhyTracer@/arm-io/atc-phy1] MMIO: W.4   LN0_AUSPMA_RX_TOP[0] = 0x1e000000 ()
# [PhyTracer@/arm-io/atc-phy1] MMIO: R.4   LN0_AUSPMA_RX_TOP[5] = 0x26c6f7 ()
# [PhyTracer@/arm-io/atc-phy1] MMIO: W.4   LN0_AUSPMA_RX_TOP[5] = 0x2646f7 ()
# [PhyTracer@/arm-io/atc-phy1] MMIO: R.4   LN0_AUSPMA_RX_TOP[11] = 0x100700d5 ()
# [PhyTracer@/arm-io/atc-phy1] MMIO: W.4   LN0_AUSPMA_RX_TOP[11] = 0x5aa1ffff ()
# [PhyTracer@/arm-io/atc-phy1] MMIO: R.4   LN0_AUSPMA_RX_TOP[12] = 0xee00ff40 ()
# [PhyTracer@/arm-io/atc-phy1] MMIO: W.4   LN0_AUSPMA_RX_TOP[12] = 0xff000f44 ()
# [PhyTracer@/arm-io/atc-phy1] MMIO: R.4   LN0_AUSPMA_RX_TOP[16] = 0x70001 ()
# [PhyTracer@/arm-io/atc-phy1] MMIO: W.4   LN0_AUSPMA_RX_TOP[16] = 0x40001 ()
# [PhyTracer@/arm-io/atc-phy1] MMIO: R.4   LN0_AUSPMA_RX_TOP[26] = 0x3f03a ()
# [PhyTracer@/arm-io/atc-phy1] MMIO: W.4   LN0_AUSPMA_RX_TOP[26] = 0x3f01a ()
# [PhyTracer@/arm-io/atc-phy1] MMIO: R.4   LN0_AUSPMA_RX_TOP[29] = 0x1f00c800 ()
# [PhyTracer@/arm-io/atc-phy1] MMIO: W.4   LN0_AUSPMA_RX_TOP[29] = 0x1f00c83e ()
# [PhyTracer@/arm-io/atc-phy1] MMIO: R.4   LN0_AUSPMA_RX_TOP[33] = 0x28062 ()
# [PhyTracer@/arm-io/atc-phy1] MMIO: W.4   LN0_AUSPMA_RX_TOP[33] = 0x406a ()
# [PhyTracer@/arm-io/atc-phy1] MMIO: R.4   LN0_AUSPMA_RX_TOP[34] = 0x1021c38 ()
# [PhyTracer@/arm-io/atc-phy1] MMIO: W.4   LN0_AUSPMA_RX_TOP[34] = 0x1021224 ()
# [PhyTracer@/arm-io/atc-phy1] MMIO: R.4   LN0_AUSPMA_RX_TOP[43] = 0x66428 ()
# [PhyTracer@/arm-io/atc-phy1] MMIO: W.4   LN0_AUSPMA_RX_TOP[43] = 0x46428 ()
# [PhyTracer@/arm-io/atc-phy1] MMIO: R.4   LN0_AUSPMA_RX_TOP[59] = 0x2 ()
# [PhyTracer@/arm-io/atc-phy1] MMIO: W.4   LN0_AUSPMA_RX_TOP[59] = 0x80002 ()
# [PhyTracer@/arm-io/atc-phy1] MMIO: R.4   LN0_AUSPMA_RX_TOP[65] = 0x7040704 ()
# [PhyTracer@/arm-io/atc-phy1] MMIO: W.4   LN0_AUSPMA_RX_TOP[65] = 0x7040202 ()
# [PhyTracer@/arm-io/atc-phy1] MMIO: R.4   LN0_AUSPMA_RX_TOP[66] = 0x3 ()
# [PhyTracer@/arm-io/atc-phy1] MMIO: W.4   LN0_AUSPMA_RX_TOP[66] = 0x0 ()
# [PhyTracer@/arm-io/atc-phy1] MMIO: R.4   LN0_AUSPMA_RX_TOP[68] = 0x4c4c447 ()
# [PhyTracer@/arm-io/atc-phy1] MMIO: W.4   LN0_AUSPMA_RX_TOP[68] = 0x2222227 ()
# [PhyTracer@/arm-io/atc-phy1] MMIO: R.4   LN0_AUSPMA_RX_TOP[70] = 0x7 ()
# [PhyTracer@/arm-io/atc-phy1] MMIO: W.4   LN0_AUSPMA_RX_TOP[70] = 0x5 ()
# [PhyTracer@/arm-io/atc-phy1] MMIO: R.4   LN0_AUSPMA_RX_TOP[0] = 0x1e000000 ()
# [PhyTracer@/arm-io/atc-phy1] MMIO: R.4   LN0_AUSPMA_RX_TOP[5] = 0x2646f7 ()
# [PhyTracer@/arm-io/atc-phy1] MMIO: R.4   LN0_AUSPMA_RX_TOP[11] = 0x5aa1ffff ()
# [PhyTracer@/arm-io/atc-phy1] MMIO: R.4   LN0_AUSPMA_RX_TOP[12] = 0xff000f44 ()
# [PhyTracer@/arm-io/atc-phy1] MMIO: R.4   LN0_AUSPMA_RX_TOP[16] = 0x40001 ()
# [PhyTracer@/arm-io/atc-phy1] MMIO: R.4   LN0_AUSPMA_RX_TOP[26] = 0x3f01a ()
# [PhyTracer@/arm-io/atc-phy1] MMIO: R.4   LN0_AUSPMA_RX_TOP[29] = 0x1f00c83e ()
# [PhyTracer@/arm-io/atc-phy1] MMIO: R.4   LN0_AUSPMA_RX_TOP[33] = 0x406a ()
# [PhyTracer@/arm-io/atc-phy1] MMIO: R.4   LN0_AUSPMA_RX_TOP[34] = 0x1021224 ()
# [PhyTracer@/arm-io/atc-phy1] MMIO: R.4   LN0_AUSPMA_RX_TOP[43] = 0x46428 ()
# [PhyTracer@/arm-io/atc-phy1] MMIO: R.4   LN0_AUSPMA_RX_TOP[57] = 0x4b412d ()
# [PhyTracer@/arm-io/atc-phy1] MMIO: W.4   LN0_AUSPMA_RX_TOP[57] = 0x1a50694 ()
# [PhyTracer@/arm-io/atc-phy1] MMIO: R.4   LN0_AUSPMA_RX_TOP[59] = 0x80002 ()
# [PhyTracer@/arm-io/atc-phy1] MMIO: R.4   LN0_AUSPMA_RX_TOP[65] = 0x7040202 ()
# [PhyTracer@/arm-io/atc-phy1] MMIO: R.4   LN0_AUSPMA_RX_TOP[66] = 0x0 ()
# [PhyTracer@/arm-io/atc-phy1] MMIO: R.4   LN0_AUSPMA_RX_TOP[68] = 0x2222227 ()
# [PhyTracer@/arm-io/atc-phy1] MMIO: R.4   LN0_AUSPMA_RX_TOP[70] = 0x5 ()
# [PhyTracer@/arm-io/atc-phy1] MMIO: R.4   LN0_AUSPMA_RX_SHM_TJ_RXA_UNK_CTRL7 = 0x93c03c0 ()
# [PhyTracer@/arm-io/atc-phy1] MMIO: W.4   LN0_AUSPMA_RX_SHM_TJ_RXA_UNK_CTRL7 = 0x9c00c21 ()
# [PhyTracer@/arm-io/atc-phy1] MMIO: R.4   LN0_AUSPMA_RX_SHM_TJ_RXA_UNK_CTRL9 = 0x40000011 ()
# [PhyTracer@/arm-io/atc-phy1] MMIO: W.4   LN0_AUSPMA_RX_SHM_TJ_RXA_UNK_CTRL9 = 0x4000c011 ()
# [PhyTracer@/arm-io/atc-phy1] MMIO: R.4   LN0_AUSPMA_RX_SHM_TJ_RXA_DFE_CTRL10 = 0x78000001 (PMA_RXA_DTVREG_ADJUST=0xf)
# [PhyTracer@/arm-io/atc-phy1] MMIO: W.4   LN0_AUSPMA_RX_SHM_TJ_RXA_DFE_CTRL10 = 0x78000601 (PMA_RXA_DTVREG_ADJUST=0xf)
# [PhyTracer@/arm-io/atc-phy1] MMIO: R.4   LN0_AUSPMA_RX_SHM_TJ_RXA_DFE_CTRL11 = 0x2a800012 (PMA_RXA_DTVREG_BIG_EN=1, PMA_RXA_DTVREG_BIG_EN_OV=0, PMA_RXA_DTVREG_SML_EN=1, PMA_RXA_DTVREG_SML_EN_OV=0)
# [PhyTracer@/arm-io/atc-phy1] MMIO: W.4   LN0_AUSPMA_RX_SHM_TJ_RXA_DFE_CTRL11 = 0x2a800052 (PMA_RXA_DTVREG_BIG_EN=1, PMA_RXA_DTVREG_BIG_EN_OV=0, PMA_RXA_DTVREG_SML_EN=1, PMA_RXA_DTVREG_SML_EN_OV=0)
# [PhyTracer@/arm-io/atc-phy1] MMIO: R.4   LN0_AUSPMA_RX_SHM_TJ_UNK_CTRL14A = 0x290c1806 ()
# [PhyTracer@/arm-io/atc-phy1] MMIO: W.4   LN0_AUSPMA_RX_SHM_TJ_UNK_CTRL14A = 0x330c1806 ()
# [PhyTracer@/arm-io/atc-phy1] MMIO: R.4   LN0_AUSPMA_RX_SHM_TJ_UNK_CTRL14B = 0x3024000 ()
# [PhyTracer@/arm-io/atc-phy1] MMIO: W.4   LN0_AUSPMA_RX_SHM_TJ_UNK_CTRL14B = 0x7024000 ()
# [PhyTracer@/arm-io/atc-phy1] MMIO: R.4   LN0_AUSPMA_RX_SHM_TJ_RXA_UNK_CTRL21 = 0x800 ()
# [PhyTracer@/arm-io/atc-phy1] MMIO: W.4   LN0_AUSPMA_RX_SHM_TJ_RXA_UNK_CTRL21 = 0xc00 ()
# [PhyTracer@/arm-io/atc-phy1] MMIO: R.4   LN0_AUSPMA_RX_SHM[33] = 0x6318c ()
# [PhyTracer@/arm-io/atc-phy1] MMIO: W.4   LN0_AUSPMA_RX_SHM[33] = 0x6659f ()
# [PhyTracer@/arm-io/atc-phy1] MMIO: R.4   LN0_AUSPMA_RX_SHM[35] = 0x0 ()
# [PhyTracer@/arm-io/atc-phy1] MMIO: W.4   LN0_AUSPMA_RX_SHM[35] = 0x100000 ()
# [PhyTracer@/arm-io/atc-phy1] MMIO: R.4   LN0_AUSPMA_RX_SHM_TJ_RXA_UNK_CTRL7 = 0x9c00c21 ()
# [PhyTracer@/arm-io/atc-phy1] MMIO: R.4   LN0_AUSPMA_RX_SHM_TJ_RXA_UNK_CTRL9 = 0x4000c011 ()
# [PhyTracer@/arm-io/atc-phy1] MMIO: R.4   LN0_AUSPMA_RX_SHM_TJ_RXA_DFE_CTRL10 = 0x78000601 (PMA_RXA_DTVREG_ADJUST=0xf)
# [PhyTracer@/arm-io/atc-phy1] MMIO: R.4   LN0_AUSPMA_RX_SHM_TJ_RXA_DFE_CTRL11 = 0x2a800052 (PMA_RXA_DTVREG_BIG_EN=1, PMA_RXA_DTVREG_BIG_EN_OV=0, PMA_RXA_DTVREG_SML_EN=1, PMA_RXA_DTVREG_SML_EN_OV=0)
# [PhyTracer@/arm-io/atc-phy1] MMIO: R.4   LN0_AUSPMA_RX_SHM_TJ_UNK_CTRL14A = 0x330c1806 ()
# [PhyTracer@/arm-io/atc-phy1] MMIO: R.4   LN0_AUSPMA_RX_SHM_TJ_UNK_CTRL14B = 0x7024000 ()
# [PhyTracer@/arm-io/atc-phy1] MMIO: R.4   LN0_AUSPMA_RX_SHM_TJ_RXA_UNK_CTRL21 = 0xc00 ()
# [PhyTracer@/arm-io/atc-phy1] MMIO: R.4   LN0_AUSPMA_RX_SHM[33] = 0x6659f ()
# [PhyTracer@/arm-io/atc-phy1] MMIO: W.4   LN0_AUSPMA_RX_SHM[33] = 0xce7ff ()
# [PhyTracer@/arm-io/atc-phy1] MMIO: R.4   LN0_AUSPMA_RX_SHM[35] = 0x100000 ()
# [PhyTracer@/arm-io/atc-phy1] MMIO: R.4   LN0_AUSPMA_RX_EQ[18] = 0x0 ()
# [PhyTracer@/arm-io/atc-phy1] MMIO: W.4   LN0_AUSPMA_RX_EQ[18] = 0x2 ()
# [PhyTracer@/arm-io/atc-phy1] MMIO: R.4   LN0_AUSPMA_RX_EQ[20] = 0xbf03 ()
# [PhyTracer@/arm-io/atc-phy1] MMIO: W.4   LN0_AUSPMA_RX_EQ[20] = 0xbfff ()
# [PhyTracer@/arm-io/atc-phy1] MMIO: R.4   LN0_AUSPMA_RX_EQ[21] = 0x0 ()
# [PhyTracer@/arm-io/atc-phy1] MMIO: W.4   LN0_AUSPMA_RX_EQ[21] = 0x2 ()
# [PhyTracer@/arm-io/atc-phy1] MMIO: R.4   LN0_AUSPMA_RX_EQ[23] = 0xffc3 ()
# [PhyTracer@/arm-io/atc-phy1] MMIO: W.4   LN0_AUSPMA_RX_EQ[23] = 0xffff ()
# [PhyTracer@/arm-io/atc-phy1] MMIO: R.4   LN0_AUSPMA_RX_EQ[31] = 0x28 ()
# [PhyTracer@/arm-io/atc-phy1] MMIO: W.4   LN0_AUSPMA_RX_EQ[31] = 0x7ff ()
# [PhyTracer@/arm-io/atc-phy1] MMIO: R.4   LN0_AUSPMA_RX_EQ[38] = 0x0 ()
# [PhyTracer@/arm-io/atc-phy1] MMIO: W.4   LN0_AUSPMA_RX_EQ[38] = 0x3f ()
# [PhyTracer@/arm-io/atc-phy1] MMIO: R.4   LN0_AUSPMA_RX_EQ[47] = 0x1800101 ()
# [PhyTracer@/arm-io/atc-phy1] MMIO: W.4   LN0_AUSPMA_RX_EQ[47] = 0x3000101 ()
# [PhyTracer@/arm-io/atc-phy1] MMIO: R.4   LN0_AUSPMA_RX_EQ[18] = 0x2 ()
# [PhyTracer@/arm-io/atc-phy1] MMIO: R.4   LN0_AUSPMA_RX_EQ[20] = 0xbfff ()
# [PhyTracer@/arm-io/atc-phy1] MMIO: R.4   LN0_AUSPMA_RX_EQ[21] = 0x2 ()
# [PhyTracer@/arm-io/atc-phy1] MMIO: R.4   LN0_AUSPMA_RX_EQ[23] = 0xffff ()
# [PhyTracer@/arm-io/atc-phy1] MMIO: R.4   LN0_AUSPMA_RX_EQ[31] = 0x7ff ()
# [PhyTracer@/arm-io/atc-phy1] MMIO: R.4   LN0_AUSPMA_RX_EQ[38] = 0x3f ()
# [PhyTracer@/arm-io/atc-phy1] MMIO: R.4   LN0_AUSPMA_RX_EQ[47] = 0x3000101 ()
# [PhyTracer@/arm-io/atc-phy1] MMIO: R.4   LN1_AUSPMA_TX_TOP[2] = 0x6d9e ()
# [PhyTracer@/arm-io/atc-phy1] MMIO: R.4   LN1_AUSPMA_TX_TOP[12] = 0x2800 ()
# [PhyTracer@/arm-io/atc-phy1] MMIO: W.4   LN1_AUSPMA_TX_TOP[12] = 0x2a00 ()
# [PhyTracer@/arm-io/atc-phy1] MMIO: R.4   LN1_AUSPMA_TX_TOP[32] = 0x21780 ()
# [PhyTracer@/arm-io/atc-phy1] MMIO: W.4   LN1_AUSPMA_TX_TOP[32] = 0x1a1780 ()
# [PhyTracer@/arm-io/atc-phy1] MMIO: R.4   LN1_AUSPMA_TX_TOP[35] = 0x4c4c446 ()
# [PhyTracer@/arm-io/atc-phy1] MMIO: W.4   LN1_AUSPMA_TX_TOP[35] = 0x2222226 ()
# [PhyTracer@/arm-io/atc-phy1] MMIO: R.4   LN1_AUSPMA_TX_TOP[2] = 0x6d9e ()
# [PhyTracer@/arm-io/atc-phy1] MMIO: R.4   LN1_AUSPMA_TX_TOP[12] = 0x2a00 ()
# [PhyTracer@/arm-io/atc-phy1] MMIO: R.4   LN1_AUSPMA_TX_TOP[32] = 0x1a1780 ()
# [PhyTracer@/arm-io/atc-phy1] MMIO: R.4   LN1_AUSPMA_TX_TOP[35] = 0x2222226 ()
# [PhyTracer@/arm-io/atc-phy1] MMIO: R.4   LN1_AUSPMA_RX_TOP[0] = 0x78000000 ()
# [PhyTracer@/arm-io/atc-phy1] MMIO: W.4   LN1_AUSPMA_RX_TOP[0] = 0x1e000000 ()
# [PhyTracer@/arm-io/atc-phy1] MMIO: R.4   LN1_AUSPMA_RX_TOP[5] = 0x26c6f7 ()
# [PhyTracer@/arm-io/atc-phy1] MMIO: W.4   LN1_AUSPMA_RX_TOP[5] = 0x2646f7 ()
# [PhyTracer@/arm-io/atc-phy1] MMIO: R.4   LN1_AUSPMA_RX_TOP[11] = 0x100700d5 ()
# [PhyTracer@/arm-io/atc-phy1] MMIO: W.4   LN1_AUSPMA_RX_TOP[11] = 0x5aa1ffff ()
# [PhyTracer@/arm-io/atc-phy1] MMIO: R.4   LN1_AUSPMA_RX_TOP[12] = 0xee00ff40 ()
# [PhyTracer@/arm-io/atc-phy1] MMIO: W.4   LN1_AUSPMA_RX_TOP[12] = 0xff000f44 ()
# [PhyTracer@/arm-io/atc-phy1] MMIO: R.4   LN1_AUSPMA_RX_TOP[16] = 0x70001 ()
# [PhyTracer@/arm-io/atc-phy1] MMIO: W.4   LN1_AUSPMA_RX_TOP[16] = 0x40001 ()
# [PhyTracer@/arm-io/atc-phy1] MMIO: R.4   LN1_AUSPMA_RX_TOP[26] = 0x3f03a ()
# [PhyTracer@/arm-io/atc-phy1] MMIO: W.4   LN1_AUSPMA_RX_TOP[26] = 0x3f01a ()
# [PhyTracer@/arm-io/atc-phy1] MMIO: R.4   LN1_AUSPMA_RX_TOP[29] = 0x1f00c800 ()
# [PhyTracer@/arm-io/atc-phy1] MMIO: W.4   LN1_AUSPMA_RX_TOP[29] = 0x1f00c83e ()
# [PhyTracer@/arm-io/atc-phy1] MMIO: R.4   LN1_AUSPMA_RX_TOP[33] = 0x28062 ()
# [PhyTracer@/arm-io/atc-phy1] MMIO: W.4   LN1_AUSPMA_RX_TOP[33] = 0x406a ()
# [PhyTracer@/arm-io/atc-phy1] MMIO: R.4   LN1_AUSPMA_RX_TOP[34] = 0x1021c38 ()
# [PhyTracer@/arm-io/atc-phy1] MMIO: W.4   LN1_AUSPMA_RX_TOP[34] = 0x1021224 ()
# [PhyTracer@/arm-io/atc-phy1] MMIO: R.4   LN1_AUSPMA_RX_TOP[43] = 0x66428 ()
# [PhyTracer@/arm-io/atc-phy1] MMIO: W.4   LN1_AUSPMA_RX_TOP[43] = 0x46428 ()
# [PhyTracer@/arm-io/atc-phy1] MMIO: R.4   LN1_AUSPMA_RX_TOP[59] = 0x2 ()
# [PhyTracer@/arm-io/atc-phy1] MMIO: W.4   LN1_AUSPMA_RX_TOP[59] = 0x80002 ()
# [PhyTracer@/arm-io/atc-phy1] MMIO: R.4   LN1_AUSPMA_RX_TOP[65] = 0x7040704 ()
# [PhyTracer@/arm-io/atc-phy1] MMIO: W.4   LN1_AUSPMA_RX_TOP[65] = 0x7040202 ()
# [PhyTracer@/arm-io/atc-phy1] MMIO: R.4   LN1_AUSPMA_RX_TOP[66] = 0x3 ()
# [PhyTracer@/arm-io/atc-phy1] MMIO: W.4   LN1_AUSPMA_RX_TOP[66] = 0x0 ()
# [PhyTracer@/arm-io/atc-phy1] MMIO: R.4   LN1_AUSPMA_RX_TOP[68] = 0x4c4c447 ()
# [PhyTracer@/arm-io/atc-phy1] MMIO: W.4   LN1_AUSPMA_RX_TOP[68] = 0x2222227 ()
# [PhyTracer@/arm-io/atc-phy1] MMIO: R.4   LN1_AUSPMA_RX_TOP[70] = 0x7 ()
# [PhyTracer@/arm-io/atc-phy1] MMIO: W.4   LN1_AUSPMA_RX_TOP[70] = 0x5 ()
# [PhyTracer@/arm-io/atc-phy1] MMIO: R.4   LN1_AUSPMA_RX_TOP[0] = 0x1e000000 ()
# [PhyTracer@/arm-io/atc-phy1] MMIO: R.4   LN1_AUSPMA_RX_TOP[5] = 0x2646f7 ()
# [PhyTracer@/arm-io/atc-phy1] MMIO: R.4   LN1_AUSPMA_RX_TOP[11] = 0x5aa1ffff ()
# [PhyTracer@/arm-io/atc-phy1] MMIO: R.4   LN1_AUSPMA_RX_TOP[12] = 0xff000f44 ()
# [PhyTracer@/arm-io/atc-phy1] MMIO: R.4   LN1_AUSPMA_RX_TOP[16] = 0x40001 ()
# [PhyTracer@/arm-io/atc-phy1] MMIO: R.4   LN1_AUSPMA_RX_TOP[26] = 0x3f01a ()
# [PhyTracer@/arm-io/atc-phy1] MMIO: R.4   LN1_AUSPMA_RX_TOP[29] = 0x1f00c83e ()
# [PhyTracer@/arm-io/atc-phy1] MMIO: R.4   LN1_AUSPMA_RX_TOP[33] = 0x406a ()
# [PhyTracer@/arm-io/atc-phy1] MMIO: R.4   LN1_AUSPMA_RX_TOP[34] = 0x1021224 ()
# [PhyTracer@/arm-io/atc-phy1] MMIO: R.4   LN1_AUSPMA_RX_TOP[43] = 0x46428 ()
# [PhyTracer@/arm-io/atc-phy1] MMIO: R.4   LN1_AUSPMA_RX_TOP[57] = 0x4b412d ()
# [PhyTracer@/arm-io/atc-phy1] MMIO: W.4   LN1_AUSPMA_RX_TOP[57] = 0x1a50694 ()
# [PhyTracer@/arm-io/atc-phy1] MMIO: R.4   LN1_AUSPMA_RX_TOP[59] = 0x80002 ()
# [PhyTracer@/arm-io/atc-phy1] MMIO: R.4   LN1_AUSPMA_RX_TOP[65] = 0x7040202 ()
# [PhyTracer@/arm-io/atc-phy1] MMIO: R.4   LN1_AUSPMA_RX_TOP[66] = 0x0 ()
# [PhyTracer@/arm-io/atc-phy1] MMIO: R.4   LN1_AUSPMA_RX_TOP[68] = 0x2222227 ()
# [PhyTracer@/arm-io/atc-phy1] MMIO: R.4   LN1_AUSPMA_RX_TOP[70] = 0x5 ()
# [PhyTracer@/arm-io/atc-phy1] MMIO: R.4   LN1_AUSPMA_RX_SHM_TJ_RXA_UNK_CTRL7 = 0x93c03c0 ()
# [PhyTracer@/arm-io/atc-phy1] MMIO: W.4   LN1_AUSPMA_RX_SHM_TJ_RXA_UNK_CTRL7 = 0x9c00c21 ()
# [PhyTracer@/arm-io/atc-phy1] MMIO: R.4   LN1_AUSPMA_RX_SHM_TJ_RXA_UNK_CTRL9 = 0x40000011 ()
# [PhyTracer@/arm-io/atc-phy1] MMIO: W.4   LN1_AUSPMA_RX_SHM_TJ_RXA_UNK_CTRL9 = 0x4000c011 ()
# [PhyTracer@/arm-io/atc-phy1] MMIO: R.4   LN1_AUSPMA_RX_SHM_TJ_RXA_DFE_CTRL10 = 0x78000001 (PMA_RXA_DTVREG_ADJUST=0xf)
# [PhyTracer@/arm-io/atc-phy1] MMIO: W.4   LN1_AUSPMA_RX_SHM_TJ_RXA_DFE_CTRL10 = 0x78000601 (PMA_RXA_DTVREG_ADJUST=0xf)
# [PhyTracer@/arm-io/atc-phy1] MMIO: R.4   LN1_AUSPMA_RX_SHM_TJ_RXA_DFE_CTRL11 = 0x2a800012 (PMA_RXA_DTVREG_BIG_EN=1, PMA_RXA_DTVREG_BIG_EN_OV=0, PMA_RXA_DTVREG_SML_EN=1, PMA_RXA_DTVREG_SML_EN_OV=0)
# [PhyTracer@/arm-io/atc-phy1] MMIO: W.4   LN1_AUSPMA_RX_SHM_TJ_RXA_DFE_CTRL11 = 0x2a800052 (PMA_RXA_DTVREG_BIG_EN=1, PMA_RXA_DTVREG_BIG_EN_OV=0, PMA_RXA_DTVREG_SML_EN=1, PMA_RXA_DTVREG_SML_EN_OV=0)
# [PhyTracer@/arm-io/atc-phy1] MMIO: R.4   LN1_AUSPMA_RX_SHM_TJ_UNK_CTRL14A = 0x290c1806 ()
# [PhyTracer@/arm-io/atc-phy1] MMIO: W.4   LN1_AUSPMA_RX_SHM_TJ_UNK_CTRL14A = 0x330c1806 ()
# [PhyTracer@/arm-io/atc-phy1] MMIO: R.4   LN1_AUSPMA_RX_SHM_TJ_UNK_CTRL14B = 0x3024000 ()
# [PhyTracer@/arm-io/atc-phy1] MMIO: W.4   LN1_AUSPMA_RX_SHM_TJ_UNK_CTRL14B = 0x7024000 ()
# [PhyTracer@/arm-io/atc-phy1] MMIO: R.4   LN1_AUSPMA_RX_SHM_TJ_RXA_UNK_CTRL21 = 0x800 ()
# [PhyTracer@/arm-io/atc-phy1] MMIO: W.4   LN1_AUSPMA_RX_SHM_TJ_RXA_UNK_CTRL21 = 0xc00 ()
# [PhyTracer@/arm-io/atc-phy1] MMIO: R.4   LN1_AUSPMA_RX_SHM[33] = 0x6318c ()
# [PhyTracer@/arm-io/atc-phy1] MMIO: W.4   LN1_AUSPMA_RX_SHM[33] = 0x6659f ()
# [PhyTracer@/arm-io/atc-phy1] MMIO: R.4   LN1_AUSPMA_RX_SHM[35] = 0x0 ()
# [PhyTracer@/arm-io/atc-phy1] MMIO: W.4   LN1_AUSPMA_RX_SHM[35] = 0x100000 ()
# [PhyTracer@/arm-io/atc-phy1] MMIO: R.4   LN1_AUSPMA_RX_SHM_TJ_RXA_UNK_CTRL7 = 0x9c00c21 ()
# [PhyTracer@/arm-io/atc-phy1] MMIO: R.4   LN1_AUSPMA_RX_SHM_TJ_RXA_UNK_CTRL9 = 0x4000c011 ()
# [PhyTracer@/arm-io/atc-phy1] MMIO: R.4   LN1_AUSPMA_RX_SHM_TJ_RXA_DFE_CTRL10 = 0x78000601 (PMA_RXA_DTVREG_ADJUST=0xf)
# [PhyTracer@/arm-io/atc-phy1] MMIO: R.4   LN1_AUSPMA_RX_SHM_TJ_RXA_DFE_CTRL11 = 0x2a800052 (PMA_RXA_DTVREG_BIG_EN=1, PMA_RXA_DTVREG_BIG_EN_OV=0, PMA_RXA_DTVREG_SML_EN=1, PMA_RXA_DTVREG_SML_EN_OV=0)
# [PhyTracer@/arm-io/atc-phy1] MMIO: R.4   LN1_AUSPMA_RX_SHM_TJ_UNK_CTRL14A = 0x330c1806 ()
# [PhyTracer@/arm-io/atc-phy1] MMIO: R.4   LN1_AUSPMA_RX_SHM_TJ_UNK_CTRL14B = 0x7024000 ()
# [PhyTracer@/arm-io/atc-phy1] MMIO: R.4   LN1_AUSPMA_RX_SHM_TJ_RXA_UNK_CTRL21 = 0xc00 ()
# [PhyTracer@/arm-io/atc-phy1] MMIO: R.4   LN1_AUSPMA_RX_SHM[33] = 0x6659f ()
# [PhyTracer@/arm-io/atc-phy1] MMIO: W.4   LN1_AUSPMA_RX_SHM[33] = 0xce7ff ()
# [PhyTracer@/arm-io/atc-phy1] MMIO: R.4   LN1_AUSPMA_RX_SHM[35] = 0x100000 ()
# [PhyTracer@/arm-io/atc-phy1] MMIO: R.4   LN1_AUSPMA_RX_EQ[18] = 0x0 ()
# [PhyTracer@/arm-io/atc-phy1] MMIO: W.4   LN1_AUSPMA_RX_EQ[18] = 0x2 ()
# [PhyTracer@/arm-io/atc-phy1] MMIO: R.4   LN1_AUSPMA_RX_EQ[20] = 0xbf03 ()
# [PhyTracer@/arm-io/atc-phy1] MMIO: W.4   LN1_AUSPMA_RX_EQ[20] = 0xbfff ()
# [PhyTracer@/arm-io/atc-phy1] MMIO: R.4   LN1_AUSPMA_RX_EQ[21] = 0x0 ()
# [PhyTracer@/arm-io/atc-phy1] MMIO: W.4   LN1_AUSPMA_RX_EQ[21] = 0x2 ()
# [PhyTracer@/arm-io/atc-phy1] MMIO: R.4   LN1_AUSPMA_RX_EQ[23] = 0xffc3 ()
# [PhyTracer@/arm-io/atc-phy1] MMIO: W.4   LN1_AUSPMA_RX_EQ[23] = 0xffff ()
# [PhyTracer@/arm-io/atc-phy1] MMIO: R.4   LN1_AUSPMA_RX_EQ[31] = 0x28 ()
# [PhyTracer@/arm-io/atc-phy1] MMIO: W.4   LN1_AUSPMA_RX_EQ[31] = 0x7ff ()
# [PhyTracer@/arm-io/atc-phy1] MMIO: R.4   LN1_AUSPMA_RX_EQ[38] = 0x0 ()
# [PhyTracer@/arm-io/atc-phy1] MMIO: W.4   LN1_AUSPMA_RX_EQ[38] = 0x3f ()
# [PhyTracer@/arm-io/atc-phy1] MMIO: R.4   LN1_AUSPMA_RX_EQ[47] = 0x1800101 ()
# [PhyTracer@/arm-io/atc-phy1] MMIO: W.4   LN1_AUSPMA_RX_EQ[47] = 0x3000101 ()
# [PhyTracer@/arm-io/atc-phy1] MMIO: R.4   LN1_AUSPMA_RX_EQ[18] = 0x2 ()
# [PhyTracer@/arm-io/atc-phy1] MMIO: R.4   LN1_AUSPMA_RX_EQ[20] = 0xbfff ()
# [PhyTracer@/arm-io/atc-phy1] MMIO: R.4   LN1_AUSPMA_RX_EQ[21] = 0x2 ()
# [PhyTracer@/arm-io/atc-phy1] MMIO: R.4   LN1_AUSPMA_RX_EQ[23] = 0xffff ()
# [PhyTracer@/arm-io/atc-phy1] MMIO: R.4   LN1_AUSPMA_RX_EQ[31] = 0x7ff ()
# [PhyTracer@/arm-io/atc-phy1] MMIO: R.4   LN1_AUSPMA_RX_EQ[38] = 0x3f ()
# [PhyTracer@/arm-io/atc-phy1] MMIO: R.4   LN1_AUSPMA_RX_EQ[47] = 0x3000101 ()
# [PhyTracer@/arm-io/atc-phy1] MMIO: R.4   ACIOPHY_CFG0 = 0x10000cc5 ()
# [PhyTracer@/arm-io/atc-phy1] MMIO: W.4   ACIOPHY_CFG0 = 0x10000cc5 ()
# [PhyTracer@/arm-io/atc-phy1] MMIO: R.4   ACIOPHY_CFG0 = 0x10000cc5 ()
# [PhyTracer@/arm-io/atc-phy1] MMIO: W.4   ACIOPHY_CFG0 = 0x10000ccd ()
# [PhyTracer@/arm-io/atc-phy1] MMIO: R.4   ACIOPHY_CFG0 = 0x10000ccd ()
# [PhyTracer@/arm-io/atc-phy1] MMIO: W.4   ACIOPHY_CFG0 = 0x10000ccd ()
# [PhyTracer@/arm-io/atc-phy1] MMIO: R.4   ACIOPHY_CFG0 = 0x10000ccd ()
# [PhyTracer@/arm-io/atc-phy1] MMIO: W.4   ACIOPHY_CFG0 = 0x10000ccf ()
# [PhyTracer@/arm-io/atc-phy1] MMIO: R.4   ACIOPHY_CFG0 = 0x10000ccf ()
# [PhyTracer@/arm-io/atc-phy1] MMIO: W.4   ACIOPHY_CFG0 = 0x10000ccf ()
# [PhyTracer@/arm-io/atc-phy1] MMIO: R.4   ACIOPHY_CFG0 = 0x10000ccf ()
# [PhyTracer@/arm-io/atc-phy1] MMIO: W.4   ACIOPHY_CFG0 = 0x10000cef ()
# [PhyTracer@/arm-io/atc-phy1] MMIO: R.4   ACIOPHY_SLEEP_CTRL = 0x15540033 ()
# [PhyTracer@/arm-io/atc-phy1] MMIO: W.4   ACIOPHY_SLEEP_CTRL = 0x15540033 ()
# [PhyTracer@/arm-io/atc-phy1] MMIO: R.4   ACIOPHY_SLEEP_CTRL = 0x15540033 ()
# [PhyTracer@/arm-io/atc-phy1] MMIO: W.4   ACIOPHY_SLEEP_CTRL = 0x155400f3 ()
# [PhyTracer@/arm-io/atc-phy1] MMIO: R.4   ACIOPHY_SLEEP_CTRL = 0x155500f3 ()
# [PhyTracer@/arm-io/atc-phy1] MMIO: W.4   ACIOPHY_SLEEP_CTRL = 0x155500f3 ()
# [PhyTracer@/arm-io/atc-phy1] MMIO: R.4   ACIOPHY_SLEEP_CTRL = 0x155500f3 ()
# [PhyTracer@/arm-io/atc-phy1] MMIO: W.4   ACIOPHY_SLEEP_CTRL = 0x155500ff ()
# [PhyTracer@/arm-io/atc-phy1] MMIO: R.4   ACIOPHY_SLEEP_CTRL = 0x155700ff ()
# [PhyTracer@/arm-io/atc-phy1] MMIO: W.4   ACIOPHY_SLEEP_CTRL = 0x155700ff ()
# [PhyTracer@/arm-io/atc-phy1] MMIO: R.4   ACIOPHY_SLEEP_CTRL = 0x155700ff ()
# [PhyTracer@/arm-io/atc-phy1] MMIO: W.4   ACIOPHY_SLEEP_CTRL = 0x15570cff ()
# [PhyTracer@/arm-io/atc-phy1] MMIO: R.4   ACIOPHY_CFG0 = 0x10000cef ()
# [PhyTracer@/arm-io/atc-phy1] MMIO: W.4   ACIOPHY_CFG0 = 0x10000cef ()
# [PhyTracer@/arm-io/atc-phy1] MMIO: R.4   ACIOPHY_CFG0 = 0x10000cef ()
# [PhyTracer@/arm-io/atc-phy1] MMIO: W.4   ACIOPHY_CFG0 = 0x10003cef ()
# [PhyTracer@/arm-io/atc-phy1] MMIO: R.4   ACIOPHY_CFG0 = 0x10803cef ()
# [PhyTracer@/arm-io/atc-phy1] MMIO: W.4   ACIOPHY_CFG0 = 0x10803cef ()
# [PhyTracer@/arm-io/atc-phy1] MMIO: R.4   ACIOPHY_CFG0 = 0x10803cef ()
# [PhyTracer@/arm-io/atc-phy1] MMIO: W.4   ACIOPHY_CFG0 = 0x10803fef ()
# [PhyTracer@/arm-io/atc-phy1] MMIO: R.4   ACIOPHY_CFG0 = 0x11803fef ()
# [PhyTracer@/arm-io/atc-phy1] MMIO: W.4   ACIOPHY_CFG0 = 0x11803fef ()
# [PhyTracer@/arm-io/atc-phy1] MMIO: R.4   ACIOPHY_CFG0 = 0x11803fef ()
# [PhyTracer@/arm-io/atc-phy1] MMIO: W.4   ACIOPHY_CFG0 = 0x11833fef ()
# [PhyTracer@/arm-io/atc-phy1] MMIO: R.4   CIO3PLL_CLK_CTRL = 0x2022 (PCLK_EN=1, REFCLK_EN=1)
# [PhyTracer@/arm-io/atc-phy1] MMIO: W.4   CIO3PLL_CLK_CTRL = 0x2022 (PCLK_EN=1, REFCLK_EN=1)
# [PhyTracer@/arm-io/atc-phy1] MMIO: R.4   CIO3PLL_CLK_CTRL = 0x2022 (PCLK_EN=1, REFCLK_EN=1)
# [PhyTracer@/arm-io/atc-phy1] MMIO: W.4   CIO3PLL_CLK_CTRL = 0x2022 (PCLK_EN=1, REFCLK_EN=1)
# [PhyTracer@/arm-io/atc-phy1] MMIO: R.4   ACIOPHY_LANE_MODE = 0x249 (RX0=1(USB3), TX0=1(USB3), RX1=1(USB3), TX1=1(USB3))
# [PhyTracer@/arm-io/atc-phy1] MMIO: W.4   ACIOPHY_LANE_MODE = 0x248 (RX0=0(USB4), TX0=1(USB3), RX1=1(USB3), TX1=1(USB3))
# [PhyTracer@/arm-io/atc-phy1] MMIO: R.4   ACIOPHY_LANE_MODE = 0x248 (RX0=0(USB4), TX0=1(USB3), RX1=1(USB3), TX1=1(USB3))
# [PhyTracer@/arm-io/atc-phy1] MMIO: W.4   ACIOPHY_LANE_MODE = 0x240 (RX0=0(USB4), TX0=0(USB4), RX1=1(USB3), TX1=1(USB3))
# [PhyTracer@/arm-io/atc-phy1] MMIO: R.4   ACIOPHY_LANE_MODE = 0x240 (RX0=0(USB4), TX0=0(USB4), RX1=1(USB3), TX1=1(USB3))
# [PhyTracer@/arm-io/atc-phy1] MMIO: W.4   ACIOPHY_LANE_MODE = 0x200 (RX0=0(USB4), TX0=0(USB4), RX1=0(USB4), TX1=1(USB3))
# [PhyTracer@/arm-io/atc-phy1] MMIO: R.4   ACIOPHY_LANE_MODE = 0x200 (RX0=0(USB4), TX0=0(USB4), RX1=0(USB4), TX1=1(USB3))
# [PhyTracer@/arm-io/atc-phy1] MMIO: W.4   ACIOPHY_LANE_MODE = 0x0 (RX0=0(USB4), TX0=0(USB4), RX1=0(USB4), TX1=0(USB4))
# [PhyTracer@/arm-io/atc-phy1] MMIO: R.4   ACIOPHY_CROSSBAR = 0x2a (PROTOCOL_SWAPPED=0, PROTOCOL=0x5(USB3), DPMODE=0x1)
# [PhyTracer@/arm-io/atc-phy1] MMIO: W.4   ACIOPHY_CROSSBAR = 0x20 (PROTOCOL_SWAPPED=0, PROTOCOL=0x0(USB4), DPMODE=0x1)
# [PhyTracer@/arm-io/atc-phy1] MMIO: R.4   ATCPHY_MISC = 0x1 (RESET_N=1, LANE_SWAP=0)
# [PhyTracer@/arm-io/atc-phy1] MMIO: W.4   ATCPHY_MISC = 0x1 (RESET_N=1, LANE_SWAP=0)
# [PhyTracer@/arm-io/atc-phy1] MMIO: R.4   ATCPHY_POWER_CTRL = 0xb (SLEEP_SMALL=1, SLEEP_BIG=1, CLAMP_EN=0, APB_RESET_N=1, PHY_RESET_N=0)
# [PhyTracer@/arm-io/atc-phy1] MMIO: W.4   ATCPHY_POWER_CTRL = 0x1b (SLEEP_SMALL=1, SLEEP_BIG=1, CLAMP_EN=0, APB_RESET_N=1, PHY_RESET_N=1)
# [Dwc3Tracer@/arm-io/usb-drd1] MMIO: R.4   PIPEHANDLER_AON_GEN = 0x21 (DWC3_FORCE_CLAMP_EN=0, DWC3_RESET_N=1)
# [Dwc3Tracer@/arm-io/usb-drd1] MMIO: W.4   PIPEHANDLER_AON_GEN = 0x20 (DWC3_FORCE_CLAMP_EN=0, DWC3_RESET_N=0)
# [Dwc3Tracer@/arm-io/usb-drd1] MMIO: R.4   PIPEHANDLER_AON_GEN = 0x20 (DWC3_FORCE_CLAMP_EN=0, DWC3_RESET_N=0)
# [Dwc3Tracer@/arm-io/usb-drd1] MMIO: W.4   PIPEHANDLER_AON_GEN = 0x30 (DWC3_FORCE_CLAMP_EN=1, DWC3_RESET_N=0)
# [PhyTracer@/arm-io/atc-phy1] MMIO: R.4   USB2PHY_USBCTL = 0x102 (MODE_HOST=1, MODE_ISOLATION=0)
# [PhyTracer@/arm-io/atc-phy1] MMIO: W.4   USB2PHY_USBCTL = 0x104 (MODE_HOST=0, MODE_ISOLATION=1)
# [PhyTracer@/arm-io/atc-phy1] MMIO: R.4   USB2PHY_CTL = 0x4 (RESET=0, PORT_RESET=0, APB_RESETN=1, SIDDQ=0)
# [PhyTracer@/arm-io/atc-phy1] MMIO: W.4   USB2PHY_CTL = 0xc (RESET=0, PORT_RESET=0, APB_RESETN=1, SIDDQ=1)
# [PhyTracer@/arm-io/atc-phy1] MMIO: R.4   USB2PHY_CTL = 0xc (RESET=0, PORT_RESET=0, APB_RESETN=1, SIDDQ=1)
# [PhyTracer@/arm-io/atc-phy1] MMIO: W.4   USB2PHY_CTL = 0xe (RESET=0, PORT_RESET=1, APB_RESETN=1, SIDDQ=1)
# [PhyTracer@/arm-io/atc-phy1] MMIO: R.4   USB2PHY_CTL = 0xe (RESET=0, PORT_RESET=1, APB_RESETN=1, SIDDQ=1)
# [PhyTracer@/arm-io/atc-phy1] MMIO: W.4   USB2PHY_CTL = 0xf (RESET=1, PORT_RESET=1, APB_RESETN=1, SIDDQ=1)
# [PhyTracer@/arm-io/atc-phy1] MMIO: R.4   USB2PHY_CTL = 0xf (RESET=1, PORT_RESET=1, APB_RESETN=1, SIDDQ=1)
# [PhyTracer@/arm-io/atc-phy1] MMIO: W.4   USB2PHY_CTL = 0xb (RESET=1, PORT_RESET=1, APB_RESETN=0, SIDDQ=1)
# [PhyTracer@/arm-io/atc-phy1] MMIO: R.4   USB2PHY_MISCTUNE = 0x8c0013 (APBCLK_GATE_OFF=0, REFCLK_GATE_OFF=0)
# [PhyTracer@/arm-io/atc-phy1] MMIO: W.4   USB2PHY_MISCTUNE = 0x208c0013 (APBCLK_GATE_OFF=1, REFCLK_GATE_OFF=0)
# [PhyTracer@/arm-io/atc-phy1] MMIO: R.4   USB2PHY_MISCTUNE = 0x208c0013 (APBCLK_GATE_OFF=1, REFCLK_GATE_OFF=0)
# [PhyTracer@/arm-io/atc-phy1] MMIO: W.4   USB2PHY_MISCTUNE = 0x608c0013 (APBCLK_GATE_OFF=1, REFCLK_GATE_OFF=1)
# [cpu3] [0xfffffe0014c225c0] MMIO: R.4   0x501e50008 (atc1-dpin0[0], offset 0x08) = 0x0
p.read32(0x501e50000 + 0x8)
# [cpu3] [0xfffffe0014c22744] MMIO: W.4   0x501e50008 (atc1-dpin0[0], offset 0x08) = 0x3
p.write32(0x501e50000 + 0x8, 0x3)
# [cpu1] [0xfffffe0014c225c0] MMIO: R.4   0x501e50004 (atc1-dpin0[0], offset 0x04) = 0x1
p.read32(0x501e50000 + 0x4)
# [cpu1] [0xfffffe0014c225c0] MMIO: R.4   0x501e50000 (atc1-dpin0[0], offset 0x00) = 0x5
p.read32(0x501e50000 + 0x0)
# [cpu1] [0xfffffe0014c225c0] MMIO: R.4   0x501e50004 (atc1-dpin0[0], offset 0x04) = 0x1
p.read32(0x501e50000 + 0x4)
# [cpu1] [0xfffffe0014c22744] MMIO: W.4   0x501e50004 (atc1-dpin0[0], offset 0x04) = 0x1
p.write32(0x501e50000 + 0x4, 0x1)
# [cpu1] [0xfffffe0014c22744] MMIO: W.4   0x501e50000 (atc1-dpin0[0], offset 0x00) = 0x5
p.write32(0x501e50000 + 0x0, 0x5)
# [cpu3] [DCPTracer@/arm-io/dcpext] [dptxport] >TX msg:0xa2000000001740 (TYPE=0xa2, WPTR=0x1740)
# [cpu3] [DCPTracer@/arm-io/dcpext] [dptxport] >Ch 1 Type COMMAND Ver 2 Tag 32
# [cpu3] [DCPTracer@/arm-io/dcpext] [dptxport]   Len 30 Ver 4 Cat COMMAND Type 0xc0/STD_SERVICE Seq 6
# [cpu3] [DCPTracer@/arm-io/dcpext] [dptxport] [dcpdptx-port-epic0] > validateConnection(target=0x8011 (CORE=0x1, ATC=0x1, DIE=0x0, CONNECTED=1), unk1=0x101)
# [cpu3] [DCPTracer@/arm-io/dcpext] [dptxport] <RX msg:0x85000000000000 (TYPE=0x85)
# [cpu3] [DCPTracer@/arm-io/dcpext] [dptxport] <Ch 1 Type REPLY Ver 2 Tag 32
# [cpu3] [DCPTracer@/arm-io/dcpext] [dptxport]   Len 30 Ver 4 Cat REPLY Type 0xc0/STD_SERVICE Seq 6
# [cpu3] [DCPTracer@/arm-io/dcpext] [dptxport] [dcpdptx-port-epic0] < validateConnection(target=0x8011 (CORE=0x1, ATC=0x1, DIE=0x0, CONNECTED=1), unk1=0x101)
# [cpu3] [DCPTracer@/arm-io/dcpext] [dptxport] >TX msg:0xa20000000017c0 (TYPE=0xa2, WPTR=0x17c0)
# [cpu3] [DCPTracer@/arm-io/dcpext] [dptxport] >Ch 1 Type COMMAND Ver 2 Tag 33
# [cpu3] [DCPTracer@/arm-io/dcpext] [dptxport]   Len 30 Ver 4 Cat COMMAND Type 0xc0/STD_SERVICE Seq 7
# [cpu3] [DCPTracer@/arm-io/dcpext] [dptxport] [dcpdptx-port-epic0] > connectTo(target=0x8011 (CORE=0x1, ATC=0x1, DIE=0x0, CONNECTED=1), unk1=0xb0101)
# [cpu3] [DCPTracer@/arm-io/dcpext] [dptxport] [dcpdptx-port-epic0] 00000000  01 01 0b 00 11 80 00 00  00 00 00 00 00 00 00 00  |................|
# [cpu3] [DCPTracer@/arm-io/dcpext] [dptxport] [dcpdptx-port-epic0] 00000010  00 00 00 00 00 00 00 00  00 00 00 00 00 00 00 00  |................|
# [cpu3] [DCPTracer@/arm-io/dcpext] [dptxport] <RX msg:0x85000000000000 (TYPE=0x85)
# [cpu3] [DCPTracer@/arm-io/dcpext] [dptxport] <Ch 1 Type REPLY Ver 2 Tag 33
# [cpu3] [DCPTracer@/arm-io/dcpext] [dptxport]   Len 30 Ver 4 Cat REPLY Type 0xc0/STD_SERVICE Seq 7
# [cpu3] [DCPTracer@/arm-io/dcpext] [dptxport] [dcpdptx-port-epic0] < connectTo(target=0x8011 (CORE=0x1, ATC=0x1, DIE=0x0, CONNECTED=1), unk1=0xb0101)
# [cpu3] [DCPTracer@/arm-io/dcpext] [dptxport] [dcpdptx-port-epic0] 00000000  01 01 0b 00 11 80 00 00  00 00 00 00 00 00 00 00  |................|
# [cpu3] [DCPTracer@/arm-io/dcpext] [dptxport] [dcpdptx-port-epic0] 00000010  00 00 00 00 00 00 00 00  00 00 00 00 00 00 00 00  |................|
# [cpu2] [DCPTracer@/arm-io/dcpext] [dptxport] >TX msg:0xa2000000001840 (TYPE=0xa2, WPTR=0x1840)
# [cpu2] [DCPTracer@/arm-io/dcpext] [dptxport] >Ch 1 Type COMMAND Ver 2 Tag 34
# [cpu2] [DCPTracer@/arm-io/dcpext] [dptxport]   Len 30 Ver 4 Cat COMMAND Type 0xc0/STD_SERVICE Seq 8
# [cpu2] [DCPTracer@/arm-io/dcpext] [dptxport] [dcpdptx-port-epic0] > setPowerState
# [cpu2] [DCPTracer@/arm-io/dcpext] [dptxport] [dcpdptx-port-epic0] 00000000  00 00 00 00 00 00 00 00  00 00 00 00 00 00 00 00  |................|
# [cpu2] [DCPTracer@/arm-io/dcpext] [syslog] * [AppleDCPDPTX.cpp:355][AFK]powering nub 0x885238
# [cpu2] [DCPTracer@/arm-io/dcpext] [dptxport] <RX msg:0x85000000000000 (TYPE=0x85)
# [cpu2] [DCPTracer@/arm-io/dcpext] [dptxport] <Ch 1 Type NOTIFY Ver 2 Tag 34
# [cpu2] [DCPTracer@/arm-io/dcpext] [dptxport]   Len 100 Ver 4 Cat NOTIFY Type 0xc0/STD_SERVICE Seq 26
# [cpu2] [DCPTracer@/arm-io/dcpext] [dptxport] Notify:
# [cpu2] [DCPTracer@/arm-io/dcpext] [dptxport] [dcpdptx-port-epic0] < DPTX_APCALL_GET_SUPPORTS_HPD)
# [cpu2] [DCPTracer@/arm-io/dcpext] [dptxport] [dcpdptx-port-epic0] 00000000  00 00 00 00 12 00 00 00  20 00 00 00 78 63 70 69  |........ ...xcpi|
# [cpu2] [DCPTracer@/arm-io/dcpext] [dptxport] [dcpdptx-port-epic0] 00000010  00 00 00 00 00 00 00 00  00 00 00 00 00 00 00 00  |................|
# [cpu2] [DCPTracer@/arm-io/dcpext] [dptxport] [dcpdptx-port-epic0] 00000020  *
# [cpu3] [DCPTracer@/arm-io/dcpext] [dptxport] >TX msg:0xa2000000001900 (TYPE=0xa2, WPTR=0x1900)
# [cpu3] [DCPTracer@/arm-io/dcpext] [dptxport] >Ch 1 Type NOTIFY_ACK Ver 2 Tag 35
# [cpu3] [DCPTracer@/arm-io/dcpext] [dptxport]   Len 100 Ver 4 Cat REPLY Type 0xc0/STD_SERVICE Seq 26
# [cpu3] [DCPTracer@/arm-io/dcpext] [dptxport] NotifyAck:
# [cpu3] [DCPTracer@/arm-io/dcpext] [dptxport] [dcpdptx-port-epic0] > DPTX_APCALL_GET_SUPPORTS_HPD)
# [cpu3] [DCPTracer@/arm-io/dcpext] [dptxport] [dcpdptx-port-epic0] 00000000  00 00 00 00 12 00 00 00  20 00 00 00 78 63 70 69  |........ ...xcpi|
# [cpu3] [DCPTracer@/arm-io/dcpext] [dptxport] [dcpdptx-port-epic0] 00000010  00 00 00 00 00 00 00 00  00 00 00 00 00 00 00 00  |................|
# [cpu3] [DCPTracer@/arm-io/dcpext] [dptxport] [dcpdptx-port-epic0] 00000020  *
# [cpu3] [DCPTracer@/arm-io/dcpext] [dptxport] [dcpdptx-port-epic0] 00000050  01 00 00 00 00 00 00 00  00 00 00 00 00 00 00 00  |................|
# [cpu3] [DCPTracer@/arm-io/dcpext] [dptxport] <RX msg:0x85000000000000 (TYPE=0x85)
# [cpu3] [DCPTracer@/arm-io/dcpext] [dptxport] <Ch 1 Type NOTIFY Ver 2 Tag 35
# [cpu3] [DCPTracer@/arm-io/dcpext] [dptxport]   Len 100 Ver 4 Cat NOTIFY Type 0xc0/STD_SERVICE Seq 27
# [cpu3] [DCPTracer@/arm-io/dcpext] [dptxport] Notify:
# [cpu3] [DCPTracer@/arm-io/dcpext] [dptxport] [dcpdptx-port-epic0] < DPTX_APCALL_GET_MAX_LANE_COUNT)
# [cpu3] [DCPTracer@/arm-io/dcpext] [dptxport] [dcpdptx-port-epic0] 00000000  00 00 00 00 0a 00 00 00  20 00 00 00 78 63 70 69  |........ ...xcpi|
# [cpu3] [DCPTracer@/arm-io/dcpext] [dptxport] [dcpdptx-port-epic0] 00000010  00 00 00 00 00 00 00 00  00 00 00 00 00 00 00 00  |................|
# [cpu3] [DCPTracer@/arm-io/dcpext] [dptxport] [dcpdptx-port-epic0] 00000020  *
# [cpu2] [DCPTracer@/arm-io/dcpext] [dptxport] >TX msg:0xa20000000019c0 (TYPE=0xa2, WPTR=0x19c0)
# [cpu2] [DCPTracer@/arm-io/dcpext] [dptxport] >Ch 1 Type NOTIFY_ACK Ver 2 Tag 36
# [cpu2] [DCPTracer@/arm-io/dcpext] [dptxport]   Len 100 Ver 4 Cat REPLY Type 0xc0/STD_SERVICE Seq 27
# [cpu2] [DCPTracer@/arm-io/dcpext] [dptxport] NotifyAck:
# [cpu2] [DCPTracer@/arm-io/dcpext] [dptxport] [dcpdptx-port-epic0] > DPTX_APCALL_GET_MAX_LANE_COUNT)
# [cpu2] [DCPTracer@/arm-io/dcpext] [dptxport] [dcpdptx-port-epic0] 00000000  00 00 00 00 0a 00 00 00  20 00 00 00 78 63 70 69  |........ ...xcpi|
# [cpu2] [DCPTracer@/arm-io/dcpext] [dptxport] [dcpdptx-port-epic0] 00000010  00 00 00 00 00 00 00 00  00 00 00 00 00 00 00 00  |................|
# [cpu2] [DCPTracer@/arm-io/dcpext] [dptxport] [dcpdptx-port-epic0] 00000020  *
# [cpu2] [DCPTracer@/arm-io/dcpext] [dptxport] [dcpdptx-port-epic0] 00000050  04 00 00 00 00 00 00 00  00 00 00 00 00 00 00 00  |................|
# [cpu2] [DCPTracer@/arm-io/dcpext] [dptxport] <RX msg:0x85000000000000 (TYPE=0x85)
# [cpu2] [DCPTracer@/arm-io/dcpext] [dptxport] <Ch 1 Type NOTIFY Ver 2 Tag 36
# [cpu2] [DCPTracer@/arm-io/dcpext] [dptxport]   Len 84 Ver 4 Cat NOTIFY Type 0xc0/STD_SERVICE Seq 28
# [cpu2] [DCPTracer@/arm-io/dcpext] [dptxport] Notify:
# [cpu2] [DCPTracer@/arm-io/dcpext] [dptxport] [dcpdptx-port-epic0] < DPTX_APCALL_ACTIVATE)
# [cpu3] [0xfffffe0014c1b870] MMIO: R.4   0x50304c060 (atc1-dpxbar[0], offset 0x60) = 0x0
p.read32(0x50304c000 + 0x60)
# [cpu3] [0xfffffe0014c1b9f4] MMIO: W.4   0x50304c060 (atc1-dpxbar[0], offset 0x60) = 0x0
p.write32(0x50304c000 + 0x60, 0x0)
# [cpu3] [0xfffffe0014c1b870] MMIO: R.4   0x50304c060 (atc1-dpxbar[0], offset 0x60) = 0x0
p.read32(0x50304c000 + 0x60)
# [cpu3] [0xfffffe0014c1b9f4] MMIO: W.4   0x50304c060 (atc1-dpxbar[0], offset 0x60) = 0x0
p.write32(0x50304c000 + 0x60, 0x0)
# [cpu3] [0xfffffe0014c225c0] MMIO: R.4   0x501e5000c (atc1-dpin0[0], offset 0x0c) = 0x1
p.read32(0x501e50000 + 0xc)
# [cpu3] [0xfffffe0014c22744] MMIO: W.4   0x501e5000c (atc1-dpin0[0], offset 0x0c) = 0x0
p.write32(0x501e50000 + 0xc, 0x0)
# [cpu3] [0xfffffe0014c225c0] MMIO: R.4   0x501e50010 (atc1-dpin0[0], offset 0x10) = 0x0
p.read32(0x501e50000 + 0x10)
# [cpu3] [DCPTracer@/arm-io/dcpext] [dptxport] >TX msg:0xa2000000001a80 (TYPE=0xa2, WPTR=0x1a80)
# [cpu3] [DCPTracer@/arm-io/dcpext] [dptxport] >Ch 1 Type NOTIFY_ACK Ver 2 Tag 37
# [cpu3] [DCPTracer@/arm-io/dcpext] [dptxport]   Len 84 Ver 4 Cat REPLY Type 0xc0/STD_SERVICE Seq 28
# [cpu3] [DCPTracer@/arm-io/dcpext] [dptxport] NotifyAck:
# [cpu3] [DCPTracer@/arm-io/dcpext] [dptxport] [dcpdptx-port-epic0] > DPTX_APCALL_ACTIVATE)
# [cpu3] [DCPTracer@/arm-io/dcpext] [dptxport] <RX msg:0x85000000000000 (TYPE=0x85)
# [cpu3] [DCPTracer@/arm-io/dcpext] [dptxport] <Ch 1 Type REPLY Ver 2 Tag 37
# [cpu3] [DCPTracer@/arm-io/dcpext] [dptxport]   Len 30 Ver 4 Cat REPLY Type 0xc0/STD_SERVICE Seq 8
# [cpu3] [DCPTracer@/arm-io/dcpext] [dptxport] [dcpdptx-port-epic0] < setPowerState
# [cpu3] [DCPTracer@/arm-io/dcpext] [dptxport] [dcpdptx-port-epic0] 00000000  00 00 00 00 00 00 00 00  00 00 00 00 00 00 00 00  |................|
# [cpu2] [DCPTracer@/arm-io/dcpext] [dptxport] >TX msg:0xa2000000001b00 (TYPE=0xa2, WPTR=0x1b00)
# [cpu2] [DCPTracer@/arm-io/dcpext] [dptxport] >Ch 1 Type 7 Ver 2 Tag 38
# [cpu2] [DCPTracer@/arm-io/dcpext] [dptxport]   Len 30 Ver 4 Cat COMMAND Type 0xc0/STD_SERVICE Seq 9
# [cpu2] [DCPTracer@/arm-io/dcpext] [dptxport] [dcpdptx-port-epic0] > hotPlugDetectChangeOccurred()
# [cpu2] [DCPTracer@/arm-io/dcpext] [dptxport] [dcpdptx-port-epic0] 00000000  00 00 00 00 00 00 00 00  00 00 00 00 00 00 00 00  |................|
# [cpu2] [DCPTracer@/arm-io/dcpext] [dptxport] [dcpdptx-port-epic0] 00000010  01 00 00 00 00 00 00 00  00 00 00 00 00 00 00 00  |................|
# [cpu2] [DCPTracer@/arm-io/dcpext] [dptxport] [dcpdptx-port-epic0] > hotPlugDetectChangeOccurred(unk=True)
# [cpu1] [DCPTracer@/arm-io/dcpext] [dpdev] <RX msg:0x85000000000000 (TYPE=0x85)
# [cpu1] [DCPTracer@/arm-io/dcpext] [dpdev] <Ch 5 Type REPLY Ver 2 Tag 5
# [cpu1] [DCPTracer@/arm-io/dcpext] [dpdev]   Len 220 Ver 4 Cat REPORT Type 0x30/ANNOUNCE Seq 0
# [cpu1] [DCPTracer@/arm-io/dcpext] [dpdev] Init: dispext0:dcpav-device-epic:0
# [cpu1] [DCPTracer@/arm-io/dcpext] [dpdev]   Props: {'EPICName': 'dcpav-device-epic', 'EPICUnit': 0, 'EPICLocation': 'External', 'EPICProviderClass': 'DCPDPDevice', 'interface-name': 'dispext0:dcpav-device-epic:0'}
# [cpu1] [DCPTracer@/arm-io/dcpext] [dpdev] New service: dcpav-device-epic0 on channel 5
# [cpu1] [DCPTracer@/arm-io/dcpext] [syslog] * [DCPDP13Service.cpp:60][AFK]version: 12
# [cpu1] [DCPTracer@/arm-io/dcpext] [syslog] * [DCPDPService.cpp:76][AFK]version: 12
# [cpu1] [DCPTracer@/arm-io/dcpext] [dpavserv] <RX msg:0x85000000000000 (TYPE=0x85)
# [cpu1] [DCPTracer@/arm-io/dcpext] [dpavserv] <Ch 5 Type REPLY Ver 2 Tag 8
# [cpu1] [DCPTracer@/arm-io/dcpext] [dpavserv]   Len 224 Ver 4 Cat REPORT Type 0x30/ANNOUNCE Seq 0
# [cpu1] [DCPTracer@/arm-io/dcpext] [dpavserv] Init: dispext0:dcpav-service-epic:0
# [cpu1] [DCPTracer@/arm-io/dcpext] [dpavserv]   Props: {'EPICName': 'dcpav-service-epic', 'EPICUnit': 0, 'EPICLocation': 'External', 'EPICProviderClass': 'DCPDPService', 'interface-name': 'dispext0:dcpav-service-epic:0'}
# [cpu1] [DCPTracer@/arm-io/dcpext] [dpavserv] New service: dcpav-service-epic0 on channel 5
# [cpu1] [DCPTracer@/arm-io/dcpext] [dpavserv] <Ch 7 Type REPLY Ver 2 Tag 9
# [cpu1] [DCPTracer@/arm-io/dcpext] [dpavserv]   Len 224 Ver 4 Cat REPORT Type 0x30/ANNOUNCE Seq 0
# [cpu1] [DCPTracer@/arm-io/dcpext] [dpavserv] Init: dispext0:dcpdp-service-epic:0
# [cpu1] [DCPTracer@/arm-io/dcpext] [dpavserv]   Props: {'EPICName': 'dcpdp-service-epic', 'EPICUnit': 0, 'EPICLocation': 'External', 'EPICProviderClass': 'DCPDPService', 'interface-name': 'dispext0:dcpdp-service-epic:0'}
# [cpu1] [DCPTracer@/arm-io/dcpext] [dpavserv] New service: dcpdp-service-epic0 on channel 7
# [cpu1] [DCPTracer@/arm-io/dcpext] [hdcp] <RX msg:0x85000000000000 (TYPE=0x85)
# [cpu1] [DCPTracer@/arm-io/dcpext] [hdcp] <Ch 1 Type NOTIFY Ver 2 Tag 6
# [cpu1] [DCPTracer@/arm-io/dcpext] [hdcp]   Len 112 Ver 4 Cat REPORT Type 0xc0/STD_SERVICE Seq 3
# [cpu1] [DCPTracer@/arm-io/dcpext] [hdcp] Report STD_SERVICE
# [cpu1] [DCPTracer@/arm-io/dcpext] [hdcp] 00000000  00 00 02 00 00 00 00 00  30 00 00 00 78 63 70 69  |........0...xcpi|
# [cpu1] [DCPTracer@/arm-io/dcpext] [hdcp] 00000010  00 00 00 00 00 00 00 00  00 00 00 00 00 00 00 00  |................|
# [cpu1] [DCPTracer@/arm-io/dcpext] [hdcp] 00000020  *
# [cpu1] [DCPTracer@/arm-io/dcpext] [hdcp] 00000050  20 50 11 e0 00 00 00 00  00 00 00 00 00 00 00 00  | P..............|
# [cpu1] [DCPTracer@/arm-io/dcpext] [hdcp] 00000060  f0 d6 f9 40 ff ff ff ff  00 00 00 00 00 00 00 00  |...@............|
# [cpu1] [DCPTracer@/arm-io/dcpext] [dpavctrl] <RX msg:0x85000000000000 (TYPE=0x85)
# [cpu1] [DCPTracer@/arm-io/dcpext] [dpavctrl] <Ch 1 Type NOTIFY Ver 2 Tag 10
# [cpu1] [DCPTracer@/arm-io/dcpext] [dpavctrl]   Len 112 Ver 4 Cat REPORT Type 0xc0/STD_SERVICE Seq 3
# [cpu1] [DCPTracer@/arm-io/dcpext] [dpavctrl] Report STD_SERVICE
# [cpu1] [DCPTracer@/arm-io/dcpext] [dpavctrl] 00000000  00 00 02 00 00 00 00 00  30 00 00 00 78 63 70 69  |........0...xcpi|
# [cpu1] [DCPTracer@/arm-io/dcpext] [dpavctrl] 00000010  00 00 00 00 00 00 00 00  00 00 00 00 00 00 00 00  |................|
# [cpu1] [DCPTracer@/arm-io/dcpext] [dpavctrl] 00000020  *
# [cpu1] [DCPTracer@/arm-io/dcpext] [dpavctrl] 00000050  20 50 11 e0 00 00 00 00  00 00 00 00 00 00 00 00  | P..............|
# [cpu1] [DCPTracer@/arm-io/dcpext] [dpavctrl] 00000060  f0 d6 f9 40 ff ff ff ff  00 00 00 00 00 00 00 00  |...@............|
# [cpu1] [DCPTracer@/arm-io/dcpext] [dpavctrl] <Ch 3 Type NOTIFY Ver 2 Tag 11
# [cpu1] [DCPTracer@/arm-io/dcpext] [dpavctrl]   Len 112 Ver 4 Cat REPORT Type 0xc0/STD_SERVICE Seq 3
# [cpu1] [DCPTracer@/arm-io/dcpext] [dpavctrl] Report STD_SERVICE
# [cpu1] [DCPTracer@/arm-io/dcpext] [dpavctrl] 00000000  00 00 02 00 00 00 00 00  30 00 00 00 78 63 70 69  |........0...xcpi|
# [cpu1] [DCPTracer@/arm-io/dcpext] [dpavctrl] 00000010  00 00 00 00 00 00 00 00  00 00 00 00 00 00 00 00  |................|
# [cpu1] [DCPTracer@/arm-io/dcpext] [dpavctrl] 00000020  *
# [cpu1] [DCPTracer@/arm-io/dcpext] [dpavctrl] 00000050  20 50 11 e0 00 00 00 00  00 00 00 00 00 00 00 00  | P..............|
# [cpu1] [DCPTracer@/arm-io/dcpext] [dpavctrl] 00000060  f0 d6 f9 40 ff ff ff ff  00 00 00 00 00 00 00 00  |...@............|
# [cpu1] [DCPTracer@/arm-io/dcpext] [dptxport] <RX msg:0x85000000000000 (TYPE=0x85)
# [cpu1] [DCPTracer@/arm-io/dcpext] [dptxport] <Ch 1 Type REPLY Ver 2 Tag 38
# [cpu1] [DCPTracer@/arm-io/dcpext] [dptxport]   Len 30 Ver 4 Cat REPLY Type 0xc0/STD_SERVICE Seq 9
# [cpu1] [DCPTracer@/arm-io/dcpext] [dptxport] [dcpdptx-port-epic0] < hotPlugDetectChangeOccurred(unk=True)
# [cpu1] [DCPTracer@/arm-io/dcpext] [dpavserv] >TX msg:0xa20000000000c0 (TYPE=0xa2, WPTR=0xc0)
# [cpu1] [DCPTracer@/arm-io/dcpext] [dpavserv] >Ch 5 Type NOTIFY Ver 2 Tag 2
# [cpu1] [DCPTracer@/arm-io/dcpext] [dpavserv]   Len 8 Ver 4 Cat REPORT Type 0x12/18 Seq 0
# [cpu1] [DCPTracer@/arm-io/dcpext] [dpavserv] Report 18
# [cpu1] [DCPTracer@/arm-io/dcpext] [dpavserv] 00000000  e6 07 00 00 01 00 00 00                           |........        |
# [cpu2] [DCPTracer@/arm-io/dcpext] [dpavserv] >TX msg:0xa2000000000100 (TYPE=0xa2, WPTR=0x100)
# [cpu2] [DCPTracer@/arm-io/dcpext] [dpavserv] >Ch 7 Type NOTIFY Ver 2 Tag 3
# [cpu2] [DCPTracer@/arm-io/dcpext] [dpavserv]   Len 8 Ver 4 Cat REPORT Type 0x12/18 Seq 0
# [cpu2] [DCPTracer@/arm-io/dcpext] [dpavserv] Report 18
# [cpu2] [DCPTracer@/arm-io/dcpext] [dpavserv] 00000000  e7 07 00 00 01 00 00 00                           |........        |
# [cpu2] [DCPTracer@/arm-io/dcpext] [dptxport] <RX msg:0x85000000000000 (TYPE=0x85)
# [cpu2] [DCPTracer@/arm-io/dcpext] [dptxport] <Ch 1 Type NOTIFY Ver 2 Tag 39
# [cpu2] [DCPTracer@/arm-io/dcpext] [dptxport]   Len 212 Ver 4 Cat NOTIFY Type 0xc0/STD_SERVICE Seq 29
# [cpu2] [DCPTracer@/arm-io/dcpext] [dptxport] Notify:
# [cpu2] [DCPTracer@/arm-io/dcpext] [dptxport] [dcpdptx-port-epic0] < DPTX_APCALL_SET_TILED_DISPLAY_HINTS)
# [cpu2] [DCPTracer@/arm-io/dcpext] [dptxport] [dcpdptx-port-epic0] 00000000  00 00 00 00 15 00 00 00  90 00 00 00 78 63 70 69  |............xcpi|
# [cpu2] [DCPTracer@/arm-io/dcpext] [dptxport] [dcpdptx-port-epic0] 00000010  00 00 00 00 00 00 00 00  00 00 00 00 00 00 00 00  |................|
# [cpu2] [DCPTracer@/arm-io/dcpext] [dptxport] [dcpdptx-port-epic0] 00000020  *
# [cpu2] [DCPTracer@/arm-io/dcpext] [dptxport] [dcpdptx-port-epic0] 00000040  01 00 00 00 00 00 00 00  00 00 00 00 00 00 00 00  |................|
# [cpu2] [DCPTracer@/arm-io/dcpext] [dptxport] [dcpdptx-port-epic0] 00000050  ff ff ff 00 00 00 00 00  00 00 00 00 00 00 00 00  |................|
# [cpu2] [DCPTracer@/arm-io/dcpext] [dptxport] [dcpdptx-port-epic0] 00000060  00 00 00 00 00 00 00 00  00 00 00 00 00 00 00 00  |................|
# [cpu2] [DCPTracer@/arm-io/dcpext] [dptxport] [dcpdptx-port-epic0] 00000070  00 00 00 00 00 00 00 00  00 0f 00 00 70 08 00 00  |............p...|
# [cpu2] [DCPTracer@/arm-io/dcpext] [dptxport] [dcpdptx-port-epic0] 00000080  00 35 c9 1f 00 00 0a 00  00 00 00 00 00 00 00 00  |.5..............|
# [cpu2] [DCPTracer@/arm-io/dcpext] [dptxport] [dcpdptx-port-epic0] 00000090  00 00 00 00 00 00 00 00  00 00 00 00 00 00 00 00  |................|
# [cpu2] [DCPTracer@/arm-io/dcpext] [dptxport] [dcpdptx-port-epic0] 000000a0  *
# [cpu1] [DCPTracer@/arm-io/dcpext] [dptxport] >TX msg:0xa2000000001c40 (TYPE=0xa2, WPTR=0x1c40)
# [cpu1] [DCPTracer@/arm-io/dcpext] [dptxport] >Ch 1 Type NOTIFY_ACK Ver 2 Tag 39
# [cpu1] [DCPTracer@/arm-io/dcpext] [dptxport]   Len 212 Ver 4 Cat REPLY Type 0xc0/STD_SERVICE Seq 29
# [cpu1] [DCPTracer@/arm-io/dcpext] [dptxport] NotifyAck:
# [cpu1] [DCPTracer@/arm-io/dcpext] [dptxport] [dcpdptx-port-epic0] > DPTX_APCALL_SET_TILED_DISPLAY_HINTS)
# [cpu1] [DCPTracer@/arm-io/dcpext] [dptxport] [dcpdptx-port-epic0] 00000000  00 00 00 00 15 00 00 00  90 00 00 00 78 63 70 69  |............xcpi|
# [cpu1] [DCPTracer@/arm-io/dcpext] [dptxport] [dcpdptx-port-epic0] 00000010  00 00 00 00 00 00 00 00  00 00 00 00 00 00 00 00  |................|
# [cpu1] [DCPTracer@/arm-io/dcpext] [dptxport] [dcpdptx-port-epic0] 00000020  *
# [cpu1] [DCPTracer@/arm-io/dcpext] [dptxport] [dcpdptx-port-epic0] 00000040  01 00 00 00 00 00 00 00  00 00 00 00 00 00 00 00  |................|
# [cpu1] [DCPTracer@/arm-io/dcpext] [dptxport] [dcpdptx-port-epic0] 00000050  ff ff ff 00 00 00 00 00  00 00 00 00 00 00 00 00  |................|
# [cpu1] [DCPTracer@/arm-io/dcpext] [dptxport] [dcpdptx-port-epic0] 00000060  00 00 00 00 00 00 00 00  00 00 00 00 00 00 00 00  |................|
# [cpu1] [DCPTracer@/arm-io/dcpext] [dptxport] [dcpdptx-port-epic0] 00000070  00 00 00 00 00 00 00 00  00 0f 00 00 70 08 00 00  |............p...|
# [cpu1] [DCPTracer@/arm-io/dcpext] [dptxport] [dcpdptx-port-epic0] 00000080  00 35 c9 1f 00 00 0a 00  00 00 00 00 00 00 00 00  |.5..............|
# [cpu1] [DCPTracer@/arm-io/dcpext] [dptxport] [dcpdptx-port-epic0] 00000090  00 00 00 00 00 00 00 00  00 00 00 00 00 00 00 00  |................|
# [cpu1] [DCPTracer@/arm-io/dcpext] [dptxport] [dcpdptx-port-epic0] 000000a0  *
# [cpu3] [DCPTracer@/arm-io/dcpext] [dptxport] <RX msg:0x85000000000000 (TYPE=0x85)
# [cpu3] [DCPTracer@/arm-io/dcpext] [dptxport] <Ch 1 Type NOTIFY Ver 2 Tag 40
# [cpu3] [DCPTracer@/arm-io/dcpext] [dptxport]   Len 100 Ver 4 Cat NOTIFY Type 0xc0/STD_SERVICE Seq 30
# [cpu3] [DCPTracer@/arm-io/dcpext] [dptxport] Notify:
# [cpu3] [DCPTracer@/arm-io/dcpext] [dptxport] [dcpdptx-port-epic0] < DPTX_APCALL_GET_MAX_LINK_RATE)
# [cpu3] [DCPTracer@/arm-io/dcpext] [dptxport] [dcpdptx-port-epic0] 00000000  00 00 00 00 07 00 00 00  20 00 00 00 78 63 70 69  |........ ...xcpi|
# [cpu3] [DCPTracer@/arm-io/dcpext] [dptxport] [dcpdptx-port-epic0] 00000010  00 00 00 00 00 00 00 00  00 00 00 00 00 00 00 00  |................|
# [cpu3] [DCPTracer@/arm-io/dcpext] [dptxport] [dcpdptx-port-epic0] 00000020  *
# [cpu1] [DCPTracer@/arm-io/dcpext] [dptxport] >TX msg:0xa2000000001d00 (TYPE=0xa2, WPTR=0x1d00)
# [cpu1] [DCPTracer@/arm-io/dcpext] [dptxport] >Ch 1 Type NOTIFY_ACK Ver 2 Tag 40
# [cpu1] [DCPTracer@/arm-io/dcpext] [dptxport]   Len 100 Ver 4 Cat REPLY Type 0xc0/STD_SERVICE Seq 30
# [cpu1] [DCPTracer@/arm-io/dcpext] [dptxport] NotifyAck:
# [cpu1] [DCPTracer@/arm-io/dcpext] [dptxport] [dcpdptx-port-epic0] > DPTX_APCALL_GET_MAX_LINK_RATE)
# [cpu1] [DCPTracer@/arm-io/dcpext] [dptxport] [dcpdptx-port-epic0] 00000000  00 00 00 00 07 00 00 00  20 00 00 00 78 63 70 69  |........ ...xcpi|
# [cpu1] [DCPTracer@/arm-io/dcpext] [dptxport] [dcpdptx-port-epic0] 00000010  00 00 00 00 00 00 00 00  00 00 00 00 00 00 00 00  |................|
# [cpu1] [DCPTracer@/arm-io/dcpext] [dptxport] [dcpdptx-port-epic0] 00000020  *
# [cpu1] [DCPTracer@/arm-io/dcpext] [dptxport] [dcpdptx-port-epic0] 00000050  1e 00 00 00 00 00 00 00  00 00 00 00 00 00 00 00  |................|
# [cpu2] [DCPTracer@/arm-io/dcpext] [dptxport] <RX msg:0x85000000000000 (TYPE=0x85)
# [cpu2] [DCPTracer@/arm-io/dcpext] [dptxport] <Ch 1 Type NOTIFY Ver 2 Tag 41
# [cpu2] [DCPTracer@/arm-io/dcpext] [dptxport]   Len 100 Ver 4 Cat NOTIFY Type 0xc0/STD_SERVICE Seq 31
# [cpu2] [DCPTracer@/arm-io/dcpext] [dptxport] Notify:
# [cpu2] [DCPTracer@/arm-io/dcpext] [dptxport] [dcpdptx-port-epic0] < DPTX_APCALL_GET_SUPPORTS_DOWN_SPREAD)
# [cpu2] [DCPTracer@/arm-io/dcpext] [dptxport] [dcpdptx-port-epic0] 00000000  00 00 00 00 0d 00 00 00  20 00 00 00 78 63 70 69  |........ ...xcpi|
# [cpu2] [DCPTracer@/arm-io/dcpext] [dptxport] [dcpdptx-port-epic0] 00000010  00 00 00 00 00 00 00 00  00 00 00 00 00 00 00 00  |................|
# [cpu2] [DCPTracer@/arm-io/dcpext] [dptxport] [dcpdptx-port-epic0] 00000020  *
# [cpu2] [DCPTracer@/arm-io/dcpext] [dptxport] >TX msg:0xa2000000001dc0 (TYPE=0xa2, WPTR=0x1dc0)
# [cpu2] [DCPTracer@/arm-io/dcpext] [dptxport] >Ch 1 Type NOTIFY_ACK Ver 2 Tag 41
# [cpu2] [DCPTracer@/arm-io/dcpext] [dptxport]   Len 100 Ver 4 Cat REPLY Type 0xc0/STD_SERVICE Seq 31
# [cpu2] [DCPTracer@/arm-io/dcpext] [dptxport] NotifyAck:
# [cpu2] [DCPTracer@/arm-io/dcpext] [dptxport] [dcpdptx-port-epic0] > DPTX_APCALL_GET_SUPPORTS_DOWN_SPREAD)
# [cpu2] [DCPTracer@/arm-io/dcpext] [dptxport] [dcpdptx-port-epic0] 00000000  00 00 00 00 0d 00 00 00  20 00 00 00 78 63 70 69  |........ ...xcpi|
# [cpu2] [DCPTracer@/arm-io/dcpext] [dptxport] [dcpdptx-port-epic0] 00000010  00 00 00 00 00 00 00 00  00 00 00 00 00 00 00 00  |................|
# [cpu2] [DCPTracer@/arm-io/dcpext] [dptxport] [dcpdptx-port-epic0] 00000020  *
# [cpu2] [DCPTracer@/arm-io/dcpext] [dptxport] <RX msg:0x85000000000000 (TYPE=0x85)
# [cpu2] [DCPTracer@/arm-io/dcpext] [dptxport] <Ch 1 Type NOTIFY Ver 2 Tag 42
# [cpu2] [DCPTracer@/arm-io/dcpext] [dptxport]   Len 100 Ver 4 Cat NOTIFY Type 0xc0/STD_SERVICE Seq 32
# [cpu2] [DCPTracer@/arm-io/dcpext] [dptxport] Notify:
# [cpu2] [DCPTracer@/arm-io/dcpext] [dptxport] [dcpdptx-port-epic0] < DPTX_APCALL_GET_MAX_LINK_RATE)
# [cpu2] [DCPTracer@/arm-io/dcpext] [dptxport] [dcpdptx-port-epic0] 00000000  00 00 00 00 07 00 00 00  20 00 00 00 78 63 70 69  |........ ...xcpi|
# [cpu2] [DCPTracer@/arm-io/dcpext] [dptxport] [dcpdptx-port-epic0] 00000010  00 00 00 00 00 00 00 00  00 00 00 00 00 00 00 00  |................|
# [cpu2] [DCPTracer@/arm-io/dcpext] [dptxport] [dcpdptx-port-epic0] 00000020  *
# [cpu3] [DCPTracer@/arm-io/dcpext] [dptxport] >TX msg:0xa2000000001e80 (TYPE=0xa2, WPTR=0x1e80)
# [cpu3] [DCPTracer@/arm-io/dcpext] [dptxport] >Ch 1 Type NOTIFY_ACK Ver 2 Tag 42
# [cpu3] [DCPTracer@/arm-io/dcpext] [dptxport]   Len 100 Ver 4 Cat REPLY Type 0xc0/STD_SERVICE Seq 32
# [cpu3] [DCPTracer@/arm-io/dcpext] [dptxport] NotifyAck:
# [cpu3] [DCPTracer@/arm-io/dcpext] [dptxport] [dcpdptx-port-epic0] > DPTX_APCALL_GET_MAX_LINK_RATE)
# [cpu3] [DCPTracer@/arm-io/dcpext] [dptxport] [dcpdptx-port-epic0] 00000000  00 00 00 00 07 00 00 00  20 00 00 00 78 63 70 69  |........ ...xcpi|
# [cpu3] [DCPTracer@/arm-io/dcpext] [dptxport] [dcpdptx-port-epic0] 00000010  00 00 00 00 00 00 00 00  00 00 00 00 00 00 00 00  |................|
# [cpu3] [DCPTracer@/arm-io/dcpext] [dptxport] [dcpdptx-port-epic0] 00000020  *
# [cpu3] [DCPTracer@/arm-io/dcpext] [dptxport] [dcpdptx-port-epic0] 00000050  1e 00 00 00 00 00 00 00  00 00 00 00 00 00 00 00  |................|
# [cpu3] [DCPTracer@/arm-io/dcpext] [dpavserv] <RX msg:0x85000000000000 (TYPE=0x85)
# [cpu3] [DCPTracer@/arm-io/dcpext] [dpavserv] <Ch 5 Type NOTIFY Ver 2 Tag 10
# [cpu3] [DCPTracer@/arm-io/dcpext] [dpavserv]   Len 112 Ver 4 Cat REPORT Type 0xc0/STD_SERVICE Seq 1
# [cpu3] [DCPTracer@/arm-io/dcpext] [dpavserv] Report STD_SERVICE
# [cpu3] [DCPTracer@/arm-io/dcpext] [dpavserv] 00000000  00 00 02 00 00 00 00 00  30 00 00 00 78 63 70 69  |........0...xcpi|
# [cpu3] [DCPTracer@/arm-io/dcpext] [dpavserv] 00000010  00 00 00 00 00 00 00 00  00 00 00 00 00 00 00 00  |................|
# [cpu3] [DCPTracer@/arm-io/dcpext] [dpavserv] 00000020  *
# [cpu3] [DCPTracer@/arm-io/dcpext] [dpavserv] 00000050  00 51 11 e0 00 00 00 00  00 00 00 00 00 00 00 00  |.Q..............|
# [cpu3] [DCPTracer@/arm-io/dcpext] [dpavserv] 00000060  00 00 00 00 00 00 00 00  00 00 00 00 00 00 00 00  |................|
# [cpu3] [DCPTracer@/arm-io/dcpext] [dpavserv] <Ch 7 Type NOTIFY Ver 2 Tag 11
# [cpu3] [DCPTracer@/arm-io/dcpext] [dpavserv]   Len 112 Ver 4 Cat REPORT Type 0xc0/STD_SERVICE Seq 1
# [cpu3] [DCPTracer@/arm-io/dcpext] [dpavserv] Report STD_SERVICE
# [cpu3] [DCPTracer@/arm-io/dcpext] [dpavserv] 00000000  00 00 02 00 00 00 00 00  30 00 00 00 78 63 70 69  |........0...xcpi|
# [cpu3] [DCPTracer@/arm-io/dcpext] [dpavserv] 00000010  00 00 00 00 00 00 00 00  00 00 00 00 00 00 00 00  |................|
# [cpu3] [DCPTracer@/arm-io/dcpext] [dpavserv] 00000020  *
# [cpu3] [DCPTracer@/arm-io/dcpext] [dpavserv] 00000050  00 51 11 e0 00 00 00 00  00 00 00 00 00 00 00 00  |.Q..............|
# [cpu3] [DCPTracer@/arm-io/dcpext] [dpavserv] 00000060  00 00 00 00 00 00 00 00  00 00 00 00 00 00 00 00  |................|
# [cpu3] [DCPTracer@/arm-io/dcpext] [dptxport] <RX msg:0x85000000000000 (TYPE=0x85)
# [cpu3] [DCPTracer@/arm-io/dcpext] [dptxport] <Ch 1 Type NOTIFY Ver 2 Tag 43
# [cpu3] [DCPTracer@/arm-io/dcpext] [dptxport]   Len 100 Ver 4 Cat NOTIFY Type 0xc0/STD_SERVICE Seq 33
# [cpu3] [DCPTracer@/arm-io/dcpext] [dptxport] Notify:
# [cpu3] [DCPTracer@/arm-io/dcpext] [dptxport] [dcpdptx-port-epic0] < DPTX_APCALL_SET_DOWN_SPREAD)
# [cpu3] [DCPTracer@/arm-io/dcpext] [dptxport] [dcpdptx-port-epic0] 00000000  00 00 00 00 0f 00 00 00  20 00 00 00 78 63 70 69  |........ ...xcpi|
# [cpu3] [DCPTracer@/arm-io/dcpext] [dptxport] [dcpdptx-port-epic0] 00000010  00 00 00 00 00 00 00 00  00 00 00 00 00 00 00 00  |................|
# [cpu3] [DCPTracer@/arm-io/dcpext] [dptxport] [dcpdptx-port-epic0] 00000020  *
# [cpu1] [DCPTracer@/arm-io/dcpext] [dptxport] >TX msg:0xa2000000001f40 (TYPE=0xa2, WPTR=0x1f40)
# [cpu1] [DCPTracer@/arm-io/dcpext] [dptxport] >Ch 1 Type NOTIFY_ACK Ver 2 Tag 43
# [cpu1] [DCPTracer@/arm-io/dcpext] [dptxport]   Len 100 Ver 4 Cat REPLY Type 0xc0/STD_SERVICE Seq 33
# [cpu1] [DCPTracer@/arm-io/dcpext] [dptxport] NotifyAck:
# [cpu1] [DCPTracer@/arm-io/dcpext] [dptxport] [dcpdptx-port-epic0] > DPTX_APCALL_SET_DOWN_SPREAD)
# [cpu1] [DCPTracer@/arm-io/dcpext] [dptxport] [dcpdptx-port-epic0] 00000000  00 00 00 00 0f 00 00 00  20 00 00 00 78 63 70 69  |........ ...xcpi|
# [cpu1] [DCPTracer@/arm-io/dcpext] [dptxport] [dcpdptx-port-epic0] 00000010  00 00 00 00 00 00 00 00  00 00 00 00 00 00 00 00  |................|
# [cpu1] [DCPTracer@/arm-io/dcpext] [dptxport] [dcpdptx-port-epic0] 00000020  *
# [cpu0] [DCPTracer@/arm-io/dcpext] [dptxport] <RX msg:0x85000000000000 (TYPE=0x85)
# [cpu0] [DCPTracer@/arm-io/dcpext] [dptxport] <Ch 1 Type NOTIFY Ver 2 Tag 44
# [cpu0] [DCPTracer@/arm-io/dcpext] [dptxport]   Len 84 Ver 4 Cat NOTIFY Type 0xc0/STD_SERVICE Seq 34
# [cpu0] [DCPTracer@/arm-io/dcpext] [dptxport] Notify:
# [cpu0] [DCPTracer@/arm-io/dcpext] [dptxport] [dcpdptx-port-epic0] < DPTX_APCALL_WILL_CHANGE_LINK_CONFIG)
# [cpu0] [DCPTracer@/arm-io/dcpext] [dptxport] [dcpdptx-port-epic0] 00000000  00 00 00 00 05 00 00 00  10 00 00 00 78 63 70 69  |............xcpi|
# [cpu0] [DCPTracer@/arm-io/dcpext] [dptxport] [dcpdptx-port-epic0] 00000010  00 00 00 00 00 00 00 00  00 00 00 00 00 00 00 00  |................|
# [cpu0] [DCPTracer@/arm-io/dcpext] [dptxport] [dcpdptx-port-epic0] 00000020  *
# [cpu1] [DCPTracer@/arm-io/dcpext] [dptxport] >TX msg:0xa2000000002000 (TYPE=0xa2, WPTR=0x2000)
# [cpu1] [DCPTracer@/arm-io/dcpext] [dptxport] >Ch 1 Type NOTIFY_ACK Ver 2 Tag 44
# [cpu1] [DCPTracer@/arm-io/dcpext] [dptxport]   Len 84 Ver 4 Cat REPLY Type 0xc0/STD_SERVICE Seq 34
# [cpu1] [DCPTracer@/arm-io/dcpext] [dptxport] NotifyAck:
# [cpu1] [DCPTracer@/arm-io/dcpext] [dptxport] [dcpdptx-port-epic0] > DPTX_APCALL_WILL_CHANGE_LINK_CONFIG)
# [cpu1] [DCPTracer@/arm-io/dcpext] [dptxport] [dcpdptx-port-epic0] 00000000  00 00 00 00 05 00 00 00  10 00 00 00 78 63 70 69  |............xcpi|
# [cpu1] [DCPTracer@/arm-io/dcpext] [dptxport] [dcpdptx-port-epic0] 00000010  00 00 00 00 00 00 00 00  00 00 00 00 00 00 00 00  |................|
# [cpu1] [DCPTracer@/arm-io/dcpext] [dptxport] [dcpdptx-port-epic0] 00000020  *
# [cpu3] [DCPTracer@/arm-io/dcpext] [dptxport] <RX msg:0x85000000000000 (TYPE=0x85)
# [cpu3] [DCPTracer@/arm-io/dcpext] [dptxport] <Ch 1 Type NOTIFY Ver 2 Tag 45
# [cpu3] [DCPTracer@/arm-io/dcpext] [dptxport]   Len 100 Ver 4 Cat NOTIFY Type 0xc0/STD_SERVICE Seq 35
# [cpu3] [DCPTracer@/arm-io/dcpext] [dptxport] Notify:
# [cpu3] [DCPTracer@/arm-io/dcpext] [dptxport] [dcpdptx-port-epic0] < DPTX_APCALL_SET_ACTIVE_LANE_COUNT)
# [cpu3] [DCPTracer@/arm-io/dcpext] [dptxport] [dcpdptx-port-epic0] 00000000  00 00 00 00 0c 00 00 00  20 00 00 00 78 63 70 69  |........ ...xcpi|
# [cpu3] [DCPTracer@/arm-io/dcpext] [dptxport] [dcpdptx-port-epic0] 00000010  00 00 00 00 00 00 00 00  00 00 00 00 00 00 00 00  |................|
# [cpu3] [DCPTracer@/arm-io/dcpext] [dptxport] [dcpdptx-port-epic0] 00000020  *
# [cpu2] [DCPTracer@/arm-io/dcpext] [dpdev] >TX msg:0xa2000000000140 (TYPE=0xa2, WPTR=0x140)
# [cpu2] [DCPTracer@/arm-io/dcpext] [dpdev] >Ch 7 Type NOTIFY Ver 2 Tag 3
# [cpu2] [DCPTracer@/arm-io/dcpext] [dpdev]   Len 8 Ver 4 Cat REPORT Type 0x12/18 Seq 0
# [cpu2] [DCPTracer@/arm-io/dcpext] [dpdev] Report 18
# [cpu2] [DCPTracer@/arm-io/dcpext] [dpdev] 00000000  e8 07 00 00 01 00 00 00                           |........        |
# [cpu2] [DCPTracer@/arm-io/dcpext] [dptxport] >TX msg:0xa20000000020c0 (TYPE=0xa2, WPTR=0x20c0)
# [cpu2] [DCPTracer@/arm-io/dcpext] [dptxport] >Ch 1 Type NOTIFY_ACK Ver 2 Tag 45
# [cpu2] [DCPTracer@/arm-io/dcpext] [dptxport]   Len 100 Ver 4 Cat REPLY Type 0xc0/STD_SERVICE Seq 35
# [cpu2] [DCPTracer@/arm-io/dcpext] [dptxport] NotifyAck:
# [cpu2] [DCPTracer@/arm-io/dcpext] [dptxport] [dcpdptx-port-epic0] > DPTX_APCALL_SET_ACTIVE_LANE_COUNT)
# [cpu2] [DCPTracer@/arm-io/dcpext] [dptxport] [dcpdptx-port-epic0] 00000000  00 00 00 00 0c 00 00 00  20 00 00 00 78 63 70 69  |........ ...xcpi|
# [cpu2] [DCPTracer@/arm-io/dcpext] [dptxport] [dcpdptx-port-epic0] 00000010  00 00 00 00 00 00 00 00  00 00 00 00 00 00 00 00  |................|
# [cpu2] [DCPTracer@/arm-io/dcpext] [dptxport] [dcpdptx-port-epic0] 00000020  *
# [cpu2] [DCPTracer@/arm-io/dcpext] [dptxport] <RX msg:0x85000000000000 (TYPE=0x85)
# [cpu2] [DCPTracer@/arm-io/dcpext] [dptxport] <Ch 1 Type NOTIFY Ver 2 Tag 46
# [cpu2] [DCPTracer@/arm-io/dcpext] [dptxport]   Len 100 Ver 4 Cat NOTIFY Type 0xc0/STD_SERVICE Seq 36
# [cpu2] [DCPTracer@/arm-io/dcpext] [dptxport] Notify:
# [cpu2] [DCPTracer@/arm-io/dcpext] [dptxport] [dcpdptx-port-epic0] < DPTX_APCALL_SET_LINK_RATE)
# [cpu2] [DCPTracer@/arm-io/dcpext] [dptxport] [dcpdptx-port-epic0] 00000000  00 00 00 00 09 00 00 00  20 00 00 00 78 63 70 69  |........ ...xcpi|
# [cpu2] [DCPTracer@/arm-io/dcpext] [dptxport] [dcpdptx-port-epic0] 00000010  00 00 00 00 00 00 00 00  00 00 00 00 00 00 00 00  |................|
# [cpu2] [DCPTracer@/arm-io/dcpext] [dptxport] [dcpdptx-port-epic0] 00000020  *
# [cpu2] [DCPTracer@/arm-io/dcpext] [dptxport] [dcpdptx-port-epic0] 00000050  14 00 00 00 00 00 00 00  00 00 00 00 00 00 00 00  |................|
# [PhyTracer@/arm-io/atc-phy1] MMIO: R.4   ACIOPHY_CFG0 = 0x11833fef ()
# [PhyTracer@/arm-io/atc-phy1] MMIO: W.4   ACIOPHY_CFG0 = 0x11833fef ()
# [PhyTracer@/arm-io/atc-phy1] MMIO: R.4   ACIOPHY_CFG0 = 0x11833fef ()
# [PhyTracer@/arm-io/atc-phy1] MMIO: W.4   ACIOPHY_CFG0 = 0x11833fef ()
# [PhyTracer@/arm-io/atc-phy1] MMIO: R.4   ACIOPHY_CFG0 = 0x11833fef ()
# [PhyTracer@/arm-io/atc-phy1] MMIO: W.4   ACIOPHY_CFG0 = 0x11833fef ()
# [PhyTracer@/arm-io/atc-phy1] MMIO: R.4   ACIOPHY_CFG0 = 0x11833fef ()
# [PhyTracer@/arm-io/atc-phy1] MMIO: W.4   ACIOPHY_CFG0 = 0x11833fef ()
# [PhyTracer@/arm-io/atc-phy1] MMIO: R.4   ACIOPHY_CFG0 = 0x11833fef ()
# [PhyTracer@/arm-io/atc-phy1] MMIO: W.4   ACIOPHY_CFG0 = 0x11833fef ()
# [PhyTracer@/arm-io/atc-phy1] MMIO: R.4   ACIOPHY_CFG0 = 0x11833fef ()
# [PhyTracer@/arm-io/atc-phy1] MMIO: W.4   ACIOPHY_CFG0 = 0x11833fef ()
# [PhyTracer@/arm-io/atc-phy1] MMIO: R.4   ACIOPHY_SLEEP_CTRL = 0x15570cff ()
# [PhyTracer@/arm-io/atc-phy1] MMIO: W.4   ACIOPHY_SLEEP_CTRL = 0x15570cff ()
# [PhyTracer@/arm-io/atc-phy1] MMIO: R.4   ACIOPHY_SLEEP_CTRL = 0x15570cff ()
# [PhyTracer@/arm-io/atc-phy1] MMIO: W.4   ACIOPHY_SLEEP_CTRL = 0x15570cff ()
# [PhyTracer@/arm-io/atc-phy1] MMIO: R.4   ACIOPHY_SLEEP_CTRL = 0x15570cff ()
# [PhyTracer@/arm-io/atc-phy1] MMIO: W.4   ACIOPHY_SLEEP_CTRL = 0x15570cff ()
# [cpu2] [DCPTracer@/arm-io/dcpext] [dpdev] >TX msg:0xa20000000001c0 (TYPE=0xa2, WPTR=0x1c0)
# [cpu2] [DCPTracer@/arm-io/dcpext] [dpdev] >Ch 7 Type 7 Ver 2 Tag 4
# [cpu2] [DCPTracer@/arm-io/dcpext] [dpdev]   Len 30 Ver 4 Cat COMMAND Type 0xc0/STD_SERVICE Seq 1
# [cpu2] [DCPTracer@/arm-io/dcpext] [dpdev] [???] > group 0 command 13
# [cpu2] [DCPTracer@/arm-io/dcpext] [dpdev] [???] 00000000  00 00 00 00 00 00 00 00  00 00 00 00 00 00 00 00  |................|
# [cpu2] [DCPTracer@/arm-io/dcpext] [dpdev] [???] 00000010  *
# [PhyTracer@/arm-io/atc-phy1] MMIO: R.4   ACIOPHY_SLEEP_CTRL = 0x15570cff ()
# [cpu2] [DCPTracer@/arm-io/dcpext] [dpdev] <RX msg:0x85000000000000 (TYPE=0x85)
# [cpu2] [DCPTracer@/arm-io/dcpext] [dpdev] <Ch 7 Type REPLY Ver 2 Tag 6
# [cpu2] [DCPTracer@/arm-io/dcpext] [dpdev]   Len 220 Ver 4 Cat REPORT Type 0x30/ANNOUNCE Seq 0
# [cpu2] [DCPTracer@/arm-io/dcpext] [dpdev] Init: dispext0:dcpdp-device-epic:0
# [cpu2] [DCPTracer@/arm-io/dcpext] [dpdev]   Props: {'EPICName': 'dcpdp-device-epic', 'EPICUnit': 0, 'EPICLocation': 'External', 'EPICProviderClass': 'DCPDPDevice', 'interface-name': 'dispext0:dcpdp-device-epic:0'}
# [cpu2] [DCPTracer@/arm-io/dcpext] [dpdev] New service: dcpdp-device-epic0 on channel 7
# [cpu2] [DCPTracer@/arm-io/dcpext] [dpdev] <Ch 7 Type REPLY Ver 2 Tag 7
# [cpu2] [DCPTracer@/arm-io/dcpext] [dpdev]   Len 30 Ver 4 Cat REPLY Type 0xc0/STD_SERVICE Seq 1
# [cpu2] [DCPTracer@/arm-io/dcpext] [dpdev] [dcpdp-device-epic0] < unknown group 0; command 13
# [cpu2] [DCPTracer@/arm-io/dcpext] [dpdev] [dcpdp-device-epic0] 00000000  00 00 00 00 00 00 00 00  00 00 00 00 00 00 00 00  |................|
# [cpu2] [DCPTracer@/arm-io/dcpext] [dpdev] [dcpdp-device-epic0] 00000010  *
# [PhyTracer@/arm-io/atc-phy1] MMIO: W.4   ACIOPHY_SLEEP_CTRL = 0x15570cff ()
# [PhyTracer@/arm-io/atc-phy1] MMIO: R.4   ACIOPHY_SLEEP_CTRL = 0x15570cff ()
# [PhyTracer@/arm-io/atc-phy1] MMIO: W.4   ACIOPHY_SLEEP_CTRL = 0x15570cff ()
# [PhyTracer@/arm-io/atc-phy1] MMIO: R.4   ACIOPHY_SLEEP_CTRL = 0x15570cff ()
# [PhyTracer@/arm-io/atc-phy1] MMIO: W.4   ACIOPHY_SLEEP_CTRL = 0x15570cff ()
# [PhyTracer@/arm-io/atc-phy1] MMIO: R.4   ACIOPHY_CFG0 = 0x11833fef ()
# [PhyTracer@/arm-io/atc-phy1] MMIO: W.4   ACIOPHY_CFG0 = 0x11833fef ()
# [PhyTracer@/arm-io/atc-phy1] MMIO: R.4   ACIOPHY_CFG0 = 0x11833fef ()
# [PhyTracer@/arm-io/atc-phy1] MMIO: W.4   ACIOPHY_CFG0 = 0x11833fef ()
# [PhyTracer@/arm-io/atc-phy1] MMIO: R.4   ACIOPHY_CFG0 = 0x11833fef ()
# [PhyTracer@/arm-io/atc-phy1] MMIO: W.4   ACIOPHY_CFG0 = 0x11833fef ()
# [PhyTracer@/arm-io/atc-phy1] MMIO: R.4   ACIOPHY_CFG0 = 0x11833fef ()
# [PhyTracer@/arm-io/atc-phy1] MMIO: W.4   ACIOPHY_CFG0 = 0x11833fef ()
# [PhyTracer@/arm-io/atc-phy1] MMIO: R.4   ACIOPHY_CFG0 = 0x11833fef ()
# [PhyTracer@/arm-io/atc-phy1] MMIO: W.4   ACIOPHY_CFG0 = 0x11833fef ()
# [PhyTracer@/arm-io/atc-phy1] MMIO: R.4   ACIOPHY_CFG0 = 0x11833fef ()
# [PhyTracer@/arm-io/atc-phy1] MMIO: W.4   ACIOPHY_CFG0 = 0x11833fef ()
# [PhyTracer@/arm-io/atc-phy1] MMIO: R.4   ACIOPHY_LANE_DP_CFG_BLK_TX_DP_CTRL0 = 0xe001 (DP_PMA_BYTECLK_RESET=1, DP_MAC_DIV20_CLK_SEL=0, DPTXPHY_PMA_LANE_RESET_N=0, DPTXPHY_PMA_LANE_RESET_N_OV=0, DPTX_PCLK1_SELECT=0, DPTX_PCLK2_SELECT=0, DPRX_PCLK_SELECT=0, DPTX_PCLK1_ENABLE=1, DPTX_PCLK2_ENABLE=1, DPRX_PCLK_ENABLE=1)
# [PhyTracer@/arm-io/atc-phy1] MMIO: W.4   ACIOPHY_LANE_DP_CFG_BLK_TX_DP_CTRL0 = 0xe005 (DP_PMA_BYTECLK_RESET=1, DP_MAC_DIV20_CLK_SEL=0, DPTXPHY_PMA_LANE_RESET_N=1, DPTXPHY_PMA_LANE_RESET_N_OV=0, DPTX_PCLK1_SELECT=0, DPTX_PCLK2_SELECT=0, DPRX_PCLK_SELECT=0, DPTX_PCLK1_ENABLE=1, DPTX_PCLK2_ENABLE=1, DPRX_PCLK_ENABLE=1)
# [PhyTracer@/arm-io/atc-phy1] MMIO: R.4   ACIOPHY_LANE_DP_CFG_BLK_TX_DP_CTRL0 = 0xe005 (DP_PMA_BYTECLK_RESET=1, DP_MAC_DIV20_CLK_SEL=0, DPTXPHY_PMA_LANE_RESET_N=1, DPTXPHY_PMA_LANE_RESET_N_OV=0, DPTX_PCLK1_SELECT=0, DPTX_PCLK2_SELECT=0, DPRX_PCLK_SELECT=0, DPTX_PCLK1_ENABLE=1, DPTX_PCLK2_ENABLE=1, DPRX_PCLK_ENABLE=1)
# [PhyTracer@/arm-io/atc-phy1] MMIO: W.4   ACIOPHY_LANE_DP_CFG_BLK_TX_DP_CTRL0 = 0xe00d (DP_PMA_BYTECLK_RESET=1, DP_MAC_DIV20_CLK_SEL=0, DPTXPHY_PMA_LANE_RESET_N=1, DPTXPHY_PMA_LANE_RESET_N_OV=1, DPTX_PCLK1_SELECT=0, DPTX_PCLK2_SELECT=0, DPRX_PCLK_SELECT=0, DPTX_PCLK1_ENABLE=1, DPTX_PCLK2_ENABLE=1, DPRX_PCLK_ENABLE=1)
# [PhyTracer@/arm-io/atc-phy1] MMIO: R.4   ACIOPHY_LANE_DP_CFG_BLK_TX_DP_CTRL0 = 0xe00d (DP_PMA_BYTECLK_RESET=1, DP_MAC_DIV20_CLK_SEL=0, DPTXPHY_PMA_LANE_RESET_N=1, DPTXPHY_PMA_LANE_RESET_N_OV=1, DPTX_PCLK1_SELECT=0, DPTX_PCLK2_SELECT=0, DPRX_PCLK_SELECT=0, DPTX_PCLK1_ENABLE=1, DPTX_PCLK2_ENABLE=1, DPRX_PCLK_ENABLE=1)
# [PhyTracer@/arm-io/atc-phy1] MMIO: W.4   ACIOPHY_LANE_DP_CFG_BLK_TX_DP_CTRL0 = 0xe00d (DP_PMA_BYTECLK_RESET=1, DP_MAC_DIV20_CLK_SEL=0, DPTXPHY_PMA_LANE_RESET_N=1, DPTXPHY_PMA_LANE_RESET_N_OV=1, DPTX_PCLK1_SELECT=0, DPTX_PCLK2_SELECT=0, DPRX_PCLK_SELECT=0, DPTX_PCLK1_ENABLE=1, DPTX_PCLK2_ENABLE=1, DPRX_PCLK_ENABLE=1)
# [PhyTracer@/arm-io/atc-phy1] MMIO: R.4   ACIOPHY_LANE_DP_CFG_BLK_TX_DP_CTRL0 = 0xe00d (DP_PMA_BYTECLK_RESET=1, DP_MAC_DIV20_CLK_SEL=0, DPTXPHY_PMA_LANE_RESET_N=1, DPTXPHY_PMA_LANE_RESET_N_OV=1, DPTX_PCLK1_SELECT=0, DPTX_PCLK2_SELECT=0, DPRX_PCLK_SELECT=0, DPTX_PCLK1_ENABLE=1, DPTX_PCLK2_ENABLE=1, DPRX_PCLK_ENABLE=1)
# [PhyTracer@/arm-io/atc-phy1] MMIO: W.4   ACIOPHY_LANE_DP_CFG_BLK_TX_DP_CTRL0 = 0xe01d (DP_PMA_BYTECLK_RESET=1, DP_MAC_DIV20_CLK_SEL=0, DPTXPHY_PMA_LANE_RESET_N=1, DPTXPHY_PMA_LANE_RESET_N_OV=1, DPTX_PCLK1_SELECT=1, DPTX_PCLK2_SELECT=0, DPRX_PCLK_SELECT=0, DPTX_PCLK1_ENABLE=1, DPTX_PCLK2_ENABLE=1, DPRX_PCLK_ENABLE=1)
# [PhyTracer@/arm-io/atc-phy1] MMIO: R.4   0x503002224 = 0x20086001
# [PhyTracer@/arm-io/atc-phy1] MMIO: W.4   0x503002224 = 0x20086000
# [PhyTracer@/arm-io/atc-phy1] MMIO: R.4   AUSPLL_TOP_FREQ_DESC_0A = 0x2a160190 ()
# [PhyTracer@/arm-io/atc-phy1] MMIO: W.4   AUSPLL_TOP_FREQ_DESC_0A = 0x2a16021c ()
# [PhyTracer@/arm-io/atc-phy1] MMIO: R.4   AUSPLL_TOP_FREQ_DESC_0A = 0x2a16021c ()
# [cpu1] [DCPTracer@/arm-io/dcpext] [dpdev] >TX msg:0xa2000000000200 (TYPE=0xa2, WPTR=0x200)
# [cpu1] [DCPTracer@/arm-io/dcpext] [dpdev] >Ch 5 Type NOTIFY Ver 2 Tag 5
# [cpu1] [DCPTracer@/arm-io/dcpext] [dpdev]   Len 8 Ver 4 Cat REPORT Type 0x12/18 Seq 0
# [cpu1] [DCPTracer@/arm-io/dcpext] [dpdev] Report 18
# [cpu1] [DCPTracer@/arm-io/dcpext] [dpdev] 00000000  ea 07 00 00 01 00 00 00                           |........        |
# [PhyTracer@/arm-io/atc-phy1] MMIO: W.4   AUSPLL_TOP_FREQ_DESC_0A = 0x2a16021c ()
# [PhyTracer@/arm-io/atc-phy1] MMIO: R.4   AUSPLL_TOP_FREQ_DESC_0A = 0x2a16021c ()
# [PhyTracer@/arm-io/atc-phy1] MMIO: W.4   AUSPLL_TOP_FREQ_DESC_0A = 0x2a16021c ()
# [PhyTracer@/arm-io/atc-phy1] MMIO: R.4   AUSPLL_TOP_FREQ_DESC_0A = 0x2a16021c ()
# [PhyTracer@/arm-io/atc-phy1] MMIO: W.4   AUSPLL_TOP_FREQ_DESC_0A = 0x2a16021c ()
# [PhyTracer@/arm-io/atc-phy1] MMIO: R.4   AUSPLL_TOP_FREQ_DESC_0A = 0x2a16021c ()
# [PhyTracer@/arm-io/atc-phy1] MMIO: W.4   AUSPLL_TOP_FREQ_DESC_0A = 0x2a0e021c ()
# [PhyTracer@/arm-io/atc-phy1] MMIO: R.4   AUSPLL_TOP_FREQ_DESC_0A = 0x2a0e021c ()
# [PhyTracer@/arm-io/atc-phy1] MMIO: W.4   AUSPLL_TOP_FREQ_DESC_0A = 0x2a0e021c ()
# [PhyTracer@/arm-io/atc-phy1] MMIO: R.4   AUSPLL_TOP_FREQ_DESC_0A = 0x2a0e021c ()
# [PhyTracer@/arm-io/atc-phy1] MMIO: W.4   AUSPLL_TOP_FREQ_DESC_0A = 0x1e0e021c ()
# [PhyTracer@/arm-io/atc-phy1] MMIO: R.4   AUSPLL_TOP_FREQ_DESC_0A = 0x1e0e021c ()
# [PhyTracer@/arm-io/atc-phy1] MMIO: W.4   AUSPLL_TOP_FREQ_DESC_0A = 0x1e0e021c ()
# [PhyTracer@/arm-io/atc-phy1] MMIO: R.4   AUSPLL_TOP_FREQ_DESC_0B = 0x0 ()
# [PhyTracer@/arm-io/atc-phy1] MMIO: W.4   AUSPLL_TOP_FREQ_DESC_0B = 0x0 ()
# [PhyTracer@/arm-io/atc-phy1] MMIO: R.4   AUSPLL_TOP_FREQ_DESC_0B = 0x0 ()
# [PhyTracer@/arm-io/atc-phy1] MMIO: W.4   AUSPLL_TOP_FREQ_DESC_0B = 0x0 ()
# [PhyTracer@/arm-io/atc-phy1] MMIO: R.4   AUSPLL_TOP_FREQ_DESC_0C = 0x460800 ()
# [PhyTracer@/arm-io/atc-phy1] MMIO: W.4   AUSPLL_TOP_FREQ_DESC_0C = 0x460800 ()
# [PhyTracer@/arm-io/atc-phy1] MMIO: R.4   AUSPLL_TOP_FREQ_DESC_0C = 0x460800 ()
# [PhyTracer@/arm-io/atc-phy1] MMIO: W.4   AUSPLL_TOP_FREQ_DESC_0C = 0x460800 ()
# [PhyTracer@/arm-io/atc-phy1] MMIO: R.4   AUSPLL_TOP_FREQ_DESC_0C = 0x460800 ()
# [PhyTracer@/arm-io/atc-phy1] MMIO: W.4   AUSPLL_TOP_FREQ_DESC_0C = 0x460a00 ()
# [PhyTracer@/arm-io/atc-phy1] MMIO: R.4   AUSPLL_TOP_FREQ_DESC_0C = 0x460a00 ()
# [PhyTracer@/arm-io/atc-phy1] MMIO: W.4   AUSPLL_TOP_FREQ_DESC_0C = 0x464a00 ()
# [PhyTracer@/arm-io/atc-phy1] MMIO: R.4   AUSPLL_TOP_FREQ_DESC_0C = 0x464a00 ()
# [PhyTracer@/arm-io/atc-phy1] MMIO: W.4   AUSPLL_TOP_FREQ_DESC_0C = 0x454a00 ()
# [PhyTracer@/arm-io/atc-phy1] MMIO: R.4   AUSPLL_TOP_FREQ_DESC_0C = 0x454a00 ()
# [PhyTracer@/arm-io/atc-phy1] MMIO: W.4   AUSPLL_TOP_FREQ_DESC_0C = 0x654a00 ()
# [PhyTracer@/arm-io/atc-phy1] MMIO: R.4   AUSPLL_TOP_FREQ_DESC_0C = 0x654a00 ()
# [PhyTracer@/arm-io/atc-phy1] MMIO: W.4   AUSPLL_TOP_FREQ_DESC_0C = 0x654a00 ()
# [PhyTracer@/arm-io/atc-phy1] MMIO: R.4   0x503002208 = 0x180001
# [PhyTracer@/arm-io/atc-phy1] MMIO: W.4   0x503002208 = 0x10001
# [PhyTracer@/arm-io/atc-phy1] MMIO: R.4   AUSPLL_CLKOUT_DTC_VREG = 0x11090a2 (DTC_VREG_ADJUST=2)
# [PhyTracer@/arm-io/atc-phy1] MMIO: W.4   AUSPLL_CLKOUT_DTC_VREG = 0x11090a2 (DTC_VREG_ADJUST=2)
# [PhyTracer@/arm-io/atc-phy1] MMIO: R.4   0x503002214 = 0x1e0
# [PhyTracer@/arm-io/atc-phy1] MMIO: W.4   0x503002214 = 0x1e1
# [PhyTracer@/arm-io/atc-phy1] MMIO: R.4   0x503002200 = 0x2000
# [PhyTracer@/arm-io/atc-phy1] MMIO: W.4   0x503002200 = 0x2004
# [PhyTracer@/arm-io/atc-phy1] MMIO: R.4   0x503002200 = 0x2004
# [PhyTracer@/arm-io/atc-phy1] MMIO: W.4   0x503002200 = 0x2014
# [PhyTracer@/arm-io/atc-phy1] MMIO: R.4   0x503002200 = 0x2014
# [PhyTracer@/arm-io/atc-phy1] MMIO: W.4   0x503002200 = 0x2054
# [PhyTracer@/arm-io/atc-phy1] MMIO: R.4   AUSPLL_CMD_OVERRIDE = 0x2 (APB_OVERRIDE=0)
# [PhyTracer@/arm-io/atc-phy1] MMIO: W.4   AUSPLL_CMD_OVERRIDE = 0x10000003 (APB_OVERRIDE=1)
# [PhyTracer@/arm-io/atc-phy1] MMIO: R.4   AUSPLL_CMD_OVERRIDE = 0x10000003 (APB_OVERRIDE=1)
# [PhyTracer@/arm-io/atc-phy1] MMIO: R.4   AUSPLL_CMD_OVERRIDE = 0x10000003 (APB_OVERRIDE=1)
# [PhyTracer@/arm-io/atc-phy1] MMIO: W.4   AUSPLL_CMD_OVERRIDE = 0x10000002 (APB_OVERRIDE=1)
# [PhyTracer@/arm-io/atc-phy1] MMIO: R.4   0x503007044 = 0x8
# [PhyTracer@/arm-io/atc-phy1] MMIO: R.4   AUSPLL_CMD_OVERRIDE = 0x10000000 (APB_OVERRIDE=1)
# [PhyTracer@/arm-io/atc-phy1] MMIO: W.4   AUSPLL_CMD_OVERRIDE = 0x10010001 (APB_OVERRIDE=1)
# [PhyTracer@/arm-io/atc-phy1] MMIO: R.4   AUSPLL_CMD_OVERRIDE = 0x10010003 (APB_OVERRIDE=1)
# [PhyTracer@/arm-io/atc-phy1] MMIO: R.4   AUSPLL_CMD_OVERRIDE = 0x10010003 (APB_OVERRIDE=1)
# [PhyTracer@/arm-io/atc-phy1] MMIO: W.4   AUSPLL_CMD_OVERRIDE = 0x10010002 (APB_OVERRIDE=1)
# [cpu3] [DCPTracer@/arm-io/dcpext] [dptxport] >TX msg:0xa2000000002180 (TYPE=0xa2, WPTR=0x2180)
# [cpu3] [DCPTracer@/arm-io/dcpext] [dptxport] >Ch 1 Type NOTIFY_ACK Ver 2 Tag 46
# [cpu3] [DCPTracer@/arm-io/dcpext] [dptxport]   Len 100 Ver 4 Cat REPLY Type 0xc0/STD_SERVICE Seq 36
# [cpu3] [DCPTracer@/arm-io/dcpext] [dptxport] NotifyAck:
# [cpu3] [DCPTracer@/arm-io/dcpext] [dptxport] [dcpdptx-port-epic0] > DPTX_APCALL_SET_LINK_RATE)
# [cpu3] [DCPTracer@/arm-io/dcpext] [dptxport] [dcpdptx-port-epic0] 00000000  00 00 00 00 09 00 00 00  20 00 00 00 78 63 70 69  |........ ...xcpi|
# [cpu3] [DCPTracer@/arm-io/dcpext] [dptxport] [dcpdptx-port-epic0] 00000010  00 00 00 00 00 00 00 00  00 00 00 00 00 00 00 00  |................|
# [cpu3] [DCPTracer@/arm-io/dcpext] [dptxport] [dcpdptx-port-epic0] 00000020  *
# [cpu3] [DCPTracer@/arm-io/dcpext] [dptxport] [dcpdptx-port-epic0] 00000050  14 00 00 00 00 00 00 00  00 00 00 00 00 00 00 00  |................|
# [cpu3] [DCPTracer@/arm-io/dcpext] [dptxport] <RX msg:0x85000000000000 (TYPE=0x85)
# [cpu3] [DCPTracer@/arm-io/dcpext] [dptxport] <Ch 1 Type NOTIFY Ver 2 Tag 47
# [cpu3] [DCPTracer@/arm-io/dcpext] [dptxport]   Len 84 Ver 4 Cat NOTIFY Type 0xc0/STD_SERVICE Seq 37
# [cpu3] [DCPTracer@/arm-io/dcpext] [dptxport] Notify:
# [cpu3] [DCPTracer@/arm-io/dcpext] [dptxport] [dcpdptx-port-epic0] < DPTX_APCALL_DID_CHANGE_LINK_CONFIG)
# [cpu3] [DCPTracer@/arm-io/dcpext] [dptxport] [dcpdptx-port-epic0] 00000000  00 00 00 00 06 00 00 00  10 00 00 00 78 63 70 69  |............xcpi|
# [cpu3] [DCPTracer@/arm-io/dcpext] [dptxport] [dcpdptx-port-epic0] 00000010  00 00 00 00 00 00 00 00  00 00 00 00 00 00 00 00  |................|
# [cpu3] [DCPTracer@/arm-io/dcpext] [dptxport] [dcpdptx-port-epic0] 00000020  *
# [cpu1] [0xfffffe0014c1b9f4] MMIO: W.4   0x50304cc00 (atc1-dpxbar[0], offset 0xc00) = 0x0
p.write32(0x50304c000 + 0xc00, 0x0)
# [cpu1] [0xfffffe0014c1b870] MMIO: R.4   0x50304c004 (atc1-dpxbar[0], offset 0x04) = 0x1ff
p.read32(0x50304c000 + 0x4)
# [cpu1] [0xfffffe0014c1b9f4] MMIO: W.4   0x50304c004 (atc1-dpxbar[0], offset 0x04) = 0x1fe
p.write32(0x50304c000 + 0x4, 0x1fe)
# [cpu1] [0xfffffe0014c1b870] MMIO: R.4   0x50304c028 (atc1-dpxbar[0], offset 0x28) = 0x1ff
p.read32(0x50304c000 + 0x28)
# [cpu1] [0xfffffe0014c1b9f4] MMIO: W.4   0x50304c028 (atc1-dpxbar[0], offset 0x28) = 0x1fe
p.write32(0x50304c000 + 0x28, 0x1fe)
# [cpu1] [0xfffffe0014c1b870] MMIO: R.4   0x50304c048 (atc1-dpxbar[0], offset 0x48) = 0x111
p.read32(0x50304c000 + 0x48)
# [cpu1] [0xfffffe0014c1b9f4] MMIO: W.4   0x50304c048 (atc1-dpxbar[0], offset 0x48) = 0x110
p.write32(0x50304c000 + 0x48, 0x110)
# [cpu1] [0xfffffe0014c1b870] MMIO: R.4   0x50304c804 (atc1-dpxbar[0], offset 0x804) = 0x1fe
p.read32(0x50304c000 + 0x804)
# [cpu1] [0xfffffe0014c1b870] MMIO: R.4   0x50304c828 (atc1-dpxbar[0], offset 0x828) = 0x1fe
p.read32(0x50304c000 + 0x828)
# [cpu1] [0xfffffe0014c1b870] MMIO: R.4   0x50304c848 (atc1-dpxbar[0], offset 0x848) = 0x110
p.read32(0x50304c000 + 0x848)
# [cpu1] [0xfffffe0014c1b870] MMIO: R.4   0x50304c008 (atc1-dpxbar[0], offset 0x08) = 0x0
p.read32(0x50304c000 + 0x8)
# [cpu1] [0xfffffe0014c1b9f4] MMIO: W.4   0x50304c008 (atc1-dpxbar[0], offset 0x08) = 0x1
p.write32(0x50304c000 + 0x8, 0x1)
# [cpu1] [0xfffffe0014c1b870] MMIO: R.4   0x50304c02c (atc1-dpxbar[0], offset 0x2c) = 0x0
p.read32(0x50304c000 + 0x2c)
# [cpu1] [0xfffffe0014c1b9f4] MMIO: W.4   0x50304c02c (atc1-dpxbar[0], offset 0x2c) = 0x1
p.write32(0x50304c000 + 0x2c, 0x1)
# [cpu1] [0xfffffe0014c1b870] MMIO: R.4   0x50304c04c (atc1-dpxbar[0], offset 0x4c) = 0x0
p.read32(0x50304c000 + 0x4c)
# [cpu1] [0xfffffe0014c1b9f4] MMIO: W.4   0x50304c04c (atc1-dpxbar[0], offset 0x4c) = 0x1
p.write32(0x50304c000 + 0x4c, 0x1)
# [cpu1] [0xfffffe0014c1b870] MMIO: R.4   0x50304c000 (atc1-dpxbar[0], offset 0x00) = 0x0
p.read32(0x50304c000 + 0x0)
# [cpu1] [0xfffffe0014c1b9f4] MMIO: W.4   0x50304c000 (atc1-dpxbar[0], offset 0x00) = 0x1
p.write32(0x50304c000 + 0x0, 0x1)
# [cpu1] [0xfffffe0014c1b870] MMIO: R.4   0x50304c020 (atc1-dpxbar[0], offset 0x20) = 0x0
p.read32(0x50304c000 + 0x20)
# [cpu1] [0xfffffe0014c1b9f4] MMIO: W.4   0x50304c020 (atc1-dpxbar[0], offset 0x20) = 0x1
p.write32(0x50304c000 + 0x20, 0x1)
# [cpu1] [0xfffffe0014c1b870] MMIO: R.4   0x50304c040 (atc1-dpxbar[0], offset 0x40) = 0x0
p.read32(0x50304c000 + 0x40)
# [cpu1] [0xfffffe0014c1b9f4] MMIO: W.4   0x50304c040 (atc1-dpxbar[0], offset 0x40) = 0x1
p.write32(0x50304c000 + 0x40, 0x1)
# [cpu1] [0xfffffe0014c1b870] MMIO: R.4   0x50304c070 (atc1-dpxbar[0], offset 0x70) = 0x0
p.read32(0x50304c000 + 0x70)
# [cpu1] [0xfffffe0014c1b9f4] MMIO: W.4   0x50304c070 (atc1-dpxbar[0], offset 0x70) = 0x1
p.write32(0x50304c000 + 0x70, 0x1)
# [cpu1] [0xfffffe0014c1b870] MMIO: R.4   0x50304c050 (atc1-dpxbar[0], offset 0x50) = 0x0
p.read32(0x50304c000 + 0x50)
# [cpu1] [0xfffffe0014c1b9f4] MMIO: W.4   0x50304c050 (atc1-dpxbar[0], offset 0x50) = 0x1
p.write32(0x50304c000 + 0x50, 0x1)
# [cpu1] [0xfffffe0014c1b870] MMIO: R.4   0x50304c020 (atc1-dpxbar[0], offset 0x20) = 0x1
p.read32(0x50304c000 + 0x20)
# [cpu1] [0xfffffe0014c1b9f4] MMIO: W.4   0x50304c020 (atc1-dpxbar[0], offset 0x20) = 0x0
p.write32(0x50304c000 + 0x20, 0x0)
# [cpu1] [0xfffffe0014c1b870] MMIO: R.4   0x50304c020 (atc1-dpxbar[0], offset 0x20) = 0x0
p.read32(0x50304c000 + 0x20)
# [cpu1] [0xfffffe0014c1b9f4] MMIO: W.4   0x50304c020 (atc1-dpxbar[0], offset 0x20) = 0x1
p.write32(0x50304c000 + 0x20, 0x1)
# [cpu1] [DCPTracer@/arm-io/dcpext] [dptxport] >TX msg:0xa2000000002240 (TYPE=0xa2, WPTR=0x2240)
# [cpu1] [DCPTracer@/arm-io/dcpext] [dptxport] >Ch 1 Type NOTIFY_ACK Ver 2 Tag 47
# [cpu1] [DCPTracer@/arm-io/dcpext] [dptxport]   Len 84 Ver 4 Cat REPLY Type 0xc0/STD_SERVICE Seq 37
# [cpu1] [DCPTracer@/arm-io/dcpext] [dptxport] NotifyAck:
# [cpu1] [DCPTracer@/arm-io/dcpext] [dptxport] [dcpdptx-port-epic0] > DPTX_APCALL_DID_CHANGE_LINK_CONFIG)
# [cpu1] [DCPTracer@/arm-io/dcpext] [dptxport] [dcpdptx-port-epic0] 00000000  00 00 00 00 06 00 00 00  10 00 00 00 78 63 70 69  |............xcpi|
# [cpu1] [DCPTracer@/arm-io/dcpext] [dptxport] [dcpdptx-port-epic0] 00000010  00 00 00 00 00 00 00 00  00 00 00 00 00 00 00 00  |................|
# [cpu1] [DCPTracer@/arm-io/dcpext] [dptxport] [dcpdptx-port-epic0] 00000020  *
# [cpu2] [DCPTracer@/arm-io/dcpext] [dptxport] <RX msg:0x85000000000000 (TYPE=0x85)
# [cpu2] [DCPTracer@/arm-io/dcpext] [dptxport] <Ch 1 Type NOTIFY Ver 2 Tag 48
# [cpu2] [DCPTracer@/arm-io/dcpext] [dptxport]   Len 100 Ver 4 Cat NOTIFY Type 0xc0/STD_SERVICE Seq 38
# [cpu2] [DCPTracer@/arm-io/dcpext] [dptxport] Notify:
# [cpu2] [DCPTracer@/arm-io/dcpext] [dptxport] [dcpdptx-port-epic0] < DPTX_APCALL_GET_SUPPORTS_DOWN_SPREAD)
# [cpu2] [DCPTracer@/arm-io/dcpext] [dptxport] [dcpdptx-port-epic0] 00000000  00 00 00 00 0d 00 00 00  20 00 00 00 78 63 70 69  |........ ...xcpi|
# [cpu2] [DCPTracer@/arm-io/dcpext] [dptxport] [dcpdptx-port-epic0] 00000010  00 00 00 00 00 00 00 00  00 00 00 00 00 00 00 00  |................|
# [cpu2] [DCPTracer@/arm-io/dcpext] [dptxport] [dcpdptx-port-epic0] 00000020  *
# [cpu0] [DCPTracer@/arm-io/dcpext] [dptxport] >TX msg:0xa2000000002300 (TYPE=0xa2, WPTR=0x2300)
# [cpu0] [DCPTracer@/arm-io/dcpext] [dptxport] >Ch 1 Type NOTIFY_ACK Ver 2 Tag 48
# [cpu0] [DCPTracer@/arm-io/dcpext] [dptxport]   Len 100 Ver 4 Cat REPLY Type 0xc0/STD_SERVICE Seq 38
# [cpu0] [DCPTracer@/arm-io/dcpext] [dptxport] NotifyAck:
# [cpu0] [DCPTracer@/arm-io/dcpext] [dptxport] [dcpdptx-port-epic0] > DPTX_APCALL_GET_SUPPORTS_DOWN_SPREAD)
# [cpu0] [DCPTracer@/arm-io/dcpext] [dptxport] [dcpdptx-port-epic0] 00000000  00 00 00 00 0d 00 00 00  20 00 00 00 78 63 70 69  |........ ...xcpi|
# [cpu0] [DCPTracer@/arm-io/dcpext] [dptxport] [dcpdptx-port-epic0] 00000010  00 00 00 00 00 00 00 00  00 00 00 00 00 00 00 00  |................|
# [cpu0] [DCPTracer@/arm-io/dcpext] [dptxport] [dcpdptx-port-epic0] 00000020  *
# [cpu3] [DCPTracer@/arm-io/dcpext] [dptxport] <RX msg:0x85000000000000 (TYPE=0x85)
# [cpu3] [DCPTracer@/arm-io/dcpext] [dptxport] <Ch 1 Type NOTIFY Ver 2 Tag 49
# [cpu3] [DCPTracer@/arm-io/dcpext] [dptxport]   Len 100 Ver 4 Cat NOTIFY Type 0xc0/STD_SERVICE Seq 39
# [cpu3] [DCPTracer@/arm-io/dcpext] [dptxport] Notify:
# [cpu3] [DCPTracer@/arm-io/dcpext] [dptxport] [dcpdptx-port-epic0] < DPTX_APCALL_SET_ACTIVE_LANE_COUNT)
# [cpu3] [DCPTracer@/arm-io/dcpext] [dptxport] [dcpdptx-port-epic0] 00000000  00 00 00 00 0c 00 00 00  20 00 00 00 78 63 70 69  |........ ...xcpi|
# [cpu3] [DCPTracer@/arm-io/dcpext] [dptxport] [dcpdptx-port-epic0] 00000010  00 00 00 00 00 00 00 00  00 00 00 00 00 00 00 00  |................|
# [cpu3] [DCPTracer@/arm-io/dcpext] [dptxport] [dcpdptx-port-epic0] 00000020  *
# [cpu3] [DCPTracer@/arm-io/dcpext] [dptxport] [dcpdptx-port-epic0] 00000050  04 00 00 00 00 00 00 00  00 00 00 00 00 00 00 00  |................|
# [cpu0] [DCPTracer@/arm-io/dcpext] [dptxport] >TX msg:0xa20000000023c0 (TYPE=0xa2, WPTR=0x23c0)
# [cpu0] [DCPTracer@/arm-io/dcpext] [dptxport] >Ch 1 Type NOTIFY_ACK Ver 2 Tag 49
# [cpu0] [DCPTracer@/arm-io/dcpext] [dptxport]   Len 100 Ver 4 Cat REPLY Type 0xc0/STD_SERVICE Seq 39
# [cpu0] [DCPTracer@/arm-io/dcpext] [dptxport] NotifyAck:
# [cpu0] [DCPTracer@/arm-io/dcpext] [dptxport] [dcpdptx-port-epic0] > DPTX_APCALL_SET_ACTIVE_LANE_COUNT)
# [cpu0] [DCPTracer@/arm-io/dcpext] [dptxport] [dcpdptx-port-epic0] 00000000  00 00 00 00 0c 00 00 00  20 00 00 00 78 63 70 69  |........ ...xcpi|
# [cpu0] [DCPTracer@/arm-io/dcpext] [dptxport] [dcpdptx-port-epic0] 00000010  00 00 00 00 00 00 00 00  00 00 00 00 00 00 00 00  |................|
# [cpu0] [DCPTracer@/arm-io/dcpext] [dptxport] [dcpdptx-port-epic0] 00000020  *
# [cpu0] [DCPTracer@/arm-io/dcpext] [dptxport] [dcpdptx-port-epic0] 00000050  04 00 00 00 00 00 00 00  00 00 00 00 00 00 00 00  |................|
# [cpu0] [DCPTracer@/arm-io/dcpext] [dptxport] <RX msg:0x85000000000000 (TYPE=0x85)
# [cpu0] [DCPTracer@/arm-io/dcpext] [dptxport] <Ch 1 Type NOTIFY Ver 2 Tag 50
# [cpu0] [DCPTracer@/arm-io/dcpext] [dptxport]   Len 132 Ver 4 Cat NOTIFY Type 0xc0/STD_SERVICE Seq 40
# [cpu0] [DCPTracer@/arm-io/dcpext] [dptxport] Notify:
# [cpu0] [DCPTracer@/arm-io/dcpext] [dptxport] [dcpdptx-port-epic0] < unknown group 1; command 3
# [cpu0] [DCPTracer@/arm-io/dcpext] [dptxport] [dcpdptx-port-epic0] 00000000  00 00 01 00 03 00 00 00  40 00 00 00 78 63 70 69  |........@...xcpi|
# [cpu0] [DCPTracer@/arm-io/dcpext] [dptxport] [dcpdptx-port-epic0] 00000010  00 00 00 00 00 00 00 00  00 00 00 00 00 00 00 00  |................|
# [cpu0] [DCPTracer@/arm-io/dcpext] [dptxport] [dcpdptx-port-epic0] 00000020  *
# [cpu0] [DCPTracer@/arm-io/dcpext] [dptxport] [dcpdptx-port-epic0] 00000040  10 32 f6 40 ff ff ff ff  02 00 00 00 00 00 00 00  |.2.@............|
# [cpu0] [DCPTracer@/arm-io/dcpext] [dptxport] [dcpdptx-port-epic0] 00000050  04 00 00 00 00 00 00 00  27 00 00 00 00 00 00 00  |........'.......|
# [cpu0] [DCPTracer@/arm-io/dcpext] [dptxport] [dcpdptx-port-epic0] 00000060  00 00 00 00 00 00 00 00  00 00 00 00 00 00 00 00  |................|
# [cpu0] [DCPTracer@/arm-io/dcpext] [dptxport] [dcpdptx-port-epic0] 00000070  *
# [cpu3] [DCPTracer@/arm-io/dcpext] [dptxport] >TX msg:0xa2000000002480 (TYPE=0xa2, WPTR=0x2480)
# [cpu3] [DCPTracer@/arm-io/dcpext] [dptxport] >Ch 1 Type NOTIFY_ACK Ver 2 Tag 50
# [cpu3] [DCPTracer@/arm-io/dcpext] [dptxport]   Len 132 Ver 4 Cat REPLY Type 0xc0/STD_SERVICE Seq 40
# [cpu3] [DCPTracer@/arm-io/dcpext] [dptxport] NotifyAck:
# [cpu3] [DCPTracer@/arm-io/dcpext] [dptxport] [dcpdptx-port-epic0] < unknown group 1; command 3
# [cpu3] [DCPTracer@/arm-io/dcpext] [dptxport] [dcpdptx-port-epic0] 00000000  00 00 01 00 03 00 00 00  40 00 00 00 78 63 70 69  |........@...xcpi|
# [cpu3] [DCPTracer@/arm-io/dcpext] [dptxport] [dcpdptx-port-epic0] 00000010  00 00 00 00 00 00 00 00  00 00 00 00 00 00 00 00  |................|
# [cpu3] [DCPTracer@/arm-io/dcpext] [dptxport] [dcpdptx-port-epic0] 00000020  *
# [cpu3] [DCPTracer@/arm-io/dcpext] [dptxport] [dcpdptx-port-epic0] 00000040  00 00 00 00 ff ff ff ff  02 00 00 00 00 00 00 00  |................|
# [cpu3] [DCPTracer@/arm-io/dcpext] [dptxport] [dcpdptx-port-epic0] 00000050  04 00 00 00 00 00 00 00  27 00 00 00 00 00 00 00  |........'.......|
# [cpu3] [DCPTracer@/arm-io/dcpext] [dptxport] [dcpdptx-port-epic0] 00000060  00 00 00 00 00 00 00 00  00 00 00 00 00 00 00 00  |................|
# [cpu3] [DCPTracer@/arm-io/dcpext] [dptxport] [dcpdptx-port-epic0] 00000070  *
# [cpu3] [DCPTracer@/arm-io/dcpext] [dptxport] <RX msg:0x85000000000000 (TYPE=0x85)
# [cpu3] [DCPTracer@/arm-io/dcpext] [dptxport] <Ch 1 Type NOTIFY Ver 2 Tag 51
# [cpu3] [DCPTracer@/arm-io/dcpext] [dptxport]   Len 100 Ver 4 Cat NOTIFY Type 0xc0/STD_SERVICE Seq 41
# [cpu3] [DCPTracer@/arm-io/dcpext] [dptxport] Notify:
# [cpu3] [DCPTracer@/arm-io/dcpext] [dptxport] [dcpdptx-port-epic0] < DPTX_APCALL_GET_MAX_DRIVE_SETTINGS)
# [cpu3] [DCPTracer@/arm-io/dcpext] [dptxport] [dcpdptx-port-epic0] 00000000  00 00 00 00 02 00 00 00  20 00 00 00 78 63 70 69  |........ ...xcpi|
# [cpu3] [DCPTracer@/arm-io/dcpext] [dptxport] [dcpdptx-port-epic0] 00000010  00 00 00 00 00 00 00 00  00 00 00 00 00 00 00 00  |................|
# [cpu3] [DCPTracer@/arm-io/dcpext] [dptxport] [dcpdptx-port-epic0] 00000020  *
# [cpu0] [DCPTracer@/arm-io/dcpext] [dptxport] >TX msg:0xa2000000002540 (TYPE=0xa2, WPTR=0x2540)
# [cpu0] [DCPTracer@/arm-io/dcpext] [dptxport] >Ch 1 Type NOTIFY_ACK Ver 2 Tag 51
# [cpu0] [DCPTracer@/arm-io/dcpext] [dptxport]   Len 100 Ver 4 Cat REPLY Type 0xc0/STD_SERVICE Seq 41
# [cpu0] [DCPTracer@/arm-io/dcpext] [dptxport] NotifyAck:
# [cpu0] [DCPTracer@/arm-io/dcpext] [dptxport] [dcpdptx-port-epic0] > DPTX_APCALL_GET_MAX_DRIVE_SETTINGS)
# [cpu0] [DCPTracer@/arm-io/dcpext] [dptxport] [dcpdptx-port-epic0] 00000000  00 00 00 00 02 00 00 00  20 00 00 00 78 63 70 69  |........ ...xcpi|
# [cpu0] [DCPTracer@/arm-io/dcpext] [dptxport] [dcpdptx-port-epic0] 00000010  00 00 00 00 00 00 00 00  00 00 00 00 00 00 00 00  |................|
# [cpu0] [DCPTracer@/arm-io/dcpext] [dptxport] [dcpdptx-port-epic0] 00000020  *
# [cpu0] [DCPTracer@/arm-io/dcpext] [dptxport] [dcpdptx-port-epic0] 00000050  03 00 00 00 03 00 00 00  00 00 00 00 00 00 00 00  |................|
# [cpu1] [DCPTracer@/arm-io/dcpext] [dptxport] <RX msg:0x85000000000000 (TYPE=0x85)
# [cpu1] [DCPTracer@/arm-io/dcpext] [dptxport] <Ch 1 Type NOTIFY Ver 2 Tag 52
# [cpu1] [DCPTracer@/arm-io/dcpext] [dptxport]   Len 132 Ver 4 Cat NOTIFY Type 0xc0/STD_SERVICE Seq 42
# [cpu1] [DCPTracer@/arm-io/dcpext] [dptxport] Notify:
# [cpu1] [DCPTracer@/arm-io/dcpext] [dptxport] [dcpdptx-port-epic0] < unknown group 1; command 3
# [cpu1] [DCPTracer@/arm-io/dcpext] [dptxport] [dcpdptx-port-epic0] 00000000  00 00 01 00 03 00 00 00  40 00 00 00 78 63 70 69  |........@...xcpi|
# [cpu1] [DCPTracer@/arm-io/dcpext] [dptxport] [dcpdptx-port-epic0] 00000010  00 00 00 00 00 00 00 00  00 00 00 00 00 00 00 00  |................|
# [cpu1] [DCPTracer@/arm-io/dcpext] [dptxport] [dcpdptx-port-epic0] 00000020  *
# [cpu1] [DCPTracer@/arm-io/dcpext] [dptxport] [dcpdptx-port-epic0] 00000050  04 00 00 00 00 00 00 00  00 00 00 00 00 00 00 00  |................|
# [cpu1] [DCPTracer@/arm-io/dcpext] [dptxport] [dcpdptx-port-epic0] 00000060  00 00 00 00 00 00 00 00  00 00 00 00 00 00 00 00  |................|
# [cpu1] [DCPTracer@/arm-io/dcpext] [dptxport] [dcpdptx-port-epic0] 00000070  *
# [cpu0] [DCPTracer@/arm-io/dcpext] [dptxport] >TX msg:0xa2000000002600 (TYPE=0xa2, WPTR=0x2600)
# [cpu0] [DCPTracer@/arm-io/dcpext] [dptxport] >Ch 1 Type NOTIFY_ACK Ver 2 Tag 52
# [cpu0] [DCPTracer@/arm-io/dcpext] [dptxport]   Len 132 Ver 4 Cat REPLY Type 0xc0/STD_SERVICE Seq 42
# [cpu0] [DCPTracer@/arm-io/dcpext] [dptxport] NotifyAck:
# [cpu0] [DCPTracer@/arm-io/dcpext] [dptxport] [dcpdptx-port-epic0] < unknown group 1; command 3
# [cpu0] [DCPTracer@/arm-io/dcpext] [dptxport] [dcpdptx-port-epic0] 00000000  00 00 01 00 03 00 00 00  40 00 00 00 78 63 70 69  |........@...xcpi|
# [cpu0] [DCPTracer@/arm-io/dcpext] [dptxport] [dcpdptx-port-epic0] 00000010  00 00 00 00 00 00 00 00  00 00 00 00 00 00 00 00  |................|
# [cpu0] [DCPTracer@/arm-io/dcpext] [dptxport] [dcpdptx-port-epic0] 00000020  *
# [cpu0] [DCPTracer@/arm-io/dcpext] [dptxport] [dcpdptx-port-epic0] 00000050  04 00 00 00 00 00 00 00  00 00 00 00 00 00 00 00  |................|
# [cpu0] [DCPTracer@/arm-io/dcpext] [dptxport] [dcpdptx-port-epic0] 00000060  00 00 00 00 00 00 00 00  00 00 00 00 00 00 00 00  |................|
# [cpu0] [DCPTracer@/arm-io/dcpext] [dptxport] [dcpdptx-port-epic0] 00000070  *
# [cpu2] [DCPTracer@/arm-io/dcpext] [dptxport] <RX msg:0x85000000000000 (TYPE=0x85)
# [cpu2] [DCPTracer@/arm-io/dcpext] [dptxport] <Ch 1 Type NOTIFY Ver 2 Tag 53
# [cpu2] [DCPTracer@/arm-io/dcpext] [dptxport]   Len 100 Ver 4 Cat NOTIFY Type 0xc0/STD_SERVICE Seq 43
# [cpu2] [DCPTracer@/arm-io/dcpext] [dptxport] Notify:
# [cpu2] [DCPTracer@/arm-io/dcpext] [dptxport] [dcpdptx-port-epic0] < DPTX_APCALL_GET_MAX_DRIVE_SETTINGS)
# [cpu2] [DCPTracer@/arm-io/dcpext] [dptxport] [dcpdptx-port-epic0] 00000000  00 00 00 00 02 00 00 00  20 00 00 00 78 63 70 69  |........ ...xcpi|
# [cpu2] [DCPTracer@/arm-io/dcpext] [dptxport] [dcpdptx-port-epic0] 00000010  00 00 00 00 00 00 00 00  00 00 00 00 00 00 00 00  |................|
# [cpu2] [DCPTracer@/arm-io/dcpext] [dptxport] [dcpdptx-port-epic0] 00000020  *
# [cpu3] [DCPTracer@/arm-io/dcpext] [dptxport] >TX msg:0xa20000000026c0 (TYPE=0xa2, WPTR=0x26c0)
# [cpu3] [DCPTracer@/arm-io/dcpext] [dptxport] >Ch 1 Type NOTIFY_ACK Ver 2 Tag 53
# [cpu3] [DCPTracer@/arm-io/dcpext] [dptxport]   Len 100 Ver 4 Cat REPLY Type 0xc0/STD_SERVICE Seq 43
# [cpu3] [DCPTracer@/arm-io/dcpext] [dptxport] NotifyAck:
# [cpu3] [DCPTracer@/arm-io/dcpext] [dptxport] [dcpdptx-port-epic0] > DPTX_APCALL_GET_MAX_DRIVE_SETTINGS)
# [cpu3] [DCPTracer@/arm-io/dcpext] [dptxport] [dcpdptx-port-epic0] 00000000  00 00 00 00 02 00 00 00  20 00 00 00 78 63 70 69  |........ ...xcpi|
# [cpu3] [DCPTracer@/arm-io/dcpext] [dptxport] [dcpdptx-port-epic0] 00000010  00 00 00 00 00 00 00 00  00 00 00 00 00 00 00 00  |................|
# [cpu3] [DCPTracer@/arm-io/dcpext] [dptxport] [dcpdptx-port-epic0] 00000020  *
# [cpu3] [DCPTracer@/arm-io/dcpext] [dptxport] [dcpdptx-port-epic0] 00000050  03 00 00 00 03 00 00 00  00 00 00 00 00 00 00 00  |................|
# [cpu1] [DCPTracer@/arm-io/dcpext] [dpavserv] <RX msg:0x85000000000000 (TYPE=0x85)
# [cpu1] [DCPTracer@/arm-io/dcpext] [dpavserv] <Ch 5 Type NOTIFY Ver 2 Tag 12
# [cpu1] [DCPTracer@/arm-io/dcpext] [dpavserv]   Len 112 Ver 4 Cat REPORT Type 0xc0/STD_SERVICE Seq 2
# [cpu1] [DCPTracer@/arm-io/dcpext] [dpavserv] Report STD_SERVICE
# [cpu1] [DCPTracer@/arm-io/dcpext] [dpavserv] 00000000  00 00 02 00 00 00 00 00  30 00 00 00 78 63 70 69  |........0...xcpi|
# [cpu1] [DCPTracer@/arm-io/dcpext] [dpavserv] 00000010  00 00 00 00 00 00 00 00  00 00 00 00 00 00 00 00  |................|
# [cpu1] [DCPTracer@/arm-io/dcpext] [dpavserv] 00000020  *
# [cpu1] [DCPTracer@/arm-io/dcpext] [dpavserv] 00000050  01 51 11 e0 00 00 00 00  00 00 00 00 00 00 00 00  |.Q..............|
# [cpu1] [DCPTracer@/arm-io/dcpext] [dpavserv] 00000060  00 00 00 00 00 00 00 00  00 00 00 00 00 00 00 00  |................|
# [cpu1] [DCPTracer@/arm-io/dcpext] [dpavserv] <Ch 7 Type NOTIFY Ver 2 Tag 13
# [cpu1] [DCPTracer@/arm-io/dcpext] [dpavserv]   Len 112 Ver 4 Cat REPORT Type 0xc0/STD_SERVICE Seq 2
# [cpu1] [DCPTracer@/arm-io/dcpext] [dpavserv] Report STD_SERVICE
# [cpu1] [DCPTracer@/arm-io/dcpext] [dpavserv] 00000000  00 00 02 00 00 00 00 00  30 00 00 00 78 63 70 69  |........0...xcpi|
# [cpu1] [DCPTracer@/arm-io/dcpext] [dpavserv] 00000010  00 00 00 00 00 00 00 00  00 00 00 00 00 00 00 00  |................|
# [cpu1] [DCPTracer@/arm-io/dcpext] [dpavserv] 00000020  *
# [cpu1] [DCPTracer@/arm-io/dcpext] [dpavserv] 00000050  01 51 11 e0 00 00 00 00  00 00 00 00 00 00 00 00  |.Q..............|
# [cpu1] [DCPTracer@/arm-io/dcpext] [dpavserv] 00000060  00 00 00 00 00 00 00 00  00 00 00 00 00 00 00 00  |................|
# [cpu0] [DCPTracer@/arm-io/dcpext] [av] <RX msg:0x85000000000000 (TYPE=0x85)
# [cpu0] [DCPTracer@/arm-io/dcpext] [av] <Ch 3 Type REPLY Ver 2 Tag 2
# [cpu0] [DCPTracer@/arm-io/dcpext] [av]   Len 256 Ver 4 Cat REPORT Type 0x30/ANNOUNCE Seq 0
# [cpu0] [DCPTracer@/arm-io/dcpext] [av] Init: dispext0:dcpav-video-interface-
# [cpu0] [DCPTracer@/arm-io/dcpext] [av]   Props: {'EPICName': 'dcpav-video-interface-epic', 'EPICUnit': 0, 'EPICLocation': 'External', 'EPICProviderClass': 'DCPAVSimpleVideoInterface', 'interface-name': 'dispext0:dcpav-video-interface-epic:0'}
# [cpu0] [DCPTracer@/arm-io/dcpext] [av] New service: dcpav-video-interface-epic0 on channel 3
# [cpu0] [DCPTracer@/arm-io/dcpext] [syslog] * [eoInterfaceIOAV.cpp:135]IOMFB: IOAVVideoInterface published
# [cpu0] [DCPTracer@/arm-io/dcpext] [syslog] * [eoInterfaceIOAV.cpp:714]IOMFBStatus VideoInterfaceIOAV::plug_gated(IOAVVideoInterface *, bool): display HPD asserted
# [cpu0] [DCPTracer@/arm-io/dcpext] [dcpep] 0x1400000302 (TYPE=0x2, LEN=0x14, OFF=0x0, CTX=0x3(ASYNC), ACK=0)
# [cpu0] [DCPTracer@/arm-io/dcpext] [dcpep] <a[0x0] D126 UnifiedPipeline2::setDCPAVPropStart(length=2833)
# [cpu1] [DCPTracer@/arm-io/dcpext] [dcpep] >ACK ASYNC.0 (0x342 (TYPE=0x2, LEN=0x0, OFF=0x0, CTX=0x3(ASYNC), ACK=1))
# [cpu3] [DCPTracer@/arm-io/dcpext] [dcpep] 0x101800000302 (TYPE=0x2, LEN=0x1018, OFF=0x0, CTX=0x3(ASYNC), ACK=0)
# [cpu3] [DCPTracer@/arm-io/dcpext] [dcpep] <a[0x0] D127 UnifiedPipeline2::setDCPAVPropChunk(data=..., offset=0, length=2832)
# [cpu3] [DCPTracer@/arm-io/dcpext] [dcpep]   data = (0xb10 bytes)
# [cpu1] [DCPTracer@/arm-io/dcpext] [dcpep] >ACK ASYNC.0 (0x342 (TYPE=0x2, LEN=0x0, OFF=0x0, CTX=0x3(ASYNC), ACK=1))
# [cpu3] [DCPTracer@/arm-io/dcpext] [dcpep] 0x5000000302 (TYPE=0x2, LEN=0x50, OFF=0x0, CTX=0x3(ASYNC), ACK=0)
# [cpu3] [DCPTracer@/arm-io/dcpext] [dcpep] <a[0x0] D128 UnifiedPipeline2::setDCPAVPropEnd(key='ColorElements')
# [cpu2] [DCPTracer@/arm-io/dcpext] [dcpep] >ACK ASYNC.0 (0x342 (TYPE=0x2, LEN=0x0, OFF=0x0, CTX=0x3(ASYNC), ACK=1))
# [cpu1] [DCPTracer@/arm-io/dcpext] [av] >TX msg:0xa2000000000080 (TYPE=0xa2, WPTR=0x80)
# [cpu1] [DCPTracer@/arm-io/dcpext] [av] >Ch 3 Type NOTIFY Ver 2 Tag 1
# [cpu1] [DCPTracer@/arm-io/dcpext] [av]   Len 8 Ver 4 Cat REPORT Type 0x12/18 Seq 0
# [cpu1] [DCPTracer@/arm-io/dcpext] [av] Report 18
# [cpu1] [DCPTracer@/arm-io/dcpext] [av] 00000000  ed 07 00 00 01 00 00 00                           |........        |
# [cpu1] [DCPTracer@/arm-io/dcpext] [dcpep] 0x1400000302 (TYPE=0x2, LEN=0x14, OFF=0x0, CTX=0x3(ASYNC), ACK=0)
# [cpu1] [DCPTracer@/arm-io/dcpext] [dcpep] <a[0x0] D126 UnifiedPipeline2::setDCPAVPropStart(length=91961)
# [cpu2] [DCPTracer@/arm-io/dcpext] [dcpep] >ACK ASYNC.0 (0x342 (TYPE=0x2, LEN=0x0, OFF=0x0, CTX=0x3(ASYNC), ACK=1))
# [cpu2] [DCPTracer@/arm-io/dcpext] [dcpep] 0x101800000302 (TYPE=0x2, LEN=0x1018, OFF=0x0, CTX=0x3(ASYNC), ACK=0)
# [cpu2] [DCPTracer@/arm-io/dcpext] [dcpep] <a[0x0] D127 UnifiedPipeline2::setDCPAVPropChunk(data=..., offset=0, length=4096)
# [cpu2] [DCPTracer@/arm-io/dcpext] [dcpep]   data = (0x1000 bytes)
# [cpu3] [DCPTracer@/arm-io/dcpext] [dcpep] >ACK ASYNC.0 (0x342 (TYPE=0x2, LEN=0x0, OFF=0x0, CTX=0x3(ASYNC), ACK=1))
# [cpu3] [DCPTracer@/arm-io/dcpext] [dcpep] 0x101800000302 (TYPE=0x2, LEN=0x1018, OFF=0x0, CTX=0x3(ASYNC), ACK=0)
# [cpu3] [DCPTracer@/arm-io/dcpext] [dcpep] <a[0x0] D127 UnifiedPipeline2::setDCPAVPropChunk(data=..., offset=4096, length=4096)
# [cpu3] [DCPTracer@/arm-io/dcpext] [dcpep]   data = (0x1000 bytes)
# [cpu3] [DCPTracer@/arm-io/dcpext] [dcpep] >ACK ASYNC.0 (0x342 (TYPE=0x2, LEN=0x0, OFF=0x0, CTX=0x3(ASYNC), ACK=1))
# [cpu3] [DCPTracer@/arm-io/dcpext] [dcpep] 0x101800000302 (TYPE=0x2, LEN=0x1018, OFF=0x0, CTX=0x3(ASYNC), ACK=0)
# [cpu3] [DCPTracer@/arm-io/dcpext] [dcpep] <a[0x0] D127 UnifiedPipeline2::setDCPAVPropChunk(data=..., offset=8192, length=4096)
# [cpu3] [DCPTracer@/arm-io/dcpext] [dcpep]   data = (0x1000 bytes)
# [cpu2] [DCPTracer@/arm-io/dcpext] [dcpep] >ACK ASYNC.0 (0x342 (TYPE=0x2, LEN=0x0, OFF=0x0, CTX=0x3(ASYNC), ACK=1))
# [cpu2] [DCPTracer@/arm-io/dcpext] [dcpep] 0x101800000302 (TYPE=0x2, LEN=0x1018, OFF=0x0, CTX=0x3(ASYNC), ACK=0)
# [cpu2] [DCPTracer@/arm-io/dcpext] [dcpep] <a[0x0] D127 UnifiedPipeline2::setDCPAVPropChunk(data=..., offset=12288, length=4096)
# [cpu2] [DCPTracer@/arm-io/dcpext] [dcpep]   data = (0x1000 bytes)
# [cpu2] [DCPTracer@/arm-io/dcpext] [dcpep] >ACK ASYNC.0 (0x342 (TYPE=0x2, LEN=0x0, OFF=0x0, CTX=0x3(ASYNC), ACK=1))
# [cpu2] [DCPTracer@/arm-io/dcpext] [dcpep] 0x101800000302 (TYPE=0x2, LEN=0x1018, OFF=0x0, CTX=0x3(ASYNC), ACK=0)
# [cpu2] [DCPTracer@/arm-io/dcpext] [dcpep] <a[0x0] D127 UnifiedPipeline2::setDCPAVPropChunk(data=..., offset=16384, length=4096)
# [cpu2] [DCPTracer@/arm-io/dcpext] [dcpep]   data = (0x1000 bytes)
# [cpu3] [DCPTracer@/arm-io/dcpext] [dcpep] >ACK ASYNC.0 (0x342 (TYPE=0x2, LEN=0x0, OFF=0x0, CTX=0x3(ASYNC), ACK=1))
# [cpu3] [DCPTracer@/arm-io/dcpext] [dcpep] 0x101800000302 (TYPE=0x2, LEN=0x1018, OFF=0x0, CTX=0x3(ASYNC), ACK=0)
# [cpu3] [DCPTracer@/arm-io/dcpext] [dcpep] <a[0x0] D127 UnifiedPipeline2::setDCPAVPropChunk(data=..., offset=20480, length=4096)
# [cpu3] [DCPTracer@/arm-io/dcpext] [dcpep]   data = (0x1000 bytes)
# [cpu2] [DCPTracer@/arm-io/dcpext] [dcpep] >ACK ASYNC.0 (0x342 (TYPE=0x2, LEN=0x0, OFF=0x0, CTX=0x3(ASYNC), ACK=1))
# [cpu2] [DCPTracer@/arm-io/dcpext] [dcpep] 0x101800000302 (TYPE=0x2, LEN=0x1018, OFF=0x0, CTX=0x3(ASYNC), ACK=0)
# [cpu2] [DCPTracer@/arm-io/dcpext] [dcpep] <a[0x0] D127 UnifiedPipeline2::setDCPAVPropChunk(data=..., offset=24576, length=4096)
# [cpu2] [DCPTracer@/arm-io/dcpext] [dcpep]   data = (0x1000 bytes)
# [cpu3] [DCPTracer@/arm-io/dcpext] [dcpep] >ACK ASYNC.0 (0x342 (TYPE=0x2, LEN=0x0, OFF=0x0, CTX=0x3(ASYNC), ACK=1))
# [cpu3] [DCPTracer@/arm-io/dcpext] [dcpep] 0x101800000302 (TYPE=0x2, LEN=0x1018, OFF=0x0, CTX=0x3(ASYNC), ACK=0)
# [cpu3] [DCPTracer@/arm-io/dcpext] [dcpep] <a[0x0] D127 UnifiedPipeline2::setDCPAVPropChunk(data=..., offset=28672, length=4096)
# [cpu3] [DCPTracer@/arm-io/dcpext] [dcpep]   data = (0x1000 bytes)
# [cpu0] [DCPTracer@/arm-io/dcpext] [dcpep] >ACK ASYNC.0 (0x342 (TYPE=0x2, LEN=0x0, OFF=0x0, CTX=0x3(ASYNC), ACK=1))
# [cpu3] [DCPTracer@/arm-io/dcpext] [dcpep] 0x101800000302 (TYPE=0x2, LEN=0x1018, OFF=0x0, CTX=0x3(ASYNC), ACK=0)
# [cpu3] [DCPTracer@/arm-io/dcpext] [dcpep] <a[0x0] D127 UnifiedPipeline2::setDCPAVPropChunk(data=..., offset=32768, length=4096)
# [cpu3] [DCPTracer@/arm-io/dcpext] [dcpep]   data = (0x1000 bytes)
# [cpu1] [DCPTracer@/arm-io/dcpext] [dcpep] >ACK ASYNC.0 (0x342 (TYPE=0x2, LEN=0x0, OFF=0x0, CTX=0x3(ASYNC), ACK=1))
# [cpu1] [DCPTracer@/arm-io/dcpext] [dcpep] 0x101800000302 (TYPE=0x2, LEN=0x1018, OFF=0x0, CTX=0x3(ASYNC), ACK=0)
# [cpu1] [DCPTracer@/arm-io/dcpext] [dcpep] <a[0x0] D127 UnifiedPipeline2::setDCPAVPropChunk(data=..., offset=36864, length=4096)
# [cpu1] [DCPTracer@/arm-io/dcpext] [dcpep]   data = (0x1000 bytes)
# [cpu2] [DCPTracer@/arm-io/dcpext] [dcpep] >ACK ASYNC.0 (0x342 (TYPE=0x2, LEN=0x0, OFF=0x0, CTX=0x3(ASYNC), ACK=1))
# [cpu3] [DCPTracer@/arm-io/dcpext] [dcpep] 0x101800000302 (TYPE=0x2, LEN=0x1018, OFF=0x0, CTX=0x3(ASYNC), ACK=0)
# [cpu3] [DCPTracer@/arm-io/dcpext] [dcpep] <a[0x0] D127 UnifiedPipeline2::setDCPAVPropChunk(data=..., offset=40960, length=4096)
# [cpu3] [DCPTracer@/arm-io/dcpext] [dcpep]   data = (0x1000 bytes)
# [cpu1] [DCPTracer@/arm-io/dcpext] [dcpep] >ACK ASYNC.0 (0x342 (TYPE=0x2, LEN=0x0, OFF=0x0, CTX=0x3(ASYNC), ACK=1))
# [cpu3] [DCPTracer@/arm-io/dcpext] [dcpep] 0x101800000302 (TYPE=0x2, LEN=0x1018, OFF=0x0, CTX=0x3(ASYNC), ACK=0)
# [cpu3] [DCPTracer@/arm-io/dcpext] [dcpep] <a[0x0] D127 UnifiedPipeline2::setDCPAVPropChunk(data=..., offset=45056, length=4096)
# [cpu3] [DCPTracer@/arm-io/dcpext] [dcpep]   data = (0x1000 bytes)
# [cpu2] [DCPTracer@/arm-io/dcpext] [dcpep] >ACK ASYNC.0 (0x342 (TYPE=0x2, LEN=0x0, OFF=0x0, CTX=0x3(ASYNC), ACK=1))
# [cpu2] [DCPTracer@/arm-io/dcpext] [dcpep] 0x101800000302 (TYPE=0x2, LEN=0x1018, OFF=0x0, CTX=0x3(ASYNC), ACK=0)
# [cpu2] [DCPTracer@/arm-io/dcpext] [dcpep] <a[0x0] D127 UnifiedPipeline2::setDCPAVPropChunk(data=..., offset=49152, length=4096)
# [cpu2] [DCPTracer@/arm-io/dcpext] [dcpep]   data = (0x1000 bytes)
# [cpu0] [DCPTracer@/arm-io/dcpext] [dcpep] >ACK ASYNC.0 (0x342 (TYPE=0x2, LEN=0x0, OFF=0x0, CTX=0x3(ASYNC), ACK=1))
# [cpu0] [DCPTracer@/arm-io/dcpext] [dcpep] 0x101800000302 (TYPE=0x2, LEN=0x1018, OFF=0x0, CTX=0x3(ASYNC), ACK=0)
# [cpu0] [DCPTracer@/arm-io/dcpext] [dcpep] <a[0x0] D127 UnifiedPipeline2::setDCPAVPropChunk(data=..., offset=53248, length=4096)
# [cpu0] [DCPTracer@/arm-io/dcpext] [dcpep]   data = (0x1000 bytes)
# [cpu0] [DCPTracer@/arm-io/dcpext] [dcpep] >ACK ASYNC.0 (0x342 (TYPE=0x2, LEN=0x0, OFF=0x0, CTX=0x3(ASYNC), ACK=1))
# [cpu0] [DCPTracer@/arm-io/dcpext] [dcpep] 0x101800000302 (TYPE=0x2, LEN=0x1018, OFF=0x0, CTX=0x3(ASYNC), ACK=0)
# [cpu0] [DCPTracer@/arm-io/dcpext] [dcpep] <a[0x0] D127 UnifiedPipeline2::setDCPAVPropChunk(data=..., offset=57344, length=4096)
# [cpu0] [DCPTracer@/arm-io/dcpext] [dcpep]   data = (0x1000 bytes)
# [cpu0] [DCPTracer@/arm-io/dcpext] [dcpep] >ACK ASYNC.0 (0x342 (TYPE=0x2, LEN=0x0, OFF=0x0, CTX=0x3(ASYNC), ACK=1))
# [cpu0] [DCPTracer@/arm-io/dcpext] [dcpep] 0x101800000302 (TYPE=0x2, LEN=0x1018, OFF=0x0, CTX=0x3(ASYNC), ACK=0)
# [cpu0] [DCPTracer@/arm-io/dcpext] [dcpep] <a[0x0] D127 UnifiedPipeline2::setDCPAVPropChunk(data=..., offset=61440, length=4096)
# [cpu0] [DCPTracer@/arm-io/dcpext] [dcpep]   data = (0x1000 bytes)
# [cpu0] [DCPTracer@/arm-io/dcpext] [dcpep] >ACK ASYNC.0 (0x342 (TYPE=0x2, LEN=0x0, OFF=0x0, CTX=0x3(ASYNC), ACK=1))
# [cpu0] [DCPTracer@/arm-io/dcpext] [dcpep] 0x101800000302 (TYPE=0x2, LEN=0x1018, OFF=0x0, CTX=0x3(ASYNC), ACK=0)
# [cpu0] [DCPTracer@/arm-io/dcpext] [dcpep] <a[0x0] D127 UnifiedPipeline2::setDCPAVPropChunk(data=..., offset=65536, length=4096)
# [cpu0] [DCPTracer@/arm-io/dcpext] [dcpep]   data = (0x1000 bytes)
# [cpu0] [DCPTracer@/arm-io/dcpext] [dcpep] >ACK ASYNC.0 (0x342 (TYPE=0x2, LEN=0x0, OFF=0x0, CTX=0x3(ASYNC), ACK=1))
# [cpu0] [DCPTracer@/arm-io/dcpext] [dcpep] 0x101800000302 (TYPE=0x2, LEN=0x1018, OFF=0x0, CTX=0x3(ASYNC), ACK=0)
# [cpu0] [DCPTracer@/arm-io/dcpext] [dcpep] <a[0x0] D127 UnifiedPipeline2::setDCPAVPropChunk(data=..., offset=69632, length=4096)
# [cpu0] [DCPTracer@/arm-io/dcpext] [dcpep]   data = (0x1000 bytes)
# [cpu1] [DCPTracer@/arm-io/dcpext] [dcpep] >ACK ASYNC.0 (0x342 (TYPE=0x2, LEN=0x0, OFF=0x0, CTX=0x3(ASYNC), ACK=1))
# [cpu3] [DCPTracer@/arm-io/dcpext] [dcpep] 0x101800000302 (TYPE=0x2, LEN=0x1018, OFF=0x0, CTX=0x3(ASYNC), ACK=0)
# [cpu3] [DCPTracer@/arm-io/dcpext] [dcpep] <a[0x0] D127 UnifiedPipeline2::setDCPAVPropChunk(data=..., offset=73728, length=4096)
# [cpu3] [DCPTracer@/arm-io/dcpext] [dcpep]   data = (0x1000 bytes)
# [cpu3] [DCPTracer@/arm-io/dcpext] [dcpep] >ACK ASYNC.0 (0x342 (TYPE=0x2, LEN=0x0, OFF=0x0, CTX=0x3(ASYNC), ACK=1))
# [cpu3] [DCPTracer@/arm-io/dcpext] [dcpep] 0x101800000302 (TYPE=0x2, LEN=0x1018, OFF=0x0, CTX=0x3(ASYNC), ACK=0)
# [cpu3] [DCPTracer@/arm-io/dcpext] [dcpep] <a[0x0] D127 UnifiedPipeline2::setDCPAVPropChunk(data=..., offset=77824, length=4096)
# [cpu3] [DCPTracer@/arm-io/dcpext] [dcpep]   data = (0x1000 bytes)
# [cpu3] [DCPTracer@/arm-io/dcpext] [dcpep] >ACK ASYNC.0 (0x342 (TYPE=0x2, LEN=0x0, OFF=0x0, CTX=0x3(ASYNC), ACK=1))
# [cpu3] [DCPTracer@/arm-io/dcpext] [dcpep] 0x101800000302 (TYPE=0x2, LEN=0x1018, OFF=0x0, CTX=0x3(ASYNC), ACK=0)
# [cpu3] [DCPTracer@/arm-io/dcpext] [dcpep] <a[0x0] D127 UnifiedPipeline2::setDCPAVPropChunk(data=..., offset=81920, length=4096)
# [cpu3] [DCPTracer@/arm-io/dcpext] [dcpep]   data = (0x1000 bytes)
# [cpu2] [DCPTracer@/arm-io/dcpext] [dcpep] >ACK ASYNC.0 (0x342 (TYPE=0x2, LEN=0x0, OFF=0x0, CTX=0x3(ASYNC), ACK=1))
# [cpu2] [DCPTracer@/arm-io/dcpext] [dcpep] 0x101800000302 (TYPE=0x2, LEN=0x1018, OFF=0x0, CTX=0x3(ASYNC), ACK=0)
# [cpu2] [DCPTracer@/arm-io/dcpext] [dcpep] <a[0x0] D127 UnifiedPipeline2::setDCPAVPropChunk(data=..., offset=86016, length=4096)
# [cpu2] [DCPTracer@/arm-io/dcpext] [dcpep]   data = (0x1000 bytes)
# [cpu1] [DCPTracer@/arm-io/dcpext] [dcpep] >ACK ASYNC.0 (0x342 (TYPE=0x2, LEN=0x0, OFF=0x0, CTX=0x3(ASYNC), ACK=1))
# [cpu1] [DCPTracer@/arm-io/dcpext] [dcpep] 0x101800000302 (TYPE=0x2, LEN=0x1018, OFF=0x0, CTX=0x3(ASYNC), ACK=0)
# [cpu1] [DCPTracer@/arm-io/dcpext] [dcpep] <a[0x0] D127 UnifiedPipeline2::setDCPAVPropChunk(data=..., offset=90112, length=1848)
# [cpu1] [DCPTracer@/arm-io/dcpext] [dcpep]   data = (0x738 bytes)
# [cpu3] [DCPTracer@/arm-io/dcpext] [dcpep] >ACK ASYNC.0 (0x342 (TYPE=0x2, LEN=0x0, OFF=0x0, CTX=0x3(ASYNC), ACK=1))
# [cpu3] [DCPTracer@/arm-io/dcpext] [dcpep] 0x5000000302 (TYPE=0x2, LEN=0x50, OFF=0x0, CTX=0x3(ASYNC), ACK=0)
# [cpu3] [DCPTracer@/arm-io/dcpext] [dcpep] <a[0x0] D128 UnifiedPipeline2::setDCPAVPropEnd(key='TimingElements')
# [cpu3] [DCPTracer@/arm-io/dcpext] [dcpep] >ACK ASYNC.0 (0x342 (TYPE=0x2, LEN=0x0, OFF=0x0, CTX=0x3(ASYNC), ACK=1))
# [cpu3] [DCPTracer@/arm-io/dcpext] [dcpep] 0x1400000302 (TYPE=0x2, LEN=0x14, OFF=0x0, CTX=0x3(ASYNC), ACK=0)
# [cpu3] [DCPTracer@/arm-io/dcpext] [dcpep] <a[0x0] D126 UnifiedPipeline2::setDCPAVPropStart(length=1289)
# [cpu1] [DCPTracer@/arm-io/dcpext] [dcpep] >ACK ASYNC.0 (0x342 (TYPE=0x2, LEN=0x0, OFF=0x0, CTX=0x3(ASYNC), ACK=1))
# [cpu3] [DCPTracer@/arm-io/dcpext] [dcpep] 0x101800000302 (TYPE=0x2, LEN=0x1018, OFF=0x0, CTX=0x3(ASYNC), ACK=0)
# [cpu3] [DCPTracer@/arm-io/dcpext] [dcpep] <a[0x0] D127 UnifiedPipeline2::setDCPAVPropChunk(data=..., offset=0, length=1288)
# [cpu3] [DCPTracer@/arm-io/dcpext] [dcpep]   data = (0x508 bytes)
# [cpu1] [DCPTracer@/arm-io/dcpext] [dcpep] >ACK ASYNC.0 (0x342 (TYPE=0x2, LEN=0x0, OFF=0x0, CTX=0x3(ASYNC), ACK=1))
# [cpu1] [DCPTracer@/arm-io/dcpext] [dcpep] 0x5000000302 (TYPE=0x2, LEN=0x50, OFF=0x0, CTX=0x3(ASYNC), ACK=0)
# [cpu1] [DCPTracer@/arm-io/dcpext] [dcpep] <a[0x0] D128 UnifiedPipeline2::setDCPAVPropEnd(key='DisplayAttributes')
# [cpu2] [DCPTracer@/arm-io/dcpext] [dcpep] >ACK ASYNC.0 (0x342 (TYPE=0x2, LEN=0x0, OFF=0x0, CTX=0x3(ASYNC), ACK=1))
# [cpu2] [DCPTracer@/arm-io/dcpext] [dcpep] 0x1400000302 (TYPE=0x2, LEN=0x14, OFF=0x0, CTX=0x3(ASYNC), ACK=0)
# [cpu2] [DCPTracer@/arm-io/dcpext] [dcpep] <a[0x0] D126 UnifiedPipeline2::setDCPAVPropStart(length=53)
# [cpu2] [DCPTracer@/arm-io/dcpext] [dcpep] >ACK ASYNC.0 (0x342 (TYPE=0x2, LEN=0x0, OFF=0x0, CTX=0x3(ASYNC), ACK=1))
# [cpu2] [DCPTracer@/arm-io/dcpext] [dcpep] 0x101800000302 (TYPE=0x2, LEN=0x1018, OFF=0x0, CTX=0x3(ASYNC), ACK=0)
# [cpu2] [DCPTracer@/arm-io/dcpext] [dcpep] <a[0x0] D127 UnifiedPipeline2::setDCPAVPropChunk(data=..., offset=0, length=52)
# [cpu2] [DCPTracer@/arm-io/dcpext] [dcpep]   data = (0x34 bytes)
# [cpu3] [DCPTracer@/arm-io/dcpext] [dcpep] >ACK ASYNC.0 (0x342 (TYPE=0x2, LEN=0x0, OFF=0x0, CTX=0x3(ASYNC), ACK=1))
# [cpu3] [DCPTracer@/arm-io/dcpext] [dcpep] 0x5000000302 (TYPE=0x2, LEN=0x50, OFF=0x0, CTX=0x3(ASYNC), ACK=0)
# [cpu3] [DCPTracer@/arm-io/dcpext] [dcpep] <a[0x0] D128 UnifiedPipeline2::setDCPAVPropEnd(key='Transport')
# [cpu1] [DCPTracer@/arm-io/dcpext] [dcpep] >ACK ASYNC.0 (0x342 (TYPE=0x2, LEN=0x0, OFF=0x0, CTX=0x3(ASYNC), ACK=1))
# [cpu1] [DCPTracer@/arm-io/dcpext] [dcpep] 0x9000000302 (TYPE=0x2, LEN=0x90, OFF=0x0, CTX=0x3(ASYNC), ACK=0)
# [cpu1] [DCPTracer@/arm-io/dcpext] [dcpep] <a[0x0] D567 IOMobileFramebufferAP::setProperty_str(key='EDID UUID', value='1E6D7B5B-0000-0000-0A1E-0104B5351E78')
# [cpu1] [DCPTracer@/arm-io/dcpext] [dcpep] >ACK ASYNC.0 (0x342 (TYPE=0x2, LEN=0x0, OFF=0x0, CTX=0x3(ASYNC), ACK=1))
# [cpu1] [DCPTracer@/arm-io/dcpext] [dcpep] 0x9000000302 (TYPE=0x2, LEN=0x90, OFF=0x0, CTX=0x3(ASYNC), ACK=0)
# [cpu1] [DCPTracer@/arm-io/dcpext] [dcpep] <a[0x0] D567 IOMobileFramebufferAP::setProperty_str(key='IOMFBUUID', value='1E6D7B5B-0000-0000-0A1E-0104B5351E78')
# [cpu3] [DCPTracer@/arm-io/dcpext] [dcpep] >ACK ASYNC.0 (0x342 (TYPE=0x2, LEN=0x0, OFF=0x0, CTX=0x3(ASYNC), ACK=1))
# [cpu3] [DCPTracer@/arm-io/dcpext] [dcpep] 0x9000000302 (TYPE=0x2, LEN=0x90, OFF=0x0, CTX=0x3(ASYNC), ACK=0)
# [cpu3] [DCPTracer@/arm-io/dcpext] [dcpep] <a[0x0] D567 IOMobileFramebufferAP::setProperty_str(key='DisplayContainerID', value='EA0F2D6C-4701-405A-AA01-2B66BFF8F10E')
# [cpu0] [DCPTracer@/arm-io/dcpext] [dcpep] >ACK ASYNC.0 (0x342 (TYPE=0x2, LEN=0x0, OFF=0x0, CTX=0x3(ASYNC), ACK=1))
# [cpu0] [DCPTracer@/arm-io/dcpext] [dcpep] 0xac00000302 (TYPE=0x2, LEN=0xac, OFF=0x0, CTX=0x3(ASYNC), ACK=0)
# [cpu0] [DCPTracer@/arm-io/dcpext] [dcpep] <a[0x0] D576 IOMobileFramebufferAP::hotPlug_notify_gated(arg0=1, arg1=...)
# [cpu0] [DCPTracer@/arm-io/dcpext] [dcpep]   arg1 = (0x4c bytes)
# [cpu0] [DCPTracer@/arm-io/dcpext] [dcpep] >ACK ASYNC.0 (0x342 (TYPE=0x2, LEN=0x0, OFF=0x0, CTX=0x3(ASYNC), ACK=1))
# [DARTTracer@/arm-io/dart-dcpext] Invalidate Stream: 0x1 ()
# [DARTTracer@/arm-io/dart-dcpext] Invalidate Stream: 0x1 ()
# [DARTTracer@/arm-io/dart-dcpext] Invalidate Stream: 0x1 ()
# [DARTTracer@/arm-io/dart-dcpext] Invalidate Stream: 0x1 ()
# [DARTTracer@/arm-io/dart-dcpext] Invalidate Stream: 0x1 ()
# [DARTTracer@/arm-io/dart-dcpext] Invalidate Stream: 0x1 ()
# [DARTTracer@/arm-io/dart-dcpext] Invalidate Stream: 0x1 ()
# [DARTTracer@/arm-io/dart-dcpext] Invalidate Stream: 0x1 ()
# [DARTTracer@/arm-io/dart-dcpext] Invalidate Stream: 0x1 ()
# [DARTTracer@/arm-io/dart-dcpext] Invalidate Stream: 0x1 ()
# [cpu2] [DCPTracer@/arm-io/dcpext] [dpdev] <RX msg:0x85000000000000 (TYPE=0x85)
# [cpu2] [DCPTracer@/arm-io/dcpext] [dpdev] <Ch 5 Type NOTIFY Ver 2 Tag 8
# [cpu2] [DCPTracer@/arm-io/dcpext] [dpdev]   Len 112 Ver 4 Cat REPORT Type 0xc0/STD_SERVICE Seq 1
# [cpu2] [DCPTracer@/arm-io/dcpext] [dpdev] Report STD_SERVICE
# [cpu2] [DCPTracer@/arm-io/dcpext] [dpdev] 00000000  00 00 02 00 00 00 00 00  30 00 00 00 78 63 70 69  |........0...xcpi|
# [cpu2] [DCPTracer@/arm-io/dcpext] [dpdev] 00000010  00 00 00 00 00 00 00 00  00 00 00 00 00 00 00 00  |................|
# [cpu2] [DCPTracer@/arm-io/dcpext] [dpdev] 00000020  *
# [cpu2] [DCPTracer@/arm-io/dcpext] [dpdev] 00000050  02 51 11 e0 00 00 00 00  00 00 00 00 00 00 00 00  |.Q..............|
# [cpu2] [DCPTracer@/arm-io/dcpext] [dpdev] 00000060  00 00 00 00 00 00 00 00  00 00 00 00 00 00 00 00  |................|
# [cpu2] [DCPTracer@/arm-io/dcpext] [dpdev] <Ch 7 Type NOTIFY Ver 2 Tag 9
# [cpu2] [DCPTracer@/arm-io/dcpext] [dpdev]   Len 112 Ver 4 Cat REPORT Type 0xc0/STD_SERVICE Seq 1
# [cpu2] [DCPTracer@/arm-io/dcpext] [dpdev] Report STD_SERVICE
# [cpu2] [DCPTracer@/arm-io/dcpext] [dpdev] 00000000  00 00 02 00 00 00 00 00  30 00 00 00 78 63 70 69  |........0...xcpi|
# [cpu2] [DCPTracer@/arm-io/dcpext] [dpdev] 00000010  00 00 00 00 00 00 00 00  00 00 00 00 00 00 00 00  |................|
# [cpu2] [DCPTracer@/arm-io/dcpext] [dpdev] 00000020  *
# [cpu2] [DCPTracer@/arm-io/dcpext] [dpdev] 00000050  02 51 11 e0 00 00 00 00  00 00 00 00 00 00 00 00  |.Q..............|
# [cpu2] [DCPTracer@/arm-io/dcpext] [dpdev] 00000060  00 00 00 00 00 00 00 00  00 00 00 00 00 00 00 00  |................|
# [cpu2] [DCPTracer@/arm-io/dcpext] [dpavserv] <RX msg:0x85000000000000 (TYPE=0x85)
# [cpu2] [DCPTracer@/arm-io/dcpext] [dpavserv] <Ch 5 Type NOTIFY Ver 2 Tag 14
# [cpu2] [DCPTracer@/arm-io/dcpext] [dpavserv]   Len 112 Ver 4 Cat REPORT Type 0xc0/STD_SERVICE Seq 3
# [cpu2] [DCPTracer@/arm-io/dcpext] [dpavserv] Report STD_SERVICE
# [cpu2] [DCPTracer@/arm-io/dcpext] [dpavserv] 00000000  00 00 02 00 00 00 00 00  30 00 00 00 78 63 70 69  |........0...xcpi|
# [cpu2] [DCPTracer@/arm-io/dcpext] [dpavserv] 00000010  00 00 00 00 00 00 00 00  00 00 00 00 00 00 00 00  |................|
# [cpu2] [DCPTracer@/arm-io/dcpext] [dpavserv] 00000020  *
# [cpu2] [DCPTracer@/arm-io/dcpext] [dpavserv] 00000050  02 51 11 e0 00 00 00 00  00 00 00 00 00 00 00 00  |.Q..............|
# [cpu2] [DCPTracer@/arm-io/dcpext] [dpavserv] 00000060  00 00 00 00 00 00 00 00  00 00 00 00 00 00 00 00  |................|
# [cpu2] [DCPTracer@/arm-io/dcpext] [dpavserv] <Ch 7 Type NOTIFY Ver 2 Tag 15
# [cpu2] [DCPTracer@/arm-io/dcpext] [dpavserv]   Len 112 Ver 4 Cat REPORT Type 0xc0/STD_SERVICE Seq 3
# [cpu2] [DCPTracer@/arm-io/dcpext] [dpavserv] Report STD_SERVICE
# [cpu2] [DCPTracer@/arm-io/dcpext] [dpavserv] 00000000  00 00 02 00 00 00 00 00  30 00 00 00 78 63 70 69  |........0...xcpi|
# [cpu2] [DCPTracer@/arm-io/dcpext] [dpavserv] 00000010  00 00 00 00 00 00 00 00  00 00 00 00 00 00 00 00  |................|
# [cpu2] [DCPTracer@/arm-io/dcpext] [dpavserv] 00000020  *
# [cpu2] [DCPTracer@/arm-io/dcpext] [dpavserv] 00000050  02 51 11 e0 00 00 00 00  00 00 00 00 00 00 00 00  |.Q..............|
# [cpu2] [DCPTracer@/arm-io/dcpext] [dpavserv] 00000060  00 00 00 00 00 00 00 00  00 00 00 00 00 00 00 00  |................|
# [cpu2] [DCPTracer@/arm-io/dcpext] [av] <RX msg:0x85000000000000 (TYPE=0x85)
# [cpu2] [DCPTracer@/arm-io/dcpext] [av] <Ch 3 Type NOTIFY Ver 2 Tag 3
# [cpu2] [DCPTracer@/arm-io/dcpext] [av]   Len 112 Ver 4 Cat REPORT Type 0xc0/STD_SERVICE Seq 1
# [cpu2] [DCPTracer@/arm-io/dcpext] [av] Report STD_SERVICE
# [cpu2] [DCPTracer@/arm-io/dcpext] [av] 00000000  00 00 02 00 00 00 00 00  30 00 00 00 78 63 70 69  |........0...xcpi|
# [cpu2] [DCPTracer@/arm-io/dcpext] [av] 00000010  00 00 00 00 00 00 00 00  00 00 00 00 00 00 00 00  |................|
# [cpu2] [DCPTracer@/arm-io/dcpext] [av] 00000020  *
# [cpu2] [DCPTracer@/arm-io/dcpext] [av] 00000050  02 51 11 e0 00 00 00 00  00 00 00 00 00 00 00 00  |.Q..............|
# [cpu2] [DCPTracer@/arm-io/dcpext] [av] 00000060  00 00 00 00 00 00 00 00  00 00 00 00 00 00 00 00  |................|
# [cpu2] [DCPTracer@/arm-io/dcpext] [dptxport] <RX msg:0x85000000000000 (TYPE=0x85)
# [cpu2] [DCPTracer@/arm-io/dcpext] [dptxport] <Ch 1 Type NOTIFY Ver 2 Tag 54
# [cpu2] [DCPTracer@/arm-io/dcpext] [dptxport]   Len 84 Ver 4 Cat NOTIFY Type 0xc0/STD_SERVICE Seq 44
# [cpu2] [DCPTracer@/arm-io/dcpext] [dptxport] Notify:
# [cpu2] [DCPTracer@/arm-io/dcpext] [dptxport] [dcpdptx-port-epic0] < DPTX_APCALL_WILL_CHANGE_LINK_CONFIG)
# [cpu2] [DCPTracer@/arm-io/dcpext] [dptxport] [dcpdptx-port-epic0] 00000000  00 00 00 00 05 00 00 00  10 00 00 00 78 63 70 69  |............xcpi|
# [cpu2] [DCPTracer@/arm-io/dcpext] [dptxport] [dcpdptx-port-epic0] 00000010  00 00 00 00 00 00 00 00  00 00 00 00 00 00 00 00  |................|
# [cpu2] [DCPTracer@/arm-io/dcpext] [dptxport] [dcpdptx-port-epic0] 00000020  *
# [cpu3] [0xfffffe0014c225c0] MMIO: R.4   0x501e5000c (atc1-dpin0[0], offset 0x0c) = 0x0
p.read32(0x501e50000 + 0xc)
# [cpu3] [0xfffffe0014c22744] MMIO: W.4   0x501e5000c (atc1-dpin0[0], offset 0x0c) = 0x1
p.write32(0x501e50000 + 0xc, 0x1)
# [cpu3] [0xfffffe0014c225c0] MMIO: R.4   0x501e50010 (atc1-dpin0[0], offset 0x10) = 0x1
p.read32(0x501e50000 + 0x10)
# [cpu3] [0xfffffe0014c1b870] MMIO: R.4   0x50304c050 (atc1-dpxbar[0], offset 0x50) = 0x1
p.read32(0x50304c000 + 0x50)
# [cpu3] [0xfffffe0014c1b9f4] MMIO: W.4   0x50304c050 (atc1-dpxbar[0], offset 0x50) = 0x0
p.write32(0x50304c000 + 0x50, 0x0)
# [cpu3] [0xfffffe0014c1b870] MMIO: R.4   0x50304c000 (atc1-dpxbar[0], offset 0x00) = 0x1
p.read32(0x50304c000 + 0x0)
# [cpu3] [0xfffffe0014c1b9f4] MMIO: W.4   0x50304c000 (atc1-dpxbar[0], offset 0x00) = 0x0
p.write32(0x50304c000 + 0x0, 0x0)
# [cpu3] [0xfffffe0014c1b870] MMIO: R.4   0x50304c020 (atc1-dpxbar[0], offset 0x20) = 0x1
p.read32(0x50304c000 + 0x20)
# [cpu3] [0xfffffe0014c1b9f4] MMIO: W.4   0x50304c020 (atc1-dpxbar[0], offset 0x20) = 0x0
p.write32(0x50304c000 + 0x20, 0x0)
# [cpu3] [0xfffffe0014c1b870] MMIO: R.4   0x50304c040 (atc1-dpxbar[0], offset 0x40) = 0x1
p.read32(0x50304c000 + 0x40)
# [cpu3] [0xfffffe0014c1b9f4] MMIO: W.4   0x50304c040 (atc1-dpxbar[0], offset 0x40) = 0x0
p.write32(0x50304c000 + 0x40, 0x0)
# [cpu3] [0xfffffe0014c1b870] MMIO: R.4   0x50304c800 (atc1-dpxbar[0], offset 0x800) = 0x1fc
p.read32(0x50304c000 + 0x800)
# [cpu3] [0xfffffe0014c1b870] MMIO: R.4   0x50304c820 (atc1-dpxbar[0], offset 0x820) = 0x1fc
p.read32(0x50304c000 + 0x820)
# [cpu3] [0xfffffe0014c1b870] MMIO: R.4   0x50304c840 (atc1-dpxbar[0], offset 0x840) = 0x0
p.read32(0x50304c000 + 0x840)
# [cpu3] [0xfffffe0014c1b870] MMIO: R.4   0x50304c008 (atc1-dpxbar[0], offset 0x08) = 0x1
p.read32(0x50304c000 + 0x8)
# [cpu3] [0xfffffe0014c1b9f4] MMIO: W.4   0x50304c008 (atc1-dpxbar[0], offset 0x08) = 0x0
p.write32(0x50304c000 + 0x8, 0x0)
# [cpu3] [0xfffffe0014c1b870] MMIO: R.4   0x50304c02c (atc1-dpxbar[0], offset 0x2c) = 0x1
p.read32(0x50304c000 + 0x2c)
# [cpu3] [0xfffffe0014c1b9f4] MMIO: W.4   0x50304c02c (atc1-dpxbar[0], offset 0x2c) = 0x0
p.write32(0x50304c000 + 0x2c, 0x0)
# [cpu3] [0xfffffe0014c1b870] MMIO: R.4   0x50304c04c (atc1-dpxbar[0], offset 0x4c) = 0x1
p.read32(0x50304c000 + 0x4c)
# [cpu3] [0xfffffe0014c1b9f4] MMIO: W.4   0x50304c04c (atc1-dpxbar[0], offset 0x4c) = 0x0
p.write32(0x50304c000 + 0x4c, 0x0)
# [cpu3] [0xfffffe0014c1b870] MMIO: R.4   0x50304c004 (atc1-dpxbar[0], offset 0x04) = 0x1fe
p.read32(0x50304c000 + 0x4)
# [cpu3] [0xfffffe0014c1b9f4] MMIO: W.4   0x50304c004 (atc1-dpxbar[0], offset 0x04) = 0x1ff
p.write32(0x50304c000 + 0x4, 0x1ff)
# [cpu3] [0xfffffe0014c1b870] MMIO: R.4   0x50304c028 (atc1-dpxbar[0], offset 0x28) = 0x1fe
p.read32(0x50304c000 + 0x28)
# [cpu3] [0xfffffe0014c1b9f4] MMIO: W.4   0x50304c028 (atc1-dpxbar[0], offset 0x28) = 0x1ff
p.write32(0x50304c000 + 0x28, 0x1ff)
# [cpu3] [0xfffffe0014c1b870] MMIO: R.4   0x50304c048 (atc1-dpxbar[0], offset 0x48) = 0x110
p.read32(0x50304c000 + 0x48)
# [cpu3] [0xfffffe0014c1b9f4] MMIO: W.4   0x50304c048 (atc1-dpxbar[0], offset 0x48) = 0x111
p.write32(0x50304c000 + 0x48, 0x111)
# [cpu3] [0xfffffe0014c225c0] MMIO: R.4   0x501e5000c (atc1-dpin0[0], offset 0x0c) = 0x1
p.read32(0x501e50000 + 0xc)
# [cpu3] [0xfffffe0014c22744] MMIO: W.4   0x501e5000c (atc1-dpin0[0], offset 0x0c) = 0x0
p.write32(0x501e50000 + 0xc, 0x0)
# [cpu3] [0xfffffe0014c225c0] MMIO: R.4   0x501e50010 (atc1-dpin0[0], offset 0x10) = 0x0
p.read32(0x501e50000 + 0x10)
# [cpu0] [0xfffffe0014c225c0] MMIO: R.4   0x501e50004 (atc1-dpin0[0], offset 0x04) = 0x2
p.read32(0x501e50000 + 0x4)
# [cpu0] [0xfffffe0014c225c0] MMIO: R.4   0x501e50000 (atc1-dpin0[0], offset 0x00) = 0x4
p.read32(0x501e50000 + 0x0)
# [cpu3] [DCPTracer@/arm-io/dcpext] [dptxport] >TX msg:0xa2000000002780 (TYPE=0xa2, WPTR=0x2780)
# [cpu3] [DCPTracer@/arm-io/dcpext] [dptxport] >Ch 1 Type NOTIFY_ACK Ver 2 Tag 54
# [cpu3] [DCPTracer@/arm-io/dcpext] [dptxport]   Len 84 Ver 4 Cat REPLY Type 0xc0/STD_SERVICE Seq 44
# [cpu3] [DCPTracer@/arm-io/dcpext] [dptxport] NotifyAck:
# [cpu3] [DCPTracer@/arm-io/dcpext] [dptxport] [dcpdptx-port-epic0] > DPTX_APCALL_WILL_CHANGE_LINK_CONFIG)
# [cpu3] [DCPTracer@/arm-io/dcpext] [dptxport] [dcpdptx-port-epic0] 00000000  00 00 00 00 05 00 00 00  10 00 00 00 78 63 70 69  |............xcpi|
# [cpu3] [DCPTracer@/arm-io/dcpext] [dptxport] [dcpdptx-port-epic0] 00000010  00 00 00 00 00 00 00 00  00 00 00 00 00 00 00 00  |................|
# [cpu3] [DCPTracer@/arm-io/dcpext] [dptxport] [dcpdptx-port-epic0] 00000020  *
# [cpu0] [0xfffffe0014c225c0] MMIO: R.4   0x501e50004 (atc1-dpin0[0], offset 0x04) = 0x2
p.read32(0x501e50000 + 0x4)
# [cpu3] [DCPTracer@/arm-io/dcpext] [dptxport] <RX msg:0x85000000000000 (TYPE=0x85)
# [cpu3] [DCPTracer@/arm-io/dcpext] [dptxport] <Ch 1 Type NOTIFY Ver 2 Tag 55
# [cpu3] [DCPTracer@/arm-io/dcpext] [dptxport]   Len 100 Ver 4 Cat NOTIFY Type 0xc0/STD_SERVICE Seq 45
# [cpu3] [DCPTracer@/arm-io/dcpext] [dptxport] Notify:
# [cpu3] [DCPTracer@/arm-io/dcpext] [dptxport] [dcpdptx-port-epic0] < DPTX_APCALL_SET_ACTIVE_LANE_COUNT)
# [cpu3] [DCPTracer@/arm-io/dcpext] [dptxport] [dcpdptx-port-epic0] 00000000  00 00 00 00 0c 00 00 00  20 00 00 00 78 63 70 69  |........ ...xcpi|
# [cpu3] [DCPTracer@/arm-io/dcpext] [dptxport] [dcpdptx-port-epic0] 00000010  00 00 00 00 00 00 00 00  00 00 00 00 00 00 00 00  |................|
# [cpu3] [DCPTracer@/arm-io/dcpext] [dptxport] [dcpdptx-port-epic0] 00000020  *
# [cpu0] [0xfffffe0014c22744] MMIO: W.4   0x501e50004 (atc1-dpin0[0], offset 0x04) = 0x2
p.write32(0x501e50000 + 0x4, 0x2)
# [cpu3] [DCPTracer@/arm-io/dcpext] [dptxport] >TX msg:0xa2000000002840 (TYPE=0xa2, WPTR=0x2840)
# [cpu3] [DCPTracer@/arm-io/dcpext] [dptxport] >Ch 1 Type NOTIFY_ACK Ver 2 Tag 55
# [cpu3] [DCPTracer@/arm-io/dcpext] [dptxport]   Len 100 Ver 4 Cat REPLY Type 0xc0/STD_SERVICE Seq 45
# [cpu3] [DCPTracer@/arm-io/dcpext] [dptxport] NotifyAck:
# [cpu3] [DCPTracer@/arm-io/dcpext] [dptxport] [dcpdptx-port-epic0] > DPTX_APCALL_SET_ACTIVE_LANE_COUNT)
# [cpu3] [DCPTracer@/arm-io/dcpext] [dptxport] [dcpdptx-port-epic0] 00000000  00 00 00 00 0c 00 00 00  20 00 00 00 78 63 70 69  |........ ...xcpi|
# [cpu3] [DCPTracer@/arm-io/dcpext] [dptxport] [dcpdptx-port-epic0] 00000010  00 00 00 00 00 00 00 00  00 00 00 00 00 00 00 00  |................|
# [cpu3] [DCPTracer@/arm-io/dcpext] [dptxport] [dcpdptx-port-epic0] 00000020  *
# [cpu3] [DCPTracer@/arm-io/dcpext] [dptxport] <RX msg:0x85000000000000 (TYPE=0x85)
# [cpu3] [DCPTracer@/arm-io/dcpext] [dptxport] <Ch 1 Type NOTIFY Ver 2 Tag 56
# [cpu3] [DCPTracer@/arm-io/dcpext] [dptxport]   Len 100 Ver 4 Cat NOTIFY Type 0xc0/STD_SERVICE Seq 46
# [cpu3] [DCPTracer@/arm-io/dcpext] [dptxport] Notify:
# [cpu3] [DCPTracer@/arm-io/dcpext] [dptxport] [dcpdptx-port-epic0] < DPTX_APCALL_SET_LINK_RATE)
# [cpu3] [DCPTracer@/arm-io/dcpext] [dptxport] [dcpdptx-port-epic0] 00000000  00 00 00 00 09 00 00 00  20 00 00 00 78 63 70 69  |........ ...xcpi|
# [cpu3] [DCPTracer@/arm-io/dcpext] [dptxport] [dcpdptx-port-epic0] 00000010  00 00 00 00 00 00 00 00  00 00 00 00 00 00 00 00  |................|
# [cpu3] [DCPTracer@/arm-io/dcpext] [dptxport] [dcpdptx-port-epic0] 00000020  *
# [cpu2] [DCPTracer@/arm-io/dcpext] [dptxport] >TX msg:0xa20000000028c0 (TYPE=0xa2, WPTR=0x28c0)
# [cpu2] [DCPTracer@/arm-io/dcpext] [dptxport] >Ch 1 Type 7 Ver 2 Tag 56
# [cpu2] [DCPTracer@/arm-io/dcpext] [dptxport]   Len 30 Ver 4 Cat COMMAND Type 0xc0/STD_SERVICE Seq 10
# [cpu2] [DCPTracer@/arm-io/dcpext] [dptxport] [dcpdptx-port-epic0] > unknown group 8; command 9
# [cpu2] [DCPTracer@/arm-io/dcpext] [dptxport] [dcpdptx-port-epic0] 00000000  00 00 00 00 00 00 00 00  00 00 00 00 00 00 00 00  |................|
# [cpu2] [DCPTracer@/arm-io/dcpext] [dptxport] <RX msg:0x85000000000000 (TYPE=0x85)
# [cpu2] [DCPTracer@/arm-io/dcpext] [dptxport] <Ch 1 Type REPLY Ver 2 Tag 57
# [cpu2] [DCPTracer@/arm-io/dcpext] [dptxport]   Len 30 Ver 4 Cat REPLY Type 0xc0/STD_SERVICE Seq 10
# [cpu2] [DCPTracer@/arm-io/dcpext] [dptxport] [dcpdptx-port-epic0] < unknown group 8; command 9
# [cpu2] [DCPTracer@/arm-io/dcpext] [dptxport] [dcpdptx-port-epic0] 00000000  00 00 00 00 00 00 00 00  00 00 00 00 00 00 00 00  |................|
# [PhyTracer@/arm-io/atc-phy1] MMIO: R.4   0x503002200 = 0x2054
# [PhyTracer@/arm-io/atc-phy1] MMIO: W.4   0x503002200 = 0x2050
# [PhyTracer@/arm-io/atc-phy1] MMIO: R.4   0x503002200 = 0x2050
# [PhyTracer@/arm-io/atc-phy1] MMIO: W.4   0x503002200 = 0x2040
# [PhyTracer@/arm-io/atc-phy1] MMIO: R.4   0x503002200 = 0x2040
# [PhyTracer@/arm-io/atc-phy1] MMIO: W.4   0x503002200 = 0x2000
# [PhyTracer@/arm-io/atc-phy1] MMIO: R.4   AUSPLL_CMD_OVERRIDE = 0x10010000 (APB_OVERRIDE=1)
# [PhyTracer@/arm-io/atc-phy1] MMIO: W.4   AUSPLL_CMD_OVERRIDE = 0x10000019 (APB_OVERRIDE=1)
# [PhyTracer@/arm-io/atc-phy1] MMIO: R.4   AUSPLL_CMD_OVERRIDE = 0x1000001b (APB_OVERRIDE=1)
# [PhyTracer@/arm-io/atc-phy1] MMIO: R.4   AUSPLL_CMD_OVERRIDE = 0x1000001b (APB_OVERRIDE=1)
# [PhyTracer@/arm-io/atc-phy1] MMIO: W.4   AUSPLL_CMD_OVERRIDE = 0x1000001a (APB_OVERRIDE=1)
# [cpu2] [DCPTracer@/arm-io/dcpext] [dptxport] >TX msg:0xa2000000002980 (TYPE=0xa2, WPTR=0x2980)
# [cpu2] [DCPTracer@/arm-io/dcpext] [dptxport] >Ch 1 Type NOTIFY_ACK Ver 2 Tag 57
# [cpu2] [DCPTracer@/arm-io/dcpext] [dptxport]   Len 100 Ver 4 Cat REPLY Type 0xc0/STD_SERVICE Seq 46
# [cpu2] [DCPTracer@/arm-io/dcpext] [dptxport] NotifyAck:
# [cpu2] [DCPTracer@/arm-io/dcpext] [dptxport] [dcpdptx-port-epic0] > DPTX_APCALL_SET_LINK_RATE)
# [cpu2] [DCPTracer@/arm-io/dcpext] [dptxport] [dcpdptx-port-epic0] 00000000  00 00 00 00 09 00 00 00  20 00 00 00 78 63 70 69  |........ ...xcpi|
# [cpu2] [DCPTracer@/arm-io/dcpext] [dptxport] [dcpdptx-port-epic0] 00000010  00 00 00 00 00 00 00 00  00 00 00 00 00 00 00 00  |................|
# [cpu2] [DCPTracer@/arm-io/dcpext] [dptxport] [dcpdptx-port-epic0] 00000020  *
# [cpu2] [DCPTracer@/arm-io/dcpext] [dptxport] <RX msg:0x85000000000000 (TYPE=0x85)
# [cpu2] [DCPTracer@/arm-io/dcpext] [dptxport] <Ch 1 Type NOTIFY Ver 2 Tag 58
# [cpu2] [DCPTracer@/arm-io/dcpext] [dptxport]   Len 84 Ver 4 Cat NOTIFY Type 0xc0/STD_SERVICE Seq 47
# [cpu2] [DCPTracer@/arm-io/dcpext] [dptxport] Notify:
# [cpu2] [DCPTracer@/arm-io/dcpext] [dptxport] [dcpdptx-port-epic0] < DPTX_APCALL_DID_CHANGE_LINK_CONFIG)
# [cpu2] [DCPTracer@/arm-io/dcpext] [dptxport] [dcpdptx-port-epic0] 00000000  00 00 00 00 06 00 00 00  10 00 00 00 78 63 70 69  |............xcpi|
# [cpu2] [DCPTracer@/arm-io/dcpext] [dptxport] [dcpdptx-port-epic0] 00000010  00 00 00 00 00 00 00 00  00 00 00 00 00 00 00 00  |................|
# [cpu2] [DCPTracer@/arm-io/dcpext] [dptxport] [dcpdptx-port-epic0] 00000020  *
# [cpu3] [DCPTracer@/arm-io/dcpext] [dptxport] >TX msg:0xa2000000002a40 (TYPE=0xa2, WPTR=0x2a40)
# [cpu3] [DCPTracer@/arm-io/dcpext] [dptxport] >Ch 1 Type NOTIFY_ACK Ver 2 Tag 58
# [cpu3] [DCPTracer@/arm-io/dcpext] [dptxport]   Len 84 Ver 4 Cat REPLY Type 0xc0/STD_SERVICE Seq 47
# [cpu3] [DCPTracer@/arm-io/dcpext] [dptxport] NotifyAck:
# [cpu3] [DCPTracer@/arm-io/dcpext] [dptxport] [dcpdptx-port-epic0] > DPTX_APCALL_DID_CHANGE_LINK_CONFIG)
# [cpu3] [DCPTracer@/arm-io/dcpext] [dptxport] [dcpdptx-port-epic0] 00000000  00 00 00 00 06 00 00 00  10 00 00 00 78 63 70 69  |............xcpi|
# [cpu3] [DCPTracer@/arm-io/dcpext] [dptxport] [dcpdptx-port-epic0] 00000010  00 00 00 00 00 00 00 00  00 00 00 00 00 00 00 00  |................|
# [cpu3] [DCPTracer@/arm-io/dcpext] [dptxport] [dcpdptx-port-epic0] 00000020  *
# [cpu3] [DCPTracer@/arm-io/dcpext] [dpdev] <RX msg:0x85000000000000 (TYPE=0x85)
# [cpu3] [DCPTracer@/arm-io/dcpext] [dpdev] <Ch 5 Type NOTIFY Ver 2 Tag 10
# [cpu3] [DCPTracer@/arm-io/dcpext] [dpdev]   Len 112 Ver 4 Cat REPORT Type 0xc0/STD_SERVICE Seq 2
# [cpu3] [DCPTracer@/arm-io/dcpext] [dpdev] Report STD_SERVICE
# [cpu3] [DCPTracer@/arm-io/dcpext] [dpdev] 00000000  00 00 02 00 00 00 00 00  30 00 00 00 78 63 70 69  |........0...xcpi|
# [cpu3] [DCPTracer@/arm-io/dcpext] [dpdev] 00000010  00 00 00 00 00 00 00 00  00 00 00 00 00 00 00 00  |................|
# [cpu3] [DCPTracer@/arm-io/dcpext] [dpdev] 00000020  *
# [cpu3] [DCPTracer@/arm-io/dcpext] [dpdev] 00000050  03 51 11 e0 00 00 00 00  00 00 00 00 00 00 00 00  |.Q..............|
# [cpu3] [DCPTracer@/arm-io/dcpext] [dpdev] 00000060  00 00 00 00 00 00 00 00  00 00 00 00 00 00 00 00  |................|
# [cpu3] [DCPTracer@/arm-io/dcpext] [dpdev] <Ch 7 Type NOTIFY Ver 2 Tag 11
# [cpu3] [DCPTracer@/arm-io/dcpext] [dpdev]   Len 112 Ver 4 Cat REPORT Type 0xc0/STD_SERVICE Seq 2
# [cpu3] [DCPTracer@/arm-io/dcpext] [dpdev] Report STD_SERVICE
# [cpu3] [DCPTracer@/arm-io/dcpext] [dpdev] 00000000  00 00 02 00 00 00 00 00  30 00 00 00 78 63 70 69  |........0...xcpi|
# [cpu3] [DCPTracer@/arm-io/dcpext] [dpdev] 00000010  00 00 00 00 00 00 00 00  00 00 00 00 00 00 00 00  |................|
