make: Entering directory '/home/mert/Work/omarchy-mac-external-monitor/sources/linux-usb4-backport'
make[1]: Entering directory '/home/mert/Work/omarchy-mac-external-monitor/artifacts/usb4-backport/build'
  SYMLINK /home/mert/Work/omarchy-mac-external-monitor/artifacts/usb4-backport/root/lib/modules/7.1.13-usb4-gpu-test/build
  INSTALL /home/mert/Work/omarchy-mac-external-monitor/artifacts/usb4-backport/root/lib/modules/7.1.13-usb4-gpu-test/modules.order
  INSTALL /home/mert/Work/omarchy-mac-external-monitor/artifacts/usb4-backport/root/lib/modules/7.1.13-usb4-gpu-test/modules.builtin
  INSTALL /home/mert/Work/omarchy-mac-external-monitor/artifacts/usb4-backport/root/lib/modules/7.1.13-usb4-gpu-test/modules.builtin.modinfo
  INSTALL /home/mert/Work/omarchy-mac-external-monitor/artifacts/usb4-backport/root/lib/modules/7.1.13-usb4-gpu-test/kernel/kernel/rcu/rcutorture.ko
  STRIP   /home/mert/Work/omarchy-mac-external-monitor/artifacts/usb4-backport/root/lib/modules/7.1.13-usb4-gpu-test/kernel/kernel/rcu/rcutorture.ko
  INSTALL /home/mert/Work/omarchy-mac-external-monitor/artifacts/usb4-backport/root/lib/modules/7.1.13-usb4-gpu-test/kernel/kernel/torture.ko
  STRIP   /home/mert/Work/omarchy-mac-external-monitor/artifacts/usb4-backport/root/lib/modules/7.1.13-usb4-gpu-test/kernel/kernel/torture.ko
  INSTALL /home/mert/Work/omarchy-mac-external-monitor/artifacts/usb4-backport/root/lib/modules/7.1.13-usb4-gpu-test/kernel/fs/fat/msdos.ko
  STRIP   /home/mert/Work/omarchy-mac-external-monitor/artifacts/usb4-backport/root/lib/modules/7.1.13-usb4-gpu-test/kernel/fs/fat/msdos.ko
  INSTALL /home/mert/Work/omarchy-mac-external-monitor/artifacts/usb4-backport/root/lib/modules/7.1.13-usb4-gpu-test/kernel/fs/nls/nls_cp737.ko
  STRIP   /home/mert/Work/omarchy-mac-external-monitor/artifacts/usb4-backport/root/lib/modules/7.1.13-usb4-gpu-test/kernel/fs/nls/nls_cp737.ko
  INSTALL /home/mert/Work/omarchy-mac-external-monitor/artifacts/usb4-backport/root/lib/modules/7.1.13-usb4-gpu-test/kernel/fs/nls/nls_cp775.ko
  STRIP   /home/mert/Work/omarchy-mac-external-monitor/artifacts/usb4-backport/root/lib/modules/7.1.13-usb4-gpu-test/kernel/fs/nls/nls_cp775.ko
  INSTALL /home/mert/Work/omarchy-mac-external-monitor/artifacts/usb4-backport/root/lib/modules/7.1.13-usb4-gpu-test/kernel/fs/nls/nls_cp850.ko
  STRIP   /home/mert/Work/omarchy-mac-external-monitor/artifacts/usb4-backport/root/lib/modules/7.1.13-usb4-gpu-test/kernel/fs/nls/nls_cp850.ko
  INSTALL /home/mert/Work/omarchy-mac-external-monitor/artifacts/usb4-backport/root/lib/modules/7.1.13-usb4-gpu-test/kernel/fs/nls/nls_cp852.ko
  STRIP   /home/mert/Work/omarchy-mac-external-monitor/artifacts/usb4-backport/root/lib/modules/7.1.13-usb4-gpu-test/kernel/fs/nls/nls_cp852.ko
  INSTALL /home/mert/Work/omarchy-mac-external-monitor/artifacts/usb4-backport/root/lib/modules/7.1.13-usb4-gpu-test/kernel/fs/nls/nls_cp855.ko
  STRIP   /home/mert/Work/omarchy-mac-external-monitor/artifacts/usb4-backport/root/lib/modules/7.1.13-usb4-gpu-test/kernel/fs/nls/nls_cp855.ko
  INSTALL /home/mert/Work/omarchy-mac-external-monitor/artifacts/usb4-backport/root/lib/modules/7.1.13-usb4-gpu-test/kernel/fs/nls/nls_cp857.ko
  STRIP   /home/mert/Work/omarchy-mac-external-monitor/artifacts/usb4-backport/root/lib/modules/7.1.13-usb4-gpu-test/kernel/fs/nls/nls_cp857.ko
  INSTALL /home/mert/Work/omarchy-mac-external-monitor/artifacts/usb4-backport/root/lib/modules/7.1.13-usb4-gpu-test/kernel/fs/nls/nls_cp860.ko
  STRIP   /home/mert/Work/omarchy-mac-external-monitor/artifacts/usb4-backport/root/lib/modules/7.1.13-usb4-gpu-test/kernel/fs/nls/nls_cp860.ko
  INSTALL /home/mert/Work/omarchy-mac-external-monitor/artifacts/usb4-backport/root/lib/modules/7.1.13-usb4-gpu-test/kernel/fs/nls/nls_cp861.ko
  STRIP   /home/mert/Work/omarchy-mac-external-monitor/artifacts/usb4-backport/root/lib/modules/7.1.13-usb4-gpu-test/kernel/fs/nls/nls_cp861.ko
  INSTALL /home/mert/Work/omarchy-mac-external-monitor/artifacts/usb4-backport/root/lib/modules/7.1.13-usb4-gpu-test/kernel/fs/nls/nls_cp862.ko
  STRIP   /home/mert/Work/omarchy-mac-external-monitor/artifacts/usb4-backport/root/lib/modules/7.1.13-usb4-gpu-test/kernel/fs/nls/nls_cp862.ko
  INSTALL /home/mert/Work/omarchy-mac-external-monitor/artifacts/usb4-backport/root/lib/modules/7.1.13-usb4-gpu-test/kernel/fs/nls/nls_cp863.ko
  STRIP   /home/mert/Work/omarchy-mac-external-monitor/artifacts/usb4-backport/root/lib/modules/7.1.13-usb4-gpu-test/kernel/fs/nls/nls_cp863.ko
  INSTALL /home/mert/Work/omarchy-mac-external-monitor/artifacts/usb4-backport/root/lib/modules/7.1.13-usb4-gpu-test/kernel/fs/nls/nls_cp864.ko
  STRIP   /home/mert/Work/omarchy-mac-external-monitor/artifacts/usb4-backport/root/lib/modules/7.1.13-usb4-gpu-test/kernel/fs/nls/nls_cp864.ko
  INSTALL /home/mert/Work/omarchy-mac-external-monitor/artifacts/usb4-backport/root/lib/modules/7.1.13-usb4-gpu-test/kernel/fs/nls/nls_cp865.ko
  STRIP   /home/mert/Work/omarchy-mac-external-monitor/artifacts/usb4-backport/root/lib/modules/7.1.13-usb4-gpu-test/kernel/fs/nls/nls_cp865.ko
  INSTALL /home/mert/Work/omarchy-mac-external-monitor/artifacts/usb4-backport/root/lib/modules/7.1.13-usb4-gpu-test/kernel/fs/nls/nls_cp866.ko
  STRIP   /home/mert/Work/omarchy-mac-external-monitor/artifacts/usb4-backport/root/lib/modules/7.1.13-usb4-gpu-test/kernel/fs/nls/nls_cp866.ko
  INSTALL /home/mert/Work/omarchy-mac-external-monitor/artifacts/usb4-backport/root/lib/modules/7.1.13-usb4-gpu-test/kernel/fs/nls/nls_cp869.ko
  STRIP   /home/mert/Work/omarchy-mac-external-monitor/artifacts/usb4-backport/root/lib/modules/7.1.13-usb4-gpu-test/kernel/fs/nls/nls_cp869.ko
  INSTALL /home/mert/Work/omarchy-mac-external-monitor/artifacts/usb4-backport/root/lib/modules/7.1.13-usb4-gpu-test/kernel/fs/nls/nls_cp874.ko
  STRIP   /home/mert/Work/omarchy-mac-external-monitor/artifacts/usb4-backport/root/lib/modules/7.1.13-usb4-gpu-test/kernel/fs/nls/nls_cp874.ko
  INSTALL /home/mert/Work/omarchy-mac-external-monitor/artifacts/usb4-backport/root/lib/modules/7.1.13-usb4-gpu-test/kernel/fs/nls/nls_cp932.ko
  STRIP   /home/mert/Work/omarchy-mac-external-monitor/artifacts/usb4-backport/root/lib/modules/7.1.13-usb4-gpu-test/kernel/fs/nls/nls_cp932.ko
  INSTALL /home/mert/Work/omarchy-mac-external-monitor/artifacts/usb4-backport/root/lib/modules/7.1.13-usb4-gpu-test/kernel/fs/nls/nls_euc-jp.ko
  STRIP   /home/mert/Work/omarchy-mac-external-monitor/artifacts/usb4-backport/root/lib/modules/7.1.13-usb4-gpu-test/kernel/fs/nls/nls_euc-jp.ko
  INSTALL /home/mert/Work/omarchy-mac-external-monitor/artifacts/usb4-backport/root/lib/modules/7.1.13-usb4-gpu-test/kernel/fs/nls/nls_cp936.ko
  STRIP   /home/mert/Work/omarchy-mac-external-monitor/artifacts/usb4-backport/root/lib/modules/7.1.13-usb4-gpu-test/kernel/fs/nls/nls_cp936.ko
  INSTALL /home/mert/Work/omarchy-mac-external-monitor/artifacts/usb4-backport/root/lib/modules/7.1.13-usb4-gpu-test/kernel/fs/nls/nls_cp949.ko
  STRIP   /home/mert/Work/omarchy-mac-external-monitor/artifacts/usb4-backport/root/lib/modules/7.1.13-usb4-gpu-test/kernel/fs/nls/nls_cp949.ko
  INSTALL /home/mert/Work/omarchy-mac-external-monitor/artifacts/usb4-backport/root/lib/modules/7.1.13-usb4-gpu-test/kernel/fs/nls/nls_cp950.ko
  STRIP   /home/mert/Work/omarchy-mac-external-monitor/artifacts/usb4-backport/root/lib/modules/7.1.13-usb4-gpu-test/kernel/fs/nls/nls_cp950.ko
  INSTALL /home/mert/Work/omarchy-mac-external-monitor/artifacts/usb4-backport/root/lib/modules/7.1.13-usb4-gpu-test/kernel/fs/nls/nls_cp1250.ko
  STRIP   /home/mert/Work/omarchy-mac-external-monitor/artifacts/usb4-backport/root/lib/modules/7.1.13-usb4-gpu-test/kernel/fs/nls/nls_cp1250.ko
  INSTALL /home/mert/Work/omarchy-mac-external-monitor/artifacts/usb4-backport/root/lib/modules/7.1.13-usb4-gpu-test/kernel/fs/nls/nls_cp1251.ko
  STRIP   /home/mert/Work/omarchy-mac-external-monitor/artifacts/usb4-backport/root/lib/modules/7.1.13-usb4-gpu-test/kernel/fs/nls/nls_cp1251.ko
  INSTALL /home/mert/Work/omarchy-mac-external-monitor/artifacts/usb4-backport/root/lib/modules/7.1.13-usb4-gpu-test/kernel/fs/nls/nls_iso8859-1.ko
  STRIP   /home/mert/Work/omarchy-mac-external-monitor/artifacts/usb4-backport/root/lib/modules/7.1.13-usb4-gpu-test/kernel/fs/nls/nls_iso8859-1.ko
  INSTALL /home/mert/Work/omarchy-mac-external-monitor/artifacts/usb4-backport/root/lib/modules/7.1.13-usb4-gpu-test/kernel/fs/nls/nls_iso8859-2.ko
  STRIP   /home/mert/Work/omarchy-mac-external-monitor/artifacts/usb4-backport/root/lib/modules/7.1.13-usb4-gpu-test/kernel/fs/nls/nls_iso8859-2.ko
  INSTALL /home/mert/Work/omarchy-mac-external-monitor/artifacts/usb4-backport/root/lib/modules/7.1.13-usb4-gpu-test/kernel/fs/nls/nls_iso8859-3.ko
  STRIP   /home/mert/Work/omarchy-mac-external-monitor/artifacts/usb4-backport/root/lib/modules/7.1.13-usb4-gpu-test/kernel/fs/nls/nls_iso8859-3.ko
  INSTALL /home/mert/Work/omarchy-mac-external-monitor/artifacts/usb4-backport/root/lib/modules/7.1.13-usb4-gpu-test/kernel/fs/nls/nls_iso8859-4.ko
  STRIP   /home/mert/Work/omarchy-mac-external-monitor/artifacts/usb4-backport/root/lib/modules/7.1.13-usb4-gpu-test/kernel/fs/nls/nls_iso8859-4.ko
  INSTALL /home/mert/Work/omarchy-mac-external-monitor/artifacts/usb4-backport/root/lib/modules/7.1.13-usb4-gpu-test/kernel/fs/nls/nls_iso8859-5.ko
  STRIP   /home/mert/Work/omarchy-mac-external-monitor/artifacts/usb4-backport/root/lib/modules/7.1.13-usb4-gpu-test/kernel/fs/nls/nls_iso8859-5.ko
  INSTALL /home/mert/Work/omarchy-mac-external-monitor/artifacts/usb4-backport/root/lib/modules/7.1.13-usb4-gpu-test/kernel/fs/nls/nls_iso8859-6.ko
  STRIP   /home/mert/Work/omarchy-mac-external-monitor/artifacts/usb4-backport/root/lib/modules/7.1.13-usb4-gpu-test/kernel/fs/nls/nls_iso8859-6.ko
  INSTALL /home/mert/Work/omarchy-mac-external-monitor/artifacts/usb4-backport/root/lib/modules/7.1.13-usb4-gpu-test/kernel/fs/nls/nls_iso8859-7.ko
  STRIP   /home/mert/Work/omarchy-mac-external-monitor/artifacts/usb4-backport/root/lib/modules/7.1.13-usb4-gpu-test/kernel/fs/nls/nls_iso8859-7.ko
  INSTALL /home/mert/Work/omarchy-mac-external-monitor/artifacts/usb4-backport/root/lib/modules/7.1.13-usb4-gpu-test/kernel/fs/nls/nls_cp1255.ko
  STRIP   /home/mert/Work/omarchy-mac-external-monitor/artifacts/usb4-backport/root/lib/modules/7.1.13-usb4-gpu-test/kernel/fs/nls/nls_cp1255.ko
  INSTALL /home/mert/Work/omarchy-mac-external-monitor/artifacts/usb4-backport/root/lib/modules/7.1.13-usb4-gpu-test/kernel/fs/nls/nls_iso8859-9.ko
  STRIP   /home/mert/Work/omarchy-mac-external-monitor/artifacts/usb4-backport/root/lib/modules/7.1.13-usb4-gpu-test/kernel/fs/nls/nls_iso8859-9.ko
  INSTALL /home/mert/Work/omarchy-mac-external-monitor/artifacts/usb4-backport/root/lib/modules/7.1.13-usb4-gpu-test/kernel/fs/nls/nls_iso8859-13.ko
  STRIP   /home/mert/Work/omarchy-mac-external-monitor/artifacts/usb4-backport/root/lib/modules/7.1.13-usb4-gpu-test/kernel/fs/nls/nls_iso8859-13.ko
  INSTALL /home/mert/Work/omarchy-mac-external-monitor/artifacts/usb4-backport/root/lib/modules/7.1.13-usb4-gpu-test/kernel/fs/nls/nls_iso8859-14.ko
  STRIP   /home/mert/Work/omarchy-mac-external-monitor/artifacts/usb4-backport/root/lib/modules/7.1.13-usb4-gpu-test/kernel/fs/nls/nls_iso8859-14.ko
  INSTALL /home/mert/Work/omarchy-mac-external-monitor/artifacts/usb4-backport/root/lib/modules/7.1.13-usb4-gpu-test/kernel/fs/nls/nls_iso8859-15.ko
  STRIP   /home/mert/Work/omarchy-mac-external-monitor/artifacts/usb4-backport/root/lib/modules/7.1.13-usb4-gpu-test/kernel/fs/nls/nls_iso8859-15.ko
  INSTALL /home/mert/Work/omarchy-mac-external-monitor/artifacts/usb4-backport/root/lib/modules/7.1.13-usb4-gpu-test/kernel/fs/nls/nls_koi8-r.ko
  STRIP   /home/mert/Work/omarchy-mac-external-monitor/artifacts/usb4-backport/root/lib/modules/7.1.13-usb4-gpu-test/kernel/fs/nls/nls_koi8-r.ko
  INSTALL /home/mert/Work/omarchy-mac-external-monitor/artifacts/usb4-backport/root/lib/modules/7.1.13-usb4-gpu-test/kernel/fs/nls/nls_koi8-u.ko
  STRIP   /home/mert/Work/omarchy-mac-external-monitor/artifacts/usb4-backport/root/lib/modules/7.1.13-usb4-gpu-test/kernel/fs/nls/nls_koi8-u.ko
  INSTALL /home/mert/Work/omarchy-mac-external-monitor/artifacts/usb4-backport/root/lib/modules/7.1.13-usb4-gpu-test/kernel/fs/nls/nls_koi8-ru.ko
  STRIP   /home/mert/Work/omarchy-mac-external-monitor/artifacts/usb4-backport/root/lib/modules/7.1.13-usb4-gpu-test/kernel/fs/nls/nls_koi8-ru.ko
  INSTALL /home/mert/Work/omarchy-mac-external-monitor/artifacts/usb4-backport/root/lib/modules/7.1.13-usb4-gpu-test/kernel/fs/nls/mac-celtic.ko
  STRIP   /home/mert/Work/omarchy-mac-external-monitor/artifacts/usb4-backport/root/lib/modules/7.1.13-usb4-gpu-test/kernel/fs/nls/mac-celtic.ko
  INSTALL /home/mert/Work/omarchy-mac-external-monitor/artifacts/usb4-backport/root/lib/modules/7.1.13-usb4-gpu-test/kernel/fs/nls/mac-centeuro.ko
  STRIP   /home/mert/Work/omarchy-mac-external-monitor/artifacts/usb4-backport/root/lib/modules/7.1.13-usb4-gpu-test/kernel/fs/nls/mac-centeuro.ko
  INSTALL /home/mert/Work/omarchy-mac-external-monitor/artifacts/usb4-backport/root/lib/modules/7.1.13-usb4-gpu-test/kernel/fs/nls/mac-croatian.ko
  STRIP   /home/mert/Work/omarchy-mac-external-monitor/artifacts/usb4-backport/root/lib/modules/7.1.13-usb4-gpu-test/kernel/fs/nls/mac-croatian.ko
  INSTALL /home/mert/Work/omarchy-mac-external-monitor/artifacts/usb4-backport/root/lib/modules/7.1.13-usb4-gpu-test/kernel/fs/nls/mac-cyrillic.ko
  STRIP   /home/mert/Work/omarchy-mac-external-monitor/artifacts/usb4-backport/root/lib/modules/7.1.13-usb4-gpu-test/kernel/fs/nls/mac-cyrillic.ko
  INSTALL /home/mert/Work/omarchy-mac-external-monitor/artifacts/usb4-backport/root/lib/modules/7.1.13-usb4-gpu-test/kernel/fs/nls/mac-gaelic.ko
  STRIP   /home/mert/Work/omarchy-mac-external-monitor/artifacts/usb4-backport/root/lib/modules/7.1.13-usb4-gpu-test/kernel/fs/nls/mac-gaelic.ko
  INSTALL /home/mert/Work/omarchy-mac-external-monitor/artifacts/usb4-backport/root/lib/modules/7.1.13-usb4-gpu-test/kernel/fs/nls/mac-greek.ko
  STRIP   /home/mert/Work/omarchy-mac-external-monitor/artifacts/usb4-backport/root/lib/modules/7.1.13-usb4-gpu-test/kernel/fs/nls/mac-greek.ko
  INSTALL /home/mert/Work/omarchy-mac-external-monitor/artifacts/usb4-backport/root/lib/modules/7.1.13-usb4-gpu-test/kernel/fs/nls/mac-iceland.ko
  STRIP   /home/mert/Work/omarchy-mac-external-monitor/artifacts/usb4-backport/root/lib/modules/7.1.13-usb4-gpu-test/kernel/fs/nls/mac-iceland.ko
  INSTALL /home/mert/Work/omarchy-mac-external-monitor/artifacts/usb4-backport/root/lib/modules/7.1.13-usb4-gpu-test/kernel/fs/nls/mac-inuit.ko
  STRIP   /home/mert/Work/omarchy-mac-external-monitor/artifacts/usb4-backport/root/lib/modules/7.1.13-usb4-gpu-test/kernel/fs/nls/mac-inuit.ko
  INSTALL /home/mert/Work/omarchy-mac-external-monitor/artifacts/usb4-backport/root/lib/modules/7.1.13-usb4-gpu-test/kernel/fs/nls/mac-romanian.ko
  STRIP   /home/mert/Work/omarchy-mac-external-monitor/artifacts/usb4-backport/root/lib/modules/7.1.13-usb4-gpu-test/kernel/fs/nls/mac-romanian.ko
  INSTALL /home/mert/Work/omarchy-mac-external-monitor/artifacts/usb4-backport/root/lib/modules/7.1.13-usb4-gpu-test/kernel/fs/nls/mac-roman.ko
  STRIP   /home/mert/Work/omarchy-mac-external-monitor/artifacts/usb4-backport/root/lib/modules/7.1.13-usb4-gpu-test/kernel/fs/nls/mac-roman.ko
  INSTALL /home/mert/Work/omarchy-mac-external-monitor/artifacts/usb4-backport/root/lib/modules/7.1.13-usb4-gpu-test/kernel/fs/nls/mac-turkish.ko
  STRIP   /home/mert/Work/omarchy-mac-external-monitor/artifacts/usb4-backport/root/lib/modules/7.1.13-usb4-gpu-test/kernel/fs/nls/mac-turkish.ko
  INSTALL /home/mert/Work/omarchy-mac-external-monitor/artifacts/usb4-backport/root/lib/modules/7.1.13-usb4-gpu-test/kernel/fs/nls/nls_ucs2_utils.ko
  STRIP   /home/mert/Work/omarchy-mac-external-monitor/artifacts/usb4-backport/root/lib/modules/7.1.13-usb4-gpu-test/kernel/fs/nls/nls_ucs2_utils.ko
  INSTALL /home/mert/Work/omarchy-mac-external-monitor/artifacts/usb4-backport/root/lib/modules/7.1.13-usb4-gpu-test/kernel/fs/unicode/utf8data.ko
  STRIP   /home/mert/Work/omarchy-mac-external-monitor/artifacts/usb4-backport/root/lib/modules/7.1.13-usb4-gpu-test/kernel/fs/unicode/utf8data.ko
  INSTALL /home/mert/Work/omarchy-mac-external-monitor/artifacts/usb4-backport/root/lib/modules/7.1.13-usb4-gpu-test/kernel/fs/pstore/ramoops.ko
  STRIP   /home/mert/Work/omarchy-mac-external-monitor/artifacts/usb4-backport/root/lib/modules/7.1.13-usb4-gpu-test/kernel/fs/pstore/ramoops.ko
  INSTALL /home/mert/Work/omarchy-mac-external-monitor/artifacts/usb4-backport/root/lib/modules/7.1.13-usb4-gpu-test/kernel/fs/dlm/dlm.ko
  STRIP   /home/mert/Work/omarchy-mac-external-monitor/artifacts/usb4-backport/root/lib/modules/7.1.13-usb4-gpu-test/kernel/fs/dlm/dlm.ko
  INSTALL /home/mert/Work/omarchy-mac-external-monitor/artifacts/usb4-backport/root/lib/modules/7.1.13-usb4-gpu-test/kernel/fs/netfs/netfs.ko
  STRIP   /home/mert/Work/omarchy-mac-external-monitor/artifacts/usb4-backport/root/lib/modules/7.1.13-usb4-gpu-test/kernel/fs/netfs/netfs.ko
  INSTALL /home/mert/Work/omarchy-mac-external-monitor/artifacts/usb4-backport/root/lib/modules/7.1.13-usb4-gpu-test/kernel/fs/cramfs/cramfs.ko
  STRIP   /home/mert/Work/omarchy-mac-external-monitor/artifacts/usb4-backport/root/lib/modules/7.1.13-usb4-gpu-test/kernel/fs/cramfs/cramfs.ko
  INSTALL /home/mert/Work/omarchy-mac-external-monitor/artifacts/usb4-backport/root/lib/modules/7.1.13-usb4-gpu-test/kernel/fs/squashfs/squashfs.ko
  STRIP   /home/mert/Work/omarchy-mac-external-monitor/artifacts/usb4-backport/root/lib/modules/7.1.13-usb4-gpu-test/kernel/fs/squashfs/squashfs.ko
  INSTALL /home/mert/Work/omarchy-mac-external-monitor/artifacts/usb4-backport/root/lib/modules/7.1.13-usb4-gpu-test/kernel/fs/coda/coda.ko
  STRIP   /home/mert/Work/omarchy-mac-external-monitor/artifacts/usb4-backport/root/lib/modules/7.1.13-usb4-gpu-test/kernel/fs/coda/coda.ko
  INSTALL /home/mert/Work/omarchy-mac-external-monitor/artifacts/usb4-backport/root/lib/modules/7.1.13-usb4-gpu-test/kernel/fs/minix/minix.ko
  STRIP   /home/mert/Work/omarchy-mac-external-monitor/artifacts/usb4-backport/root/lib/modules/7.1.13-usb4-gpu-test/kernel/fs/minix/minix.ko
  INSTALL /home/mert/Work/omarchy-mac-external-monitor/artifacts/usb4-backport/root/lib/modules/7.1.13-usb4-gpu-test/kernel/fs/exfat/exfat.ko
  STRIP   /home/mert/Work/omarchy-mac-external-monitor/artifacts/usb4-backport/root/lib/modules/7.1.13-usb4-gpu-test/kernel/fs/exfat/exfat.ko
  INSTALL /home/mert/Work/omarchy-mac-external-monitor/artifacts/usb4-backport/root/lib/modules/7.1.13-usb4-gpu-test/kernel/fs/isofs/isofs.ko
  STRIP   /home/mert/Work/omarchy-mac-external-monitor/artifacts/usb4-backport/root/lib/modules/7.1.13-usb4-gpu-test/kernel/fs/isofs/isofs.ko
  INSTALL /home/mert/Work/omarchy-mac-external-monitor/artifacts/usb4-backport/root/lib/modules/7.1.13-usb4-gpu-test/kernel/fs/hfsplus/hfsplus.ko
  STRIP   /home/mert/Work/omarchy-mac-external-monitor/artifacts/usb4-backport/root/lib/modules/7.1.13-usb4-gpu-test/kernel/fs/hfsplus/hfsplus.ko
  INSTALL /home/mert/Work/omarchy-mac-external-monitor/artifacts/usb4-backport/root/lib/modules/7.1.13-usb4-gpu-test/kernel/fs/hfs/hfs.ko
  STRIP   /home/mert/Work/omarchy-mac-external-monitor/artifacts/usb4-backport/root/lib/modules/7.1.13-usb4-gpu-test/kernel/fs/hfs/hfs.ko
  INSTALL /home/mert/Work/omarchy-mac-external-monitor/artifacts/usb4-backport/root/lib/modules/7.1.13-usb4-gpu-test/kernel/fs/ecryptfs/ecryptfs.ko
  STRIP   /home/mert/Work/omarchy-mac-external-monitor/artifacts/usb4-backport/root/lib/modules/7.1.13-usb4-gpu-test/kernel/fs/ecryptfs/ecryptfs.ko
  INSTALL /home/mert/Work/omarchy-mac-external-monitor/artifacts/usb4-backport/root/lib/modules/7.1.13-usb4-gpu-test/kernel/fs/nfsd/nfsd.ko
  STRIP   /home/mert/Work/omarchy-mac-external-monitor/artifacts/usb4-backport/root/lib/modules/7.1.13-usb4-gpu-test/kernel/fs/nfsd/nfsd.ko
  INSTALL /home/mert/Work/omarchy-mac-external-monitor/artifacts/usb4-backport/root/lib/modules/7.1.13-usb4-gpu-test/kernel/fs/smb/common/cifs_md4.ko
  STRIP   /home/mert/Work/omarchy-mac-external-monitor/artifacts/usb4-backport/root/lib/modules/7.1.13-usb4-gpu-test/kernel/fs/smb/common/cifs_md4.ko
  INSTALL /home/mert/Work/omarchy-mac-external-monitor/artifacts/usb4-backport/root/lib/modules/7.1.13-usb4-gpu-test/kernel/fs/smb/client/cifs.ko
  STRIP   /home/mert/Work/omarchy-mac-external-monitor/artifacts/usb4-backport/root/lib/modules/7.1.13-usb4-gpu-test/kernel/fs/smb/client/cifs.ko
  INSTALL /home/mert/Work/omarchy-mac-external-monitor/artifacts/usb4-backport/root/lib/modules/7.1.13-usb4-gpu-test/kernel/fs/ntfs/ntfs.ko
  STRIP   /home/mert/Work/omarchy-mac-external-monitor/artifacts/usb4-backport/root/lib/modules/7.1.13-usb4-gpu-test/kernel/fs/ntfs/ntfs.ko
  INSTALL /home/mert/Work/omarchy-mac-external-monitor/artifacts/usb4-backport/root/lib/modules/7.1.13-usb4-gpu-test/kernel/fs/ntfs3/ntfs3.ko
  STRIP   /home/mert/Work/omarchy-mac-external-monitor/artifacts/usb4-backport/root/lib/modules/7.1.13-usb4-gpu-test/kernel/fs/ntfs3/ntfs3.ko
  INSTALL /home/mert/Work/omarchy-mac-external-monitor/artifacts/usb4-backport/root/lib/modules/7.1.13-usb4-gpu-test/kernel/fs/ufs/ufs.ko
  STRIP   /home/mert/Work/omarchy-mac-external-monitor/artifacts/usb4-backport/root/lib/modules/7.1.13-usb4-gpu-test/kernel/fs/ufs/ufs.ko
  INSTALL /home/mert/Work/omarchy-mac-external-monitor/artifacts/usb4-backport/root/lib/modules/7.1.13-usb4-gpu-test/kernel/fs/affs/affs.ko
  STRIP   /home/mert/Work/omarchy-mac-external-monitor/artifacts/usb4-backport/root/lib/modules/7.1.13-usb4-gpu-test/kernel/fs/affs/affs.ko
  INSTALL /home/mert/Work/omarchy-mac-external-monitor/artifacts/usb4-backport/root/lib/modules/7.1.13-usb4-gpu-test/kernel/fs/romfs/romfs.ko
  STRIP   /home/mert/Work/omarchy-mac-external-monitor/artifacts/usb4-backport/root/lib/modules/7.1.13-usb4-gpu-test/kernel/fs/romfs/romfs.ko
  INSTALL /home/mert/Work/omarchy-mac-external-monitor/artifacts/usb4-backport/root/lib/modules/7.1.13-usb4-gpu-test/kernel/fs/fuse/fuse.ko
  STRIP   /home/mert/Work/omarchy-mac-external-monitor/artifacts/usb4-backport/root/lib/modules/7.1.13-usb4-gpu-test/kernel/fs/fuse/fuse.ko
  INSTALL /home/mert/Work/omarchy-mac-external-monitor/artifacts/usb4-backport/root/lib/modules/7.1.13-usb4-gpu-test/kernel/fs/fuse/cuse.ko
  STRIP   /home/mert/Work/omarchy-mac-external-monitor/artifacts/usb4-backport/root/lib/modules/7.1.13-usb4-gpu-test/kernel/fs/fuse/cuse.ko
  INSTALL /home/mert/Work/omarchy-mac-external-monitor/artifacts/usb4-backport/root/lib/modules/7.1.13-usb4-gpu-test/kernel/fs/overlayfs/overlay.ko
  STRIP   /home/mert/Work/omarchy-mac-external-monitor/artifacts/usb4-backport/root/lib/modules/7.1.13-usb4-gpu-test/kernel/fs/overlayfs/overlay.ko
  INSTALL /home/mert/Work/omarchy-mac-external-monitor/artifacts/usb4-backport/root/lib/modules/7.1.13-usb4-gpu-test/kernel/fs/udf/udf.ko
  STRIP   /home/mert/Work/omarchy-mac-external-monitor/artifacts/usb4-backport/root/lib/modules/7.1.13-usb4-gpu-test/kernel/fs/udf/udf.ko
  INSTALL /home/mert/Work/omarchy-mac-external-monitor/artifacts/usb4-backport/root/lib/modules/7.1.13-usb4-gpu-test/kernel/fs/jfs/jfs.ko
  STRIP   /home/mert/Work/omarchy-mac-external-monitor/artifacts/usb4-backport/root/lib/modules/7.1.13-usb4-gpu-test/kernel/fs/jfs/jfs.ko
  INSTALL /home/mert/Work/omarchy-mac-external-monitor/artifacts/usb4-backport/root/lib/modules/7.1.13-usb4-gpu-test/kernel/fs/xfs/xfs.ko
  STRIP   /home/mert/Work/omarchy-mac-external-monitor/artifacts/usb4-backport/root/lib/modules/7.1.13-usb4-gpu-test/kernel/fs/xfs/xfs.ko
  INSTALL /home/mert/Work/omarchy-mac-external-monitor/artifacts/usb4-backport/root/lib/modules/7.1.13-usb4-gpu-test/kernel/fs/9p/9p.ko
  STRIP   /home/mert/Work/omarchy-mac-external-monitor/artifacts/usb4-backport/root/lib/modules/7.1.13-usb4-gpu-test/kernel/fs/9p/9p.ko
  INSTALL /home/mert/Work/omarchy-mac-external-monitor/artifacts/usb4-backport/root/lib/modules/7.1.13-usb4-gpu-test/kernel/fs/nilfs2/nilfs2.ko
  STRIP   /home/mert/Work/omarchy-mac-external-monitor/artifacts/usb4-backport/root/lib/modules/7.1.13-usb4-gpu-test/kernel/fs/nilfs2/nilfs2.ko
  INSTALL /home/mert/Work/omarchy-mac-external-monitor/artifacts/usb4-backport/root/lib/modules/7.1.13-usb4-gpu-test/kernel/fs/befs/befs.ko
  STRIP   /home/mert/Work/omarchy-mac-external-monitor/artifacts/usb4-backport/root/lib/modules/7.1.13-usb4-gpu-test/kernel/fs/befs/befs.ko
  INSTALL /home/mert/Work/omarchy-mac-external-monitor/artifacts/usb4-backport/root/lib/modules/7.1.13-usb4-gpu-test/kernel/fs/cachefiles/cachefiles.ko
  STRIP   /home/mert/Work/omarchy-mac-external-monitor/artifacts/usb4-backport/root/lib/modules/7.1.13-usb4-gpu-test/kernel/fs/cachefiles/cachefiles.ko
  INSTALL /home/mert/Work/omarchy-mac-external-monitor/artifacts/usb4-backport/root/lib/modules/7.1.13-usb4-gpu-test/kernel/fs/ocfs2/ocfs2.ko
  STRIP   /home/mert/Work/omarchy-mac-external-monitor/artifacts/usb4-backport/root/lib/modules/7.1.13-usb4-gpu-test/kernel/fs/ocfs2/ocfs2.ko
  INSTALL /home/mert/Work/omarchy-mac-external-monitor/artifacts/usb4-backport/root/lib/modules/7.1.13-usb4-gpu-test/kernel/fs/ocfs2/ocfs2_stackglue.ko
  STRIP   /home/mert/Work/omarchy-mac-external-monitor/artifacts/usb4-backport/root/lib/modules/7.1.13-usb4-gpu-test/kernel/fs/ocfs2/ocfs2_stackglue.ko
  INSTALL /home/mert/Work/omarchy-mac-external-monitor/artifacts/usb4-backport/root/lib/modules/7.1.13-usb4-gpu-test/kernel/fs/ocfs2/ocfs2_stack_o2cb.ko
  STRIP   /home/mert/Work/omarchy-mac-external-monitor/artifacts/usb4-backport/root/lib/modules/7.1.13-usb4-gpu-test/kernel/fs/ocfs2/ocfs2_stack_o2cb.ko
  INSTALL /home/mert/Work/omarchy-mac-external-monitor/artifacts/usb4-backport/root/lib/modules/7.1.13-usb4-gpu-test/kernel/fs/ocfs2/ocfs2_stack_user.ko
  STRIP   /home/mert/Work/omarchy-mac-external-monitor/artifacts/usb4-backport/root/lib/modules/7.1.13-usb4-gpu-test/kernel/fs/ocfs2/ocfs2_stack_user.ko
  INSTALL /home/mert/Work/omarchy-mac-external-monitor/artifacts/usb4-backport/root/lib/modules/7.1.13-usb4-gpu-test/kernel/fs/ocfs2/dlmfs/ocfs2_dlmfs.ko
  STRIP   /home/mert/Work/omarchy-mac-external-monitor/artifacts/usb4-backport/root/lib/modules/7.1.13-usb4-gpu-test/kernel/fs/ocfs2/dlmfs/ocfs2_dlmfs.ko
  INSTALL /home/mert/Work/omarchy-mac-external-monitor/artifacts/usb4-backport/root/lib/modules/7.1.13-usb4-gpu-test/kernel/fs/ocfs2/cluster/ocfs2_nodemanager.ko
  STRIP   /home/mert/Work/omarchy-mac-external-monitor/artifacts/usb4-backport/root/lib/modules/7.1.13-usb4-gpu-test/kernel/fs/ocfs2/cluster/ocfs2_nodemanager.ko
  INSTALL /home/mert/Work/omarchy-mac-external-monitor/artifacts/usb4-backport/root/lib/modules/7.1.13-usb4-gpu-test/kernel/fs/ocfs2/dlm/ocfs2_dlm.ko
  STRIP   /home/mert/Work/omarchy-mac-external-monitor/artifacts/usb4-backport/root/lib/modules/7.1.13-usb4-gpu-test/kernel/fs/ocfs2/dlm/ocfs2_dlm.ko
  INSTALL /home/mert/Work/omarchy-mac-external-monitor/artifacts/usb4-backport/root/lib/modules/7.1.13-usb4-gpu-test/kernel/fs/btrfs/btrfs.ko
  STRIP   /home/mert/Work/omarchy-mac-external-monitor/artifacts/usb4-backport/root/lib/modules/7.1.13-usb4-gpu-test/kernel/fs/btrfs/btrfs.ko
  INSTALL /home/mert/Work/omarchy-mac-external-monitor/artifacts/usb4-backport/root/lib/modules/7.1.13-usb4-gpu-test/kernel/fs/gfs2/gfs2.ko
  STRIP   /home/mert/Work/omarchy-mac-external-monitor/artifacts/usb4-backport/root/lib/modules/7.1.13-usb4-gpu-test/kernel/fs/gfs2/gfs2.ko
  INSTALL /home/mert/Work/omarchy-mac-external-monitor/artifacts/usb4-backport/root/lib/modules/7.1.13-usb4-gpu-test/kernel/fs/ceph/ceph.ko
  STRIP   /home/mert/Work/omarchy-mac-external-monitor/artifacts/usb4-backport/root/lib/modules/7.1.13-usb4-gpu-test/kernel/fs/ceph/ceph.ko
  INSTALL /home/mert/Work/omarchy-mac-external-monitor/artifacts/usb4-backport/root/lib/modules/7.1.13-usb4-gpu-test/kernel/fs/erofs/erofs.ko
  STRIP   /home/mert/Work/omarchy-mac-external-monitor/artifacts/usb4-backport/root/lib/modules/7.1.13-usb4-gpu-test/kernel/fs/erofs/erofs.ko
  INSTALL /home/mert/Work/omarchy-mac-external-monitor/artifacts/usb4-backport/root/lib/modules/7.1.13-usb4-gpu-test/kernel/crypto/crypto_engine.ko
  STRIP   /home/mert/Work/omarchy-mac-external-monitor/artifacts/usb4-backport/root/lib/modules/7.1.13-usb4-gpu-test/kernel/crypto/crypto_engine.ko
  INSTALL /home/mert/Work/omarchy-mac-external-monitor/artifacts/usb4-backport/root/lib/modules/7.1.13-usb4-gpu-test/kernel/crypto/echainiv.ko
  STRIP   /home/mert/Work/omarchy-mac-external-monitor/artifacts/usb4-backport/root/lib/modules/7.1.13-usb4-gpu-test/kernel/crypto/echainiv.ko
  INSTALL /home/mert/Work/omarchy-mac-external-monitor/artifacts/usb4-backport/root/lib/modules/7.1.13-usb4-gpu-test/kernel/crypto/crypto_user.ko
  STRIP   /home/mert/Work/omarchy-mac-external-monitor/artifacts/usb4-backport/root/lib/modules/7.1.13-usb4-gpu-test/kernel/crypto/crypto_user.ko
  INSTALL /home/mert/Work/omarchy-mac-external-monitor/artifacts/usb4-backport/root/lib/modules/7.1.13-usb4-gpu-test/kernel/crypto/cmac.ko
  STRIP   /home/mert/Work/omarchy-mac-external-monitor/artifacts/usb4-backport/root/lib/modules/7.1.13-usb4-gpu-test/kernel/crypto/cmac.ko
  INSTALL /home/mert/Work/omarchy-mac-external-monitor/artifacts/usb4-backport/root/lib/modules/7.1.13-usb4-gpu-test/kernel/crypto/xcbc.ko
  STRIP   /home/mert/Work/omarchy-mac-external-monitor/artifacts/usb4-backport/root/lib/modules/7.1.13-usb4-gpu-test/kernel/crypto/xcbc.ko
  INSTALL /home/mert/Work/omarchy-mac-external-monitor/artifacts/usb4-backport/root/lib/modules/7.1.13-usb4-gpu-test/kernel/crypto/md4.ko
  STRIP   /home/mert/Work/omarchy-mac-external-monitor/artifacts/usb4-backport/root/lib/modules/7.1.13-usb4-gpu-test/kernel/crypto/md4.ko
  INSTALL /home/mert/Work/omarchy-mac-external-monitor/artifacts/usb4-backport/root/lib/modules/7.1.13-usb4-gpu-test/kernel/crypto/rmd160.ko
  STRIP   /home/mert/Work/omarchy-mac-external-monitor/artifacts/usb4-backport/root/lib/modules/7.1.13-usb4-gpu-test/kernel/crypto/rmd160.ko
  INSTALL /home/mert/Work/omarchy-mac-external-monitor/artifacts/usb4-backport/root/lib/modules/7.1.13-usb4-gpu-test/kernel/crypto/sm3.ko
  STRIP   /home/mert/Work/omarchy-mac-external-monitor/artifacts/usb4-backport/root/lib/modules/7.1.13-usb4-gpu-test/kernel/crypto/sm3.ko
  INSTALL /home/mert/Work/omarchy-mac-external-monitor/artifacts/usb4-backport/root/lib/modules/7.1.13-usb4-gpu-test/kernel/crypto/wp512.ko
  STRIP   /home/mert/Work/omarchy-mac-external-monitor/artifacts/usb4-backport/root/lib/modules/7.1.13-usb4-gpu-test/kernel/crypto/wp512.ko
  INSTALL /home/mert/Work/omarchy-mac-external-monitor/artifacts/usb4-backport/root/lib/modules/7.1.13-usb4-gpu-test/kernel/crypto/pcbc.ko
  STRIP   /home/mert/Work/omarchy-mac-external-monitor/artifacts/usb4-backport/root/lib/modules/7.1.13-usb4-gpu-test/kernel/crypto/pcbc.ko
  INSTALL /home/mert/Work/omarchy-mac-external-monitor/artifacts/usb4-backport/root/lib/modules/7.1.13-usb4-gpu-test/kernel/crypto/lrw.ko
  STRIP   /home/mert/Work/omarchy-mac-external-monitor/artifacts/usb4-backport/root/lib/modules/7.1.13-usb4-gpu-test/kernel/crypto/lrw.ko
  INSTALL /home/mert/Work/omarchy-mac-external-monitor/artifacts/usb4-backport/root/lib/modules/7.1.13-usb4-gpu-test/kernel/crypto/adiantum.ko
  STRIP   /home/mert/Work/omarchy-mac-external-monitor/artifacts/usb4-backport/root/lib/modules/7.1.13-usb4-gpu-test/kernel/crypto/adiantum.ko
  INSTALL /home/mert/Work/omarchy-mac-external-monitor/artifacts/usb4-backport/root/lib/modules/7.1.13-usb4-gpu-test/kernel/crypto/ccm.ko
  STRIP   /home/mert/Work/omarchy-mac-external-monitor/artifacts/usb4-backport/root/lib/modules/7.1.13-usb4-gpu-test/kernel/crypto/ccm.ko
  INSTALL /home/mert/Work/omarchy-mac-external-monitor/artifacts/usb4-backport/root/lib/modules/7.1.13-usb4-gpu-test/kernel/crypto/chacha20poly1305.ko
  STRIP   /home/mert/Work/omarchy-mac-external-monitor/artifacts/usb4-backport/root/lib/modules/7.1.13-usb4-gpu-test/kernel/crypto/chacha20poly1305.ko
  INSTALL /home/mert/Work/omarchy-mac-external-monitor/artifacts/usb4-backport/root/lib/modules/7.1.13-usb4-gpu-test/kernel/crypto/aegis128.ko
  STRIP   /home/mert/Work/omarchy-mac-external-monitor/artifacts/usb4-backport/root/lib/modules/7.1.13-usb4-gpu-test/kernel/crypto/aegis128.ko
  INSTALL /home/mert/Work/omarchy-mac-external-monitor/artifacts/usb4-backport/root/lib/modules/7.1.13-usb4-gpu-test/kernel/crypto/pcrypt.ko
  STRIP   /home/mert/Work/omarchy-mac-external-monitor/artifacts/usb4-backport/root/lib/modules/7.1.13-usb4-gpu-test/kernel/crypto/pcrypt.ko
  INSTALL /home/mert/Work/omarchy-mac-external-monitor/artifacts/usb4-backport/root/lib/modules/7.1.13-usb4-gpu-test/kernel/crypto/des_generic.ko
  STRIP   /home/mert/Work/omarchy-mac-external-monitor/artifacts/usb4-backport/root/lib/modules/7.1.13-usb4-gpu-test/kernel/crypto/des_generic.ko
  INSTALL /home/mert/Work/omarchy-mac-external-monitor/artifacts/usb4-backport/root/lib/modules/7.1.13-usb4-gpu-test/kernel/crypto/fcrypt.ko
  STRIP   /home/mert/Work/omarchy-mac-external-monitor/artifacts/usb4-backport/root/lib/modules/7.1.13-usb4-gpu-test/kernel/crypto/fcrypt.ko
  INSTALL /home/mert/Work/omarchy-mac-external-monitor/artifacts/usb4-backport/root/lib/modules/7.1.13-usb4-gpu-test/kernel/crypto/blowfish_generic.ko
  STRIP   /home/mert/Work/omarchy-mac-external-monitor/artifacts/usb4-backport/root/lib/modules/7.1.13-usb4-gpu-test/kernel/crypto/blowfish_generic.ko
  INSTALL /home/mert/Work/omarchy-mac-external-monitor/artifacts/usb4-backport/root/lib/modules/7.1.13-usb4-gpu-test/kernel/crypto/blowfish_common.ko
  STRIP   /home/mert/Work/omarchy-mac-external-monitor/artifacts/usb4-backport/root/lib/modules/7.1.13-usb4-gpu-test/kernel/crypto/blowfish_common.ko
  INSTALL /home/mert/Work/omarchy-mac-external-monitor/artifacts/usb4-backport/root/lib/modules/7.1.13-usb4-gpu-test/kernel/crypto/twofish_generic.ko
  STRIP   /home/mert/Work/omarchy-mac-external-monitor/artifacts/usb4-backport/root/lib/modules/7.1.13-usb4-gpu-test/kernel/crypto/twofish_generic.ko
  INSTALL /home/mert/Work/omarchy-mac-external-monitor/artifacts/usb4-backport/root/lib/modules/7.1.13-usb4-gpu-test/kernel/crypto/twofish_common.ko
  STRIP   /home/mert/Work/omarchy-mac-external-monitor/artifacts/usb4-backport/root/lib/modules/7.1.13-usb4-gpu-test/kernel/crypto/twofish_common.ko
  INSTALL /home/mert/Work/omarchy-mac-external-monitor/artifacts/usb4-backport/root/lib/modules/7.1.13-usb4-gpu-test/kernel/crypto/serpent_generic.ko
  STRIP   /home/mert/Work/omarchy-mac-external-monitor/artifacts/usb4-backport/root/lib/modules/7.1.13-usb4-gpu-test/kernel/crypto/serpent_generic.ko
  INSTALL /home/mert/Work/omarchy-mac-external-monitor/artifacts/usb4-backport/root/lib/modules/7.1.13-usb4-gpu-test/kernel/crypto/sm4_generic.ko
  STRIP   /home/mert/Work/omarchy-mac-external-monitor/artifacts/usb4-backport/root/lib/modules/7.1.13-usb4-gpu-test/kernel/crypto/sm4_generic.ko
  INSTALL /home/mert/Work/omarchy-mac-external-monitor/artifacts/usb4-backport/root/lib/modules/7.1.13-usb4-gpu-test/kernel/crypto/camellia_generic.ko
  STRIP   /home/mert/Work/omarchy-mac-external-monitor/artifacts/usb4-backport/root/lib/modules/7.1.13-usb4-gpu-test/kernel/crypto/camellia_generic.ko
  INSTALL /home/mert/Work/omarchy-mac-external-monitor/artifacts/usb4-backport/root/lib/modules/7.1.13-usb4-gpu-test/kernel/crypto/cast_common.ko
  STRIP   /home/mert/Work/omarchy-mac-external-monitor/artifacts/usb4-backport/root/lib/modules/7.1.13-usb4-gpu-test/kernel/crypto/cast_common.ko
  INSTALL /home/mert/Work/omarchy-mac-external-monitor/artifacts/usb4-backport/root/lib/modules/7.1.13-usb4-gpu-test/kernel/crypto/cast5_generic.ko
  STRIP   /home/mert/Work/omarchy-mac-external-monitor/artifacts/usb4-backport/root/lib/modules/7.1.13-usb4-gpu-test/kernel/crypto/cast5_generic.ko
  INSTALL /home/mert/Work/omarchy-mac-external-monitor/artifacts/usb4-backport/root/lib/modules/7.1.13-usb4-gpu-test/kernel/crypto/cast6_generic.ko
  STRIP   /home/mert/Work/omarchy-mac-external-monitor/artifacts/usb4-backport/root/lib/modules/7.1.13-usb4-gpu-test/kernel/crypto/cast6_generic.ko
  INSTALL /home/mert/Work/omarchy-mac-external-monitor/artifacts/usb4-backport/root/lib/modules/7.1.13-usb4-gpu-test/kernel/crypto/arc4.ko
  STRIP   /home/mert/Work/omarchy-mac-external-monitor/artifacts/usb4-backport/root/lib/modules/7.1.13-usb4-gpu-test/kernel/crypto/arc4.ko
  INSTALL /home/mert/Work/omarchy-mac-external-monitor/artifacts/usb4-backport/root/lib/modules/7.1.13-usb4-gpu-test/kernel/crypto/tea.ko
  STRIP   /home/mert/Work/omarchy-mac-external-monitor/artifacts/usb4-backport/root/lib/modules/7.1.13-usb4-gpu-test/kernel/crypto/tea.ko
  INSTALL /home/mert/Work/omarchy-mac-external-monitor/artifacts/usb4-backport/root/lib/modules/7.1.13-usb4-gpu-test/kernel/crypto/khazad.ko
  STRIP   /home/mert/Work/omarchy-mac-external-monitor/artifacts/usb4-backport/root/lib/modules/7.1.13-usb4-gpu-test/kernel/crypto/khazad.ko
  INSTALL /home/mert/Work/omarchy-mac-external-monitor/artifacts/usb4-backport/root/lib/modules/7.1.13-usb4-gpu-test/kernel/crypto/anubis.ko
  STRIP   /home/mert/Work/omarchy-mac-external-monitor/artifacts/usb4-backport/root/lib/modules/7.1.13-usb4-gpu-test/kernel/crypto/anubis.ko
  INSTALL /home/mert/Work/omarchy-mac-external-monitor/artifacts/usb4-backport/root/lib/modules/7.1.13-usb4-gpu-test/kernel/crypto/seed.ko
  STRIP   /home/mert/Work/omarchy-mac-external-monitor/artifacts/usb4-backport/root/lib/modules/7.1.13-usb4-gpu-test/kernel/crypto/seed.ko
  INSTALL /home/mert/Work/omarchy-mac-external-monitor/artifacts/usb4-backport/root/lib/modules/7.1.13-usb4-gpu-test/kernel/crypto/aria_generic.ko
  STRIP   /home/mert/Work/omarchy-mac-external-monitor/artifacts/usb4-backport/root/lib/modules/7.1.13-usb4-gpu-test/kernel/crypto/aria_generic.ko
  INSTALL /home/mert/Work/omarchy-mac-external-monitor/artifacts/usb4-backport/root/lib/modules/7.1.13-usb4-gpu-test/kernel/crypto/authenc.ko
  STRIP   /home/mert/Work/omarchy-mac-external-monitor/artifacts/usb4-backport/root/lib/modules/7.1.13-usb4-gpu-test/kernel/crypto/authenc.ko
  INSTALL /home/mert/Work/omarchy-mac-external-monitor/artifacts/usb4-backport/root/lib/modules/7.1.13-usb4-gpu-test/kernel/crypto/authencesn.ko
  STRIP   /home/mert/Work/omarchy-mac-external-monitor/artifacts/usb4-backport/root/lib/modules/7.1.13-usb4-gpu-test/kernel/crypto/authencesn.ko
  INSTALL /home/mert/Work/omarchy-mac-external-monitor/artifacts/usb4-backport/root/lib/modules/7.1.13-usb4-gpu-test/kernel/crypto/krb5enc.ko
  STRIP   /home/mert/Work/omarchy-mac-external-monitor/artifacts/usb4-backport/root/lib/modules/7.1.13-usb4-gpu-test/kernel/crypto/krb5enc.ko
  INSTALL /home/mert/Work/omarchy-mac-external-monitor/artifacts/usb4-backport/root/lib/modules/7.1.13-usb4-gpu-test/kernel/crypto/lz4.ko
  STRIP   /home/mert/Work/omarchy-mac-external-monitor/artifacts/usb4-backport/root/lib/modules/7.1.13-usb4-gpu-test/kernel/crypto/lz4.ko
  INSTALL /home/mert/Work/omarchy-mac-external-monitor/artifacts/usb4-backport/root/lib/modules/7.1.13-usb4-gpu-test/kernel/crypto/lz4hc.ko
  STRIP   /home/mert/Work/omarchy-mac-external-monitor/artifacts/usb4-backport/root/lib/modules/7.1.13-usb4-gpu-test/kernel/crypto/lz4hc.ko
  INSTALL /home/mert/Work/omarchy-mac-external-monitor/artifacts/usb4-backport/root/lib/modules/7.1.13-usb4-gpu-test/kernel/crypto/842.ko
  STRIP   /home/mert/Work/omarchy-mac-external-monitor/artifacts/usb4-backport/root/lib/modules/7.1.13-usb4-gpu-test/kernel/crypto/842.ko
  INSTALL /home/mert/Work/omarchy-mac-external-monitor/artifacts/usb4-backport/root/lib/modules/7.1.13-usb4-gpu-test/kernel/crypto/zstd.ko
  STRIP   /home/mert/Work/omarchy-mac-external-monitor/artifacts/usb4-backport/root/lib/modules/7.1.13-usb4-gpu-test/kernel/crypto/zstd.ko
  INSTALL /home/mert/Work/omarchy-mac-external-monitor/artifacts/usb4-backport/root/lib/modules/7.1.13-usb4-gpu-test/kernel/crypto/ecc.ko
  STRIP   /home/mert/Work/omarchy-mac-external-monitor/artifacts/usb4-backport/root/lib/modules/7.1.13-usb4-gpu-test/kernel/crypto/ecc.ko
  INSTALL /home/mert/Work/omarchy-mac-external-monitor/artifacts/usb4-backport/root/lib/modules/7.1.13-usb4-gpu-test/kernel/crypto/essiv.ko
  STRIP   /home/mert/Work/omarchy-mac-external-monitor/artifacts/usb4-backport/root/lib/modules/7.1.13-usb4-gpu-test/kernel/crypto/essiv.ko
  INSTALL /home/mert/Work/omarchy-mac-external-monitor/artifacts/usb4-backport/root/lib/modules/7.1.13-usb4-gpu-test/kernel/crypto/ecdh_generic.ko
  STRIP   /home/mert/Work/omarchy-mac-external-monitor/artifacts/usb4-backport/root/lib/modules/7.1.13-usb4-gpu-test/kernel/crypto/ecdh_generic.ko
  INSTALL /home/mert/Work/omarchy-mac-external-monitor/artifacts/usb4-backport/root/lib/modules/7.1.13-usb4-gpu-test/kernel/crypto/async_tx/async_tx.ko
  STRIP   /home/mert/Work/omarchy-mac-external-monitor/artifacts/usb4-backport/root/lib/modules/7.1.13-usb4-gpu-test/kernel/crypto/async_tx/async_tx.ko
  INSTALL /home/mert/Work/omarchy-mac-external-monitor/artifacts/usb4-backport/root/lib/modules/7.1.13-usb4-gpu-test/kernel/crypto/async_tx/async_memcpy.ko
  STRIP   /home/mert/Work/omarchy-mac-external-monitor/artifacts/usb4-backport/root/lib/modules/7.1.13-usb4-gpu-test/kernel/crypto/async_tx/async_memcpy.ko
  INSTALL /home/mert/Work/omarchy-mac-external-monitor/artifacts/usb4-backport/root/lib/modules/7.1.13-usb4-gpu-test/kernel/crypto/async_tx/async_xor.ko
  STRIP   /home/mert/Work/omarchy-mac-external-monitor/artifacts/usb4-backport/root/lib/modules/7.1.13-usb4-gpu-test/kernel/crypto/async_tx/async_xor.ko
  INSTALL /home/mert/Work/omarchy-mac-external-monitor/artifacts/usb4-backport/root/lib/modules/7.1.13-usb4-gpu-test/kernel/crypto/async_tx/async_pq.ko
  STRIP   /home/mert/Work/omarchy-mac-external-monitor/artifacts/usb4-backport/root/lib/modules/7.1.13-usb4-gpu-test/kernel/crypto/async_tx/async_pq.ko
  INSTALL /home/mert/Work/omarchy-mac-external-monitor/artifacts/usb4-backport/root/lib/modules/7.1.13-usb4-gpu-test/kernel/crypto/async_tx/async_raid6_recov.ko
  STRIP   /home/mert/Work/omarchy-mac-external-monitor/artifacts/usb4-backport/root/lib/modules/7.1.13-usb4-gpu-test/kernel/crypto/async_tx/async_raid6_recov.ko
  INSTALL /home/mert/Work/omarchy-mac-external-monitor/artifacts/usb4-backport/root/lib/modules/7.1.13-usb4-gpu-test/kernel/crypto/krb5/krb5.ko
  STRIP   /home/mert/Work/omarchy-mac-external-monitor/artifacts/usb4-backport/root/lib/modules/7.1.13-usb4-gpu-test/kernel/crypto/krb5/krb5.ko
  INSTALL /home/mert/Work/omarchy-mac-external-monitor/artifacts/usb4-backport/root/lib/modules/7.1.13-usb4-gpu-test/kernel/lib/math/cordic.ko
  STRIP   /home/mert/Work/omarchy-mac-external-monitor/artifacts/usb4-backport/root/lib/modules/7.1.13-usb4-gpu-test/kernel/lib/math/cordic.ko
  INSTALL /home/mert/Work/omarchy-mac-external-monitor/artifacts/usb4-backport/root/lib/modules/7.1.13-usb4-gpu-test/kernel/lib/crc/crc-itu-t.ko
  STRIP   /home/mert/Work/omarchy-mac-external-monitor/artifacts/usb4-backport/root/lib/modules/7.1.13-usb4-gpu-test/kernel/lib/crc/crc-itu-t.ko
  INSTALL /home/mert/Work/omarchy-mac-external-monitor/artifacts/usb4-backport/root/lib/modules/7.1.13-usb4-gpu-test/kernel/lib/crypto/libarc4.ko
  STRIP   /home/mert/Work/omarchy-mac-external-monitor/artifacts/usb4-backport/root/lib/modules/7.1.13-usb4-gpu-test/kernel/lib/crypto/libarc4.ko
  INSTALL /home/mert/Work/omarchy-mac-external-monitor/artifacts/usb4-backport/root/lib/modules/7.1.13-usb4-gpu-test/kernel/lib/crypto/libchacha20poly1305.ko
  STRIP   /home/mert/Work/omarchy-mac-external-monitor/artifacts/usb4-backport/root/lib/modules/7.1.13-usb4-gpu-test/kernel/lib/crypto/libchacha20poly1305.ko
  INSTALL /home/mert/Work/omarchy-mac-external-monitor/artifacts/usb4-backport/root/lib/modules/7.1.13-usb4-gpu-test/kernel/lib/crypto/libcurve25519.ko
  STRIP   /home/mert/Work/omarchy-mac-external-monitor/artifacts/usb4-backport/root/lib/modules/7.1.13-usb4-gpu-test/kernel/lib/crypto/libcurve25519.ko
  INSTALL /home/mert/Work/omarchy-mac-external-monitor/artifacts/usb4-backport/root/lib/modules/7.1.13-usb4-gpu-test/kernel/lib/crypto/libdes.ko
  STRIP   /home/mert/Work/omarchy-mac-external-monitor/artifacts/usb4-backport/root/lib/modules/7.1.13-usb4-gpu-test/kernel/lib/crypto/libdes.ko
  INSTALL /home/mert/Work/omarchy-mac-external-monitor/artifacts/usb4-backport/root/lib/modules/7.1.13-usb4-gpu-test/kernel/lib/crypto/libnh.ko
  STRIP   /home/mert/Work/omarchy-mac-external-monitor/artifacts/usb4-backport/root/lib/modules/7.1.13-usb4-gpu-test/kernel/lib/crypto/libnh.ko
  INSTALL /home/mert/Work/omarchy-mac-external-monitor/artifacts/usb4-backport/root/lib/modules/7.1.13-usb4-gpu-test/kernel/lib/crypto/libpoly1305.ko
  STRIP   /home/mert/Work/omarchy-mac-external-monitor/artifacts/usb4-backport/root/lib/modules/7.1.13-usb4-gpu-test/kernel/lib/crypto/libpoly1305.ko
  INSTALL /home/mert/Work/omarchy-mac-external-monitor/artifacts/usb4-backport/root/lib/modules/7.1.13-usb4-gpu-test/kernel/lib/crypto/libsm3.ko
  STRIP   /home/mert/Work/omarchy-mac-external-monitor/artifacts/usb4-backport/root/lib/modules/7.1.13-usb4-gpu-test/kernel/lib/crypto/libsm3.ko
  INSTALL /home/mert/Work/omarchy-mac-external-monitor/artifacts/usb4-backport/root/lib/modules/7.1.13-usb4-gpu-test/kernel/lib/raid/xor/xor.ko
  STRIP   /home/mert/Work/omarchy-mac-external-monitor/artifacts/usb4-backport/root/lib/modules/7.1.13-usb4-gpu-test/kernel/lib/raid/xor/xor.ko
  INSTALL /home/mert/Work/omarchy-mac-external-monitor/artifacts/usb4-backport/root/lib/modules/7.1.13-usb4-gpu-test/kernel/lib/lz4/lz4_compress.ko
  STRIP   /home/mert/Work/omarchy-mac-external-monitor/artifacts/usb4-backport/root/lib/modules/7.1.13-usb4-gpu-test/kernel/lib/lz4/lz4_compress.ko
  INSTALL /home/mert/Work/omarchy-mac-external-monitor/artifacts/usb4-backport/root/lib/modules/7.1.13-usb4-gpu-test/kernel/lib/lz4/lz4hc_compress.ko
  STRIP   /home/mert/Work/omarchy-mac-external-monitor/artifacts/usb4-backport/root/lib/modules/7.1.13-usb4-gpu-test/kernel/lib/lz4/lz4hc_compress.ko
  INSTALL /home/mert/Work/omarchy-mac-external-monitor/artifacts/usb4-backport/root/lib/modules/7.1.13-usb4-gpu-test/kernel/lib/842/842_compress.ko
  STRIP   /home/mert/Work/omarchy-mac-external-monitor/artifacts/usb4-backport/root/lib/modules/7.1.13-usb4-gpu-test/kernel/lib/842/842_compress.ko
  INSTALL /home/mert/Work/omarchy-mac-external-monitor/artifacts/usb4-backport/root/lib/modules/7.1.13-usb4-gpu-test/kernel/lib/842/842_decompress.ko
  STRIP   /home/mert/Work/omarchy-mac-external-monitor/artifacts/usb4-backport/root/lib/modules/7.1.13-usb4-gpu-test/kernel/lib/842/842_decompress.ko
  INSTALL /home/mert/Work/omarchy-mac-external-monitor/artifacts/usb4-backport/root/lib/modules/7.1.13-usb4-gpu-test/kernel/lib/reed_solomon/reed_solomon.ko
  STRIP   /home/mert/Work/omarchy-mac-external-monitor/artifacts/usb4-backport/root/lib/modules/7.1.13-usb4-gpu-test/kernel/lib/reed_solomon/reed_solomon.ko
  INSTALL /home/mert/Work/omarchy-mac-external-monitor/artifacts/usb4-backport/root/lib/modules/7.1.13-usb4-gpu-test/kernel/lib/raid6/raid6_pq.ko
  STRIP   /home/mert/Work/omarchy-mac-external-monitor/artifacts/usb4-backport/root/lib/modules/7.1.13-usb4-gpu-test/kernel/lib/raid6/raid6_pq.ko
  INSTALL /home/mert/Work/omarchy-mac-external-monitor/artifacts/usb4-backport/root/lib/modules/7.1.13-usb4-gpu-test/kernel/lib/ts_kmp.ko
  STRIP   /home/mert/Work/omarchy-mac-external-monitor/artifacts/usb4-backport/root/lib/modules/7.1.13-usb4-gpu-test/kernel/lib/ts_kmp.ko
  INSTALL /home/mert/Work/omarchy-mac-external-monitor/artifacts/usb4-backport/root/lib/modules/7.1.13-usb4-gpu-test/kernel/lib/ts_bm.ko
  STRIP   /home/mert/Work/omarchy-mac-external-monitor/artifacts/usb4-backport/root/lib/modules/7.1.13-usb4-gpu-test/kernel/lib/ts_bm.ko
  INSTALL /home/mert/Work/omarchy-mac-external-monitor/artifacts/usb4-backport/root/lib/modules/7.1.13-usb4-gpu-test/kernel/lib/ts_fsm.ko
  STRIP   /home/mert/Work/omarchy-mac-external-monitor/artifacts/usb4-backport/root/lib/modules/7.1.13-usb4-gpu-test/kernel/lib/ts_fsm.ko
  INSTALL /home/mert/Work/omarchy-mac-external-monitor/artifacts/usb4-backport/root/lib/modules/7.1.13-usb4-gpu-test/kernel/lib/lru_cache.ko
  STRIP   /home/mert/Work/omarchy-mac-external-monitor/artifacts/usb4-backport/root/lib/modules/7.1.13-usb4-gpu-test/kernel/lib/lru_cache.ko
  INSTALL /home/mert/Work/omarchy-mac-external-monitor/artifacts/usb4-backport/root/lib/modules/7.1.13-usb4-gpu-test/kernel/drivers/phy/apple/phy-apple-atc.ko
  STRIP   /home/mert/Work/omarchy-mac-external-monitor/artifacts/usb4-backport/root/lib/modules/7.1.13-usb4-gpu-test/kernel/drivers/phy/apple/phy-apple-atc.ko
  INSTALL /home/mert/Work/omarchy-mac-external-monitor/artifacts/usb4-backport/root/lib/modules/7.1.13-usb4-gpu-test/kernel/drivers/phy/apple/phy-apple-dptx.ko
  STRIP   /home/mert/Work/omarchy-mac-external-monitor/artifacts/usb4-backport/root/lib/modules/7.1.13-usb4-gpu-test/kernel/drivers/phy/apple/phy-apple-dptx.ko
  INSTALL /home/mert/Work/omarchy-mac-external-monitor/artifacts/usb4-backport/root/lib/modules/7.1.13-usb4-gpu-test/kernel/drivers/gpio/gpio-shared-proxy.ko
  STRIP   /home/mert/Work/omarchy-mac-external-monitor/artifacts/usb4-backport/root/lib/modules/7.1.13-usb4-gpu-test/kernel/drivers/gpio/gpio-shared-proxy.ko
  INSTALL /home/mert/Work/omarchy-mac-external-monitor/artifacts/usb4-backport/root/lib/modules/7.1.13-usb4-gpu-test/kernel/drivers/leds/trigger/ledtrig-pattern.ko
  STRIP   /home/mert/Work/omarchy-mac-external-monitor/artifacts/usb4-backport/root/lib/modules/7.1.13-usb4-gpu-test/kernel/drivers/leds/trigger/ledtrig-pattern.ko
  INSTALL /home/mert/Work/omarchy-mac-external-monitor/artifacts/usb4-backport/root/lib/modules/7.1.13-usb4-gpu-test/kernel/drivers/leds/trigger/ledtrig-tty.ko
  STRIP   /home/mert/Work/omarchy-mac-external-monitor/artifacts/usb4-backport/root/lib/modules/7.1.13-usb4-gpu-test/kernel/drivers/leds/trigger/ledtrig-tty.ko
  INSTALL /home/mert/Work/omarchy-mac-external-monitor/artifacts/usb4-backport/root/lib/modules/7.1.13-usb4-gpu-test/kernel/drivers/leds/led-class-flash.ko
  STRIP   /home/mert/Work/omarchy-mac-external-monitor/artifacts/usb4-backport/root/lib/modules/7.1.13-usb4-gpu-test/kernel/drivers/leds/led-class-flash.ko
  INSTALL /home/mert/Work/omarchy-mac-external-monitor/artifacts/usb4-backport/root/lib/modules/7.1.13-usb4-gpu-test/kernel/drivers/leds/led-class-multicolor.ko
  STRIP   /home/mert/Work/omarchy-mac-external-monitor/artifacts/usb4-backport/root/lib/modules/7.1.13-usb4-gpu-test/kernel/drivers/leds/led-class-multicolor.ko
  INSTALL /home/mert/Work/omarchy-mac-external-monitor/artifacts/usb4-backport/root/lib/modules/7.1.13-usb4-gpu-test/kernel/drivers/leds/leds-gpio.ko
  STRIP   /home/mert/Work/omarchy-mac-external-monitor/artifacts/usb4-backport/root/lib/modules/7.1.13-usb4-gpu-test/kernel/drivers/leds/leds-gpio.ko
  INSTALL /home/mert/Work/omarchy-mac-external-monitor/artifacts/usb4-backport/root/lib/modules/7.1.13-usb4-gpu-test/kernel/drivers/leds/uleds.ko
  STRIP   /home/mert/Work/omarchy-mac-external-monitor/artifacts/usb4-backport/root/lib/modules/7.1.13-usb4-gpu-test/kernel/drivers/leds/uleds.ko
  INSTALL /home/mert/Work/omarchy-mac-external-monitor/artifacts/usb4-backport/root/lib/modules/7.1.13-usb4-gpu-test/kernel/drivers/pci/pcie/aer_inject.ko
  STRIP   /home/mert/Work/omarchy-mac-external-monitor/artifacts/usb4-backport/root/lib/modules/7.1.13-usb4-gpu-test/kernel/drivers/pci/pcie/aer_inject.ko
  INSTALL /home/mert/Work/omarchy-mac-external-monitor/artifacts/usb4-backport/root/lib/modules/7.1.13-usb4-gpu-test/kernel/drivers/pci/pci-stub.ko
  STRIP   /home/mert/Work/omarchy-mac-external-monitor/artifacts/usb4-backport/root/lib/modules/7.1.13-usb4-gpu-test/kernel/drivers/pci/pci-stub.ko
  INSTALL /home/mert/Work/omarchy-mac-external-monitor/artifacts/usb4-backport/root/lib/modules/7.1.13-usb4-gpu-test/kernel/drivers/video/backlight/lcd.ko
  STRIP   /home/mert/Work/omarchy-mac-external-monitor/artifacts/usb4-backport/root/lib/modules/7.1.13-usb4-gpu-test/kernel/drivers/video/backlight/lcd.ko
  INSTALL /home/mert/Work/omarchy-mac-external-monitor/artifacts/usb4-backport/root/lib/modules/7.1.13-usb4-gpu-test/kernel/drivers/video/backlight/platform_lcd.ko
  STRIP   /home/mert/Work/omarchy-mac-external-monitor/artifacts/usb4-backport/root/lib/modules/7.1.13-usb4-gpu-test/kernel/drivers/video/backlight/platform_lcd.ko
  INSTALL /home/mert/Work/omarchy-mac-external-monitor/artifacts/usb4-backport/root/lib/modules/7.1.13-usb4-gpu-test/kernel/drivers/video/backlight/gpio_backlight.ko
  STRIP   /home/mert/Work/omarchy-mac-external-monitor/artifacts/usb4-backport/root/lib/modules/7.1.13-usb4-gpu-test/kernel/drivers/video/backlight/gpio_backlight.ko
  INSTALL /home/mert/Work/omarchy-mac-external-monitor/artifacts/usb4-backport/root/lib/modules/7.1.13-usb4-gpu-test/kernel/drivers/video/fbdev/udlfb.ko
  STRIP   /home/mert/Work/omarchy-mac-external-monitor/artifacts/usb4-backport/root/lib/modules/7.1.13-usb4-gpu-test/kernel/drivers/video/fbdev/udlfb.ko
  INSTALL /home/mert/Work/omarchy-mac-external-monitor/artifacts/usb4-backport/root/lib/modules/7.1.13-usb4-gpu-test/kernel/drivers/dma/apple-sio.ko
  STRIP   /home/mert/Work/omarchy-mac-external-monitor/artifacts/usb4-backport/root/lib/modules/7.1.13-usb4-gpu-test/kernel/drivers/dma/apple-sio.ko
  INSTALL /home/mert/Work/omarchy-mac-external-monitor/artifacts/usb4-backport/root/lib/modules/7.1.13-usb4-gpu-test/kernel/drivers/soc/apple/apple-tunable.ko
  STRIP   /home/mert/Work/omarchy-mac-external-monitor/artifacts/usb4-backport/root/lib/modules/7.1.13-usb4-gpu-test/kernel/drivers/soc/apple/apple-tunable.ko
  INSTALL /home/mert/Work/omarchy-mac-external-monitor/artifacts/usb4-backport/root/lib/modules/7.1.13-usb4-gpu-test/kernel/drivers/soc/apple/aop.ko
  STRIP   /home/mert/Work/omarchy-mac-external-monitor/artifacts/usb4-backport/root/lib/modules/7.1.13-usb4-gpu-test/kernel/drivers/soc/apple/aop.ko
  INSTALL /home/mert/Work/omarchy-mac-external-monitor/artifacts/usb4-backport/root/lib/modules/7.1.13-usb4-gpu-test/kernel/drivers/virtio/virtio_pci_modern_dev.ko
  STRIP   /home/mert/Work/omarchy-mac-external-monitor/artifacts/usb4-backport/root/lib/modules/7.1.13-usb4-gpu-test/kernel/drivers/virtio/virtio_pci_modern_dev.ko
  INSTALL /home/mert/Work/omarchy-mac-external-monitor/artifacts/usb4-backport/root/lib/modules/7.1.13-usb4-gpu-test/kernel/drivers/virtio/virtio_pci_legacy_dev.ko
  STRIP   /home/mert/Work/omarchy-mac-external-monitor/artifacts/usb4-backport/root/lib/modules/7.1.13-usb4-gpu-test/kernel/drivers/virtio/virtio_pci_legacy_dev.ko
  INSTALL /home/mert/Work/omarchy-mac-external-monitor/artifacts/usb4-backport/root/lib/modules/7.1.13-usb4-gpu-test/kernel/drivers/virtio/virtio_mmio.ko
  STRIP   /home/mert/Work/omarchy-mac-external-monitor/artifacts/usb4-backport/root/lib/modules/7.1.13-usb4-gpu-test/kernel/drivers/virtio/virtio_mmio.ko
  INSTALL /home/mert/Work/omarchy-mac-external-monitor/artifacts/usb4-backport/root/lib/modules/7.1.13-usb4-gpu-test/kernel/drivers/virtio/virtio_pci.ko
  STRIP   /home/mert/Work/omarchy-mac-external-monitor/artifacts/usb4-backport/root/lib/modules/7.1.13-usb4-gpu-test/kernel/drivers/virtio/virtio_pci.ko
  INSTALL /home/mert/Work/omarchy-mac-external-monitor/artifacts/usb4-backport/root/lib/modules/7.1.13-usb4-gpu-test/kernel/drivers/virtio/virtio_balloon.ko
  STRIP   /home/mert/Work/omarchy-mac-external-monitor/artifacts/usb4-backport/root/lib/modules/7.1.13-usb4-gpu-test/kernel/drivers/virtio/virtio_balloon.ko
  INSTALL /home/mert/Work/omarchy-mac-external-monitor/artifacts/usb4-backport/root/lib/modules/7.1.13-usb4-gpu-test/kernel/drivers/virtio/virtio_input.ko
  STRIP   /home/mert/Work/omarchy-mac-external-monitor/artifacts/usb4-backport/root/lib/modules/7.1.13-usb4-gpu-test/kernel/drivers/virtio/virtio_input.ko
  INSTALL /home/mert/Work/omarchy-mac-external-monitor/artifacts/usb4-backport/root/lib/modules/7.1.13-usb4-gpu-test/kernel/drivers/virtio/virtio_dma_buf.ko
  STRIP   /home/mert/Work/omarchy-mac-external-monitor/artifacts/usb4-backport/root/lib/modules/7.1.13-usb4-gpu-test/kernel/drivers/virtio/virtio_dma_buf.ko
  INSTALL /home/mert/Work/omarchy-mac-external-monitor/artifacts/usb4-backport/root/lib/modules/7.1.13-usb4-gpu-test/kernel/drivers/tty/nozomi.ko
  STRIP   /home/mert/Work/omarchy-mac-external-monitor/artifacts/usb4-backport/root/lib/modules/7.1.13-usb4-gpu-test/kernel/drivers/tty/nozomi.ko
  INSTALL /home/mert/Work/omarchy-mac-external-monitor/artifacts/usb4-backport/root/lib/modules/7.1.13-usb4-gpu-test/kernel/drivers/char/hw_random/virtio-rng.ko
  STRIP   /home/mert/Work/omarchy-mac-external-monitor/artifacts/usb4-backport/root/lib/modules/7.1.13-usb4-gpu-test/kernel/drivers/char/hw_random/virtio-rng.ko
  INSTALL /home/mert/Work/omarchy-mac-external-monitor/artifacts/usb4-backport/root/lib/modules/7.1.13-usb4-gpu-test/kernel/drivers/gpu/drm/display/drm_display_helper.ko
  STRIP   /home/mert/Work/omarchy-mac-external-monitor/artifacts/usb4-backport/root/lib/modules/7.1.13-usb4-gpu-test/kernel/drivers/gpu/drm/display/drm_display_helper.ko
  INSTALL /home/mert/Work/omarchy-mac-external-monitor/artifacts/usb4-backport/root/lib/modules/7.1.13-usb4-gpu-test/kernel/drivers/gpu/drm/panel/panel-simple.ko
  STRIP   /home/mert/Work/omarchy-mac-external-monitor/artifacts/usb4-backport/root/lib/modules/7.1.13-usb4-gpu-test/kernel/drivers/gpu/drm/panel/panel-simple.ko
  INSTALL /home/mert/Work/omarchy-mac-external-monitor/artifacts/usb4-backport/root/lib/modules/7.1.13-usb4-gpu-test/kernel/drivers/gpu/drm/panel/panel-summit.ko
  STRIP   /home/mert/Work/omarchy-mac-external-monitor/artifacts/usb4-backport/root/lib/modules/7.1.13-usb4-gpu-test/kernel/drivers/gpu/drm/panel/panel-summit.ko
  INSTALL /home/mert/Work/omarchy-mac-external-monitor/artifacts/usb4-backport/root/lib/modules/7.1.13-usb4-gpu-test/kernel/drivers/gpu/drm/drm_dma_helper.ko
  STRIP   /home/mert/Work/omarchy-mac-external-monitor/artifacts/usb4-backport/root/lib/modules/7.1.13-usb4-gpu-test/kernel/drivers/gpu/drm/drm_dma_helper.ko
  INSTALL /home/mert/Work/omarchy-mac-external-monitor/artifacts/usb4-backport/root/lib/modules/7.1.13-usb4-gpu-test/kernel/drivers/gpu/drm/virtio/virtio-gpu.ko
  STRIP   /home/mert/Work/omarchy-mac-external-monitor/artifacts/usb4-backport/root/lib/modules/7.1.13-usb4-gpu-test/kernel/drivers/gpu/drm/virtio/virtio-gpu.ko
  INSTALL /home/mert/Work/omarchy-mac-external-monitor/artifacts/usb4-backport/root/lib/modules/7.1.13-usb4-gpu-test/kernel/drivers/gpu/drm/adp/adpdrm.ko
  STRIP   /home/mert/Work/omarchy-mac-external-monitor/artifacts/usb4-backport/root/lib/modules/7.1.13-usb4-gpu-test/kernel/drivers/gpu/drm/adp/adpdrm.ko
  INSTALL /home/mert/Work/omarchy-mac-external-monitor/artifacts/usb4-backport/root/lib/modules/7.1.13-usb4-gpu-test/kernel/drivers/gpu/drm/adp/adpdrm-mipi.ko
  STRIP   /home/mert/Work/omarchy-mac-external-monitor/artifacts/usb4-backport/root/lib/modules/7.1.13-usb4-gpu-test/kernel/drivers/gpu/drm/adp/adpdrm-mipi.ko
  INSTALL /home/mert/Work/omarchy-mac-external-monitor/artifacts/usb4-backport/root/lib/modules/7.1.13-usb4-gpu-test/kernel/drivers/gpu/drm/apple/appledrm.ko
  STRIP   /home/mert/Work/omarchy-mac-external-monitor/artifacts/usb4-backport/root/lib/modules/7.1.13-usb4-gpu-test/kernel/drivers/gpu/drm/apple/appledrm.ko
  INSTALL /home/mert/Work/omarchy-mac-external-monitor/artifacts/usb4-backport/root/lib/modules/7.1.13-usb4-gpu-test/kernel/drivers/block/brd.ko
  STRIP   /home/mert/Work/omarchy-mac-external-monitor/artifacts/usb4-backport/root/lib/modules/7.1.13-usb4-gpu-test/kernel/drivers/block/brd.ko
  INSTALL /home/mert/Work/omarchy-mac-external-monitor/artifacts/usb4-backport/root/lib/modules/7.1.13-usb4-gpu-test/kernel/drivers/block/loop.ko
  STRIP   /home/mert/Work/omarchy-mac-external-monitor/artifacts/usb4-backport/root/lib/modules/7.1.13-usb4-gpu-test/kernel/drivers/block/loop.ko
  INSTALL /home/mert/Work/omarchy-mac-external-monitor/artifacts/usb4-backport/root/lib/modules/7.1.13-usb4-gpu-test/kernel/drivers/block/nbd.ko
  STRIP   /home/mert/Work/omarchy-mac-external-monitor/artifacts/usb4-backport/root/lib/modules/7.1.13-usb4-gpu-test/kernel/drivers/block/nbd.ko
  INSTALL /home/mert/Work/omarchy-mac-external-monitor/artifacts/usb4-backport/root/lib/modules/7.1.13-usb4-gpu-test/kernel/drivers/block/drbd/drbd.ko
  STRIP   /home/mert/Work/omarchy-mac-external-monitor/artifacts/usb4-backport/root/lib/modules/7.1.13-usb4-gpu-test/kernel/drivers/block/drbd/drbd.ko
  INSTALL /home/mert/Work/omarchy-mac-external-monitor/artifacts/usb4-backport/root/lib/modules/7.1.13-usb4-gpu-test/kernel/drivers/block/rbd.ko
  STRIP   /home/mert/Work/omarchy-mac-external-monitor/artifacts/usb4-backport/root/lib/modules/7.1.13-usb4-gpu-test/kernel/drivers/block/rbd.ko
  INSTALL /home/mert/Work/omarchy-mac-external-monitor/artifacts/usb4-backport/root/lib/modules/7.1.13-usb4-gpu-test/kernel/drivers/block/zram/zram.ko
  STRIP   /home/mert/Work/omarchy-mac-external-monitor/artifacts/usb4-backport/root/lib/modules/7.1.13-usb4-gpu-test/kernel/drivers/block/zram/zram.ko
  INSTALL /home/mert/Work/omarchy-mac-external-monitor/artifacts/usb4-backport/root/lib/modules/7.1.13-usb4-gpu-test/kernel/drivers/block/null_blk/null_blk.ko
  STRIP   /home/mert/Work/omarchy-mac-external-monitor/artifacts/usb4-backport/root/lib/modules/7.1.13-usb4-gpu-test/kernel/drivers/block/null_blk/null_blk.ko
  INSTALL /home/mert/Work/omarchy-mac-external-monitor/artifacts/usb4-backport/root/lib/modules/7.1.13-usb4-gpu-test/kernel/drivers/misc/eeprom/at24.ko
  STRIP   /home/mert/Work/omarchy-mac-external-monitor/artifacts/usb4-backport/root/lib/modules/7.1.13-usb4-gpu-test/kernel/drivers/misc/eeprom/at24.ko
  INSTALL /home/mert/Work/omarchy-mac-external-monitor/artifacts/usb4-backport/root/lib/modules/7.1.13-usb4-gpu-test/kernel/drivers/misc/eeprom/eeprom_93cx6.ko
  STRIP   /home/mert/Work/omarchy-mac-external-monitor/artifacts/usb4-backport/root/lib/modules/7.1.13-usb4-gpu-test/kernel/drivers/misc/eeprom/eeprom_93cx6.ko
  INSTALL /home/mert/Work/omarchy-mac-external-monitor/artifacts/usb4-backport/root/lib/modules/7.1.13-usb4-gpu-test/kernel/drivers/misc/enclosure.ko
  STRIP   /home/mert/Work/omarchy-mac-external-monitor/artifacts/usb4-backport/root/lib/modules/7.1.13-usb4-gpu-test/kernel/drivers/misc/enclosure.ko
  INSTALL /home/mert/Work/omarchy-mac-external-monitor/artifacts/usb4-backport/root/lib/modules/7.1.13-usb4-gpu-test/kernel/drivers/misc/uacce/uacce.ko
  STRIP   /home/mert/Work/omarchy-mac-external-monitor/artifacts/usb4-backport/root/lib/modules/7.1.13-usb4-gpu-test/kernel/drivers/misc/uacce/uacce.ko
  INSTALL /home/mert/Work/omarchy-mac-external-monitor/artifacts/usb4-backport/root/lib/modules/7.1.13-usb4-gpu-test/kernel/drivers/nfc/pn544/pn544.ko
  STRIP   /home/mert/Work/omarchy-mac-external-monitor/artifacts/usb4-backport/root/lib/modules/7.1.13-usb4-gpu-test/kernel/drivers/nfc/pn544/pn544.ko
  INSTALL /home/mert/Work/omarchy-mac-external-monitor/artifacts/usb4-backport/root/lib/modules/7.1.13-usb4-gpu-test/kernel/drivers/nfc/pn544/pn544_i2c.ko
  STRIP   /home/mert/Work/omarchy-mac-external-monitor/artifacts/usb4-backport/root/lib/modules/7.1.13-usb4-gpu-test/kernel/drivers/nfc/pn544/pn544_i2c.ko
  INSTALL /home/mert/Work/omarchy-mac-external-monitor/artifacts/usb4-backport/root/lib/modules/7.1.13-usb4-gpu-test/kernel/drivers/nfc/microread/microread.ko
  STRIP   /home/mert/Work/omarchy-mac-external-monitor/artifacts/usb4-backport/root/lib/modules/7.1.13-usb4-gpu-test/kernel/drivers/nfc/microread/microread.ko
  INSTALL /home/mert/Work/omarchy-mac-external-monitor/artifacts/usb4-backport/root/lib/modules/7.1.13-usb4-gpu-test/kernel/drivers/nfc/microread/microread_i2c.ko
  STRIP   /home/mert/Work/omarchy-mac-external-monitor/artifacts/usb4-backport/root/lib/modules/7.1.13-usb4-gpu-test/kernel/drivers/nfc/microread/microread_i2c.ko
  INSTALL /home/mert/Work/omarchy-mac-external-monitor/artifacts/usb4-backport/root/lib/modules/7.1.13-usb4-gpu-test/kernel/drivers/nfc/nfcsim.ko
  STRIP   /home/mert/Work/omarchy-mac-external-monitor/artifacts/usb4-backport/root/lib/modules/7.1.13-usb4-gpu-test/kernel/drivers/nfc/nfcsim.ko
  INSTALL /home/mert/Work/omarchy-mac-external-monitor/artifacts/usb4-backport/root/lib/modules/7.1.13-usb4-gpu-test/kernel/drivers/nfc/port100.ko
  STRIP   /home/mert/Work/omarchy-mac-external-monitor/artifacts/usb4-backport/root/lib/modules/7.1.13-usb4-gpu-test/kernel/drivers/nfc/port100.ko
  INSTALL /home/mert/Work/omarchy-mac-external-monitor/artifacts/usb4-backport/root/lib/modules/7.1.13-usb4-gpu-test/kernel/drivers/nfc/nfcmrvl/nfcmrvl.ko
  STRIP   /home/mert/Work/omarchy-mac-external-monitor/artifacts/usb4-backport/root/lib/modules/7.1.13-usb4-gpu-test/kernel/drivers/nfc/nfcmrvl/nfcmrvl.ko
  INSTALL /home/mert/Work/omarchy-mac-external-monitor/artifacts/usb4-backport/root/lib/modules/7.1.13-usb4-gpu-test/kernel/drivers/nfc/nfcmrvl/nfcmrvl_usb.ko
  STRIP   /home/mert/Work/omarchy-mac-external-monitor/artifacts/usb4-backport/root/lib/modules/7.1.13-usb4-gpu-test/kernel/drivers/nfc/nfcmrvl/nfcmrvl_usb.ko
  INSTALL /home/mert/Work/omarchy-mac-external-monitor/artifacts/usb4-backport/root/lib/modules/7.1.13-usb4-gpu-test/kernel/drivers/nfc/st21nfca/st21nfca_hci.ko
  STRIP   /home/mert/Work/omarchy-mac-external-monitor/artifacts/usb4-backport/root/lib/modules/7.1.13-usb4-gpu-test/kernel/drivers/nfc/st21nfca/st21nfca_hci.ko
  INSTALL /home/mert/Work/omarchy-mac-external-monitor/artifacts/usb4-backport/root/lib/modules/7.1.13-usb4-gpu-test/kernel/drivers/nfc/st21nfca/st21nfca_i2c.ko
  STRIP   /home/mert/Work/omarchy-mac-external-monitor/artifacts/usb4-backport/root/lib/modules/7.1.13-usb4-gpu-test/kernel/drivers/nfc/st21nfca/st21nfca_i2c.ko
  INSTALL /home/mert/Work/omarchy-mac-external-monitor/artifacts/usb4-backport/root/lib/modules/7.1.13-usb4-gpu-test/kernel/drivers/nfc/s3fwrn5/s3fwrn5.ko
  STRIP   /home/mert/Work/omarchy-mac-external-monitor/artifacts/usb4-backport/root/lib/modules/7.1.13-usb4-gpu-test/kernel/drivers/nfc/s3fwrn5/s3fwrn5.ko
  INSTALL /home/mert/Work/omarchy-mac-external-monitor/artifacts/usb4-backport/root/lib/modules/7.1.13-usb4-gpu-test/kernel/drivers/nfc/s3fwrn5/s3fwrn5_i2c.ko
  STRIP   /home/mert/Work/omarchy-mac-external-monitor/artifacts/usb4-backport/root/lib/modules/7.1.13-usb4-gpu-test/kernel/drivers/nfc/s3fwrn5/s3fwrn5_i2c.ko
  INSTALL /home/mert/Work/omarchy-mac-external-monitor/artifacts/usb4-backport/root/lib/modules/7.1.13-usb4-gpu-test/kernel/drivers/scsi/device_handler/scsi_dh_rdac.ko
  STRIP   /home/mert/Work/omarchy-mac-external-monitor/artifacts/usb4-backport/root/lib/modules/7.1.13-usb4-gpu-test/kernel/drivers/scsi/device_handler/scsi_dh_rdac.ko
  INSTALL /home/mert/Work/omarchy-mac-external-monitor/artifacts/usb4-backport/root/lib/modules/7.1.13-usb4-gpu-test/kernel/drivers/scsi/device_handler/scsi_dh_hp_sw.ko
  STRIP   /home/mert/Work/omarchy-mac-external-monitor/artifacts/usb4-backport/root/lib/modules/7.1.13-usb4-gpu-test/kernel/drivers/scsi/device_handler/scsi_dh_hp_sw.ko
  INSTALL /home/mert/Work/omarchy-mac-external-monitor/artifacts/usb4-backport/root/lib/modules/7.1.13-usb4-gpu-test/kernel/drivers/scsi/device_handler/scsi_dh_emc.ko
  STRIP   /home/mert/Work/omarchy-mac-external-monitor/artifacts/usb4-backport/root/lib/modules/7.1.13-usb4-gpu-test/kernel/drivers/scsi/device_handler/scsi_dh_emc.ko
  INSTALL /home/mert/Work/omarchy-mac-external-monitor/artifacts/usb4-backport/root/lib/modules/7.1.13-usb4-gpu-test/kernel/drivers/scsi/device_handler/scsi_dh_alua.ko
  STRIP   /home/mert/Work/omarchy-mac-external-monitor/artifacts/usb4-backport/root/lib/modules/7.1.13-usb4-gpu-test/kernel/drivers/scsi/device_handler/scsi_dh_alua.ko
  INSTALL /home/mert/Work/omarchy-mac-external-monitor/artifacts/usb4-backport/root/lib/modules/7.1.13-usb4-gpu-test/kernel/drivers/scsi/raid_class.ko
  STRIP   /home/mert/Work/omarchy-mac-external-monitor/artifacts/usb4-backport/root/lib/modules/7.1.13-usb4-gpu-test/kernel/drivers/scsi/raid_class.ko
  INSTALL /home/mert/Work/omarchy-mac-external-monitor/artifacts/usb4-backport/root/lib/modules/7.1.13-usb4-gpu-test/kernel/drivers/scsi/scsi_transport_spi.ko
  STRIP   /home/mert/Work/omarchy-mac-external-monitor/artifacts/usb4-backport/root/lib/modules/7.1.13-usb4-gpu-test/kernel/drivers/scsi/scsi_transport_spi.ko
  INSTALL /home/mert/Work/omarchy-mac-external-monitor/artifacts/usb4-backport/root/lib/modules/7.1.13-usb4-gpu-test/kernel/drivers/scsi/scsi_transport_fc.ko
  STRIP   /home/mert/Work/omarchy-mac-external-monitor/artifacts/usb4-backport/root/lib/modules/7.1.13-usb4-gpu-test/kernel/drivers/scsi/scsi_transport_fc.ko
  INSTALL /home/mert/Work/omarchy-mac-external-monitor/artifacts/usb4-backport/root/lib/modules/7.1.13-usb4-gpu-test/kernel/drivers/scsi/scsi_transport_iscsi.ko
  STRIP   /home/mert/Work/omarchy-mac-external-monitor/artifacts/usb4-backport/root/lib/modules/7.1.13-usb4-gpu-test/kernel/drivers/scsi/scsi_transport_iscsi.ko
  INSTALL /home/mert/Work/omarchy-mac-external-monitor/artifacts/usb4-backport/root/lib/modules/7.1.13-usb4-gpu-test/kernel/drivers/scsi/scsi_transport_sas.ko
  STRIP   /home/mert/Work/omarchy-mac-external-monitor/artifacts/usb4-backport/root/lib/modules/7.1.13-usb4-gpu-test/kernel/drivers/scsi/scsi_transport_sas.ko
  INSTALL /home/mert/Work/omarchy-mac-external-monitor/artifacts/usb4-backport/root/lib/modules/7.1.13-usb4-gpu-test/kernel/drivers/scsi/libsas/libsas.ko
  STRIP   /home/mert/Work/omarchy-mac-external-monitor/artifacts/usb4-backport/root/lib/modules/7.1.13-usb4-gpu-test/kernel/drivers/scsi/libsas/libsas.ko
  INSTALL /home/mert/Work/omarchy-mac-external-monitor/artifacts/usb4-backport/root/lib/modules/7.1.13-usb4-gpu-test/kernel/drivers/scsi/scsi_transport_srp.ko
  STRIP   /home/mert/Work/omarchy-mac-external-monitor/artifacts/usb4-backport/root/lib/modules/7.1.13-usb4-gpu-test/kernel/drivers/scsi/scsi_transport_srp.ko
  INSTALL /home/mert/Work/omarchy-mac-external-monitor/artifacts/usb4-backport/root/lib/modules/7.1.13-usb4-gpu-test/kernel/drivers/scsi/libiscsi.ko
  STRIP   /home/mert/Work/omarchy-mac-external-monitor/artifacts/usb4-backport/root/lib/modules/7.1.13-usb4-gpu-test/kernel/drivers/scsi/libiscsi.ko
  INSTALL /home/mert/Work/omarchy-mac-external-monitor/artifacts/usb4-backport/root/lib/modules/7.1.13-usb4-gpu-test/kernel/drivers/scsi/libiscsi_tcp.ko
  STRIP   /home/mert/Work/omarchy-mac-external-monitor/artifacts/usb4-backport/root/lib/modules/7.1.13-usb4-gpu-test/kernel/drivers/scsi/libiscsi_tcp.ko
  INSTALL /home/mert/Work/omarchy-mac-external-monitor/artifacts/usb4-backport/root/lib/modules/7.1.13-usb4-gpu-test/kernel/drivers/scsi/iscsi_tcp.ko
  STRIP   /home/mert/Work/omarchy-mac-external-monitor/artifacts/usb4-backport/root/lib/modules/7.1.13-usb4-gpu-test/kernel/drivers/scsi/iscsi_tcp.ko
  INSTALL /home/mert/Work/omarchy-mac-external-monitor/artifacts/usb4-backport/root/lib/modules/7.1.13-usb4-gpu-test/kernel/drivers/scsi/iscsi_boot_sysfs.ko
  STRIP   /home/mert/Work/omarchy-mac-external-monitor/artifacts/usb4-backport/root/lib/modules/7.1.13-usb4-gpu-test/kernel/drivers/scsi/iscsi_boot_sysfs.ko
  INSTALL /home/mert/Work/omarchy-mac-external-monitor/artifacts/usb4-backport/root/lib/modules/7.1.13-usb4-gpu-test/kernel/drivers/scsi/st.ko
  STRIP   /home/mert/Work/omarchy-mac-external-monitor/artifacts/usb4-backport/root/lib/modules/7.1.13-usb4-gpu-test/kernel/drivers/scsi/st.ko
  INSTALL /home/mert/Work/omarchy-mac-external-monitor/artifacts/usb4-backport/root/lib/modules/7.1.13-usb4-gpu-test/kernel/drivers/scsi/ch.ko
  STRIP   /home/mert/Work/omarchy-mac-external-monitor/artifacts/usb4-backport/root/lib/modules/7.1.13-usb4-gpu-test/kernel/drivers/scsi/ch.ko
  INSTALL /home/mert/Work/omarchy-mac-external-monitor/artifacts/usb4-backport/root/lib/modules/7.1.13-usb4-gpu-test/kernel/drivers/scsi/ses.ko
  STRIP   /home/mert/Work/omarchy-mac-external-monitor/artifacts/usb4-backport/root/lib/modules/7.1.13-usb4-gpu-test/kernel/drivers/scsi/ses.ko
  INSTALL /home/mert/Work/omarchy-mac-external-monitor/artifacts/usb4-backport/root/lib/modules/7.1.13-usb4-gpu-test/kernel/drivers/mtd/parsers/ofpart.ko
  STRIP   /home/mert/Work/omarchy-mac-external-monitor/artifacts/usb4-backport/root/lib/modules/7.1.13-usb4-gpu-test/kernel/drivers/mtd/parsers/ofpart.ko
  INSTALL /home/mert/Work/omarchy-mac-external-monitor/artifacts/usb4-backport/root/lib/modules/7.1.13-usb4-gpu-test/kernel/drivers/mtd/chips/cfi_probe.ko
  STRIP   /home/mert/Work/omarchy-mac-external-monitor/artifacts/usb4-backport/root/lib/modules/7.1.13-usb4-gpu-test/kernel/drivers/mtd/chips/cfi_probe.ko
  INSTALL /home/mert/Work/omarchy-mac-external-monitor/artifacts/usb4-backport/root/lib/modules/7.1.13-usb4-gpu-test/kernel/drivers/mtd/chips/cfi_util.ko
  STRIP   /home/mert/Work/omarchy-mac-external-monitor/artifacts/usb4-backport/root/lib/modules/7.1.13-usb4-gpu-test/kernel/drivers/mtd/chips/cfi_util.ko
  INSTALL /home/mert/Work/omarchy-mac-external-monitor/artifacts/usb4-backport/root/lib/modules/7.1.13-usb4-gpu-test/kernel/drivers/mtd/chips/cfi_cmdset_0020.ko
  STRIP   /home/mert/Work/omarchy-mac-external-monitor/artifacts/usb4-backport/root/lib/modules/7.1.13-usb4-gpu-test/kernel/drivers/mtd/chips/cfi_cmdset_0020.ko
  INSTALL /home/mert/Work/omarchy-mac-external-monitor/artifacts/usb4-backport/root/lib/modules/7.1.13-usb4-gpu-test/kernel/drivers/mtd/chips/cfi_cmdset_0002.ko
  STRIP   /home/mert/Work/omarchy-mac-external-monitor/artifacts/usb4-backport/root/lib/modules/7.1.13-usb4-gpu-test/kernel/drivers/mtd/chips/cfi_cmdset_0002.ko
  INSTALL /home/mert/Work/omarchy-mac-external-monitor/artifacts/usb4-backport/root/lib/modules/7.1.13-usb4-gpu-test/kernel/drivers/mtd/chips/cfi_cmdset_0001.ko
  STRIP   /home/mert/Work/omarchy-mac-external-monitor/artifacts/usb4-backport/root/lib/modules/7.1.13-usb4-gpu-test/kernel/drivers/mtd/chips/cfi_cmdset_0001.ko
  INSTALL /home/mert/Work/omarchy-mac-external-monitor/artifacts/usb4-backport/root/lib/modules/7.1.13-usb4-gpu-test/kernel/drivers/mtd/chips/gen_probe.ko
  STRIP   /home/mert/Work/omarchy-mac-external-monitor/artifacts/usb4-backport/root/lib/modules/7.1.13-usb4-gpu-test/kernel/drivers/mtd/chips/gen_probe.ko
  INSTALL /home/mert/Work/omarchy-mac-external-monitor/artifacts/usb4-backport/root/lib/modules/7.1.13-usb4-gpu-test/kernel/drivers/mtd/mtd_blkdevs.ko
  STRIP   /home/mert/Work/omarchy-mac-external-monitor/artifacts/usb4-backport/root/lib/modules/7.1.13-usb4-gpu-test/kernel/drivers/mtd/mtd_blkdevs.ko
  INSTALL /home/mert/Work/omarchy-mac-external-monitor/artifacts/usb4-backport/root/lib/modules/7.1.13-usb4-gpu-test/kernel/drivers/mtd/mtdblock.ko
  STRIP   /home/mert/Work/omarchy-mac-external-monitor/artifacts/usb4-backport/root/lib/modules/7.1.13-usb4-gpu-test/kernel/drivers/mtd/mtdblock.ko
  INSTALL /home/mert/Work/omarchy-mac-external-monitor/artifacts/usb4-backport/root/lib/modules/7.1.13-usb4-gpu-test/kernel/drivers/mtd/spi-nor/spi-nor.ko
  STRIP   /home/mert/Work/omarchy-mac-external-monitor/artifacts/usb4-backport/root/lib/modules/7.1.13-usb4-gpu-test/kernel/drivers/mtd/spi-nor/spi-nor.ko
  INSTALL /home/mert/Work/omarchy-mac-external-monitor/artifacts/usb4-backport/root/lib/modules/7.1.13-usb4-gpu-test/kernel/drivers/spi/spidev.ko
  STRIP   /home/mert/Work/omarchy-mac-external-monitor/artifacts/usb4-backport/root/lib/modules/7.1.13-usb4-gpu-test/kernel/drivers/spi/spidev.ko
  INSTALL /home/mert/Work/omarchy-mac-external-monitor/artifacts/usb4-backport/root/lib/modules/7.1.13-usb4-gpu-test/kernel/drivers/spi/spi-virtio.ko
  STRIP   /home/mert/Work/omarchy-mac-external-monitor/artifacts/usb4-backport/root/lib/modules/7.1.13-usb4-gpu-test/kernel/drivers/spi/spi-virtio.ko
  INSTALL /home/mert/Work/omarchy-mac-external-monitor/artifacts/usb4-backport/root/lib/modules/7.1.13-usb4-gpu-test/kernel/drivers/net/phy/phylink.ko
  STRIP   /home/mert/Work/omarchy-mac-external-monitor/artifacts/usb4-backport/root/lib/modules/7.1.13-usb4-gpu-test/kernel/drivers/net/phy/phylink.ko
  INSTALL /home/mert/Work/omarchy-mac-external-monitor/artifacts/usb4-backport/root/lib/modules/7.1.13-usb4-gpu-test/kernel/drivers/net/phy/sfp.ko
  STRIP   /home/mert/Work/omarchy-mac-external-monitor/artifacts/usb4-backport/root/lib/modules/7.1.13-usb4-gpu-test/kernel/drivers/net/phy/sfp.ko
  INSTALL /home/mert/Work/omarchy-mac-external-monitor/artifacts/usb4-backport/root/lib/modules/7.1.13-usb4-gpu-test/kernel/drivers/net/phy/amd.ko
  STRIP   /home/mert/Work/omarchy-mac-external-monitor/artifacts/usb4-backport/root/lib/modules/7.1.13-usb4-gpu-test/kernel/drivers/net/phy/amd.ko
  INSTALL /home/mert/Work/omarchy-mac-external-monitor/artifacts/usb4-backport/root/lib/modules/7.1.13-usb4-gpu-test/kernel/drivers/net/phy/ax88796b.ko
  STRIP   /home/mert/Work/omarchy-mac-external-monitor/artifacts/usb4-backport/root/lib/modules/7.1.13-usb4-gpu-test/kernel/drivers/net/phy/ax88796b.ko
  INSTALL /home/mert/Work/omarchy-mac-external-monitor/artifacts/usb4-backport/root/lib/modules/7.1.13-usb4-gpu-test/kernel/drivers/net/phy/bcm54140.ko
  STRIP   /home/mert/Work/omarchy-mac-external-monitor/artifacts/usb4-backport/root/lib/modules/7.1.13-usb4-gpu-test/kernel/drivers/net/phy/bcm54140.ko
  INSTALL /home/mert/Work/omarchy-mac-external-monitor/artifacts/usb4-backport/root/lib/modules/7.1.13-usb4-gpu-test/kernel/drivers/net/phy/bcm7xxx.ko
  STRIP   /home/mert/Work/omarchy-mac-external-monitor/artifacts/usb4-backport/root/lib/modules/7.1.13-usb4-gpu-test/kernel/drivers/net/phy/bcm7xxx.ko
  INSTALL /home/mert/Work/omarchy-mac-external-monitor/artifacts/usb4-backport/root/lib/modules/7.1.13-usb4-gpu-test/kernel/drivers/net/phy/bcm87xx.ko
  STRIP   /home/mert/Work/omarchy-mac-external-monitor/artifacts/usb4-backport/root/lib/modules/7.1.13-usb4-gpu-test/kernel/drivers/net/phy/bcm87xx.ko
  INSTALL /home/mert/Work/omarchy-mac-external-monitor/artifacts/usb4-backport/root/lib/modules/7.1.13-usb4-gpu-test/kernel/drivers/net/phy/bcm-phy-lib.ko
  STRIP   /home/mert/Work/omarchy-mac-external-monitor/artifacts/usb4-backport/root/lib/modules/7.1.13-usb4-gpu-test/kernel/drivers/net/phy/bcm-phy-lib.ko
  INSTALL /home/mert/Work/omarchy-mac-external-monitor/artifacts/usb4-backport/root/lib/modules/7.1.13-usb4-gpu-test/kernel/drivers/net/phy/bcm-phy-ptp.ko
  STRIP   /home/mert/Work/omarchy-mac-external-monitor/artifacts/usb4-backport/root/lib/modules/7.1.13-usb4-gpu-test/kernel/drivers/net/phy/bcm-phy-ptp.ko
  INSTALL /home/mert/Work/omarchy-mac-external-monitor/artifacts/usb4-backport/root/lib/modules/7.1.13-usb4-gpu-test/kernel/drivers/net/phy/broadcom.ko
  STRIP   /home/mert/Work/omarchy-mac-external-monitor/artifacts/usb4-backport/root/lib/modules/7.1.13-usb4-gpu-test/kernel/drivers/net/phy/broadcom.ko
  INSTALL /home/mert/Work/omarchy-mac-external-monitor/artifacts/usb4-backport/root/lib/modules/7.1.13-usb4-gpu-test/kernel/drivers/net/phy/cicada.ko
  STRIP   /home/mert/Work/omarchy-mac-external-monitor/artifacts/usb4-backport/root/lib/modules/7.1.13-usb4-gpu-test/kernel/drivers/net/phy/cicada.ko
  INSTALL /home/mert/Work/omarchy-mac-external-monitor/artifacts/usb4-backport/root/lib/modules/7.1.13-usb4-gpu-test/kernel/drivers/net/phy/davicom.ko
  STRIP   /home/mert/Work/omarchy-mac-external-monitor/artifacts/usb4-backport/root/lib/modules/7.1.13-usb4-gpu-test/kernel/drivers/net/phy/davicom.ko
  INSTALL /home/mert/Work/omarchy-mac-external-monitor/artifacts/usb4-backport/root/lib/modules/7.1.13-usb4-gpu-test/kernel/drivers/net/phy/dp83848.ko
  STRIP   /home/mert/Work/omarchy-mac-external-monitor/artifacts/usb4-backport/root/lib/modules/7.1.13-usb4-gpu-test/kernel/drivers/net/phy/dp83848.ko
  INSTALL /home/mert/Work/omarchy-mac-external-monitor/artifacts/usb4-backport/root/lib/modules/7.1.13-usb4-gpu-test/kernel/drivers/net/phy/dp83867.ko
  STRIP   /home/mert/Work/omarchy-mac-external-monitor/artifacts/usb4-backport/root/lib/modules/7.1.13-usb4-gpu-test/kernel/drivers/net/phy/dp83867.ko
  INSTALL /home/mert/Work/omarchy-mac-external-monitor/artifacts/usb4-backport/root/lib/modules/7.1.13-usb4-gpu-test/kernel/drivers/net/phy/icplus.ko
  STRIP   /home/mert/Work/omarchy-mac-external-monitor/artifacts/usb4-backport/root/lib/modules/7.1.13-usb4-gpu-test/kernel/drivers/net/phy/icplus.ko
  INSTALL /home/mert/Work/omarchy-mac-external-monitor/artifacts/usb4-backport/root/lib/modules/7.1.13-usb4-gpu-test/kernel/drivers/net/phy/et1011c.ko
  STRIP   /home/mert/Work/omarchy-mac-external-monitor/artifacts/usb4-backport/root/lib/modules/7.1.13-usb4-gpu-test/kernel/drivers/net/phy/et1011c.ko
  INSTALL /home/mert/Work/omarchy-mac-external-monitor/artifacts/usb4-backport/root/lib/modules/7.1.13-usb4-gpu-test/kernel/drivers/net/phy/lxt.ko
  STRIP   /home/mert/Work/omarchy-mac-external-monitor/artifacts/usb4-backport/root/lib/modules/7.1.13-usb4-gpu-test/kernel/drivers/net/phy/lxt.ko
  INSTALL /home/mert/Work/omarchy-mac-external-monitor/artifacts/usb4-backport/root/lib/modules/7.1.13-usb4-gpu-test/kernel/drivers/net/phy/marvell10g.ko
  STRIP   /home/mert/Work/omarchy-mac-external-monitor/artifacts/usb4-backport/root/lib/modules/7.1.13-usb4-gpu-test/kernel/drivers/net/phy/marvell10g.ko
  INSTALL /home/mert/Work/omarchy-mac-external-monitor/artifacts/usb4-backport/root/lib/modules/7.1.13-usb4-gpu-test/kernel/drivers/net/phy/marvell.ko
  STRIP   /home/mert/Work/omarchy-mac-external-monitor/artifacts/usb4-backport/root/lib/modules/7.1.13-usb4-gpu-test/kernel/drivers/net/phy/marvell.ko
  INSTALL /home/mert/Work/omarchy-mac-external-monitor/artifacts/usb4-backport/root/lib/modules/7.1.13-usb4-gpu-test/kernel/drivers/net/phy/micrel.ko
  STRIP   /home/mert/Work/omarchy-mac-external-monitor/artifacts/usb4-backport/root/lib/modules/7.1.13-usb4-gpu-test/kernel/drivers/net/phy/micrel.ko
  INSTALL /home/mert/Work/omarchy-mac-external-monitor/artifacts/usb4-backport/root/lib/modules/7.1.13-usb4-gpu-test/kernel/drivers/net/phy/microchip.ko
  STRIP   /home/mert/Work/omarchy-mac-external-monitor/artifacts/usb4-backport/root/lib/modules/7.1.13-usb4-gpu-test/kernel/drivers/net/phy/microchip.ko
  INSTALL /home/mert/Work/omarchy-mac-external-monitor/artifacts/usb4-backport/root/lib/modules/7.1.13-usb4-gpu-test/kernel/drivers/net/phy/national.ko
  STRIP   /home/mert/Work/omarchy-mac-external-monitor/artifacts/usb4-backport/root/lib/modules/7.1.13-usb4-gpu-test/kernel/drivers/net/phy/national.ko
  INSTALL /home/mert/Work/omarchy-mac-external-monitor/artifacts/usb4-backport/root/lib/modules/7.1.13-usb4-gpu-test/kernel/drivers/net/phy/qsemi.ko
  STRIP   /home/mert/Work/omarchy-mac-external-monitor/artifacts/usb4-backport/root/lib/modules/7.1.13-usb4-gpu-test/kernel/drivers/net/phy/qsemi.ko
  INSTALL /home/mert/Work/omarchy-mac-external-monitor/artifacts/usb4-backport/root/lib/modules/7.1.13-usb4-gpu-test/kernel/drivers/net/phy/smsc.ko
  STRIP   /home/mert/Work/omarchy-mac-external-monitor/artifacts/usb4-backport/root/lib/modules/7.1.13-usb4-gpu-test/kernel/drivers/net/phy/smsc.ko
  INSTALL /home/mert/Work/omarchy-mac-external-monitor/artifacts/usb4-backport/root/lib/modules/7.1.13-usb4-gpu-test/kernel/drivers/net/phy/ste10Xp.ko
  STRIP   /home/mert/Work/omarchy-mac-external-monitor/artifacts/usb4-backport/root/lib/modules/7.1.13-usb4-gpu-test/kernel/drivers/net/phy/ste10Xp.ko
  INSTALL /home/mert/Work/omarchy-mac-external-monitor/artifacts/usb4-backport/root/lib/modules/7.1.13-usb4-gpu-test/kernel/drivers/net/phy/vitesse.ko
  STRIP   /home/mert/Work/omarchy-mac-external-monitor/artifacts/usb4-backport/root/lib/modules/7.1.13-usb4-gpu-test/kernel/drivers/net/phy/vitesse.ko
  INSTALL /home/mert/Work/omarchy-mac-external-monitor/artifacts/usb4-backport/root/lib/modules/7.1.13-usb4-gpu-test/kernel/drivers/net/mdio/mdio-bitbang.ko
  STRIP   /home/mert/Work/omarchy-mac-external-monitor/artifacts/usb4-backport/root/lib/modules/7.1.13-usb4-gpu-test/kernel/drivers/net/mdio/mdio-bitbang.ko
  INSTALL /home/mert/Work/omarchy-mac-external-monitor/artifacts/usb4-backport/root/lib/modules/7.1.13-usb4-gpu-test/kernel/drivers/net/mdio/mdio-i2c.ko
  STRIP   /home/mert/Work/omarchy-mac-external-monitor/artifacts/usb4-backport/root/lib/modules/7.1.13-usb4-gpu-test/kernel/drivers/net/mdio/mdio-i2c.ko
  INSTALL /home/mert/Work/omarchy-mac-external-monitor/artifacts/usb4-backport/root/lib/modules/7.1.13-usb4-gpu-test/kernel/drivers/net/mdio/mdio-mux.ko
  STRIP   /home/mert/Work/omarchy-mac-external-monitor/artifacts/usb4-backport/root/lib/modules/7.1.13-usb4-gpu-test/kernel/drivers/net/mdio/mdio-mux.ko
  INSTALL /home/mert/Work/omarchy-mac-external-monitor/artifacts/usb4-backport/root/lib/modules/7.1.13-usb4-gpu-test/kernel/drivers/net/mdio/mdio-mux-gpio.ko
  STRIP   /home/mert/Work/omarchy-mac-external-monitor/artifacts/usb4-backport/root/lib/modules/7.1.13-usb4-gpu-test/kernel/drivers/net/mdio/mdio-mux-gpio.ko
  INSTALL /home/mert/Work/omarchy-mac-external-monitor/artifacts/usb4-backport/root/lib/modules/7.1.13-usb4-gpu-test/kernel/drivers/net/mdio/mdio-mux-mmioreg.ko
  STRIP   /home/mert/Work/omarchy-mac-external-monitor/artifacts/usb4-backport/root/lib/modules/7.1.13-usb4-gpu-test/kernel/drivers/net/mdio/mdio-mux-mmioreg.ko
  INSTALL /home/mert/Work/omarchy-mac-external-monitor/artifacts/usb4-backport/root/lib/modules/7.1.13-usb4-gpu-test/kernel/drivers/net/dsa/b53/b53_common.ko
  STRIP   /home/mert/Work/omarchy-mac-external-monitor/artifacts/usb4-backport/root/lib/modules/7.1.13-usb4-gpu-test/kernel/drivers/net/dsa/b53/b53_common.ko
  INSTALL /home/mert/Work/omarchy-mac-external-monitor/artifacts/usb4-backport/root/lib/modules/7.1.13-usb4-gpu-test/kernel/drivers/net/dsa/mv88e6xxx/mv88e6xxx.ko
  STRIP   /home/mert/Work/omarchy-mac-external-monitor/artifacts/usb4-backport/root/lib/modules/7.1.13-usb4-gpu-test/kernel/drivers/net/dsa/mv88e6xxx/mv88e6xxx.ko
  INSTALL /home/mert/Work/omarchy-mac-external-monitor/artifacts/usb4-backport/root/lib/modules/7.1.13-usb4-gpu-test/kernel/drivers/net/dsa/qca/qca8k.ko
  STRIP   /home/mert/Work/omarchy-mac-external-monitor/artifacts/usb4-backport/root/lib/modules/7.1.13-usb4-gpu-test/kernel/drivers/net/dsa/qca/qca8k.ko
  INSTALL /home/mert/Work/omarchy-mac-external-monitor/artifacts/usb4-backport/root/lib/modules/7.1.13-usb4-gpu-test/kernel/drivers/net/dsa/bcm-sf2.ko
  STRIP   /home/mert/Work/omarchy-mac-external-monitor/artifacts/usb4-backport/root/lib/modules/7.1.13-usb4-gpu-test/kernel/drivers/net/dsa/bcm-sf2.ko
  INSTALL /home/mert/Work/omarchy-mac-external-monitor/artifacts/usb4-backport/root/lib/modules/7.1.13-usb4-gpu-test/kernel/drivers/net/dsa/mv88e6060.ko
  STRIP   /home/mert/Work/omarchy-mac-external-monitor/artifacts/usb4-backport/root/lib/modules/7.1.13-usb4-gpu-test/kernel/drivers/net/dsa/mv88e6060.ko
  INSTALL /home/mert/Work/omarchy-mac-external-monitor/artifacts/usb4-backport/root/lib/modules/7.1.13-usb4-gpu-test/kernel/drivers/net/ethernet/aquantia/atlantic/atlantic.ko
  STRIP   /home/mert/Work/omarchy-mac-external-monitor/artifacts/usb4-backport/root/lib/modules/7.1.13-usb4-gpu-test/kernel/drivers/net/ethernet/aquantia/atlantic/atlantic.ko
  INSTALL /home/mert/Work/omarchy-mac-external-monitor/artifacts/usb4-backport/root/lib/modules/7.1.13-usb4-gpu-test/kernel/drivers/net/ethernet/broadcom/tg3.ko
  STRIP   /home/mert/Work/omarchy-mac-external-monitor/artifacts/usb4-backport/root/lib/modules/7.1.13-usb4-gpu-test/kernel/drivers/net/ethernet/broadcom/tg3.ko
  INSTALL /home/mert/Work/omarchy-mac-external-monitor/artifacts/usb4-backport/root/lib/modules/7.1.13-usb4-gpu-test/kernel/drivers/net/wireless/ath/ath9k/ath9k_hw.ko
  STRIP   /home/mert/Work/omarchy-mac-external-monitor/artifacts/usb4-backport/root/lib/modules/7.1.13-usb4-gpu-test/kernel/drivers/net/wireless/ath/ath9k/ath9k_hw.ko
  INSTALL /home/mert/Work/omarchy-mac-external-monitor/artifacts/usb4-backport/root/lib/modules/7.1.13-usb4-gpu-test/kernel/drivers/net/wireless/ath/ath9k/ath9k_common.ko
  STRIP   /home/mert/Work/omarchy-mac-external-monitor/artifacts/usb4-backport/root/lib/modules/7.1.13-usb4-gpu-test/kernel/drivers/net/wireless/ath/ath9k/ath9k_common.ko
  INSTALL /home/mert/Work/omarchy-mac-external-monitor/artifacts/usb4-backport/root/lib/modules/7.1.13-usb4-gpu-test/kernel/drivers/net/wireless/ath/ath9k/ath9k_htc.ko
  STRIP   /home/mert/Work/omarchy-mac-external-monitor/artifacts/usb4-backport/root/lib/modules/7.1.13-usb4-gpu-test/kernel/drivers/net/wireless/ath/ath9k/ath9k_htc.ko
  INSTALL /home/mert/Work/omarchy-mac-external-monitor/artifacts/usb4-backport/root/lib/modules/7.1.13-usb4-gpu-test/kernel/drivers/net/wireless/ath/carl9170/carl9170.ko
  STRIP   /home/mert/Work/omarchy-mac-external-monitor/artifacts/usb4-backport/root/lib/modules/7.1.13-usb4-gpu-test/kernel/drivers/net/wireless/ath/carl9170/carl9170.ko
  INSTALL /home/mert/Work/omarchy-mac-external-monitor/artifacts/usb4-backport/root/lib/modules/7.1.13-usb4-gpu-test/kernel/drivers/net/wireless/ath/ath6kl/ath6kl_core.ko
  STRIP   /home/mert/Work/omarchy-mac-external-monitor/artifacts/usb4-backport/root/lib/modules/7.1.13-usb4-gpu-test/kernel/drivers/net/wireless/ath/ath6kl/ath6kl_core.ko
  INSTALL /home/mert/Work/omarchy-mac-external-monitor/artifacts/usb4-backport/root/lib/modules/7.1.13-usb4-gpu-test/kernel/drivers/net/wireless/ath/ath6kl/ath6kl_usb.ko
  STRIP   /home/mert/Work/omarchy-mac-external-monitor/artifacts/usb4-backport/root/lib/modules/7.1.13-usb4-gpu-test/kernel/drivers/net/wireless/ath/ath6kl/ath6kl_usb.ko
  INSTALL /home/mert/Work/omarchy-mac-external-monitor/artifacts/usb4-backport/root/lib/modules/7.1.13-usb4-gpu-test/kernel/drivers/net/wireless/ath/ar5523/ar5523.ko
  STRIP   /home/mert/Work/omarchy-mac-external-monitor/artifacts/usb4-backport/root/lib/modules/7.1.13-usb4-gpu-test/kernel/drivers/net/wireless/ath/ar5523/ar5523.ko
  INSTALL /home/mert/Work/omarchy-mac-external-monitor/artifacts/usb4-backport/root/lib/modules/7.1.13-usb4-gpu-test/kernel/drivers/net/wireless/ath/ath10k/ath10k_core.ko
  STRIP   /home/mert/Work/omarchy-mac-external-monitor/artifacts/usb4-backport/root/lib/modules/7.1.13-usb4-gpu-test/kernel/drivers/net/wireless/ath/ath10k/ath10k_core.ko
  INSTALL /home/mert/Work/omarchy-mac-external-monitor/artifacts/usb4-backport/root/lib/modules/7.1.13-usb4-gpu-test/kernel/drivers/net/wireless/ath/ath10k/ath10k_usb.ko
  STRIP   /home/mert/Work/omarchy-mac-external-monitor/artifacts/usb4-backport/root/lib/modules/7.1.13-usb4-gpu-test/kernel/drivers/net/wireless/ath/ath10k/ath10k_usb.ko
  INSTALL /home/mert/Work/omarchy-mac-external-monitor/artifacts/usb4-backport/root/lib/modules/7.1.13-usb4-gpu-test/kernel/drivers/net/wireless/ath/ath.ko
  STRIP   /home/mert/Work/omarchy-mac-external-monitor/artifacts/usb4-backport/root/lib/modules/7.1.13-usb4-gpu-test/kernel/drivers/net/wireless/ath/ath.ko
  INSTALL /home/mert/Work/omarchy-mac-external-monitor/artifacts/usb4-backport/root/lib/modules/7.1.13-usb4-gpu-test/kernel/drivers/net/wireless/atmel/at76c50x-usb.ko
  STRIP   /home/mert/Work/omarchy-mac-external-monitor/artifacts/usb4-backport/root/lib/modules/7.1.13-usb4-gpu-test/kernel/drivers/net/wireless/atmel/at76c50x-usb.ko
  INSTALL /home/mert/Work/omarchy-mac-external-monitor/artifacts/usb4-backport/root/lib/modules/7.1.13-usb4-gpu-test/kernel/drivers/net/wireless/broadcom/brcm80211/brcmutil/brcmutil.ko
  STRIP   /home/mert/Work/omarchy-mac-external-monitor/artifacts/usb4-backport/root/lib/modules/7.1.13-usb4-gpu-test/kernel/drivers/net/wireless/broadcom/brcm80211/brcmutil/brcmutil.ko
  INSTALL /home/mert/Work/omarchy-mac-external-monitor/artifacts/usb4-backport/root/lib/modules/7.1.13-usb4-gpu-test/kernel/drivers/net/wireless/broadcom/brcm80211/brcmfmac/brcmfmac.ko
  STRIP   /home/mert/Work/omarchy-mac-external-monitor/artifacts/usb4-backport/root/lib/modules/7.1.13-usb4-gpu-test/kernel/drivers/net/wireless/broadcom/brcm80211/brcmfmac/brcmfmac.ko
  INSTALL /home/mert/Work/omarchy-mac-external-monitor/artifacts/usb4-backport/root/lib/modules/7.1.13-usb4-gpu-test/kernel/drivers/net/wireless/broadcom/brcm80211/brcmfmac/wcc/brcmfmac-wcc.ko
  STRIP   /home/mert/Work/omarchy-mac-external-monitor/artifacts/usb4-backport/root/lib/modules/7.1.13-usb4-gpu-test/kernel/drivers/net/wireless/broadcom/brcm80211/brcmfmac/wcc/brcmfmac-wcc.ko
  INSTALL /home/mert/Work/omarchy-mac-external-monitor/artifacts/usb4-backport/root/lib/modules/7.1.13-usb4-gpu-test/kernel/drivers/net/wireless/broadcom/brcm80211/brcmfmac/cyw/brcmfmac-cyw.ko
  STRIP   /home/mert/Work/omarchy-mac-external-monitor/artifacts/usb4-backport/root/lib/modules/7.1.13-usb4-gpu-test/kernel/drivers/net/wireless/broadcom/brcm80211/brcmfmac/cyw/brcmfmac-cyw.ko
  INSTALL /home/mert/Work/omarchy-mac-external-monitor/artifacts/usb4-backport/root/lib/modules/7.1.13-usb4-gpu-test/kernel/drivers/net/wireless/broadcom/brcm80211/brcmfmac/bca/brcmfmac-bca.ko
  STRIP   /home/mert/Work/omarchy-mac-external-monitor/artifacts/usb4-backport/root/lib/modules/7.1.13-usb4-gpu-test/kernel/drivers/net/wireless/broadcom/brcm80211/brcmfmac/bca/brcmfmac-bca.ko
  INSTALL /home/mert/Work/omarchy-mac-external-monitor/artifacts/usb4-backport/root/lib/modules/7.1.13-usb4-gpu-test/kernel/drivers/net/wireless/intersil/p54/p54common.ko
  STRIP   /home/mert/Work/omarchy-mac-external-monitor/artifacts/usb4-backport/root/lib/modules/7.1.13-usb4-gpu-test/kernel/drivers/net/wireless/intersil/p54/p54common.ko
  INSTALL /home/mert/Work/omarchy-mac-external-monitor/artifacts/usb4-backport/root/lib/modules/7.1.13-usb4-gpu-test/kernel/drivers/net/wireless/intersil/p54/p54usb.ko
  STRIP   /home/mert/Work/omarchy-mac-external-monitor/artifacts/usb4-backport/root/lib/modules/7.1.13-usb4-gpu-test/kernel/drivers/net/wireless/intersil/p54/p54usb.ko
  INSTALL /home/mert/Work/omarchy-mac-external-monitor/artifacts/usb4-backport/root/lib/modules/7.1.13-usb4-gpu-test/kernel/drivers/net/wireless/marvell/libertas/libertas.ko
  STRIP   /home/mert/Work/omarchy-mac-external-monitor/artifacts/usb4-backport/root/lib/modules/7.1.13-usb4-gpu-test/kernel/drivers/net/wireless/marvell/libertas/libertas.ko
  INSTALL /home/mert/Work/omarchy-mac-external-monitor/artifacts/usb4-backport/root/lib/modules/7.1.13-usb4-gpu-test/kernel/drivers/net/wireless/marvell/libertas/usb8xxx.ko
  STRIP   /home/mert/Work/omarchy-mac-external-monitor/artifacts/usb4-backport/root/lib/modules/7.1.13-usb4-gpu-test/kernel/drivers/net/wireless/marvell/libertas/usb8xxx.ko
  INSTALL /home/mert/Work/omarchy-mac-external-monitor/artifacts/usb4-backport/root/lib/modules/7.1.13-usb4-gpu-test/kernel/drivers/net/wireless/marvell/libertas_tf/libertas_tf.ko
  STRIP   /home/mert/Work/omarchy-mac-external-monitor/artifacts/usb4-backport/root/lib/modules/7.1.13-usb4-gpu-test/kernel/drivers/net/wireless/marvell/libertas_tf/libertas_tf.ko
  INSTALL /home/mert/Work/omarchy-mac-external-monitor/artifacts/usb4-backport/root/lib/modules/7.1.13-usb4-gpu-test/kernel/drivers/net/wireless/marvell/libertas_tf/libertas_tf_usb.ko
  STRIP   /home/mert/Work/omarchy-mac-external-monitor/artifacts/usb4-backport/root/lib/modules/7.1.13-usb4-gpu-test/kernel/drivers/net/wireless/marvell/libertas_tf/libertas_tf_usb.ko
  INSTALL /home/mert/Work/omarchy-mac-external-monitor/artifacts/usb4-backport/root/lib/modules/7.1.13-usb4-gpu-test/kernel/drivers/net/wireless/marvell/mwifiex/mwifiex.ko
  STRIP   /home/mert/Work/omarchy-mac-external-monitor/artifacts/usb4-backport/root/lib/modules/7.1.13-usb4-gpu-test/kernel/drivers/net/wireless/marvell/mwifiex/mwifiex.ko
  INSTALL /home/mert/Work/omarchy-mac-external-monitor/artifacts/usb4-backport/root/lib/modules/7.1.13-usb4-gpu-test/kernel/drivers/net/wireless/marvell/mwifiex/mwifiex_usb.ko
  STRIP   /home/mert/Work/omarchy-mac-external-monitor/artifacts/usb4-backport/root/lib/modules/7.1.13-usb4-gpu-test/kernel/drivers/net/wireless/marvell/mwifiex/mwifiex_usb.ko
  INSTALL /home/mert/Work/omarchy-mac-external-monitor/artifacts/usb4-backport/root/lib/modules/7.1.13-usb4-gpu-test/kernel/drivers/net/wireless/mediatek/mt7601u/mt7601u.ko
  STRIP   /home/mert/Work/omarchy-mac-external-monitor/artifacts/usb4-backport/root/lib/modules/7.1.13-usb4-gpu-test/kernel/drivers/net/wireless/mediatek/mt7601u/mt7601u.ko
  INSTALL /home/mert/Work/omarchy-mac-external-monitor/artifacts/usb4-backport/root/lib/modules/7.1.13-usb4-gpu-test/kernel/drivers/net/wireless/mediatek/mt76/mt76.ko
  STRIP   /home/mert/Work/omarchy-mac-external-monitor/artifacts/usb4-backport/root/lib/modules/7.1.13-usb4-gpu-test/kernel/drivers/net/wireless/mediatek/mt76/mt76.ko
  INSTALL /home/mert/Work/omarchy-mac-external-monitor/artifacts/usb4-backport/root/lib/modules/7.1.13-usb4-gpu-test/kernel/drivers/net/wireless/mediatek/mt76/mt76-usb.ko
  STRIP   /home/mert/Work/omarchy-mac-external-monitor/artifacts/usb4-backport/root/lib/modules/7.1.13-usb4-gpu-test/kernel/drivers/net/wireless/mediatek/mt76/mt76-usb.ko
  INSTALL /home/mert/Work/omarchy-mac-external-monitor/artifacts/usb4-backport/root/lib/modules/7.1.13-usb4-gpu-test/kernel/drivers/net/wireless/mediatek/mt76/mt76x02-lib.ko
  STRIP   /home/mert/Work/omarchy-mac-external-monitor/artifacts/usb4-backport/root/lib/modules/7.1.13-usb4-gpu-test/kernel/drivers/net/wireless/mediatek/mt76/mt76x02-lib.ko
  INSTALL /home/mert/Work/omarchy-mac-external-monitor/artifacts/usb4-backport/root/lib/modules/7.1.13-usb4-gpu-test/kernel/drivers/net/wireless/mediatek/mt76/mt76x02-usb.ko
  STRIP   /home/mert/Work/omarchy-mac-external-monitor/artifacts/usb4-backport/root/lib/modules/7.1.13-usb4-gpu-test/kernel/drivers/net/wireless/mediatek/mt76/mt76x02-usb.ko
  INSTALL /home/mert/Work/omarchy-mac-external-monitor/artifacts/usb4-backport/root/lib/modules/7.1.13-usb4-gpu-test/kernel/drivers/net/wireless/mediatek/mt76/mt76-connac-lib.ko
  STRIP   /home/mert/Work/omarchy-mac-external-monitor/artifacts/usb4-backport/root/lib/modules/7.1.13-usb4-gpu-test/kernel/drivers/net/wireless/mediatek/mt76/mt76-connac-lib.ko
  INSTALL /home/mert/Work/omarchy-mac-external-monitor/artifacts/usb4-backport/root/lib/modules/7.1.13-usb4-gpu-test/kernel/drivers/net/wireless/mediatek/mt76/mt76x0/mt76x0u.ko
  STRIP   /home/mert/Work/omarchy-mac-external-monitor/artifacts/usb4-backport/root/lib/modules/7.1.13-usb4-gpu-test/kernel/drivers/net/wireless/mediatek/mt76/mt76x0/mt76x0u.ko
  INSTALL /home/mert/Work/omarchy-mac-external-monitor/artifacts/usb4-backport/root/lib/modules/7.1.13-usb4-gpu-test/kernel/drivers/net/wireless/mediatek/mt76/mt76x0/mt76x0-common.ko
  STRIP   /home/mert/Work/omarchy-mac-external-monitor/artifacts/usb4-backport/root/lib/modules/7.1.13-usb4-gpu-test/kernel/drivers/net/wireless/mediatek/mt76/mt76x0/mt76x0-common.ko
  INSTALL /home/mert/Work/omarchy-mac-external-monitor/artifacts/usb4-backport/root/lib/modules/7.1.13-usb4-gpu-test/kernel/drivers/net/wireless/mediatek/mt76/mt76x2/mt76x2-common.ko
  STRIP   /home/mert/Work/omarchy-mac-external-monitor/artifacts/usb4-backport/root/lib/modules/7.1.13-usb4-gpu-test/kernel/drivers/net/wireless/mediatek/mt76/mt76x2/mt76x2-common.ko
  INSTALL /home/mert/Work/omarchy-mac-external-monitor/artifacts/usb4-backport/root/lib/modules/7.1.13-usb4-gpu-test/kernel/drivers/net/wireless/mediatek/mt76/mt76x2/mt76x2u.ko
  STRIP   /home/mert/Work/omarchy-mac-external-monitor/artifacts/usb4-backport/root/lib/modules/7.1.13-usb4-gpu-test/kernel/drivers/net/wireless/mediatek/mt76/mt76x2/mt76x2u.ko
  INSTALL /home/mert/Work/omarchy-mac-external-monitor/artifacts/usb4-backport/root/lib/modules/7.1.13-usb4-gpu-test/kernel/drivers/net/wireless/mediatek/mt76/mt7615/mt7615-common.ko
  STRIP   /home/mert/Work/omarchy-mac-external-monitor/artifacts/usb4-backport/root/lib/modules/7.1.13-usb4-gpu-test/kernel/drivers/net/wireless/mediatek/mt76/mt7615/mt7615-common.ko
  INSTALL /home/mert/Work/omarchy-mac-external-monitor/artifacts/usb4-backport/root/lib/modules/7.1.13-usb4-gpu-test/kernel/drivers/net/wireless/mediatek/mt76/mt7615/mt7663-usb-sdio-common.ko
  STRIP   /home/mert/Work/omarchy-mac-external-monitor/artifacts/usb4-backport/root/lib/modules/7.1.13-usb4-gpu-test/kernel/drivers/net/wireless/mediatek/mt76/mt7615/mt7663-usb-sdio-common.ko
  INSTALL /home/mert/Work/omarchy-mac-external-monitor/artifacts/usb4-backport/root/lib/modules/7.1.13-usb4-gpu-test/kernel/drivers/net/wireless/mediatek/mt76/mt7615/mt7663u.ko
  STRIP   /home/mert/Work/omarchy-mac-external-monitor/artifacts/usb4-backport/root/lib/modules/7.1.13-usb4-gpu-test/kernel/drivers/net/wireless/mediatek/mt76/mt7615/mt7663u.ko
  INSTALL /home/mert/Work/omarchy-mac-external-monitor/artifacts/usb4-backport/root/lib/modules/7.1.13-usb4-gpu-test/kernel/drivers/net/wireless/ralink/rt2x00/rt2x00lib.ko
  STRIP   /home/mert/Work/omarchy-mac-external-monitor/artifacts/usb4-backport/root/lib/modules/7.1.13-usb4-gpu-test/kernel/drivers/net/wireless/ralink/rt2x00/rt2x00lib.ko
  INSTALL /home/mert/Work/omarchy-mac-external-monitor/artifacts/usb4-backport/root/lib/modules/7.1.13-usb4-gpu-test/kernel/drivers/net/wireless/ralink/rt2x00/rt2x00usb.ko
  STRIP   /home/mert/Work/omarchy-mac-external-monitor/artifacts/usb4-backport/root/lib/modules/7.1.13-usb4-gpu-test/kernel/drivers/net/wireless/ralink/rt2x00/rt2x00usb.ko
  INSTALL /home/mert/Work/omarchy-mac-external-monitor/artifacts/usb4-backport/root/lib/modules/7.1.13-usb4-gpu-test/kernel/drivers/net/wireless/ralink/rt2x00/rt2800lib.ko
  STRIP   /home/mert/Work/omarchy-mac-external-monitor/artifacts/usb4-backport/root/lib/modules/7.1.13-usb4-gpu-test/kernel/drivers/net/wireless/ralink/rt2x00/rt2800lib.ko
  INSTALL /home/mert/Work/omarchy-mac-external-monitor/artifacts/usb4-backport/root/lib/modules/7.1.13-usb4-gpu-test/kernel/drivers/net/wireless/ralink/rt2x00/rt2500usb.ko
  STRIP   /home/mert/Work/omarchy-mac-external-monitor/artifacts/usb4-backport/root/lib/modules/7.1.13-usb4-gpu-test/kernel/drivers/net/wireless/ralink/rt2x00/rt2500usb.ko
  INSTALL /home/mert/Work/omarchy-mac-external-monitor/artifacts/usb4-backport/root/lib/modules/7.1.13-usb4-gpu-test/kernel/drivers/net/wireless/ralink/rt2x00/rt73usb.ko
  STRIP   /home/mert/Work/omarchy-mac-external-monitor/artifacts/usb4-backport/root/lib/modules/7.1.13-usb4-gpu-test/kernel/drivers/net/wireless/ralink/rt2x00/rt73usb.ko
  INSTALL /home/mert/Work/omarchy-mac-external-monitor/artifacts/usb4-backport/root/lib/modules/7.1.13-usb4-gpu-test/kernel/drivers/net/wireless/ralink/rt2x00/rt2800usb.ko
  STRIP   /home/mert/Work/omarchy-mac-external-monitor/artifacts/usb4-backport/root/lib/modules/7.1.13-usb4-gpu-test/kernel/drivers/net/wireless/ralink/rt2x00/rt2800usb.ko
  INSTALL /home/mert/Work/omarchy-mac-external-monitor/artifacts/usb4-backport/root/lib/modules/7.1.13-usb4-gpu-test/kernel/drivers/net/wireless/realtek/rtl818x/rtl8187/rtl8187.ko
  STRIP   /home/mert/Work/omarchy-mac-external-monitor/artifacts/usb4-backport/root/lib/modules/7.1.13-usb4-gpu-test/kernel/drivers/net/wireless/realtek/rtl818x/rtl8187/rtl8187.ko
  INSTALL /home/mert/Work/omarchy-mac-external-monitor/artifacts/usb4-backport/root/lib/modules/7.1.13-usb4-gpu-test/kernel/drivers/net/wireless/realtek/rtlwifi/rtlwifi.ko
  STRIP   /home/mert/Work/omarchy-mac-external-monitor/artifacts/usb4-backport/root/lib/modules/7.1.13-usb4-gpu-test/kernel/drivers/net/wireless/realtek/rtlwifi/rtlwifi.ko
  INSTALL /home/mert/Work/omarchy-mac-external-monitor/artifacts/usb4-backport/root/lib/modules/7.1.13-usb4-gpu-test/kernel/drivers/net/wireless/realtek/rtlwifi/rtl_usb.ko
  STRIP   /home/mert/Work/omarchy-mac-external-monitor/artifacts/usb4-backport/root/lib/modules/7.1.13-usb4-gpu-test/kernel/drivers/net/wireless/realtek/rtlwifi/rtl_usb.ko
  INSTALL /home/mert/Work/omarchy-mac-external-monitor/artifacts/usb4-backport/root/lib/modules/7.1.13-usb4-gpu-test/kernel/drivers/net/wireless/realtek/rtlwifi/rtl8192c/rtl8192c-common.ko
  STRIP   /home/mert/Work/omarchy-mac-external-monitor/artifacts/usb4-backport/root/lib/modules/7.1.13-usb4-gpu-test/kernel/drivers/net/wireless/realtek/rtlwifi/rtl8192c/rtl8192c-common.ko
  INSTALL /home/mert/Work/omarchy-mac-external-monitor/artifacts/usb4-backport/root/lib/modules/7.1.13-usb4-gpu-test/kernel/drivers/net/wireless/realtek/rtlwifi/rtl8192cu/rtl8192cu.ko
  STRIP   /home/mert/Work/omarchy-mac-external-monitor/artifacts/usb4-backport/root/lib/modules/7.1.13-usb4-gpu-test/kernel/drivers/net/wireless/realtek/rtlwifi/rtl8192cu/rtl8192cu.ko
  INSTALL /home/mert/Work/omarchy-mac-external-monitor/artifacts/usb4-backport/root/lib/modules/7.1.13-usb4-gpu-test/kernel/drivers/net/wireless/realtek/rtl8xxxu/rtl8xxxu.ko
  STRIP   /home/mert/Work/omarchy-mac-external-monitor/artifacts/usb4-backport/root/lib/modules/7.1.13-usb4-gpu-test/kernel/drivers/net/wireless/realtek/rtl8xxxu/rtl8xxxu.ko
  INSTALL /home/mert/Work/omarchy-mac-external-monitor/artifacts/usb4-backport/root/lib/modules/7.1.13-usb4-gpu-test/kernel/drivers/net/wireless/rsi/rsi_91x.ko
  STRIP   /home/mert/Work/omarchy-mac-external-monitor/artifacts/usb4-backport/root/lib/modules/7.1.13-usb4-gpu-test/kernel/drivers/net/wireless/rsi/rsi_91x.ko
  INSTALL /home/mert/Work/omarchy-mac-external-monitor/artifacts/usb4-backport/root/lib/modules/7.1.13-usb4-gpu-test/kernel/drivers/net/wireless/rsi/rsi_usb.ko
  STRIP   /home/mert/Work/omarchy-mac-external-monitor/artifacts/usb4-backport/root/lib/modules/7.1.13-usb4-gpu-test/kernel/drivers/net/wireless/rsi/rsi_usb.ko
  INSTALL /home/mert/Work/omarchy-mac-external-monitor/artifacts/usb4-backport/root/lib/modules/7.1.13-usb4-gpu-test/kernel/drivers/net/wireless/zydas/zd1211rw/zd1211rw.ko
  STRIP   /home/mert/Work/omarchy-mac-external-monitor/artifacts/usb4-backport/root/lib/modules/7.1.13-usb4-gpu-test/kernel/drivers/net/wireless/zydas/zd1211rw/zd1211rw.ko
  INSTALL /home/mert/Work/omarchy-mac-external-monitor/artifacts/usb4-backport/root/lib/modules/7.1.13-usb4-gpu-test/kernel/drivers/net/usb/catc.ko
  STRIP   /home/mert/Work/omarchy-mac-external-monitor/artifacts/usb4-backport/root/lib/modules/7.1.13-usb4-gpu-test/kernel/drivers/net/usb/catc.ko
  INSTALL /home/mert/Work/omarchy-mac-external-monitor/artifacts/usb4-backport/root/lib/modules/7.1.13-usb4-gpu-test/kernel/drivers/net/usb/kaweth.ko
  STRIP   /home/mert/Work/omarchy-mac-external-monitor/artifacts/usb4-backport/root/lib/modules/7.1.13-usb4-gpu-test/kernel/drivers/net/usb/kaweth.ko
  INSTALL /home/mert/Work/omarchy-mac-external-monitor/artifacts/usb4-backport/root/lib/modules/7.1.13-usb4-gpu-test/kernel/drivers/net/usb/pegasus.ko
  STRIP   /home/mert/Work/omarchy-mac-external-monitor/artifacts/usb4-backport/root/lib/modules/7.1.13-usb4-gpu-test/kernel/drivers/net/usb/pegasus.ko
  INSTALL /home/mert/Work/omarchy-mac-external-monitor/artifacts/usb4-backport/root/lib/modules/7.1.13-usb4-gpu-test/kernel/drivers/net/usb/rtl8150.ko
  STRIP   /home/mert/Work/omarchy-mac-external-monitor/artifacts/usb4-backport/root/lib/modules/7.1.13-usb4-gpu-test/kernel/drivers/net/usb/rtl8150.ko
  INSTALL /home/mert/Work/omarchy-mac-external-monitor/artifacts/usb4-backport/root/lib/modules/7.1.13-usb4-gpu-test/kernel/drivers/net/usb/r8152.ko
  STRIP   /home/mert/Work/omarchy-mac-external-monitor/artifacts/usb4-backport/root/lib/modules/7.1.13-usb4-gpu-test/kernel/drivers/net/usb/r8152.ko
  INSTALL /home/mert/Work/omarchy-mac-external-monitor/artifacts/usb4-backport/root/lib/modules/7.1.13-usb4-gpu-test/kernel/drivers/net/usb/hso.ko
  STRIP   /home/mert/Work/omarchy-mac-external-monitor/artifacts/usb4-backport/root/lib/modules/7.1.13-usb4-gpu-test/kernel/drivers/net/usb/hso.ko
  INSTALL /home/mert/Work/omarchy-mac-external-monitor/artifacts/usb4-backport/root/lib/modules/7.1.13-usb4-gpu-test/kernel/drivers/net/usb/lan78xx.ko
  STRIP   /home/mert/Work/omarchy-mac-external-monitor/artifacts/usb4-backport/root/lib/modules/7.1.13-usb4-gpu-test/kernel/drivers/net/usb/lan78xx.ko
  INSTALL /home/mert/Work/omarchy-mac-external-monitor/artifacts/usb4-backport/root/lib/modules/7.1.13-usb4-gpu-test/kernel/drivers/net/usb/asix.ko
  STRIP   /home/mert/Work/omarchy-mac-external-monitor/artifacts/usb4-backport/root/lib/modules/7.1.13-usb4-gpu-test/kernel/drivers/net/usb/asix.ko
  INSTALL /home/mert/Work/omarchy-mac-external-monitor/artifacts/usb4-backport/root/lib/modules/7.1.13-usb4-gpu-test/kernel/drivers/net/usb/ax88179_178a.ko
  STRIP   /home/mert/Work/omarchy-mac-external-monitor/artifacts/usb4-backport/root/lib/modules/7.1.13-usb4-gpu-test/kernel/drivers/net/usb/ax88179_178a.ko
  INSTALL /home/mert/Work/omarchy-mac-external-monitor/artifacts/usb4-backport/root/lib/modules/7.1.13-usb4-gpu-test/kernel/drivers/net/usb/cdc_ether.ko
  STRIP   /home/mert/Work/omarchy-mac-external-monitor/artifacts/usb4-backport/root/lib/modules/7.1.13-usb4-gpu-test/kernel/drivers/net/usb/cdc_ether.ko
  INSTALL /home/mert/Work/omarchy-mac-external-monitor/artifacts/usb4-backport/root/lib/modules/7.1.13-usb4-gpu-test/kernel/drivers/net/usb/cdc_eem.ko
  STRIP   /home/mert/Work/omarchy-mac-external-monitor/artifacts/usb4-backport/root/lib/modules/7.1.13-usb4-gpu-test/kernel/drivers/net/usb/cdc_eem.ko
  INSTALL /home/mert/Work/omarchy-mac-external-monitor/artifacts/usb4-backport/root/lib/modules/7.1.13-usb4-gpu-test/kernel/drivers/net/usb/dm9601.ko
  STRIP   /home/mert/Work/omarchy-mac-external-monitor/artifacts/usb4-backport/root/lib/modules/7.1.13-usb4-gpu-test/kernel/drivers/net/usb/dm9601.ko
  INSTALL /home/mert/Work/omarchy-mac-external-monitor/artifacts/usb4-backport/root/lib/modules/7.1.13-usb4-gpu-test/kernel/drivers/net/usb/sr9700.ko
  STRIP   /home/mert/Work/omarchy-mac-external-monitor/artifacts/usb4-backport/root/lib/modules/7.1.13-usb4-gpu-test/kernel/drivers/net/usb/sr9700.ko
  INSTALL /home/mert/Work/omarchy-mac-external-monitor/artifacts/usb4-backport/root/lib/modules/7.1.13-usb4-gpu-test/kernel/drivers/net/usb/sr9800.ko
  STRIP   /home/mert/Work/omarchy-mac-external-monitor/artifacts/usb4-backport/root/lib/modules/7.1.13-usb4-gpu-test/kernel/drivers/net/usb/sr9800.ko
  INSTALL /home/mert/Work/omarchy-mac-external-monitor/artifacts/usb4-backport/root/lib/modules/7.1.13-usb4-gpu-test/kernel/drivers/net/usb/smsc75xx.ko
  STRIP   /home/mert/Work/omarchy-mac-external-monitor/artifacts/usb4-backport/root/lib/modules/7.1.13-usb4-gpu-test/kernel/drivers/net/usb/smsc75xx.ko
  INSTALL /home/mert/Work/omarchy-mac-external-monitor/artifacts/usb4-backport/root/lib/modules/7.1.13-usb4-gpu-test/kernel/drivers/net/usb/smsc95xx.ko
  STRIP   /home/mert/Work/omarchy-mac-external-monitor/artifacts/usb4-backport/root/lib/modules/7.1.13-usb4-gpu-test/kernel/drivers/net/usb/smsc95xx.ko
  INSTALL /home/mert/Work/omarchy-mac-external-monitor/artifacts/usb4-backport/root/lib/modules/7.1.13-usb4-gpu-test/kernel/drivers/net/usb/gl620a.ko
  STRIP   /home/mert/Work/omarchy-mac-external-monitor/artifacts/usb4-backport/root/lib/modules/7.1.13-usb4-gpu-test/kernel/drivers/net/usb/gl620a.ko
  INSTALL /home/mert/Work/omarchy-mac-external-monitor/artifacts/usb4-backport/root/lib/modules/7.1.13-usb4-gpu-test/kernel/drivers/net/usb/net1080.ko
  STRIP   /home/mert/Work/omarchy-mac-external-monitor/artifacts/usb4-backport/root/lib/modules/7.1.13-usb4-gpu-test/kernel/drivers/net/usb/net1080.ko
  INSTALL /home/mert/Work/omarchy-mac-external-monitor/artifacts/usb4-backport/root/lib/modules/7.1.13-usb4-gpu-test/kernel/drivers/net/usb/plusb.ko
  STRIP   /home/mert/Work/omarchy-mac-external-monitor/artifacts/usb4-backport/root/lib/modules/7.1.13-usb4-gpu-test/kernel/drivers/net/usb/plusb.ko
  INSTALL /home/mert/Work/omarchy-mac-external-monitor/artifacts/usb4-backport/root/lib/modules/7.1.13-usb4-gpu-test/kernel/drivers/net/usb/rndis_host.ko
  STRIP   /home/mert/Work/omarchy-mac-external-monitor/artifacts/usb4-backport/root/lib/modules/7.1.13-usb4-gpu-test/kernel/drivers/net/usb/rndis_host.ko
  INSTALL /home/mert/Work/omarchy-mac-external-monitor/artifacts/usb4-backport/root/lib/modules/7.1.13-usb4-gpu-test/kernel/drivers/net/usb/cdc_subset.ko
  STRIP   /home/mert/Work/omarchy-mac-external-monitor/artifacts/usb4-backport/root/lib/modules/7.1.13-usb4-gpu-test/kernel/drivers/net/usb/cdc_subset.ko
  INSTALL /home/mert/Work/omarchy-mac-external-monitor/artifacts/usb4-backport/root/lib/modules/7.1.13-usb4-gpu-test/kernel/drivers/net/usb/zaurus.ko
  STRIP   /home/mert/Work/omarchy-mac-external-monitor/artifacts/usb4-backport/root/lib/modules/7.1.13-usb4-gpu-test/kernel/drivers/net/usb/zaurus.ko
  INSTALL /home/mert/Work/omarchy-mac-external-monitor/artifacts/usb4-backport/root/lib/modules/7.1.13-usb4-gpu-test/kernel/drivers/net/usb/mcs7830.ko
  STRIP   /home/mert/Work/omarchy-mac-external-monitor/artifacts/usb4-backport/root/lib/modules/7.1.13-usb4-gpu-test/kernel/drivers/net/usb/mcs7830.ko
  INSTALL /home/mert/Work/omarchy-mac-external-monitor/artifacts/usb4-backport/root/lib/modules/7.1.13-usb4-gpu-test/kernel/drivers/net/usb/usbnet.ko
  STRIP   /home/mert/Work/omarchy-mac-external-monitor/artifacts/usb4-backport/root/lib/modules/7.1.13-usb4-gpu-test/kernel/drivers/net/usb/usbnet.ko
  INSTALL /home/mert/Work/omarchy-mac-external-monitor/artifacts/usb4-backport/root/lib/modules/7.1.13-usb4-gpu-test/kernel/drivers/net/usb/int51x1.ko
  STRIP   /home/mert/Work/omarchy-mac-external-monitor/artifacts/usb4-backport/root/lib/modules/7.1.13-usb4-gpu-test/kernel/drivers/net/usb/int51x1.ko
  INSTALL /home/mert/Work/omarchy-mac-external-monitor/artifacts/usb4-backport/root/lib/modules/7.1.13-usb4-gpu-test/kernel/drivers/net/usb/kalmia.ko
  STRIP   /home/mert/Work/omarchy-mac-external-monitor/artifacts/usb4-backport/root/lib/modules/7.1.13-usb4-gpu-test/kernel/drivers/net/usb/kalmia.ko
  INSTALL /home/mert/Work/omarchy-mac-external-monitor/artifacts/usb4-backport/root/lib/modules/7.1.13-usb4-gpu-test/kernel/drivers/net/usb/ipheth.ko
  STRIP   /home/mert/Work/omarchy-mac-external-monitor/artifacts/usb4-backport/root/lib/modules/7.1.13-usb4-gpu-test/kernel/drivers/net/usb/ipheth.ko
  INSTALL /home/mert/Work/omarchy-mac-external-monitor/artifacts/usb4-backport/root/lib/modules/7.1.13-usb4-gpu-test/kernel/drivers/net/usb/sierra_net.ko
  STRIP   /home/mert/Work/omarchy-mac-external-monitor/artifacts/usb4-backport/root/lib/modules/7.1.13-usb4-gpu-test/kernel/drivers/net/usb/sierra_net.ko
  INSTALL /home/mert/Work/omarchy-mac-external-monitor/artifacts/usb4-backport/root/lib/modules/7.1.13-usb4-gpu-test/kernel/drivers/net/usb/cx82310_eth.ko
  STRIP   /home/mert/Work/omarchy-mac-external-monitor/artifacts/usb4-backport/root/lib/modules/7.1.13-usb4-gpu-test/kernel/drivers/net/usb/cx82310_eth.ko
  INSTALL /home/mert/Work/omarchy-mac-external-monitor/artifacts/usb4-backport/root/lib/modules/7.1.13-usb4-gpu-test/kernel/drivers/net/usb/cdc_ncm.ko
  STRIP   /home/mert/Work/omarchy-mac-external-monitor/artifacts/usb4-backport/root/lib/modules/7.1.13-usb4-gpu-test/kernel/drivers/net/usb/cdc_ncm.ko
  INSTALL /home/mert/Work/omarchy-mac-external-monitor/artifacts/usb4-backport/root/lib/modules/7.1.13-usb4-gpu-test/kernel/drivers/net/usb/huawei_cdc_ncm.ko
  STRIP   /home/mert/Work/omarchy-mac-external-monitor/artifacts/usb4-backport/root/lib/modules/7.1.13-usb4-gpu-test/kernel/drivers/net/usb/huawei_cdc_ncm.ko
  INSTALL /home/mert/Work/omarchy-mac-external-monitor/artifacts/usb4-backport/root/lib/modules/7.1.13-usb4-gpu-test/kernel/drivers/net/usb/lg-vl600.ko
  STRIP   /home/mert/Work/omarchy-mac-external-monitor/artifacts/usb4-backport/root/lib/modules/7.1.13-usb4-gpu-test/kernel/drivers/net/usb/lg-vl600.ko
  INSTALL /home/mert/Work/omarchy-mac-external-monitor/artifacts/usb4-backport/root/lib/modules/7.1.13-usb4-gpu-test/kernel/drivers/net/usb/qmi_wwan.ko
  STRIP   /home/mert/Work/omarchy-mac-external-monitor/artifacts/usb4-backport/root/lib/modules/7.1.13-usb4-gpu-test/kernel/drivers/net/usb/qmi_wwan.ko
  INSTALL /home/mert/Work/omarchy-mac-external-monitor/artifacts/usb4-backport/root/lib/modules/7.1.13-usb4-gpu-test/kernel/drivers/net/usb/cdc_mbim.ko
  STRIP   /home/mert/Work/omarchy-mac-external-monitor/artifacts/usb4-backport/root/lib/modules/7.1.13-usb4-gpu-test/kernel/drivers/net/usb/cdc_mbim.ko
  INSTALL /home/mert/Work/omarchy-mac-external-monitor/artifacts/usb4-backport/root/lib/modules/7.1.13-usb4-gpu-test/kernel/drivers/net/usb/ch9200.ko
  STRIP   /home/mert/Work/omarchy-mac-external-monitor/artifacts/usb4-backport/root/lib/modules/7.1.13-usb4-gpu-test/kernel/drivers/net/usb/ch9200.ko
  INSTALL /home/mert/Work/omarchy-mac-external-monitor/artifacts/usb4-backport/root/lib/modules/7.1.13-usb4-gpu-test/kernel/drivers/net/usb/aqc111.ko
  STRIP   /home/mert/Work/omarchy-mac-external-monitor/artifacts/usb4-backport/root/lib/modules/7.1.13-usb4-gpu-test/kernel/drivers/net/usb/aqc111.ko
  INSTALL /home/mert/Work/omarchy-mac-external-monitor/artifacts/usb4-backport/root/lib/modules/7.1.13-usb4-gpu-test/kernel/drivers/net/usb/r8153_ecm.ko
  STRIP   /home/mert/Work/omarchy-mac-external-monitor/artifacts/usb4-backport/root/lib/modules/7.1.13-usb4-gpu-test/kernel/drivers/net/usb/r8153_ecm.ko
  INSTALL /home/mert/Work/omarchy-mac-external-monitor/artifacts/usb4-backport/root/lib/modules/7.1.13-usb4-gpu-test/kernel/drivers/net/bonding/bonding.ko
  STRIP   /home/mert/Work/omarchy-mac-external-monitor/artifacts/usb4-backport/root/lib/modules/7.1.13-usb4-gpu-test/kernel/drivers/net/bonding/bonding.ko
  INSTALL /home/mert/Work/omarchy-mac-external-monitor/artifacts/usb4-backport/root/lib/modules/7.1.13-usb4-gpu-test/kernel/drivers/net/ipvlan/ipvlan.ko
  STRIP   /home/mert/Work/omarchy-mac-external-monitor/artifacts/usb4-backport/root/lib/modules/7.1.13-usb4-gpu-test/kernel/drivers/net/ipvlan/ipvlan.ko
  INSTALL /home/mert/Work/omarchy-mac-external-monitor/artifacts/usb4-backport/root/lib/modules/7.1.13-usb4-gpu-test/kernel/drivers/net/ipvlan/ipvtap.ko
  STRIP   /home/mert/Work/omarchy-mac-external-monitor/artifacts/usb4-backport/root/lib/modules/7.1.13-usb4-gpu-test/kernel/drivers/net/ipvlan/ipvtap.ko
  INSTALL /home/mert/Work/omarchy-mac-external-monitor/artifacts/usb4-backport/root/lib/modules/7.1.13-usb4-gpu-test/kernel/drivers/net/dummy.ko
  STRIP   /home/mert/Work/omarchy-mac-external-monitor/artifacts/usb4-backport/root/lib/modules/7.1.13-usb4-gpu-test/kernel/drivers/net/dummy.ko
  INSTALL /home/mert/Work/omarchy-mac-external-monitor/artifacts/usb4-backport/root/lib/modules/7.1.13-usb4-gpu-test/kernel/drivers/net/wireguard/wireguard.ko
  STRIP   /home/mert/Work/omarchy-mac-external-monitor/artifacts/usb4-backport/root/lib/modules/7.1.13-usb4-gpu-test/kernel/drivers/net/wireguard/wireguard.ko
  INSTALL /home/mert/Work/omarchy-mac-external-monitor/artifacts/usb4-backport/root/lib/modules/7.1.13-usb4-gpu-test/kernel/drivers/net/eql.ko
  STRIP   /home/mert/Work/omarchy-mac-external-monitor/artifacts/usb4-backport/root/lib/modules/7.1.13-usb4-gpu-test/kernel/drivers/net/eql.ko
  INSTALL /home/mert/Work/omarchy-mac-external-monitor/artifacts/usb4-backport/root/lib/modules/7.1.13-usb4-gpu-test/kernel/drivers/net/ifb.ko
  STRIP   /home/mert/Work/omarchy-mac-external-monitor/artifacts/usb4-backport/root/lib/modules/7.1.13-usb4-gpu-test/kernel/drivers/net/ifb.ko
  INSTALL /home/mert/Work/omarchy-mac-external-monitor/artifacts/usb4-backport/root/lib/modules/7.1.13-usb4-gpu-test/kernel/drivers/net/macvlan.ko
  STRIP   /home/mert/Work/omarchy-mac-external-monitor/artifacts/usb4-backport/root/lib/modules/7.1.13-usb4-gpu-test/kernel/drivers/net/macvlan.ko
  INSTALL /home/mert/Work/omarchy-mac-external-monitor/artifacts/usb4-backport/root/lib/modules/7.1.13-usb4-gpu-test/kernel/drivers/net/macvtap.ko
  STRIP   /home/mert/Work/omarchy-mac-external-monitor/artifacts/usb4-backport/root/lib/modules/7.1.13-usb4-gpu-test/kernel/drivers/net/macvtap.ko
  INSTALL /home/mert/Work/omarchy-mac-external-monitor/artifacts/usb4-backport/root/lib/modules/7.1.13-usb4-gpu-test/kernel/drivers/net/mii.ko
  STRIP   /home/mert/Work/omarchy-mac-external-monitor/artifacts/usb4-backport/root/lib/modules/7.1.13-usb4-gpu-test/kernel/drivers/net/mii.ko
  INSTALL /home/mert/Work/omarchy-mac-external-monitor/artifacts/usb4-backport/root/lib/modules/7.1.13-usb4-gpu-test/kernel/drivers/net/netconsole.ko
  STRIP   /home/mert/Work/omarchy-mac-external-monitor/artifacts/usb4-backport/root/lib/modules/7.1.13-usb4-gpu-test/kernel/drivers/net/netconsole.ko
  INSTALL /home/mert/Work/omarchy-mac-external-monitor/artifacts/usb4-backport/root/lib/modules/7.1.13-usb4-gpu-test/kernel/drivers/net/team/team.ko
  STRIP   /home/mert/Work/omarchy-mac-external-monitor/artifacts/usb4-backport/root/lib/modules/7.1.13-usb4-gpu-test/kernel/drivers/net/team/team.ko
  INSTALL /home/mert/Work/omarchy-mac-external-monitor/artifacts/usb4-backport/root/lib/modules/7.1.13-usb4-gpu-test/kernel/drivers/net/team/team_mode_broadcast.ko
  STRIP   /home/mert/Work/omarchy-mac-external-monitor/artifacts/usb4-backport/root/lib/modules/7.1.13-usb4-gpu-test/kernel/drivers/net/team/team_mode_broadcast.ko
  INSTALL /home/mert/Work/omarchy-mac-external-monitor/artifacts/usb4-backport/root/lib/modules/7.1.13-usb4-gpu-test/kernel/drivers/net/team/team_mode_roundrobin.ko
  STRIP   /home/mert/Work/omarchy-mac-external-monitor/artifacts/usb4-backport/root/lib/modules/7.1.13-usb4-gpu-test/kernel/drivers/net/team/team_mode_roundrobin.ko
  INSTALL /home/mert/Work/omarchy-mac-external-monitor/artifacts/usb4-backport/root/lib/modules/7.1.13-usb4-gpu-test/kernel/drivers/net/team/team_mode_random.ko
  STRIP   /home/mert/Work/omarchy-mac-external-monitor/artifacts/usb4-backport/root/lib/modules/7.1.13-usb4-gpu-test/kernel/drivers/net/team/team_mode_random.ko
  INSTALL /home/mert/Work/omarchy-mac-external-monitor/artifacts/usb4-backport/root/lib/modules/7.1.13-usb4-gpu-test/kernel/drivers/net/team/team_mode_activebackup.ko
  STRIP   /home/mert/Work/omarchy-mac-external-monitor/artifacts/usb4-backport/root/lib/modules/7.1.13-usb4-gpu-test/kernel/drivers/net/team/team_mode_activebackup.ko
  INSTALL /home/mert/Work/omarchy-mac-external-monitor/artifacts/usb4-backport/root/lib/modules/7.1.13-usb4-gpu-test/kernel/drivers/net/team/team_mode_loadbalance.ko
  STRIP   /home/mert/Work/omarchy-mac-external-monitor/artifacts/usb4-backport/root/lib/modules/7.1.13-usb4-gpu-test/kernel/drivers/net/team/team_mode_loadbalance.ko
  INSTALL /home/mert/Work/omarchy-mac-external-monitor/artifacts/usb4-backport/root/lib/modules/7.1.13-usb4-gpu-test/kernel/drivers/net/tun.ko
  STRIP   /home/mert/Work/omarchy-mac-external-monitor/artifacts/usb4-backport/root/lib/modules/7.1.13-usb4-gpu-test/kernel/drivers/net/tun.ko
  INSTALL /home/mert/Work/omarchy-mac-external-monitor/artifacts/usb4-backport/root/lib/modules/7.1.13-usb4-gpu-test/kernel/drivers/net/tap.ko
  STRIP   /home/mert/Work/omarchy-mac-external-monitor/artifacts/usb4-backport/root/lib/modules/7.1.13-usb4-gpu-test/kernel/drivers/net/tap.ko
  INSTALL /home/mert/Work/omarchy-mac-external-monitor/artifacts/usb4-backport/root/lib/modules/7.1.13-usb4-gpu-test/kernel/drivers/net/veth.ko
  STRIP   /home/mert/Work/omarchy-mac-external-monitor/artifacts/usb4-backport/root/lib/modules/7.1.13-usb4-gpu-test/kernel/drivers/net/veth.ko
  INSTALL /home/mert/Work/omarchy-mac-external-monitor/artifacts/usb4-backport/root/lib/modules/7.1.13-usb4-gpu-test/kernel/drivers/net/virtio_net.ko
  STRIP   /home/mert/Work/omarchy-mac-external-monitor/artifacts/usb4-backport/root/lib/modules/7.1.13-usb4-gpu-test/kernel/drivers/net/virtio_net.ko
  INSTALL /home/mert/Work/omarchy-mac-external-monitor/artifacts/usb4-backport/root/lib/modules/7.1.13-usb4-gpu-test/kernel/drivers/net/vxlan/vxlan.ko
  STRIP   /home/mert/Work/omarchy-mac-external-monitor/artifacts/usb4-backport/root/lib/modules/7.1.13-usb4-gpu-test/kernel/drivers/net/vxlan/vxlan.ko
  INSTALL /home/mert/Work/omarchy-mac-external-monitor/artifacts/usb4-backport/root/lib/modules/7.1.13-usb4-gpu-test/kernel/drivers/net/geneve.ko
  STRIP   /home/mert/Work/omarchy-mac-external-monitor/artifacts/usb4-backport/root/lib/modules/7.1.13-usb4-gpu-test/kernel/drivers/net/geneve.ko
  INSTALL /home/mert/Work/omarchy-mac-external-monitor/artifacts/usb4-backport/root/lib/modules/7.1.13-usb4-gpu-test/kernel/drivers/net/nlmon.ko
  STRIP   /home/mert/Work/omarchy-mac-external-monitor/artifacts/usb4-backport/root/lib/modules/7.1.13-usb4-gpu-test/kernel/drivers/net/nlmon.ko
  INSTALL /home/mert/Work/omarchy-mac-external-monitor/artifacts/usb4-backport/root/lib/modules/7.1.13-usb4-gpu-test/kernel/drivers/net/vrf.ko
  STRIP   /home/mert/Work/omarchy-mac-external-monitor/artifacts/usb4-backport/root/lib/modules/7.1.13-usb4-gpu-test/kernel/drivers/net/vrf.ko
  INSTALL /home/mert/Work/omarchy-mac-external-monitor/artifacts/usb4-backport/root/lib/modules/7.1.13-usb4-gpu-test/kernel/drivers/net/can/dev/can-dev.ko
  STRIP   /home/mert/Work/omarchy-mac-external-monitor/artifacts/usb4-backport/root/lib/modules/7.1.13-usb4-gpu-test/kernel/drivers/net/can/dev/can-dev.ko
  INSTALL /home/mert/Work/omarchy-mac-external-monitor/artifacts/usb4-backport/root/lib/modules/7.1.13-usb4-gpu-test/kernel/drivers/net/can/vcan.ko
  STRIP   /home/mert/Work/omarchy-mac-external-monitor/artifacts/usb4-backport/root/lib/modules/7.1.13-usb4-gpu-test/kernel/drivers/net/can/vcan.ko
  INSTALL /home/mert/Work/omarchy-mac-external-monitor/artifacts/usb4-backport/root/lib/modules/7.1.13-usb4-gpu-test/kernel/drivers/net/can/vxcan.ko
  STRIP   /home/mert/Work/omarchy-mac-external-monitor/artifacts/usb4-backport/root/lib/modules/7.1.13-usb4-gpu-test/kernel/drivers/net/can/vxcan.ko
  INSTALL /home/mert/Work/omarchy-mac-external-monitor/artifacts/usb4-backport/root/lib/modules/7.1.13-usb4-gpu-test/kernel/drivers/net/ppp/ppp_generic.ko
  STRIP   /home/mert/Work/omarchy-mac-external-monitor/artifacts/usb4-backport/root/lib/modules/7.1.13-usb4-gpu-test/kernel/drivers/net/ppp/ppp_generic.ko
  INSTALL /home/mert/Work/omarchy-mac-external-monitor/artifacts/usb4-backport/root/lib/modules/7.1.13-usb4-gpu-test/kernel/drivers/net/ppp/ppp_async.ko
  STRIP   /home/mert/Work/omarchy-mac-external-monitor/artifacts/usb4-backport/root/lib/modules/7.1.13-usb4-gpu-test/kernel/drivers/net/ppp/ppp_async.ko
  INSTALL /home/mert/Work/omarchy-mac-external-monitor/artifacts/usb4-backport/root/lib/modules/7.1.13-usb4-gpu-test/kernel/drivers/net/ppp/bsd_comp.ko
  STRIP   /home/mert/Work/omarchy-mac-external-monitor/artifacts/usb4-backport/root/lib/modules/7.1.13-usb4-gpu-test/kernel/drivers/net/ppp/bsd_comp.ko
  INSTALL /home/mert/Work/omarchy-mac-external-monitor/artifacts/usb4-backport/root/lib/modules/7.1.13-usb4-gpu-test/kernel/drivers/net/ppp/ppp_deflate.ko
  STRIP   /home/mert/Work/omarchy-mac-external-monitor/artifacts/usb4-backport/root/lib/modules/7.1.13-usb4-gpu-test/kernel/drivers/net/ppp/ppp_deflate.ko
  INSTALL /home/mert/Work/omarchy-mac-external-monitor/artifacts/usb4-backport/root/lib/modules/7.1.13-usb4-gpu-test/kernel/drivers/net/ppp/ppp_mppe.ko
  STRIP   /home/mert/Work/omarchy-mac-external-monitor/artifacts/usb4-backport/root/lib/modules/7.1.13-usb4-gpu-test/kernel/drivers/net/ppp/ppp_mppe.ko
  INSTALL /home/mert/Work/omarchy-mac-external-monitor/artifacts/usb4-backport/root/lib/modules/7.1.13-usb4-gpu-test/kernel/drivers/net/ppp/ppp_synctty.ko
  STRIP   /home/mert/Work/omarchy-mac-external-monitor/artifacts/usb4-backport/root/lib/modules/7.1.13-usb4-gpu-test/kernel/drivers/net/ppp/ppp_synctty.ko
  INSTALL /home/mert/Work/omarchy-mac-external-monitor/artifacts/usb4-backport/root/lib/modules/7.1.13-usb4-gpu-test/kernel/drivers/net/ppp/pppox.ko
  STRIP   /home/mert/Work/omarchy-mac-external-monitor/artifacts/usb4-backport/root/lib/modules/7.1.13-usb4-gpu-test/kernel/drivers/net/ppp/pppox.ko
  INSTALL /home/mert/Work/omarchy-mac-external-monitor/artifacts/usb4-backport/root/lib/modules/7.1.13-usb4-gpu-test/kernel/drivers/net/ppp/pppoe.ko
  STRIP   /home/mert/Work/omarchy-mac-external-monitor/artifacts/usb4-backport/root/lib/modules/7.1.13-usb4-gpu-test/kernel/drivers/net/ppp/pppoe.ko
  INSTALL /home/mert/Work/omarchy-mac-external-monitor/artifacts/usb4-backport/root/lib/modules/7.1.13-usb4-gpu-test/kernel/drivers/net/ppp/pptp.ko
  STRIP   /home/mert/Work/omarchy-mac-external-monitor/artifacts/usb4-backport/root/lib/modules/7.1.13-usb4-gpu-test/kernel/drivers/net/ppp/pptp.ko
  INSTALL /home/mert/Work/omarchy-mac-external-monitor/artifacts/usb4-backport/root/lib/modules/7.1.13-usb4-gpu-test/kernel/drivers/net/slip/slip.ko
  STRIP   /home/mert/Work/omarchy-mac-external-monitor/artifacts/usb4-backport/root/lib/modules/7.1.13-usb4-gpu-test/kernel/drivers/net/slip/slip.ko
  INSTALL /home/mert/Work/omarchy-mac-external-monitor/artifacts/usb4-backport/root/lib/modules/7.1.13-usb4-gpu-test/kernel/drivers/net/slip/slhc.ko
  STRIP   /home/mert/Work/omarchy-mac-external-monitor/artifacts/usb4-backport/root/lib/modules/7.1.13-usb4-gpu-test/kernel/drivers/net/slip/slhc.ko
  INSTALL /home/mert/Work/omarchy-mac-external-monitor/artifacts/usb4-backport/root/lib/modules/7.1.13-usb4-gpu-test/kernel/drivers/net/ieee802154/fakelb.ko
  STRIP   /home/mert/Work/omarchy-mac-external-monitor/artifacts/usb4-backport/root/lib/modules/7.1.13-usb4-gpu-test/kernel/drivers/net/ieee802154/fakelb.ko
  INSTALL /home/mert/Work/omarchy-mac-external-monitor/artifacts/usb4-backport/root/lib/modules/7.1.13-usb4-gpu-test/kernel/drivers/net/ieee802154/atusb.ko
  STRIP   /home/mert/Work/omarchy-mac-external-monitor/artifacts/usb4-backport/root/lib/modules/7.1.13-usb4-gpu-test/kernel/drivers/net/ieee802154/atusb.ko
  INSTALL /home/mert/Work/omarchy-mac-external-monitor/artifacts/usb4-backport/root/lib/modules/7.1.13-usb4-gpu-test/kernel/drivers/net/thunderbolt/thunderbolt_net.ko
  STRIP   /home/mert/Work/omarchy-mac-external-monitor/artifacts/usb4-backport/root/lib/modules/7.1.13-usb4-gpu-test/kernel/drivers/net/thunderbolt/thunderbolt_net.ko
  INSTALL /home/mert/Work/omarchy-mac-external-monitor/artifacts/usb4-backport/root/lib/modules/7.1.13-usb4-gpu-test/kernel/drivers/net/net_failover.ko
  STRIP   /home/mert/Work/omarchy-mac-external-monitor/artifacts/usb4-backport/root/lib/modules/7.1.13-usb4-gpu-test/kernel/drivers/net/net_failover.ko
  INSTALL /home/mert/Work/omarchy-mac-external-monitor/artifacts/usb4-backport/root/lib/modules/7.1.13-usb4-gpu-test/kernel/drivers/usb/phy/phy-generic.ko
  STRIP   /home/mert/Work/omarchy-mac-external-monitor/artifacts/usb4-backport/root/lib/modules/7.1.13-usb4-gpu-test/kernel/drivers/usb/phy/phy-generic.ko
  INSTALL /home/mert/Work/omarchy-mac-external-monitor/artifacts/usb4-backport/root/lib/modules/7.1.13-usb4-gpu-test/kernel/drivers/usb/host/xhci-hcd.ko
  STRIP   /home/mert/Work/omarchy-mac-external-monitor/artifacts/usb4-backport/root/lib/modules/7.1.13-usb4-gpu-test/kernel/drivers/usb/host/xhci-hcd.ko
  INSTALL /home/mert/Work/omarchy-mac-external-monitor/artifacts/usb4-backport/root/lib/modules/7.1.13-usb4-gpu-test/kernel/drivers/usb/host/xhci-pci.ko
  STRIP   /home/mert/Work/omarchy-mac-external-monitor/artifacts/usb4-backport/root/lib/modules/7.1.13-usb4-gpu-test/kernel/drivers/usb/host/xhci-pci.ko
  INSTALL /home/mert/Work/omarchy-mac-external-monitor/artifacts/usb4-backport/root/lib/modules/7.1.13-usb4-gpu-test/kernel/drivers/usb/host/xhci-pci-renesas.ko
  STRIP   /home/mert/Work/omarchy-mac-external-monitor/artifacts/usb4-backport/root/lib/modules/7.1.13-usb4-gpu-test/kernel/drivers/usb/host/xhci-pci-renesas.ko
  INSTALL /home/mert/Work/omarchy-mac-external-monitor/artifacts/usb4-backport/root/lib/modules/7.1.13-usb4-gpu-test/kernel/drivers/usb/host/xhci-plat-hcd.ko
  STRIP   /home/mert/Work/omarchy-mac-external-monitor/artifacts/usb4-backport/root/lib/modules/7.1.13-usb4-gpu-test/kernel/drivers/usb/host/xhci-plat-hcd.ko
  INSTALL /home/mert/Work/omarchy-mac-external-monitor/artifacts/usb4-backport/root/lib/modules/7.1.13-usb4-gpu-test/kernel/drivers/usb/storage/uas.ko
  STRIP   /home/mert/Work/omarchy-mac-external-monitor/artifacts/usb4-backport/root/lib/modules/7.1.13-usb4-gpu-test/kernel/drivers/usb/storage/uas.ko
  INSTALL /home/mert/Work/omarchy-mac-external-monitor/artifacts/usb4-backport/root/lib/modules/7.1.13-usb4-gpu-test/kernel/drivers/usb/storage/usb-storage.ko
  STRIP   /home/mert/Work/omarchy-mac-external-monitor/artifacts/usb4-backport/root/lib/modules/7.1.13-usb4-gpu-test/kernel/drivers/usb/storage/usb-storage.ko
  INSTALL /home/mert/Work/omarchy-mac-external-monitor/artifacts/usb4-backport/root/lib/modules/7.1.13-usb4-gpu-test/kernel/drivers/usb/storage/ums-alauda.ko
  STRIP   /home/mert/Work/omarchy-mac-external-monitor/artifacts/usb4-backport/root/lib/modules/7.1.13-usb4-gpu-test/kernel/drivers/usb/storage/ums-alauda.ko
  INSTALL /home/mert/Work/omarchy-mac-external-monitor/artifacts/usb4-backport/root/lib/modules/7.1.13-usb4-gpu-test/kernel/drivers/usb/storage/ums-cypress.ko
  STRIP   /home/mert/Work/omarchy-mac-external-monitor/artifacts/usb4-backport/root/lib/modules/7.1.13-usb4-gpu-test/kernel/drivers/usb/storage/ums-cypress.ko
  INSTALL /home/mert/Work/omarchy-mac-external-monitor/artifacts/usb4-backport/root/lib/modules/7.1.13-usb4-gpu-test/kernel/drivers/usb/storage/ums-datafab.ko
  STRIP   /home/mert/Work/omarchy-mac-external-monitor/artifacts/usb4-backport/root/lib/modules/7.1.13-usb4-gpu-test/kernel/drivers/usb/storage/ums-datafab.ko
  INSTALL /home/mert/Work/omarchy-mac-external-monitor/artifacts/usb4-backport/root/lib/modules/7.1.13-usb4-gpu-test/kernel/drivers/usb/storage/ums-eneub6250.ko
  STRIP   /home/mert/Work/omarchy-mac-external-monitor/artifacts/usb4-backport/root/lib/modules/7.1.13-usb4-gpu-test/kernel/drivers/usb/storage/ums-eneub6250.ko
  INSTALL /home/mert/Work/omarchy-mac-external-monitor/artifacts/usb4-backport/root/lib/modules/7.1.13-usb4-gpu-test/kernel/drivers/usb/storage/ums-freecom.ko
  STRIP   /home/mert/Work/omarchy-mac-external-monitor/artifacts/usb4-backport/root/lib/modules/7.1.13-usb4-gpu-test/kernel/drivers/usb/storage/ums-freecom.ko
  INSTALL /home/mert/Work/omarchy-mac-external-monitor/artifacts/usb4-backport/root/lib/modules/7.1.13-usb4-gpu-test/kernel/drivers/usb/storage/ums-isd200.ko
  STRIP   /home/mert/Work/omarchy-mac-external-monitor/artifacts/usb4-backport/root/lib/modules/7.1.13-usb4-gpu-test/kernel/drivers/usb/storage/ums-isd200.ko
  INSTALL /home/mert/Work/omarchy-mac-external-monitor/artifacts/usb4-backport/root/lib/modules/7.1.13-usb4-gpu-test/kernel/drivers/usb/storage/ums-jumpshot.ko
  STRIP   /home/mert/Work/omarchy-mac-external-monitor/artifacts/usb4-backport/root/lib/modules/7.1.13-usb4-gpu-test/kernel/drivers/usb/storage/ums-jumpshot.ko
  INSTALL /home/mert/Work/omarchy-mac-external-monitor/artifacts/usb4-backport/root/lib/modules/7.1.13-usb4-gpu-test/kernel/drivers/usb/storage/ums-karma.ko
  STRIP   /home/mert/Work/omarchy-mac-external-monitor/artifacts/usb4-backport/root/lib/modules/7.1.13-usb4-gpu-test/kernel/drivers/usb/storage/ums-karma.ko
  INSTALL /home/mert/Work/omarchy-mac-external-monitor/artifacts/usb4-backport/root/lib/modules/7.1.13-usb4-gpu-test/kernel/drivers/usb/storage/ums-onetouch.ko
  STRIP   /home/mert/Work/omarchy-mac-external-monitor/artifacts/usb4-backport/root/lib/modules/7.1.13-usb4-gpu-test/kernel/drivers/usb/storage/ums-onetouch.ko
  INSTALL /home/mert/Work/omarchy-mac-external-monitor/artifacts/usb4-backport/root/lib/modules/7.1.13-usb4-gpu-test/kernel/drivers/usb/storage/ums-realtek.ko
  STRIP   /home/mert/Work/omarchy-mac-external-monitor/artifacts/usb4-backport/root/lib/modules/7.1.13-usb4-gpu-test/kernel/drivers/usb/storage/ums-realtek.ko
  INSTALL /home/mert/Work/omarchy-mac-external-monitor/artifacts/usb4-backport/root/lib/modules/7.1.13-usb4-gpu-test/kernel/drivers/usb/storage/ums-sddr09.ko
  STRIP   /home/mert/Work/omarchy-mac-external-monitor/artifacts/usb4-backport/root/lib/modules/7.1.13-usb4-gpu-test/kernel/drivers/usb/storage/ums-sddr09.ko
  INSTALL /home/mert/Work/omarchy-mac-external-monitor/artifacts/usb4-backport/root/lib/modules/7.1.13-usb4-gpu-test/kernel/drivers/usb/storage/ums-sddr55.ko
  STRIP   /home/mert/Work/omarchy-mac-external-monitor/artifacts/usb4-backport/root/lib/modules/7.1.13-usb4-gpu-test/kernel/drivers/usb/storage/ums-sddr55.ko
  INSTALL /home/mert/Work/omarchy-mac-external-monitor/artifacts/usb4-backport/root/lib/modules/7.1.13-usb4-gpu-test/kernel/drivers/usb/storage/ums-usbat.ko
  STRIP   /home/mert/Work/omarchy-mac-external-monitor/artifacts/usb4-backport/root/lib/modules/7.1.13-usb4-gpu-test/kernel/drivers/usb/storage/ums-usbat.ko
  INSTALL /home/mert/Work/omarchy-mac-external-monitor/artifacts/usb4-backport/root/lib/modules/7.1.13-usb4-gpu-test/kernel/drivers/usb/misc/adutux.ko
  STRIP   /home/mert/Work/omarchy-mac-external-monitor/artifacts/usb4-backport/root/lib/modules/7.1.13-usb4-gpu-test/kernel/drivers/usb/misc/adutux.ko
  INSTALL /home/mert/Work/omarchy-mac-external-monitor/artifacts/usb4-backport/root/lib/modules/7.1.13-usb4-gpu-test/kernel/drivers/usb/misc/appledisplay.ko
  STRIP   /home/mert/Work/omarchy-mac-external-monitor/artifacts/usb4-backport/root/lib/modules/7.1.13-usb4-gpu-test/kernel/drivers/usb/misc/appledisplay.ko
  INSTALL /home/mert/Work/omarchy-mac-external-monitor/artifacts/usb4-backport/root/lib/modules/7.1.13-usb4-gpu-test/kernel/drivers/usb/misc/emi26.ko
  STRIP   /home/mert/Work/omarchy-mac-external-monitor/artifacts/usb4-backport/root/lib/modules/7.1.13-usb4-gpu-test/kernel/drivers/usb/misc/emi26.ko
  INSTALL /home/mert/Work/omarchy-mac-external-monitor/artifacts/usb4-backport/root/lib/modules/7.1.13-usb4-gpu-test/kernel/drivers/usb/misc/emi62.ko
  STRIP   /home/mert/Work/omarchy-mac-external-monitor/artifacts/usb4-backport/root/lib/modules/7.1.13-usb4-gpu-test/kernel/drivers/usb/misc/emi62.ko
  INSTALL /home/mert/Work/omarchy-mac-external-monitor/artifacts/usb4-backport/root/lib/modules/7.1.13-usb4-gpu-test/kernel/drivers/usb/misc/ezusb.ko
  STRIP   /home/mert/Work/omarchy-mac-external-monitor/artifacts/usb4-backport/root/lib/modules/7.1.13-usb4-gpu-test/kernel/drivers/usb/misc/ezusb.ko
  INSTALL /home/mert/Work/omarchy-mac-external-monitor/artifacts/usb4-backport/root/lib/modules/7.1.13-usb4-gpu-test/kernel/drivers/usb/misc/apple-mfi-fastcharge.ko
  STRIP   /home/mert/Work/omarchy-mac-external-monitor/artifacts/usb4-backport/root/lib/modules/7.1.13-usb4-gpu-test/kernel/drivers/usb/misc/apple-mfi-fastcharge.ko
  INSTALL /home/mert/Work/omarchy-mac-external-monitor/artifacts/usb4-backport/root/lib/modules/7.1.13-usb4-gpu-test/kernel/drivers/usb/misc/idmouse.ko
  STRIP   /home/mert/Work/omarchy-mac-external-monitor/artifacts/usb4-backport/root/lib/modules/7.1.13-usb4-gpu-test/kernel/drivers/usb/misc/idmouse.ko
  INSTALL /home/mert/Work/omarchy-mac-external-monitor/artifacts/usb4-backport/root/lib/modules/7.1.13-usb4-gpu-test/kernel/drivers/usb/misc/iowarrior.ko
  STRIP   /home/mert/Work/omarchy-mac-external-monitor/artifacts/usb4-backport/root/lib/modules/7.1.13-usb4-gpu-test/kernel/drivers/usb/misc/iowarrior.ko
  INSTALL /home/mert/Work/omarchy-mac-external-monitor/artifacts/usb4-backport/root/lib/modules/7.1.13-usb4-gpu-test/kernel/drivers/usb/misc/isight_firmware.ko
  STRIP   /home/mert/Work/omarchy-mac-external-monitor/artifacts/usb4-backport/root/lib/modules/7.1.13-usb4-gpu-test/kernel/drivers/usb/misc/isight_firmware.ko
  INSTALL /home/mert/Work/omarchy-mac-external-monitor/artifacts/usb4-backport/root/lib/modules/7.1.13-usb4-gpu-test/kernel/drivers/usb/misc/usblcd.ko
  STRIP   /home/mert/Work/omarchy-mac-external-monitor/artifacts/usb4-backport/root/lib/modules/7.1.13-usb4-gpu-test/kernel/drivers/usb/misc/usblcd.ko
  INSTALL /home/mert/Work/omarchy-mac-external-monitor/artifacts/usb4-backport/root/lib/modules/7.1.13-usb4-gpu-test/kernel/drivers/usb/misc/ldusb.ko
  STRIP   /home/mert/Work/omarchy-mac-external-monitor/artifacts/usb4-backport/root/lib/modules/7.1.13-usb4-gpu-test/kernel/drivers/usb/misc/ldusb.ko
  INSTALL /home/mert/Work/omarchy-mac-external-monitor/artifacts/usb4-backport/root/lib/modules/7.1.13-usb4-gpu-test/kernel/drivers/usb/misc/legousbtower.ko
  STRIP   /home/mert/Work/omarchy-mac-external-monitor/artifacts/usb4-backport/root/lib/modules/7.1.13-usb4-gpu-test/kernel/drivers/usb/misc/legousbtower.ko
  INSTALL /home/mert/Work/omarchy-mac-external-monitor/artifacts/usb4-backport/root/lib/modules/7.1.13-usb4-gpu-test/kernel/drivers/usb/misc/trancevibrator.ko
  STRIP   /home/mert/Work/omarchy-mac-external-monitor/artifacts/usb4-backport/root/lib/modules/7.1.13-usb4-gpu-test/kernel/drivers/usb/misc/trancevibrator.ko
  INSTALL /home/mert/Work/omarchy-mac-external-monitor/artifacts/usb4-backport/root/lib/modules/7.1.13-usb4-gpu-test/kernel/drivers/usb/misc/usbsevseg.ko
  STRIP   /home/mert/Work/omarchy-mac-external-monitor/artifacts/usb4-backport/root/lib/modules/7.1.13-usb4-gpu-test/kernel/drivers/usb/misc/usbsevseg.ko
  INSTALL /home/mert/Work/omarchy-mac-external-monitor/artifacts/usb4-backport/root/lib/modules/7.1.13-usb4-gpu-test/kernel/drivers/usb/misc/yurex.ko
  STRIP   /home/mert/Work/omarchy-mac-external-monitor/artifacts/usb4-backport/root/lib/modules/7.1.13-usb4-gpu-test/kernel/drivers/usb/misc/yurex.ko
  INSTALL /home/mert/Work/omarchy-mac-external-monitor/artifacts/usb4-backport/root/lib/modules/7.1.13-usb4-gpu-test/kernel/drivers/usb/misc/chaoskey.ko
  STRIP   /home/mert/Work/omarchy-mac-external-monitor/artifacts/usb4-backport/root/lib/modules/7.1.13-usb4-gpu-test/kernel/drivers/usb/misc/chaoskey.ko
  INSTALL /home/mert/Work/omarchy-mac-external-monitor/artifacts/usb4-backport/root/lib/modules/7.1.13-usb4-gpu-test/kernel/drivers/usb/dwc3/dwc3.ko
  STRIP   /home/mert/Work/omarchy-mac-external-monitor/artifacts/usb4-backport/root/lib/modules/7.1.13-usb4-gpu-test/kernel/drivers/usb/dwc3/dwc3.ko
  INSTALL /home/mert/Work/omarchy-mac-external-monitor/artifacts/usb4-backport/root/lib/modules/7.1.13-usb4-gpu-test/kernel/drivers/usb/dwc3/dwc3-apple.ko
  STRIP   /home/mert/Work/omarchy-mac-external-monitor/artifacts/usb4-backport/root/lib/modules/7.1.13-usb4-gpu-test/kernel/drivers/usb/dwc3/dwc3-apple.ko
  INSTALL /home/mert/Work/omarchy-mac-external-monitor/artifacts/usb4-backport/root/lib/modules/7.1.13-usb4-gpu-test/kernel/drivers/usb/dwc3/dwc3-haps.ko
  STRIP   /home/mert/Work/omarchy-mac-external-monitor/artifacts/usb4-backport/root/lib/modules/7.1.13-usb4-gpu-test/kernel/drivers/usb/dwc3/dwc3-haps.ko
  INSTALL /home/mert/Work/omarchy-mac-external-monitor/artifacts/usb4-backport/root/lib/modules/7.1.13-usb4-gpu-test/kernel/drivers/usb/dwc3/dwc3-of-simple.ko
  STRIP   /home/mert/Work/omarchy-mac-external-monitor/artifacts/usb4-backport/root/lib/modules/7.1.13-usb4-gpu-test/kernel/drivers/usb/dwc3/dwc3-of-simple.ko
  INSTALL /home/mert/Work/omarchy-mac-external-monitor/artifacts/usb4-backport/root/lib/modules/7.1.13-usb4-gpu-test/kernel/drivers/usb/dwc3/dwc3-generic-plat.ko
  STRIP   /home/mert/Work/omarchy-mac-external-monitor/artifacts/usb4-backport/root/lib/modules/7.1.13-usb4-gpu-test/kernel/drivers/usb/dwc3/dwc3-generic-plat.ko
  INSTALL /home/mert/Work/omarchy-mac-external-monitor/artifacts/usb4-backport/root/lib/modules/7.1.13-usb4-gpu-test/kernel/drivers/usb/mon/usbmon.ko
  STRIP   /home/mert/Work/omarchy-mac-external-monitor/artifacts/usb4-backport/root/lib/modules/7.1.13-usb4-gpu-test/kernel/drivers/usb/mon/usbmon.ko
  INSTALL /home/mert/Work/omarchy-mac-external-monitor/artifacts/usb4-backport/root/lib/modules/7.1.13-usb4-gpu-test/kernel/drivers/usb/class/cdc-acm.ko
  STRIP   /home/mert/Work/omarchy-mac-external-monitor/artifacts/usb4-backport/root/lib/modules/7.1.13-usb4-gpu-test/kernel/drivers/usb/class/cdc-acm.ko
  INSTALL /home/mert/Work/omarchy-mac-external-monitor/artifacts/usb4-backport/root/lib/modules/7.1.13-usb4-gpu-test/kernel/drivers/usb/class/usblp.ko
  STRIP   /home/mert/Work/omarchy-mac-external-monitor/artifacts/usb4-backport/root/lib/modules/7.1.13-usb4-gpu-test/kernel/drivers/usb/class/usblp.ko
  INSTALL /home/mert/Work/omarchy-mac-external-monitor/artifacts/usb4-backport/root/lib/modules/7.1.13-usb4-gpu-test/kernel/drivers/usb/class/cdc-wdm.ko
  STRIP   /home/mert/Work/omarchy-mac-external-monitor/artifacts/usb4-backport/root/lib/modules/7.1.13-usb4-gpu-test/kernel/drivers/usb/class/cdc-wdm.ko
  INSTALL /home/mert/Work/omarchy-mac-external-monitor/artifacts/usb4-backport/root/lib/modules/7.1.13-usb4-gpu-test/kernel/drivers/usb/class/usbtmc.ko
  STRIP   /home/mert/Work/omarchy-mac-external-monitor/artifacts/usb4-backport/root/lib/modules/7.1.13-usb4-gpu-test/kernel/drivers/usb/class/usbtmc.ko
  INSTALL /home/mert/Work/omarchy-mac-external-monitor/artifacts/usb4-backport/root/lib/modules/7.1.13-usb4-gpu-test/kernel/drivers/usb/image/mdc800.ko
  STRIP   /home/mert/Work/omarchy-mac-external-monitor/artifacts/usb4-backport/root/lib/modules/7.1.13-usb4-gpu-test/kernel/drivers/usb/image/mdc800.ko
  INSTALL /home/mert/Work/omarchy-mac-external-monitor/artifacts/usb4-backport/root/lib/modules/7.1.13-usb4-gpu-test/kernel/drivers/usb/image/microtek.ko
  STRIP   /home/mert/Work/omarchy-mac-external-monitor/artifacts/usb4-backport/root/lib/modules/7.1.13-usb4-gpu-test/kernel/drivers/usb/image/microtek.ko
  INSTALL /home/mert/Work/omarchy-mac-external-monitor/artifacts/usb4-backport/root/lib/modules/7.1.13-usb4-gpu-test/kernel/drivers/usb/serial/usbserial.ko
  STRIP   /home/mert/Work/omarchy-mac-external-monitor/artifacts/usb4-backport/root/lib/modules/7.1.13-usb4-gpu-test/kernel/drivers/usb/serial/usbserial.ko
  INSTALL /home/mert/Work/omarchy-mac-external-monitor/artifacts/usb4-backport/root/lib/modules/7.1.13-usb4-gpu-test/kernel/drivers/usb/serial/aircable.ko
  STRIP   /home/mert/Work/omarchy-mac-external-monitor/artifacts/usb4-backport/root/lib/modules/7.1.13-usb4-gpu-test/kernel/drivers/usb/serial/aircable.ko
  INSTALL /home/mert/Work/omarchy-mac-external-monitor/artifacts/usb4-backport/root/lib/modules/7.1.13-usb4-gpu-test/kernel/drivers/usb/serial/ark3116.ko
  STRIP   /home/mert/Work/omarchy-mac-external-monitor/artifacts/usb4-backport/root/lib/modules/7.1.13-usb4-gpu-test/kernel/drivers/usb/serial/ark3116.ko
  INSTALL /home/mert/Work/omarchy-mac-external-monitor/artifacts/usb4-backport/root/lib/modules/7.1.13-usb4-gpu-test/kernel/drivers/usb/serial/belkin_sa.ko
  STRIP   /home/mert/Work/omarchy-mac-external-monitor/artifacts/usb4-backport/root/lib/modules/7.1.13-usb4-gpu-test/kernel/drivers/usb/serial/belkin_sa.ko
  INSTALL /home/mert/Work/omarchy-mac-external-monitor/artifacts/usb4-backport/root/lib/modules/7.1.13-usb4-gpu-test/kernel/drivers/usb/serial/ch341.ko
  STRIP   /home/mert/Work/omarchy-mac-external-monitor/artifacts/usb4-backport/root/lib/modules/7.1.13-usb4-gpu-test/kernel/drivers/usb/serial/ch341.ko
  INSTALL /home/mert/Work/omarchy-mac-external-monitor/artifacts/usb4-backport/root/lib/modules/7.1.13-usb4-gpu-test/kernel/drivers/usb/serial/cp210x.ko
  STRIP   /home/mert/Work/omarchy-mac-external-monitor/artifacts/usb4-backport/root/lib/modules/7.1.13-usb4-gpu-test/kernel/drivers/usb/serial/cp210x.ko
  INSTALL /home/mert/Work/omarchy-mac-external-monitor/artifacts/usb4-backport/root/lib/modules/7.1.13-usb4-gpu-test/kernel/drivers/usb/serial/cyberjack.ko
  STRIP   /home/mert/Work/omarchy-mac-external-monitor/artifacts/usb4-backport/root/lib/modules/7.1.13-usb4-gpu-test/kernel/drivers/usb/serial/cyberjack.ko
  INSTALL /home/mert/Work/omarchy-mac-external-monitor/artifacts/usb4-backport/root/lib/modules/7.1.13-usb4-gpu-test/kernel/drivers/usb/serial/cypress_m8.ko
  STRIP   /home/mert/Work/omarchy-mac-external-monitor/artifacts/usb4-backport/root/lib/modules/7.1.13-usb4-gpu-test/kernel/drivers/usb/serial/cypress_m8.ko
  INSTALL /home/mert/Work/omarchy-mac-external-monitor/artifacts/usb4-backport/root/lib/modules/7.1.13-usb4-gpu-test/kernel/drivers/usb/serial/usb_debug.ko
  STRIP   /home/mert/Work/omarchy-mac-external-monitor/artifacts/usb4-backport/root/lib/modules/7.1.13-usb4-gpu-test/kernel/drivers/usb/serial/usb_debug.ko
  INSTALL /home/mert/Work/omarchy-mac-external-monitor/artifacts/usb4-backport/root/lib/modules/7.1.13-usb4-gpu-test/kernel/drivers/usb/serial/digi_acceleport.ko
  STRIP   /home/mert/Work/omarchy-mac-external-monitor/artifacts/usb4-backport/root/lib/modules/7.1.13-usb4-gpu-test/kernel/drivers/usb/serial/digi_acceleport.ko
  INSTALL /home/mert/Work/omarchy-mac-external-monitor/artifacts/usb4-backport/root/lib/modules/7.1.13-usb4-gpu-test/kernel/drivers/usb/serial/io_edgeport.ko
  STRIP   /home/mert/Work/omarchy-mac-external-monitor/artifacts/usb4-backport/root/lib/modules/7.1.13-usb4-gpu-test/kernel/drivers/usb/serial/io_edgeport.ko
  INSTALL /home/mert/Work/omarchy-mac-external-monitor/artifacts/usb4-backport/root/lib/modules/7.1.13-usb4-gpu-test/kernel/drivers/usb/serial/io_ti.ko
  STRIP   /home/mert/Work/omarchy-mac-external-monitor/artifacts/usb4-backport/root/lib/modules/7.1.13-usb4-gpu-test/kernel/drivers/usb/serial/io_ti.ko
  INSTALL /home/mert/Work/omarchy-mac-external-monitor/artifacts/usb4-backport/root/lib/modules/7.1.13-usb4-gpu-test/kernel/drivers/usb/serial/empeg.ko
  STRIP   /home/mert/Work/omarchy-mac-external-monitor/artifacts/usb4-backport/root/lib/modules/7.1.13-usb4-gpu-test/kernel/drivers/usb/serial/empeg.ko
  INSTALL /home/mert/Work/omarchy-mac-external-monitor/artifacts/usb4-backport/root/lib/modules/7.1.13-usb4-gpu-test/kernel/drivers/usb/serial/f81232.ko
  STRIP   /home/mert/Work/omarchy-mac-external-monitor/artifacts/usb4-backport/root/lib/modules/7.1.13-usb4-gpu-test/kernel/drivers/usb/serial/f81232.ko
  INSTALL /home/mert/Work/omarchy-mac-external-monitor/artifacts/usb4-backport/root/lib/modules/7.1.13-usb4-gpu-test/kernel/drivers/usb/serial/f81534.ko
  STRIP   /home/mert/Work/omarchy-mac-external-monitor/artifacts/usb4-backport/root/lib/modules/7.1.13-usb4-gpu-test/kernel/drivers/usb/serial/f81534.ko
  INSTALL /home/mert/Work/omarchy-mac-external-monitor/artifacts/usb4-backport/root/lib/modules/7.1.13-usb4-gpu-test/kernel/drivers/usb/serial/ftdi_sio.ko
  STRIP   /home/mert/Work/omarchy-mac-external-monitor/artifacts/usb4-backport/root/lib/modules/7.1.13-usb4-gpu-test/kernel/drivers/usb/serial/ftdi_sio.ko
  INSTALL /home/mert/Work/omarchy-mac-external-monitor/artifacts/usb4-backport/root/lib/modules/7.1.13-usb4-gpu-test/kernel/drivers/usb/serial/garmin_gps.ko
  STRIP   /home/mert/Work/omarchy-mac-external-monitor/artifacts/usb4-backport/root/lib/modules/7.1.13-usb4-gpu-test/kernel/drivers/usb/serial/garmin_gps.ko
  INSTALL /home/mert/Work/omarchy-mac-external-monitor/artifacts/usb4-backport/root/lib/modules/7.1.13-usb4-gpu-test/kernel/drivers/usb/serial/ipaq.ko
  STRIP   /home/mert/Work/omarchy-mac-external-monitor/artifacts/usb4-backport/root/lib/modules/7.1.13-usb4-gpu-test/kernel/drivers/usb/serial/ipaq.ko
  INSTALL /home/mert/Work/omarchy-mac-external-monitor/artifacts/usb4-backport/root/lib/modules/7.1.13-usb4-gpu-test/kernel/drivers/usb/serial/ipw.ko
  STRIP   /home/mert/Work/omarchy-mac-external-monitor/artifacts/usb4-backport/root/lib/modules/7.1.13-usb4-gpu-test/kernel/drivers/usb/serial/ipw.ko
  INSTALL /home/mert/Work/omarchy-mac-external-monitor/artifacts/usb4-backport/root/lib/modules/7.1.13-usb4-gpu-test/kernel/drivers/usb/serial/ir-usb.ko
  STRIP   /home/mert/Work/omarchy-mac-external-monitor/artifacts/usb4-backport/root/lib/modules/7.1.13-usb4-gpu-test/kernel/drivers/usb/serial/ir-usb.ko
  INSTALL /home/mert/Work/omarchy-mac-external-monitor/artifacts/usb4-backport/root/lib/modules/7.1.13-usb4-gpu-test/kernel/drivers/usb/serial/iuu_phoenix.ko
  STRIP   /home/mert/Work/omarchy-mac-external-monitor/artifacts/usb4-backport/root/lib/modules/7.1.13-usb4-gpu-test/kernel/drivers/usb/serial/iuu_phoenix.ko
  INSTALL /home/mert/Work/omarchy-mac-external-monitor/artifacts/usb4-backport/root/lib/modules/7.1.13-usb4-gpu-test/kernel/drivers/usb/serial/keyspan.ko
  STRIP   /home/mert/Work/omarchy-mac-external-monitor/artifacts/usb4-backport/root/lib/modules/7.1.13-usb4-gpu-test/kernel/drivers/usb/serial/keyspan.ko
  INSTALL /home/mert/Work/omarchy-mac-external-monitor/artifacts/usb4-backport/root/lib/modules/7.1.13-usb4-gpu-test/kernel/drivers/usb/serial/keyspan_pda.ko
  STRIP   /home/mert/Work/omarchy-mac-external-monitor/artifacts/usb4-backport/root/lib/modules/7.1.13-usb4-gpu-test/kernel/drivers/usb/serial/keyspan_pda.ko
  INSTALL /home/mert/Work/omarchy-mac-external-monitor/artifacts/usb4-backport/root/lib/modules/7.1.13-usb4-gpu-test/kernel/drivers/usb/serial/kl5kusb105.ko
  STRIP   /home/mert/Work/omarchy-mac-external-monitor/artifacts/usb4-backport/root/lib/modules/7.1.13-usb4-gpu-test/kernel/drivers/usb/serial/kl5kusb105.ko
  INSTALL /home/mert/Work/omarchy-mac-external-monitor/artifacts/usb4-backport/root/lib/modules/7.1.13-usb4-gpu-test/kernel/drivers/usb/serial/kobil_sct.ko
  STRIP   /home/mert/Work/omarchy-mac-external-monitor/artifacts/usb4-backport/root/lib/modules/7.1.13-usb4-gpu-test/kernel/drivers/usb/serial/kobil_sct.ko
  INSTALL /home/mert/Work/omarchy-mac-external-monitor/artifacts/usb4-backport/root/lib/modules/7.1.13-usb4-gpu-test/kernel/drivers/usb/serial/mct_u232.ko
  STRIP   /home/mert/Work/omarchy-mac-external-monitor/artifacts/usb4-backport/root/lib/modules/7.1.13-usb4-gpu-test/kernel/drivers/usb/serial/mct_u232.ko
  INSTALL /home/mert/Work/omarchy-mac-external-monitor/artifacts/usb4-backport/root/lib/modules/7.1.13-usb4-gpu-test/kernel/drivers/usb/serial/metro-usb.ko
  STRIP   /home/mert/Work/omarchy-mac-external-monitor/artifacts/usb4-backport/root/lib/modules/7.1.13-usb4-gpu-test/kernel/drivers/usb/serial/metro-usb.ko
  INSTALL /home/mert/Work/omarchy-mac-external-monitor/artifacts/usb4-backport/root/lib/modules/7.1.13-usb4-gpu-test/kernel/drivers/usb/serial/mos7720.ko
  STRIP   /home/mert/Work/omarchy-mac-external-monitor/artifacts/usb4-backport/root/lib/modules/7.1.13-usb4-gpu-test/kernel/drivers/usb/serial/mos7720.ko
  INSTALL /home/mert/Work/omarchy-mac-external-monitor/artifacts/usb4-backport/root/lib/modules/7.1.13-usb4-gpu-test/kernel/drivers/usb/serial/mos7840.ko
  STRIP   /home/mert/Work/omarchy-mac-external-monitor/artifacts/usb4-backport/root/lib/modules/7.1.13-usb4-gpu-test/kernel/drivers/usb/serial/mos7840.ko
  INSTALL /home/mert/Work/omarchy-mac-external-monitor/artifacts/usb4-backport/root/lib/modules/7.1.13-usb4-gpu-test/kernel/drivers/usb/serial/mxuport.ko
  STRIP   /home/mert/Work/omarchy-mac-external-monitor/artifacts/usb4-backport/root/lib/modules/7.1.13-usb4-gpu-test/kernel/drivers/usb/serial/mxuport.ko
  INSTALL /home/mert/Work/omarchy-mac-external-monitor/artifacts/usb4-backport/root/lib/modules/7.1.13-usb4-gpu-test/kernel/drivers/usb/serial/navman.ko
  STRIP   /home/mert/Work/omarchy-mac-external-monitor/artifacts/usb4-backport/root/lib/modules/7.1.13-usb4-gpu-test/kernel/drivers/usb/serial/navman.ko
  INSTALL /home/mert/Work/omarchy-mac-external-monitor/artifacts/usb4-backport/root/lib/modules/7.1.13-usb4-gpu-test/kernel/drivers/usb/serial/omninet.ko
  STRIP   /home/mert/Work/omarchy-mac-external-monitor/artifacts/usb4-backport/root/lib/modules/7.1.13-usb4-gpu-test/kernel/drivers/usb/serial/omninet.ko
  INSTALL /home/mert/Work/omarchy-mac-external-monitor/artifacts/usb4-backport/root/lib/modules/7.1.13-usb4-gpu-test/kernel/drivers/usb/serial/opticon.ko
  STRIP   /home/mert/Work/omarchy-mac-external-monitor/artifacts/usb4-backport/root/lib/modules/7.1.13-usb4-gpu-test/kernel/drivers/usb/serial/opticon.ko
  INSTALL /home/mert/Work/omarchy-mac-external-monitor/artifacts/usb4-backport/root/lib/modules/7.1.13-usb4-gpu-test/kernel/drivers/usb/serial/option.ko
  STRIP   /home/mert/Work/omarchy-mac-external-monitor/artifacts/usb4-backport/root/lib/modules/7.1.13-usb4-gpu-test/kernel/drivers/usb/serial/option.ko
  INSTALL /home/mert/Work/omarchy-mac-external-monitor/artifacts/usb4-backport/root/lib/modules/7.1.13-usb4-gpu-test/kernel/drivers/usb/serial/oti6858.ko
  STRIP   /home/mert/Work/omarchy-mac-external-monitor/artifacts/usb4-backport/root/lib/modules/7.1.13-usb4-gpu-test/kernel/drivers/usb/serial/oti6858.ko
  INSTALL /home/mert/Work/omarchy-mac-external-monitor/artifacts/usb4-backport/root/lib/modules/7.1.13-usb4-gpu-test/kernel/drivers/usb/serial/pl2303.ko
  STRIP   /home/mert/Work/omarchy-mac-external-monitor/artifacts/usb4-backport/root/lib/modules/7.1.13-usb4-gpu-test/kernel/drivers/usb/serial/pl2303.ko
  INSTALL /home/mert/Work/omarchy-mac-external-monitor/artifacts/usb4-backport/root/lib/modules/7.1.13-usb4-gpu-test/kernel/drivers/usb/serial/qcaux.ko
  STRIP   /home/mert/Work/omarchy-mac-external-monitor/artifacts/usb4-backport/root/lib/modules/7.1.13-usb4-gpu-test/kernel/drivers/usb/serial/qcaux.ko
  INSTALL /home/mert/Work/omarchy-mac-external-monitor/artifacts/usb4-backport/root/lib/modules/7.1.13-usb4-gpu-test/kernel/drivers/usb/serial/qcserial.ko
  STRIP   /home/mert/Work/omarchy-mac-external-monitor/artifacts/usb4-backport/root/lib/modules/7.1.13-usb4-gpu-test/kernel/drivers/usb/serial/qcserial.ko
  INSTALL /home/mert/Work/omarchy-mac-external-monitor/artifacts/usb4-backport/root/lib/modules/7.1.13-usb4-gpu-test/kernel/drivers/usb/serial/quatech2.ko
  STRIP   /home/mert/Work/omarchy-mac-external-monitor/artifacts/usb4-backport/root/lib/modules/7.1.13-usb4-gpu-test/kernel/drivers/usb/serial/quatech2.ko
  INSTALL /home/mert/Work/omarchy-mac-external-monitor/artifacts/usb4-backport/root/lib/modules/7.1.13-usb4-gpu-test/kernel/drivers/usb/serial/safe_serial.ko
  STRIP   /home/mert/Work/omarchy-mac-external-monitor/artifacts/usb4-backport/root/lib/modules/7.1.13-usb4-gpu-test/kernel/drivers/usb/serial/safe_serial.ko
  INSTALL /home/mert/Work/omarchy-mac-external-monitor/artifacts/usb4-backport/root/lib/modules/7.1.13-usb4-gpu-test/kernel/drivers/usb/serial/sierra.ko
  STRIP   /home/mert/Work/omarchy-mac-external-monitor/artifacts/usb4-backport/root/lib/modules/7.1.13-usb4-gpu-test/kernel/drivers/usb/serial/sierra.ko
  INSTALL /home/mert/Work/omarchy-mac-external-monitor/artifacts/usb4-backport/root/lib/modules/7.1.13-usb4-gpu-test/kernel/drivers/usb/serial/usb-serial-simple.ko
  STRIP   /home/mert/Work/omarchy-mac-external-monitor/artifacts/usb4-backport/root/lib/modules/7.1.13-usb4-gpu-test/kernel/drivers/usb/serial/usb-serial-simple.ko
  INSTALL /home/mert/Work/omarchy-mac-external-monitor/artifacts/usb4-backport/root/lib/modules/7.1.13-usb4-gpu-test/kernel/drivers/usb/serial/spcp8x5.ko
  STRIP   /home/mert/Work/omarchy-mac-external-monitor/artifacts/usb4-backport/root/lib/modules/7.1.13-usb4-gpu-test/kernel/drivers/usb/serial/spcp8x5.ko
  INSTALL /home/mert/Work/omarchy-mac-external-monitor/artifacts/usb4-backport/root/lib/modules/7.1.13-usb4-gpu-test/kernel/drivers/usb/serial/ssu100.ko
  STRIP   /home/mert/Work/omarchy-mac-external-monitor/artifacts/usb4-backport/root/lib/modules/7.1.13-usb4-gpu-test/kernel/drivers/usb/serial/ssu100.ko
  INSTALL /home/mert/Work/omarchy-mac-external-monitor/artifacts/usb4-backport/root/lib/modules/7.1.13-usb4-gpu-test/kernel/drivers/usb/serial/symbolserial.ko
  STRIP   /home/mert/Work/omarchy-mac-external-monitor/artifacts/usb4-backport/root/lib/modules/7.1.13-usb4-gpu-test/kernel/drivers/usb/serial/symbolserial.ko
  INSTALL /home/mert/Work/omarchy-mac-external-monitor/artifacts/usb4-backport/root/lib/modules/7.1.13-usb4-gpu-test/kernel/drivers/usb/serial/usb_wwan.ko
  STRIP   /home/mert/Work/omarchy-mac-external-monitor/artifacts/usb4-backport/root/lib/modules/7.1.13-usb4-gpu-test/kernel/drivers/usb/serial/usb_wwan.ko
  INSTALL /home/mert/Work/omarchy-mac-external-monitor/artifacts/usb4-backport/root/lib/modules/7.1.13-usb4-gpu-test/kernel/drivers/usb/serial/ti_usb_3410_5052.ko
  STRIP   /home/mert/Work/omarchy-mac-external-monitor/artifacts/usb4-backport/root/lib/modules/7.1.13-usb4-gpu-test/kernel/drivers/usb/serial/ti_usb_3410_5052.ko
  INSTALL /home/mert/Work/omarchy-mac-external-monitor/artifacts/usb4-backport/root/lib/modules/7.1.13-usb4-gpu-test/kernel/drivers/usb/serial/upd78f0730.ko
  STRIP   /home/mert/Work/omarchy-mac-external-monitor/artifacts/usb4-backport/root/lib/modules/7.1.13-usb4-gpu-test/kernel/drivers/usb/serial/upd78f0730.ko
  INSTALL /home/mert/Work/omarchy-mac-external-monitor/artifacts/usb4-backport/root/lib/modules/7.1.13-usb4-gpu-test/kernel/drivers/usb/serial/visor.ko
  STRIP   /home/mert/Work/omarchy-mac-external-monitor/artifacts/usb4-backport/root/lib/modules/7.1.13-usb4-gpu-test/kernel/drivers/usb/serial/visor.ko
  INSTALL /home/mert/Work/omarchy-mac-external-monitor/artifacts/usb4-backport/root/lib/modules/7.1.13-usb4-gpu-test/kernel/drivers/usb/serial/wishbone-serial.ko
  STRIP   /home/mert/Work/omarchy-mac-external-monitor/artifacts/usb4-backport/root/lib/modules/7.1.13-usb4-gpu-test/kernel/drivers/usb/serial/wishbone-serial.ko
  INSTALL /home/mert/Work/omarchy-mac-external-monitor/artifacts/usb4-backport/root/lib/modules/7.1.13-usb4-gpu-test/kernel/drivers/usb/serial/whiteheat.ko
  STRIP   /home/mert/Work/omarchy-mac-external-monitor/artifacts/usb4-backport/root/lib/modules/7.1.13-usb4-gpu-test/kernel/drivers/usb/serial/whiteheat.ko
  INSTALL /home/mert/Work/omarchy-mac-external-monitor/artifacts/usb4-backport/root/lib/modules/7.1.13-usb4-gpu-test/kernel/drivers/usb/serial/xr_serial.ko
  STRIP   /home/mert/Work/omarchy-mac-external-monitor/artifacts/usb4-backport/root/lib/modules/7.1.13-usb4-gpu-test/kernel/drivers/usb/serial/xr_serial.ko
  INSTALL /home/mert/Work/omarchy-mac-external-monitor/artifacts/usb4-backport/root/lib/modules/7.1.13-usb4-gpu-test/kernel/drivers/usb/serial/xsens_mt.ko
  STRIP   /home/mert/Work/omarchy-mac-external-monitor/artifacts/usb4-backport/root/lib/modules/7.1.13-usb4-gpu-test/kernel/drivers/usb/serial/xsens_mt.ko
  INSTALL /home/mert/Work/omarchy-mac-external-monitor/artifacts/usb4-backport/root/lib/modules/7.1.13-usb4-gpu-test/kernel/drivers/usb/atm/cxacru.ko
  STRIP   /home/mert/Work/omarchy-mac-external-monitor/artifacts/usb4-backport/root/lib/modules/7.1.13-usb4-gpu-test/kernel/drivers/usb/atm/cxacru.ko
  INSTALL /home/mert/Work/omarchy-mac-external-monitor/artifacts/usb4-backport/root/lib/modules/7.1.13-usb4-gpu-test/kernel/drivers/usb/atm/ueagle-atm.ko
  STRIP   /home/mert/Work/omarchy-mac-external-monitor/artifacts/usb4-backport/root/lib/modules/7.1.13-usb4-gpu-test/kernel/drivers/usb/atm/ueagle-atm.ko
  INSTALL /home/mert/Work/omarchy-mac-external-monitor/artifacts/usb4-backport/root/lib/modules/7.1.13-usb4-gpu-test/kernel/drivers/usb/atm/usbatm.ko
  STRIP   /home/mert/Work/omarchy-mac-external-monitor/artifacts/usb4-backport/root/lib/modules/7.1.13-usb4-gpu-test/kernel/drivers/usb/atm/usbatm.ko
  INSTALL /home/mert/Work/omarchy-mac-external-monitor/artifacts/usb4-backport/root/lib/modules/7.1.13-usb4-gpu-test/kernel/drivers/usb/atm/xusbatm.ko
  STRIP   /home/mert/Work/omarchy-mac-external-monitor/artifacts/usb4-backport/root/lib/modules/7.1.13-usb4-gpu-test/kernel/drivers/usb/atm/xusbatm.ko
  INSTALL /home/mert/Work/omarchy-mac-external-monitor/artifacts/usb4-backport/root/lib/modules/7.1.13-usb4-gpu-test/kernel/drivers/usb/chipidea/ci_hdrc.ko
  STRIP   /home/mert/Work/omarchy-mac-external-monitor/artifacts/usb4-backport/root/lib/modules/7.1.13-usb4-gpu-test/kernel/drivers/usb/chipidea/ci_hdrc.ko
  INSTALL /home/mert/Work/omarchy-mac-external-monitor/artifacts/usb4-backport/root/lib/modules/7.1.13-usb4-gpu-test/kernel/drivers/usb/chipidea/ci_hdrc_usb2.ko
  STRIP   /home/mert/Work/omarchy-mac-external-monitor/artifacts/usb4-backport/root/lib/modules/7.1.13-usb4-gpu-test/kernel/drivers/usb/chipidea/ci_hdrc_usb2.ko
  INSTALL /home/mert/Work/omarchy-mac-external-monitor/artifacts/usb4-backport/root/lib/modules/7.1.13-usb4-gpu-test/kernel/drivers/usb/chipidea/ci_hdrc_msm.ko
  STRIP   /home/mert/Work/omarchy-mac-external-monitor/artifacts/usb4-backport/root/lib/modules/7.1.13-usb4-gpu-test/kernel/drivers/usb/chipidea/ci_hdrc_msm.ko
  INSTALL /home/mert/Work/omarchy-mac-external-monitor/artifacts/usb4-backport/root/lib/modules/7.1.13-usb4-gpu-test/kernel/drivers/usb/chipidea/ci_hdrc_npcm.ko
  STRIP   /home/mert/Work/omarchy-mac-external-monitor/artifacts/usb4-backport/root/lib/modules/7.1.13-usb4-gpu-test/kernel/drivers/usb/chipidea/ci_hdrc_npcm.ko
  INSTALL /home/mert/Work/omarchy-mac-external-monitor/artifacts/usb4-backport/root/lib/modules/7.1.13-usb4-gpu-test/kernel/drivers/usb/chipidea/ci_hdrc_pci.ko
  STRIP   /home/mert/Work/omarchy-mac-external-monitor/artifacts/usb4-backport/root/lib/modules/7.1.13-usb4-gpu-test/kernel/drivers/usb/chipidea/ci_hdrc_pci.ko
  INSTALL /home/mert/Work/omarchy-mac-external-monitor/artifacts/usb4-backport/root/lib/modules/7.1.13-usb4-gpu-test/kernel/drivers/usb/chipidea/usbmisc_imx.ko
  STRIP   /home/mert/Work/omarchy-mac-external-monitor/artifacts/usb4-backport/root/lib/modules/7.1.13-usb4-gpu-test/kernel/drivers/usb/chipidea/usbmisc_imx.ko
  INSTALL /home/mert/Work/omarchy-mac-external-monitor/artifacts/usb4-backport/root/lib/modules/7.1.13-usb4-gpu-test/kernel/drivers/usb/chipidea/ci_hdrc_imx.ko
  STRIP   /home/mert/Work/omarchy-mac-external-monitor/artifacts/usb4-backport/root/lib/modules/7.1.13-usb4-gpu-test/kernel/drivers/usb/chipidea/ci_hdrc_imx.ko
  INSTALL /home/mert/Work/omarchy-mac-external-monitor/artifacts/usb4-backport/root/lib/modules/7.1.13-usb4-gpu-test/kernel/drivers/usb/chipidea/ci_hdrc_tegra.ko
  STRIP   /home/mert/Work/omarchy-mac-external-monitor/artifacts/usb4-backport/root/lib/modules/7.1.13-usb4-gpu-test/kernel/drivers/usb/chipidea/ci_hdrc_tegra.ko
  INSTALL /home/mert/Work/omarchy-mac-external-monitor/artifacts/usb4-backport/root/lib/modules/7.1.13-usb4-gpu-test/kernel/drivers/usb/gadget/libcomposite.ko
  STRIP   /home/mert/Work/omarchy-mac-external-monitor/artifacts/usb4-backport/root/lib/modules/7.1.13-usb4-gpu-test/kernel/drivers/usb/gadget/libcomposite.ko
  INSTALL /home/mert/Work/omarchy-mac-external-monitor/artifacts/usb4-backport/root/lib/modules/7.1.13-usb4-gpu-test/kernel/drivers/usb/gadget/udc/udc-core.ko
  STRIP   /home/mert/Work/omarchy-mac-external-monitor/artifacts/usb4-backport/root/lib/modules/7.1.13-usb4-gpu-test/kernel/drivers/usb/gadget/udc/udc-core.ko
  INSTALL /home/mert/Work/omarchy-mac-external-monitor/artifacts/usb4-backport/root/lib/modules/7.1.13-usb4-gpu-test/kernel/drivers/usb/gadget/function/usb_f_acm.ko
  STRIP   /home/mert/Work/omarchy-mac-external-monitor/artifacts/usb4-backport/root/lib/modules/7.1.13-usb4-gpu-test/kernel/drivers/usb/gadget/function/usb_f_acm.ko
  INSTALL /home/mert/Work/omarchy-mac-external-monitor/artifacts/usb4-backport/root/lib/modules/7.1.13-usb4-gpu-test/kernel/drivers/usb/gadget/function/u_serial.ko
  STRIP   /home/mert/Work/omarchy-mac-external-monitor/artifacts/usb4-backport/root/lib/modules/7.1.13-usb4-gpu-test/kernel/drivers/usb/gadget/function/u_serial.ko
  INSTALL /home/mert/Work/omarchy-mac-external-monitor/artifacts/usb4-backport/root/lib/modules/7.1.13-usb4-gpu-test/kernel/drivers/usb/gadget/function/usb_f_serial.ko
  STRIP   /home/mert/Work/omarchy-mac-external-monitor/artifacts/usb4-backport/root/lib/modules/7.1.13-usb4-gpu-test/kernel/drivers/usb/gadget/function/usb_f_serial.ko
  INSTALL /home/mert/Work/omarchy-mac-external-monitor/artifacts/usb4-backport/root/lib/modules/7.1.13-usb4-gpu-test/kernel/drivers/usb/gadget/function/usb_f_obex.ko
  STRIP   /home/mert/Work/omarchy-mac-external-monitor/artifacts/usb4-backport/root/lib/modules/7.1.13-usb4-gpu-test/kernel/drivers/usb/gadget/function/usb_f_obex.ko
  INSTALL /home/mert/Work/omarchy-mac-external-monitor/artifacts/usb4-backport/root/lib/modules/7.1.13-usb4-gpu-test/kernel/drivers/usb/gadget/function/u_ether.ko
  STRIP   /home/mert/Work/omarchy-mac-external-monitor/artifacts/usb4-backport/root/lib/modules/7.1.13-usb4-gpu-test/kernel/drivers/usb/gadget/function/u_ether.ko
  INSTALL /home/mert/Work/omarchy-mac-external-monitor/artifacts/usb4-backport/root/lib/modules/7.1.13-usb4-gpu-test/kernel/drivers/usb/gadget/function/usb_f_ncm.ko
  STRIP   /home/mert/Work/omarchy-mac-external-monitor/artifacts/usb4-backport/root/lib/modules/7.1.13-usb4-gpu-test/kernel/drivers/usb/gadget/function/usb_f_ncm.ko
  INSTALL /home/mert/Work/omarchy-mac-external-monitor/artifacts/usb4-backport/root/lib/modules/7.1.13-usb4-gpu-test/kernel/drivers/usb/gadget/function/usb_f_ecm.ko
  STRIP   /home/mert/Work/omarchy-mac-external-monitor/artifacts/usb4-backport/root/lib/modules/7.1.13-usb4-gpu-test/kernel/drivers/usb/gadget/function/usb_f_ecm.ko
  INSTALL /home/mert/Work/omarchy-mac-external-monitor/artifacts/usb4-backport/root/lib/modules/7.1.13-usb4-gpu-test/kernel/drivers/usb/gadget/function/usb_f_eem.ko
  STRIP   /home/mert/Work/omarchy-mac-external-monitor/artifacts/usb4-backport/root/lib/modules/7.1.13-usb4-gpu-test/kernel/drivers/usb/gadget/function/usb_f_eem.ko
  INSTALL /home/mert/Work/omarchy-mac-external-monitor/artifacts/usb4-backport/root/lib/modules/7.1.13-usb4-gpu-test/kernel/drivers/usb/gadget/function/usb_f_ecm_subset.ko
  STRIP   /home/mert/Work/omarchy-mac-external-monitor/artifacts/usb4-backport/root/lib/modules/7.1.13-usb4-gpu-test/kernel/drivers/usb/gadget/function/usb_f_ecm_subset.ko
  INSTALL /home/mert/Work/omarchy-mac-external-monitor/artifacts/usb4-backport/root/lib/modules/7.1.13-usb4-gpu-test/kernel/drivers/usb/gadget/function/usb_f_rndis.ko
  STRIP   /home/mert/Work/omarchy-mac-external-monitor/artifacts/usb4-backport/root/lib/modules/7.1.13-usb4-gpu-test/kernel/drivers/usb/gadget/function/usb_f_rndis.ko
  INSTALL /home/mert/Work/omarchy-mac-external-monitor/artifacts/usb4-backport/root/lib/modules/7.1.13-usb4-gpu-test/kernel/drivers/usb/gadget/function/usb_f_mass_storage.ko
  STRIP   /home/mert/Work/omarchy-mac-external-monitor/artifacts/usb4-backport/root/lib/modules/7.1.13-usb4-gpu-test/kernel/drivers/usb/gadget/function/usb_f_mass_storage.ko
  INSTALL /home/mert/Work/omarchy-mac-external-monitor/artifacts/usb4-backport/root/lib/modules/7.1.13-usb4-gpu-test/kernel/drivers/usb/gadget/function/usb_f_fs.ko
  STRIP   /home/mert/Work/omarchy-mac-external-monitor/artifacts/usb4-backport/root/lib/modules/7.1.13-usb4-gpu-test/kernel/drivers/usb/gadget/function/usb_f_fs.ko
  INSTALL /home/mert/Work/omarchy-mac-external-monitor/artifacts/usb4-backport/root/lib/modules/7.1.13-usb4-gpu-test/kernel/drivers/usb/gadget/function/u_audio.ko
  STRIP   /home/mert/Work/omarchy-mac-external-monitor/artifacts/usb4-backport/root/lib/modules/7.1.13-usb4-gpu-test/kernel/drivers/usb/gadget/function/u_audio.ko
  INSTALL /home/mert/Work/omarchy-mac-external-monitor/artifacts/usb4-backport/root/lib/modules/7.1.13-usb4-gpu-test/kernel/drivers/usb/gadget/function/usb_f_uac1.ko
  STRIP   /home/mert/Work/omarchy-mac-external-monitor/artifacts/usb4-backport/root/lib/modules/7.1.13-usb4-gpu-test/kernel/drivers/usb/gadget/function/usb_f_uac1.ko
  INSTALL /home/mert/Work/omarchy-mac-external-monitor/artifacts/usb4-backport/root/lib/modules/7.1.13-usb4-gpu-test/kernel/drivers/usb/gadget/function/usb_f_uac1_legacy.ko
  STRIP   /home/mert/Work/omarchy-mac-external-monitor/artifacts/usb4-backport/root/lib/modules/7.1.13-usb4-gpu-test/kernel/drivers/usb/gadget/function/usb_f_uac1_legacy.ko
  INSTALL /home/mert/Work/omarchy-mac-external-monitor/artifacts/usb4-backport/root/lib/modules/7.1.13-usb4-gpu-test/kernel/drivers/usb/gadget/function/usb_f_uac2.ko
  STRIP   /home/mert/Work/omarchy-mac-external-monitor/artifacts/usb4-backport/root/lib/modules/7.1.13-usb4-gpu-test/kernel/drivers/usb/gadget/function/usb_f_uac2.ko
  INSTALL /home/mert/Work/omarchy-mac-external-monitor/artifacts/usb4-backport/root/lib/modules/7.1.13-usb4-gpu-test/kernel/drivers/usb/gadget/function/usb_f_uvc.ko
  STRIP   /home/mert/Work/omarchy-mac-external-monitor/artifacts/usb4-backport/root/lib/modules/7.1.13-usb4-gpu-test/kernel/drivers/usb/gadget/function/usb_f_uvc.ko
  INSTALL /home/mert/Work/omarchy-mac-external-monitor/artifacts/usb4-backport/root/lib/modules/7.1.13-usb4-gpu-test/kernel/drivers/usb/gadget/function/usb_f_midi.ko
  STRIP   /home/mert/Work/omarchy-mac-external-monitor/artifacts/usb4-backport/root/lib/modules/7.1.13-usb4-gpu-test/kernel/drivers/usb/gadget/function/usb_f_midi.ko
  INSTALL /home/mert/Work/omarchy-mac-external-monitor/artifacts/usb4-backport/root/lib/modules/7.1.13-usb4-gpu-test/kernel/drivers/usb/gadget/function/usb_f_hid.ko
  STRIP   /home/mert/Work/omarchy-mac-external-monitor/artifacts/usb4-backport/root/lib/modules/7.1.13-usb4-gpu-test/kernel/drivers/usb/gadget/function/usb_f_hid.ko
  INSTALL /home/mert/Work/omarchy-mac-external-monitor/artifacts/usb4-backport/root/lib/modules/7.1.13-usb4-gpu-test/kernel/drivers/usb/gadget/function/usb_f_printer.ko
  STRIP   /home/mert/Work/omarchy-mac-external-monitor/artifacts/usb4-backport/root/lib/modules/7.1.13-usb4-gpu-test/kernel/drivers/usb/gadget/function/usb_f_printer.ko
  INSTALL /home/mert/Work/omarchy-mac-external-monitor/artifacts/usb4-backport/root/lib/modules/7.1.13-usb4-gpu-test/kernel/drivers/usb/gadget/function/usb_f_tcm.ko
  STRIP   /home/mert/Work/omarchy-mac-external-monitor/artifacts/usb4-backport/root/lib/modules/7.1.13-usb4-gpu-test/kernel/drivers/usb/gadget/function/usb_f_tcm.ko
  INSTALL /home/mert/Work/omarchy-mac-external-monitor/artifacts/usb4-backport/root/lib/modules/7.1.13-usb4-gpu-test/kernel/drivers/usb/gadget/legacy/g_audio.ko
  STRIP   /home/mert/Work/omarchy-mac-external-monitor/artifacts/usb4-backport/root/lib/modules/7.1.13-usb4-gpu-test/kernel/drivers/usb/gadget/legacy/g_audio.ko
  INSTALL /home/mert/Work/omarchy-mac-external-monitor/artifacts/usb4-backport/root/lib/modules/7.1.13-usb4-gpu-test/kernel/drivers/usb/gadget/legacy/g_ether.ko
  STRIP   /home/mert/Work/omarchy-mac-external-monitor/artifacts/usb4-backport/root/lib/modules/7.1.13-usb4-gpu-test/kernel/drivers/usb/gadget/legacy/g_ether.ko
  INSTALL /home/mert/Work/omarchy-mac-external-monitor/artifacts/usb4-backport/root/lib/modules/7.1.13-usb4-gpu-test/kernel/drivers/usb/gadget/legacy/gadgetfs.ko
  STRIP   /home/mert/Work/omarchy-mac-external-monitor/artifacts/usb4-backport/root/lib/modules/7.1.13-usb4-gpu-test/kernel/drivers/usb/gadget/legacy/gadgetfs.ko
  INSTALL /home/mert/Work/omarchy-mac-external-monitor/artifacts/usb4-backport/root/lib/modules/7.1.13-usb4-gpu-test/kernel/drivers/usb/gadget/legacy/g_ffs.ko
  STRIP   /home/mert/Work/omarchy-mac-external-monitor/artifacts/usb4-backport/root/lib/modules/7.1.13-usb4-gpu-test/kernel/drivers/usb/gadget/legacy/g_ffs.ko
  INSTALL /home/mert/Work/omarchy-mac-external-monitor/artifacts/usb4-backport/root/lib/modules/7.1.13-usb4-gpu-test/kernel/drivers/usb/gadget/legacy/g_mass_storage.ko
  STRIP   /home/mert/Work/omarchy-mac-external-monitor/artifacts/usb4-backport/root/lib/modules/7.1.13-usb4-gpu-test/kernel/drivers/usb/gadget/legacy/g_mass_storage.ko
  INSTALL /home/mert/Work/omarchy-mac-external-monitor/artifacts/usb4-backport/root/lib/modules/7.1.13-usb4-gpu-test/kernel/drivers/usb/gadget/legacy/g_serial.ko
  STRIP   /home/mert/Work/omarchy-mac-external-monitor/artifacts/usb4-backport/root/lib/modules/7.1.13-usb4-gpu-test/kernel/drivers/usb/gadget/legacy/g_serial.ko
  INSTALL /home/mert/Work/omarchy-mac-external-monitor/artifacts/usb4-backport/root/lib/modules/7.1.13-usb4-gpu-test/kernel/drivers/usb/gadget/legacy/g_printer.ko
  STRIP   /home/mert/Work/omarchy-mac-external-monitor/artifacts/usb4-backport/root/lib/modules/7.1.13-usb4-gpu-test/kernel/drivers/usb/gadget/legacy/g_printer.ko
  INSTALL /home/mert/Work/omarchy-mac-external-monitor/artifacts/usb4-backport/root/lib/modules/7.1.13-usb4-gpu-test/kernel/drivers/usb/gadget/legacy/g_midi.ko
  STRIP   /home/mert/Work/omarchy-mac-external-monitor/artifacts/usb4-backport/root/lib/modules/7.1.13-usb4-gpu-test/kernel/drivers/usb/gadget/legacy/g_midi.ko
  INSTALL /home/mert/Work/omarchy-mac-external-monitor/artifacts/usb4-backport/root/lib/modules/7.1.13-usb4-gpu-test/kernel/drivers/usb/gadget/legacy/g_cdc.ko
  STRIP   /home/mert/Work/omarchy-mac-external-monitor/artifacts/usb4-backport/root/lib/modules/7.1.13-usb4-gpu-test/kernel/drivers/usb/gadget/legacy/g_cdc.ko
  INSTALL /home/mert/Work/omarchy-mac-external-monitor/artifacts/usb4-backport/root/lib/modules/7.1.13-usb4-gpu-test/kernel/drivers/usb/gadget/legacy/g_hid.ko
  STRIP   /home/mert/Work/omarchy-mac-external-monitor/artifacts/usb4-backport/root/lib/modules/7.1.13-usb4-gpu-test/kernel/drivers/usb/gadget/legacy/g_hid.ko
  INSTALL /home/mert/Work/omarchy-mac-external-monitor/artifacts/usb4-backport/root/lib/modules/7.1.13-usb4-gpu-test/kernel/drivers/usb/gadget/legacy/g_multi.ko
  STRIP   /home/mert/Work/omarchy-mac-external-monitor/artifacts/usb4-backport/root/lib/modules/7.1.13-usb4-gpu-test/kernel/drivers/usb/gadget/legacy/g_multi.ko
  INSTALL /home/mert/Work/omarchy-mac-external-monitor/artifacts/usb4-backport/root/lib/modules/7.1.13-usb4-gpu-test/kernel/drivers/usb/gadget/legacy/g_webcam.ko
  STRIP   /home/mert/Work/omarchy-mac-external-monitor/artifacts/usb4-backport/root/lib/modules/7.1.13-usb4-gpu-test/kernel/drivers/usb/gadget/legacy/g_webcam.ko
  INSTALL /home/mert/Work/omarchy-mac-external-monitor/artifacts/usb4-backport/root/lib/modules/7.1.13-usb4-gpu-test/kernel/drivers/usb/gadget/legacy/g_ncm.ko
  STRIP   /home/mert/Work/omarchy-mac-external-monitor/artifacts/usb4-backport/root/lib/modules/7.1.13-usb4-gpu-test/kernel/drivers/usb/gadget/legacy/g_ncm.ko
  INSTALL /home/mert/Work/omarchy-mac-external-monitor/artifacts/usb4-backport/root/lib/modules/7.1.13-usb4-gpu-test/kernel/drivers/usb/gadget/legacy/g_acm_ms.ko
  STRIP   /home/mert/Work/omarchy-mac-external-monitor/artifacts/usb4-backport/root/lib/modules/7.1.13-usb4-gpu-test/kernel/drivers/usb/gadget/legacy/g_acm_ms.ko
  INSTALL /home/mert/Work/omarchy-mac-external-monitor/artifacts/usb4-backport/root/lib/modules/7.1.13-usb4-gpu-test/kernel/drivers/usb/gadget/legacy/tcm_usb_gadget.ko
  STRIP   /home/mert/Work/omarchy-mac-external-monitor/artifacts/usb4-backport/root/lib/modules/7.1.13-usb4-gpu-test/kernel/drivers/usb/gadget/legacy/tcm_usb_gadget.ko
  INSTALL /home/mert/Work/omarchy-mac-external-monitor/artifacts/usb4-backport/root/lib/modules/7.1.13-usb4-gpu-test/kernel/drivers/usb/usbip/usbip-core.ko
  STRIP   /home/mert/Work/omarchy-mac-external-monitor/artifacts/usb4-backport/root/lib/modules/7.1.13-usb4-gpu-test/kernel/drivers/usb/usbip/usbip-core.ko
  INSTALL /home/mert/Work/omarchy-mac-external-monitor/artifacts/usb4-backport/root/lib/modules/7.1.13-usb4-gpu-test/kernel/drivers/usb/usbip/vhci-hcd.ko
  STRIP   /home/mert/Work/omarchy-mac-external-monitor/artifacts/usb4-backport/root/lib/modules/7.1.13-usb4-gpu-test/kernel/drivers/usb/usbip/vhci-hcd.ko
  INSTALL /home/mert/Work/omarchy-mac-external-monitor/artifacts/usb4-backport/root/lib/modules/7.1.13-usb4-gpu-test/kernel/drivers/usb/usbip/usbip-host.ko
  STRIP   /home/mert/Work/omarchy-mac-external-monitor/artifacts/usb4-backport/root/lib/modules/7.1.13-usb4-gpu-test/kernel/drivers/usb/usbip/usbip-host.ko
  INSTALL /home/mert/Work/omarchy-mac-external-monitor/artifacts/usb4-backport/root/lib/modules/7.1.13-usb4-gpu-test/kernel/drivers/usb/usbip/usbip-vudc.ko
  STRIP   /home/mert/Work/omarchy-mac-external-monitor/artifacts/usb4-backport/root/lib/modules/7.1.13-usb4-gpu-test/kernel/drivers/usb/usbip/usbip-vudc.ko
  INSTALL /home/mert/Work/omarchy-mac-external-monitor/artifacts/usb4-backport/root/lib/modules/7.1.13-usb4-gpu-test/kernel/drivers/usb/typec/typec.ko
  STRIP   /home/mert/Work/omarchy-mac-external-monitor/artifacts/usb4-backport/root/lib/modules/7.1.13-usb4-gpu-test/kernel/drivers/usb/typec/typec.ko
  INSTALL /home/mert/Work/omarchy-mac-external-monitor/artifacts/usb4-backport/root/lib/modules/7.1.13-usb4-gpu-test/kernel/drivers/usb/typec/altmodes/typec_displayport.ko
  STRIP   /home/mert/Work/omarchy-mac-external-monitor/artifacts/usb4-backport/root/lib/modules/7.1.13-usb4-gpu-test/kernel/drivers/usb/typec/altmodes/typec_displayport.ko
  INSTALL /home/mert/Work/omarchy-mac-external-monitor/artifacts/usb4-backport/root/lib/modules/7.1.13-usb4-gpu-test/kernel/drivers/usb/typec/tcpm/tcpm.ko
  STRIP   /home/mert/Work/omarchy-mac-external-monitor/artifacts/usb4-backport/root/lib/modules/7.1.13-usb4-gpu-test/kernel/drivers/usb/typec/tcpm/tcpm.ko
  INSTALL /home/mert/Work/omarchy-mac-external-monitor/artifacts/usb4-backport/root/lib/modules/7.1.13-usb4-gpu-test/kernel/drivers/usb/typec/tcpm/tcpci.ko
  STRIP   /home/mert/Work/omarchy-mac-external-monitor/artifacts/usb4-backport/root/lib/modules/7.1.13-usb4-gpu-test/kernel/drivers/usb/typec/tcpm/tcpci.ko
  INSTALL /home/mert/Work/omarchy-mac-external-monitor/artifacts/usb4-backport/root/lib/modules/7.1.13-usb4-gpu-test/kernel/drivers/usb/typec/ucsi/typec_ucsi.ko
  STRIP   /home/mert/Work/omarchy-mac-external-monitor/artifacts/usb4-backport/root/lib/modules/7.1.13-usb4-gpu-test/kernel/drivers/usb/typec/ucsi/typec_ucsi.ko
  INSTALL /home/mert/Work/omarchy-mac-external-monitor/artifacts/usb4-backport/root/lib/modules/7.1.13-usb4-gpu-test/kernel/drivers/usb/typec/tipd/tps6598x-core.ko
  STRIP   /home/mert/Work/omarchy-mac-external-monitor/artifacts/usb4-backport/root/lib/modules/7.1.13-usb4-gpu-test/kernel/drivers/usb/typec/tipd/tps6598x-core.ko
  INSTALL /home/mert/Work/omarchy-mac-external-monitor/artifacts/usb4-backport/root/lib/modules/7.1.13-usb4-gpu-test/kernel/drivers/usb/typec/tipd/tps6598x.ko
  STRIP   /home/mert/Work/omarchy-mac-external-monitor/artifacts/usb4-backport/root/lib/modules/7.1.13-usb4-gpu-test/kernel/drivers/usb/typec/tipd/tps6598x.ko
  INSTALL /home/mert/Work/omarchy-mac-external-monitor/artifacts/usb4-backport/root/lib/modules/7.1.13-usb4-gpu-test/kernel/drivers/input/keyboard/gpio_keys.ko
  STRIP   /home/mert/Work/omarchy-mac-external-monitor/artifacts/usb4-backport/root/lib/modules/7.1.13-usb4-gpu-test/kernel/drivers/input/keyboard/gpio_keys.ko
  INSTALL /home/mert/Work/omarchy-mac-external-monitor/artifacts/usb4-backport/root/lib/modules/7.1.13-usb4-gpu-test/kernel/drivers/input/keyboard/gpio_keys_polled.ko
  STRIP   /home/mert/Work/omarchy-mac-external-monitor/artifacts/usb4-backport/root/lib/modules/7.1.13-usb4-gpu-test/kernel/drivers/input/keyboard/gpio_keys_polled.ko
  INSTALL /home/mert/Work/omarchy-mac-external-monitor/artifacts/usb4-backport/root/lib/modules/7.1.13-usb4-gpu-test/kernel/drivers/input/mouse/appletouch.ko
  STRIP   /home/mert/Work/omarchy-mac-external-monitor/artifacts/usb4-backport/root/lib/modules/7.1.13-usb4-gpu-test/kernel/drivers/input/mouse/appletouch.ko
  INSTALL /home/mert/Work/omarchy-mac-external-monitor/artifacts/usb4-backport/root/lib/modules/7.1.13-usb4-gpu-test/kernel/drivers/input/mouse/bcm5974.ko
  STRIP   /home/mert/Work/omarchy-mac-external-monitor/artifacts/usb4-backport/root/lib/modules/7.1.13-usb4-gpu-test/kernel/drivers/input/mouse/bcm5974.ko
  INSTALL /home/mert/Work/omarchy-mac-external-monitor/artifacts/usb4-backport/root/lib/modules/7.1.13-usb4-gpu-test/kernel/drivers/input/mouse/synaptics_usb.ko
  STRIP   /home/mert/Work/omarchy-mac-external-monitor/artifacts/usb4-backport/root/lib/modules/7.1.13-usb4-gpu-test/kernel/drivers/input/mouse/synaptics_usb.ko
  INSTALL /home/mert/Work/omarchy-mac-external-monitor/artifacts/usb4-backport/root/lib/modules/7.1.13-usb4-gpu-test/kernel/drivers/input/joystick/iforce/iforce.ko
  STRIP   /home/mert/Work/omarchy-mac-external-monitor/artifacts/usb4-backport/root/lib/modules/7.1.13-usb4-gpu-test/kernel/drivers/input/joystick/iforce/iforce.ko
  INSTALL /home/mert/Work/omarchy-mac-external-monitor/artifacts/usb4-backport/root/lib/modules/7.1.13-usb4-gpu-test/kernel/drivers/input/joystick/iforce/iforce-usb.ko
  STRIP   /home/mert/Work/omarchy-mac-external-monitor/artifacts/usb4-backport/root/lib/modules/7.1.13-usb4-gpu-test/kernel/drivers/input/joystick/iforce/iforce-usb.ko
  INSTALL /home/mert/Work/omarchy-mac-external-monitor/artifacts/usb4-backport/root/lib/modules/7.1.13-usb4-gpu-test/kernel/drivers/input/joystick/xpad.ko
  STRIP   /home/mert/Work/omarchy-mac-external-monitor/artifacts/usb4-backport/root/lib/modules/7.1.13-usb4-gpu-test/kernel/drivers/input/joystick/xpad.ko
  INSTALL /home/mert/Work/omarchy-mac-external-monitor/artifacts/usb4-backport/root/lib/modules/7.1.13-usb4-gpu-test/kernel/drivers/input/tablet/acecad.ko
  STRIP   /home/mert/Work/omarchy-mac-external-monitor/artifacts/usb4-backport/root/lib/modules/7.1.13-usb4-gpu-test/kernel/drivers/input/tablet/acecad.ko
  INSTALL /home/mert/Work/omarchy-mac-external-monitor/artifacts/usb4-backport/root/lib/modules/7.1.13-usb4-gpu-test/kernel/drivers/input/tablet/aiptek.ko
  STRIP   /home/mert/Work/omarchy-mac-external-monitor/artifacts/usb4-backport/root/lib/modules/7.1.13-usb4-gpu-test/kernel/drivers/input/tablet/aiptek.ko
  INSTALL /home/mert/Work/omarchy-mac-external-monitor/artifacts/usb4-backport/root/lib/modules/7.1.13-usb4-gpu-test/kernel/drivers/input/tablet/hanwang.ko
  STRIP   /home/mert/Work/omarchy-mac-external-monitor/artifacts/usb4-backport/root/lib/modules/7.1.13-usb4-gpu-test/kernel/drivers/input/tablet/hanwang.ko
  INSTALL /home/mert/Work/omarchy-mac-external-monitor/artifacts/usb4-backport/root/lib/modules/7.1.13-usb4-gpu-test/kernel/drivers/input/tablet/kbtab.ko
  STRIP   /home/mert/Work/omarchy-mac-external-monitor/artifacts/usb4-backport/root/lib/modules/7.1.13-usb4-gpu-test/kernel/drivers/input/tablet/kbtab.ko
  INSTALL /home/mert/Work/omarchy-mac-external-monitor/artifacts/usb4-backport/root/lib/modules/7.1.13-usb4-gpu-test/kernel/drivers/input/tablet/pegasus_notetaker.ko
  STRIP   /home/mert/Work/omarchy-mac-external-monitor/artifacts/usb4-backport/root/lib/modules/7.1.13-usb4-gpu-test/kernel/drivers/input/tablet/pegasus_notetaker.ko
  INSTALL /home/mert/Work/omarchy-mac-external-monitor/artifacts/usb4-backport/root/lib/modules/7.1.13-usb4-gpu-test/kernel/drivers/input/touchscreen/apple_z2.ko
  STRIP   /home/mert/Work/omarchy-mac-external-monitor/artifacts/usb4-backport/root/lib/modules/7.1.13-usb4-gpu-test/kernel/drivers/input/touchscreen/apple_z2.ko
  INSTALL /home/mert/Work/omarchy-mac-external-monitor/artifacts/usb4-backport/root/lib/modules/7.1.13-usb4-gpu-test/kernel/drivers/input/misc/ati_remote2.ko
  STRIP   /home/mert/Work/omarchy-mac-external-monitor/artifacts/usb4-backport/root/lib/modules/7.1.13-usb4-gpu-test/kernel/drivers/input/misc/ati_remote2.ko
  INSTALL /home/mert/Work/omarchy-mac-external-monitor/artifacts/usb4-backport/root/lib/modules/7.1.13-usb4-gpu-test/kernel/drivers/input/misc/cm109.ko
  STRIP   /home/mert/Work/omarchy-mac-external-monitor/artifacts/usb4-backport/root/lib/modules/7.1.13-usb4-gpu-test/kernel/drivers/input/misc/cm109.ko
  INSTALL /home/mert/Work/omarchy-mac-external-monitor/artifacts/usb4-backport/root/lib/modules/7.1.13-usb4-gpu-test/kernel/drivers/input/misc/e3x0-button.ko
  STRIP   /home/mert/Work/omarchy-mac-external-monitor/artifacts/usb4-backport/root/lib/modules/7.1.13-usb4-gpu-test/kernel/drivers/input/misc/e3x0-button.ko
  INSTALL /home/mert/Work/omarchy-mac-external-monitor/artifacts/usb4-backport/root/lib/modules/7.1.13-usb4-gpu-test/kernel/drivers/input/misc/keyspan_remote.ko
  STRIP   /home/mert/Work/omarchy-mac-external-monitor/artifacts/usb4-backport/root/lib/modules/7.1.13-usb4-gpu-test/kernel/drivers/input/misc/keyspan_remote.ko
  INSTALL /home/mert/Work/omarchy-mac-external-monitor/artifacts/usb4-backport/root/lib/modules/7.1.13-usb4-gpu-test/kernel/drivers/input/misc/powermate.ko
  STRIP   /home/mert/Work/omarchy-mac-external-monitor/artifacts/usb4-backport/root/lib/modules/7.1.13-usb4-gpu-test/kernel/drivers/input/misc/powermate.ko
  INSTALL /home/mert/Work/omarchy-mac-external-monitor/artifacts/usb4-backport/root/lib/modules/7.1.13-usb4-gpu-test/kernel/drivers/input/misc/pwm-beeper.ko
  STRIP   /home/mert/Work/omarchy-mac-external-monitor/artifacts/usb4-backport/root/lib/modules/7.1.13-usb4-gpu-test/kernel/drivers/input/misc/pwm-beeper.ko
  INSTALL /home/mert/Work/omarchy-mac-external-monitor/artifacts/usb4-backport/root/lib/modules/7.1.13-usb4-gpu-test/kernel/drivers/input/misc/pwm-vibra.ko
  STRIP   /home/mert/Work/omarchy-mac-external-monitor/artifacts/usb4-backport/root/lib/modules/7.1.13-usb4-gpu-test/kernel/drivers/input/misc/pwm-vibra.ko
  INSTALL /home/mert/Work/omarchy-mac-external-monitor/artifacts/usb4-backport/root/lib/modules/7.1.13-usb4-gpu-test/kernel/drivers/input/misc/uinput.ko
  STRIP   /home/mert/Work/omarchy-mac-external-monitor/artifacts/usb4-backport/root/lib/modules/7.1.13-usb4-gpu-test/kernel/drivers/input/misc/uinput.ko
  INSTALL /home/mert/Work/omarchy-mac-external-monitor/artifacts/usb4-backport/root/lib/modules/7.1.13-usb4-gpu-test/kernel/drivers/input/misc/yealink.ko
  STRIP   /home/mert/Work/omarchy-mac-external-monitor/artifacts/usb4-backport/root/lib/modules/7.1.13-usb4-gpu-test/kernel/drivers/input/misc/yealink.ko
  INSTALL /home/mert/Work/omarchy-mac-external-monitor/artifacts/usb4-backport/root/lib/modules/7.1.13-usb4-gpu-test/kernel/drivers/input/ff-memless.ko
  STRIP   /home/mert/Work/omarchy-mac-external-monitor/artifacts/usb4-backport/root/lib/modules/7.1.13-usb4-gpu-test/kernel/drivers/input/ff-memless.ko
  INSTALL /home/mert/Work/omarchy-mac-external-monitor/artifacts/usb4-backport/root/lib/modules/7.1.13-usb4-gpu-test/kernel/drivers/input/joydev.ko
  STRIP   /home/mert/Work/omarchy-mac-external-monitor/artifacts/usb4-backport/root/lib/modules/7.1.13-usb4-gpu-test/kernel/drivers/input/joydev.ko
  INSTALL /home/mert/Work/omarchy-mac-external-monitor/artifacts/usb4-backport/root/lib/modules/7.1.13-usb4-gpu-test/kernel/drivers/i2c/algos/i2c-algo-bit.ko
  STRIP   /home/mert/Work/omarchy-mac-external-monitor/artifacts/usb4-backport/root/lib/modules/7.1.13-usb4-gpu-test/kernel/drivers/i2c/algos/i2c-algo-bit.ko
  INSTALL /home/mert/Work/omarchy-mac-external-monitor/artifacts/usb4-backport/root/lib/modules/7.1.13-usb4-gpu-test/kernel/drivers/i2c/muxes/i2c-arb-gpio-challenge.ko
  STRIP   /home/mert/Work/omarchy-mac-external-monitor/artifacts/usb4-backport/root/lib/modules/7.1.13-usb4-gpu-test/kernel/drivers/i2c/muxes/i2c-arb-gpio-challenge.ko
  INSTALL /home/mert/Work/omarchy-mac-external-monitor/artifacts/usb4-backport/root/lib/modules/7.1.13-usb4-gpu-test/kernel/drivers/i2c/muxes/i2c-demux-pinctrl.ko
  STRIP   /home/mert/Work/omarchy-mac-external-monitor/artifacts/usb4-backport/root/lib/modules/7.1.13-usb4-gpu-test/kernel/drivers/i2c/muxes/i2c-demux-pinctrl.ko
  INSTALL /home/mert/Work/omarchy-mac-external-monitor/artifacts/usb4-backport/root/lib/modules/7.1.13-usb4-gpu-test/kernel/drivers/i2c/muxes/i2c-mux-gpio.ko
  STRIP   /home/mert/Work/omarchy-mac-external-monitor/artifacts/usb4-backport/root/lib/modules/7.1.13-usb4-gpu-test/kernel/drivers/i2c/muxes/i2c-mux-gpio.ko
  INSTALL /home/mert/Work/omarchy-mac-external-monitor/artifacts/usb4-backport/root/lib/modules/7.1.13-usb4-gpu-test/kernel/drivers/i2c/muxes/i2c-mux-gpmux.ko
  STRIP   /home/mert/Work/omarchy-mac-external-monitor/artifacts/usb4-backport/root/lib/modules/7.1.13-usb4-gpu-test/kernel/drivers/i2c/muxes/i2c-mux-gpmux.ko
  INSTALL /home/mert/Work/omarchy-mac-external-monitor/artifacts/usb4-backport/root/lib/modules/7.1.13-usb4-gpu-test/kernel/drivers/i2c/muxes/i2c-mux-pca9541.ko
  STRIP   /home/mert/Work/omarchy-mac-external-monitor/artifacts/usb4-backport/root/lib/modules/7.1.13-usb4-gpu-test/kernel/drivers/i2c/muxes/i2c-mux-pca9541.ko
  INSTALL /home/mert/Work/omarchy-mac-external-monitor/artifacts/usb4-backport/root/lib/modules/7.1.13-usb4-gpu-test/kernel/drivers/i2c/muxes/i2c-mux-pinctrl.ko
  STRIP   /home/mert/Work/omarchy-mac-external-monitor/artifacts/usb4-backport/root/lib/modules/7.1.13-usb4-gpu-test/kernel/drivers/i2c/muxes/i2c-mux-pinctrl.ko
  INSTALL /home/mert/Work/omarchy-mac-external-monitor/artifacts/usb4-backport/root/lib/modules/7.1.13-usb4-gpu-test/kernel/drivers/i2c/muxes/i2c-mux-reg.ko
  STRIP   /home/mert/Work/omarchy-mac-external-monitor/artifacts/usb4-backport/root/lib/modules/7.1.13-usb4-gpu-test/kernel/drivers/i2c/muxes/i2c-mux-reg.ko
  INSTALL /home/mert/Work/omarchy-mac-external-monitor/artifacts/usb4-backport/root/lib/modules/7.1.13-usb4-gpu-test/kernel/drivers/i2c/i2c-dev.ko
  STRIP   /home/mert/Work/omarchy-mac-external-monitor/artifacts/usb4-backport/root/lib/modules/7.1.13-usb4-gpu-test/kernel/drivers/i2c/i2c-dev.ko
  INSTALL /home/mert/Work/omarchy-mac-external-monitor/artifacts/usb4-backport/root/lib/modules/7.1.13-usb4-gpu-test/kernel/drivers/media/i2c/cs3308.ko
  STRIP   /home/mert/Work/omarchy-mac-external-monitor/artifacts/usb4-backport/root/lib/modules/7.1.13-usb4-gpu-test/kernel/drivers/media/i2c/cs3308.ko
  INSTALL /home/mert/Work/omarchy-mac-external-monitor/artifacts/usb4-backport/root/lib/modules/7.1.13-usb4-gpu-test/kernel/drivers/media/i2c/cs5345.ko
  STRIP   /home/mert/Work/omarchy-mac-external-monitor/artifacts/usb4-backport/root/lib/modules/7.1.13-usb4-gpu-test/kernel/drivers/media/i2c/cs5345.ko
  INSTALL /home/mert/Work/omarchy-mac-external-monitor/artifacts/usb4-backport/root/lib/modules/7.1.13-usb4-gpu-test/kernel/drivers/media/i2c/cs53l32a.ko
  STRIP   /home/mert/Work/omarchy-mac-external-monitor/artifacts/usb4-backport/root/lib/modules/7.1.13-usb4-gpu-test/kernel/drivers/media/i2c/cs53l32a.ko
  INSTALL /home/mert/Work/omarchy-mac-external-monitor/artifacts/usb4-backport/root/lib/modules/7.1.13-usb4-gpu-test/kernel/drivers/media/i2c/cx25840/cx25840.ko
  STRIP   /home/mert/Work/omarchy-mac-external-monitor/artifacts/usb4-backport/root/lib/modules/7.1.13-usb4-gpu-test/kernel/drivers/media/i2c/cx25840/cx25840.ko
  INSTALL /home/mert/Work/omarchy-mac-external-monitor/artifacts/usb4-backport/root/lib/modules/7.1.13-usb4-gpu-test/kernel/drivers/media/i2c/ir-kbd-i2c.ko
  STRIP   /home/mert/Work/omarchy-mac-external-monitor/artifacts/usb4-backport/root/lib/modules/7.1.13-usb4-gpu-test/kernel/drivers/media/i2c/ir-kbd-i2c.ko
  INSTALL /home/mert/Work/omarchy-mac-external-monitor/artifacts/usb4-backport/root/lib/modules/7.1.13-usb4-gpu-test/kernel/drivers/media/i2c/m52790.ko
  STRIP   /home/mert/Work/omarchy-mac-external-monitor/artifacts/usb4-backport/root/lib/modules/7.1.13-usb4-gpu-test/kernel/drivers/media/i2c/m52790.ko
  INSTALL /home/mert/Work/omarchy-mac-external-monitor/artifacts/usb4-backport/root/lib/modules/7.1.13-usb4-gpu-test/kernel/drivers/media/i2c/msp3400.ko
  STRIP   /home/mert/Work/omarchy-mac-external-monitor/artifacts/usb4-backport/root/lib/modules/7.1.13-usb4-gpu-test/kernel/drivers/media/i2c/msp3400.ko
  INSTALL /home/mert/Work/omarchy-mac-external-monitor/artifacts/usb4-backport/root/lib/modules/7.1.13-usb4-gpu-test/kernel/drivers/media/i2c/mt9v011.ko
  STRIP   /home/mert/Work/omarchy-mac-external-monitor/artifacts/usb4-backport/root/lib/modules/7.1.13-usb4-gpu-test/kernel/drivers/media/i2c/mt9v011.ko
  INSTALL /home/mert/Work/omarchy-mac-external-monitor/artifacts/usb4-backport/root/lib/modules/7.1.13-usb4-gpu-test/kernel/drivers/media/i2c/ov2640.ko
  STRIP   /home/mert/Work/omarchy-mac-external-monitor/artifacts/usb4-backport/root/lib/modules/7.1.13-usb4-gpu-test/kernel/drivers/media/i2c/ov2640.ko
  INSTALL /home/mert/Work/omarchy-mac-external-monitor/artifacts/usb4-backport/root/lib/modules/7.1.13-usb4-gpu-test/kernel/drivers/media/i2c/ov7640.ko
  STRIP   /home/mert/Work/omarchy-mac-external-monitor/artifacts/usb4-backport/root/lib/modules/7.1.13-usb4-gpu-test/kernel/drivers/media/i2c/ov7640.ko
  INSTALL /home/mert/Work/omarchy-mac-external-monitor/artifacts/usb4-backport/root/lib/modules/7.1.13-usb4-gpu-test/kernel/drivers/media/i2c/saa6588.ko
  STRIP   /home/mert/Work/omarchy-mac-external-monitor/artifacts/usb4-backport/root/lib/modules/7.1.13-usb4-gpu-test/kernel/drivers/media/i2c/saa6588.ko
  INSTALL /home/mert/Work/omarchy-mac-external-monitor/artifacts/usb4-backport/root/lib/modules/7.1.13-usb4-gpu-test/kernel/drivers/media/i2c/saa6752hs.ko
  STRIP   /home/mert/Work/omarchy-mac-external-monitor/artifacts/usb4-backport/root/lib/modules/7.1.13-usb4-gpu-test/kernel/drivers/media/i2c/saa6752hs.ko
  INSTALL /home/mert/Work/omarchy-mac-external-monitor/artifacts/usb4-backport/root/lib/modules/7.1.13-usb4-gpu-test/kernel/drivers/media/i2c/saa7115.ko
  STRIP   /home/mert/Work/omarchy-mac-external-monitor/artifacts/usb4-backport/root/lib/modules/7.1.13-usb4-gpu-test/kernel/drivers/media/i2c/saa7115.ko
  INSTALL /home/mert/Work/omarchy-mac-external-monitor/artifacts/usb4-backport/root/lib/modules/7.1.13-usb4-gpu-test/kernel/drivers/media/i2c/saa717x.ko
  STRIP   /home/mert/Work/omarchy-mac-external-monitor/artifacts/usb4-backport/root/lib/modules/7.1.13-usb4-gpu-test/kernel/drivers/media/i2c/saa717x.ko
  INSTALL /home/mert/Work/omarchy-mac-external-monitor/artifacts/usb4-backport/root/lib/modules/7.1.13-usb4-gpu-test/kernel/drivers/media/i2c/sony-btf-mpx.ko
  STRIP   /home/mert/Work/omarchy-mac-external-monitor/artifacts/usb4-backport/root/lib/modules/7.1.13-usb4-gpu-test/kernel/drivers/media/i2c/sony-btf-mpx.ko
  INSTALL /home/mert/Work/omarchy-mac-external-monitor/artifacts/usb4-backport/root/lib/modules/7.1.13-usb4-gpu-test/kernel/drivers/media/i2c/tda7432.ko
  STRIP   /home/mert/Work/omarchy-mac-external-monitor/artifacts/usb4-backport/root/lib/modules/7.1.13-usb4-gpu-test/kernel/drivers/media/i2c/tda7432.ko
  INSTALL /home/mert/Work/omarchy-mac-external-monitor/artifacts/usb4-backport/root/lib/modules/7.1.13-usb4-gpu-test/kernel/drivers/media/i2c/tda9840.ko
  STRIP   /home/mert/Work/omarchy-mac-external-monitor/artifacts/usb4-backport/root/lib/modules/7.1.13-usb4-gpu-test/kernel/drivers/media/i2c/tda9840.ko
  INSTALL /home/mert/Work/omarchy-mac-external-monitor/artifacts/usb4-backport/root/lib/modules/7.1.13-usb4-gpu-test/kernel/drivers/media/i2c/tea6415c.ko
  STRIP   /home/mert/Work/omarchy-mac-external-monitor/artifacts/usb4-backport/root/lib/modules/7.1.13-usb4-gpu-test/kernel/drivers/media/i2c/tea6415c.ko
  INSTALL /home/mert/Work/omarchy-mac-external-monitor/artifacts/usb4-backport/root/lib/modules/7.1.13-usb4-gpu-test/kernel/drivers/media/i2c/tea6420.ko
  STRIP   /home/mert/Work/omarchy-mac-external-monitor/artifacts/usb4-backport/root/lib/modules/7.1.13-usb4-gpu-test/kernel/drivers/media/i2c/tea6420.ko
  INSTALL /home/mert/Work/omarchy-mac-external-monitor/artifacts/usb4-backport/root/lib/modules/7.1.13-usb4-gpu-test/kernel/drivers/media/i2c/tvaudio.ko
  STRIP   /home/mert/Work/omarchy-mac-external-monitor/artifacts/usb4-backport/root/lib/modules/7.1.13-usb4-gpu-test/kernel/drivers/media/i2c/tvaudio.ko
  INSTALL /home/mert/Work/omarchy-mac-external-monitor/artifacts/usb4-backport/root/lib/modules/7.1.13-usb4-gpu-test/kernel/drivers/media/i2c/tvp5150.ko
  STRIP   /home/mert/Work/omarchy-mac-external-monitor/artifacts/usb4-backport/root/lib/modules/7.1.13-usb4-gpu-test/kernel/drivers/media/i2c/tvp5150.ko
  INSTALL /home/mert/Work/omarchy-mac-external-monitor/artifacts/usb4-backport/root/lib/modules/7.1.13-usb4-gpu-test/kernel/drivers/media/i2c/tw2804.ko
  STRIP   /home/mert/Work/omarchy-mac-external-monitor/artifacts/usb4-backport/root/lib/modules/7.1.13-usb4-gpu-test/kernel/drivers/media/i2c/tw2804.ko
  INSTALL /home/mert/Work/omarchy-mac-external-monitor/artifacts/usb4-backport/root/lib/modules/7.1.13-usb4-gpu-test/kernel/drivers/media/i2c/tw9903.ko
  STRIP   /home/mert/Work/omarchy-mac-external-monitor/artifacts/usb4-backport/root/lib/modules/7.1.13-usb4-gpu-test/kernel/drivers/media/i2c/tw9903.ko
  INSTALL /home/mert/Work/omarchy-mac-external-monitor/artifacts/usb4-backport/root/lib/modules/7.1.13-usb4-gpu-test/kernel/drivers/media/i2c/tw9906.ko
  STRIP   /home/mert/Work/omarchy-mac-external-monitor/artifacts/usb4-backport/root/lib/modules/7.1.13-usb4-gpu-test/kernel/drivers/media/i2c/tw9906.ko
  INSTALL /home/mert/Work/omarchy-mac-external-monitor/artifacts/usb4-backport/root/lib/modules/7.1.13-usb4-gpu-test/kernel/drivers/media/i2c/uda1342.ko
  STRIP   /home/mert/Work/omarchy-mac-external-monitor/artifacts/usb4-backport/root/lib/modules/7.1.13-usb4-gpu-test/kernel/drivers/media/i2c/uda1342.ko
  INSTALL /home/mert/Work/omarchy-mac-external-monitor/artifacts/usb4-backport/root/lib/modules/7.1.13-usb4-gpu-test/kernel/drivers/media/i2c/upd64031a.ko
  STRIP   /home/mert/Work/omarchy-mac-external-monitor/artifacts/usb4-backport/root/lib/modules/7.1.13-usb4-gpu-test/kernel/drivers/media/i2c/upd64031a.ko
  INSTALL /home/mert/Work/omarchy-mac-external-monitor/artifacts/usb4-backport/root/lib/modules/7.1.13-usb4-gpu-test/kernel/drivers/media/i2c/upd64083.ko
  STRIP   /home/mert/Work/omarchy-mac-external-monitor/artifacts/usb4-backport/root/lib/modules/7.1.13-usb4-gpu-test/kernel/drivers/media/i2c/upd64083.ko
  INSTALL /home/mert/Work/omarchy-mac-external-monitor/artifacts/usb4-backport/root/lib/modules/7.1.13-usb4-gpu-test/kernel/drivers/media/i2c/vp27smpx.ko
  STRIP   /home/mert/Work/omarchy-mac-external-monitor/artifacts/usb4-backport/root/lib/modules/7.1.13-usb4-gpu-test/kernel/drivers/media/i2c/vp27smpx.ko
  INSTALL /home/mert/Work/omarchy-mac-external-monitor/artifacts/usb4-backport/root/lib/modules/7.1.13-usb4-gpu-test/kernel/drivers/media/i2c/wm8739.ko
  STRIP   /home/mert/Work/omarchy-mac-external-monitor/artifacts/usb4-backport/root/lib/modules/7.1.13-usb4-gpu-test/kernel/drivers/media/i2c/wm8739.ko
  INSTALL /home/mert/Work/omarchy-mac-external-monitor/artifacts/usb4-backport/root/lib/modules/7.1.13-usb4-gpu-test/kernel/drivers/media/i2c/wm8775.ko
  STRIP   /home/mert/Work/omarchy-mac-external-monitor/artifacts/usb4-backport/root/lib/modules/7.1.13-usb4-gpu-test/kernel/drivers/media/i2c/wm8775.ko
  INSTALL /home/mert/Work/omarchy-mac-external-monitor/artifacts/usb4-backport/root/lib/modules/7.1.13-usb4-gpu-test/kernel/drivers/media/tuners/e4000.ko
  STRIP   /home/mert/Work/omarchy-mac-external-monitor/artifacts/usb4-backport/root/lib/modules/7.1.13-usb4-gpu-test/kernel/drivers/media/tuners/e4000.ko
  INSTALL /home/mert/Work/omarchy-mac-external-monitor/artifacts/usb4-backport/root/lib/modules/7.1.13-usb4-gpu-test/kernel/drivers/media/tuners/fc0011.ko
  STRIP   /home/mert/Work/omarchy-mac-external-monitor/artifacts/usb4-backport/root/lib/modules/7.1.13-usb4-gpu-test/kernel/drivers/media/tuners/fc0011.ko
  INSTALL /home/mert/Work/omarchy-mac-external-monitor/artifacts/usb4-backport/root/lib/modules/7.1.13-usb4-gpu-test/kernel/drivers/media/tuners/fc0012.ko
  STRIP   /home/mert/Work/omarchy-mac-external-monitor/artifacts/usb4-backport/root/lib/modules/7.1.13-usb4-gpu-test/kernel/drivers/media/tuners/fc0012.ko
  INSTALL /home/mert/Work/omarchy-mac-external-monitor/artifacts/usb4-backport/root/lib/modules/7.1.13-usb4-gpu-test/kernel/drivers/media/tuners/fc0013.ko
  STRIP   /home/mert/Work/omarchy-mac-external-monitor/artifacts/usb4-backport/root/lib/modules/7.1.13-usb4-gpu-test/kernel/drivers/media/tuners/fc0013.ko
  INSTALL /home/mert/Work/omarchy-mac-external-monitor/artifacts/usb4-backport/root/lib/modules/7.1.13-usb4-gpu-test/kernel/drivers/media/tuners/fc2580.ko
  STRIP   /home/mert/Work/omarchy-mac-external-monitor/artifacts/usb4-backport/root/lib/modules/7.1.13-usb4-gpu-test/kernel/drivers/media/tuners/fc2580.ko
  INSTALL /home/mert/Work/omarchy-mac-external-monitor/artifacts/usb4-backport/root/lib/modules/7.1.13-usb4-gpu-test/kernel/drivers/media/tuners/it913x.ko
  STRIP   /home/mert/Work/omarchy-mac-external-monitor/artifacts/usb4-backport/root/lib/modules/7.1.13-usb4-gpu-test/kernel/drivers/media/tuners/it913x.ko
  INSTALL /home/mert/Work/omarchy-mac-external-monitor/artifacts/usb4-backport/root/lib/modules/7.1.13-usb4-gpu-test/kernel/drivers/media/tuners/m88rs6000t.ko
  STRIP   /home/mert/Work/omarchy-mac-external-monitor/artifacts/usb4-backport/root/lib/modules/7.1.13-usb4-gpu-test/kernel/drivers/media/tuners/m88rs6000t.ko
  INSTALL /home/mert/Work/omarchy-mac-external-monitor/artifacts/usb4-backport/root/lib/modules/7.1.13-usb4-gpu-test/kernel/drivers/media/tuners/max2165.ko
  STRIP   /home/mert/Work/omarchy-mac-external-monitor/artifacts/usb4-backport/root/lib/modules/7.1.13-usb4-gpu-test/kernel/drivers/media/tuners/max2165.ko
  INSTALL /home/mert/Work/omarchy-mac-external-monitor/artifacts/usb4-backport/root/lib/modules/7.1.13-usb4-gpu-test/kernel/drivers/media/tuners/mc44s803.ko
  STRIP   /home/mert/Work/omarchy-mac-external-monitor/artifacts/usb4-backport/root/lib/modules/7.1.13-usb4-gpu-test/kernel/drivers/media/tuners/mc44s803.ko
  INSTALL /home/mert/Work/omarchy-mac-external-monitor/artifacts/usb4-backport/root/lib/modules/7.1.13-usb4-gpu-test/kernel/drivers/media/tuners/mt2060.ko
  STRIP   /home/mert/Work/omarchy-mac-external-monitor/artifacts/usb4-backport/root/lib/modules/7.1.13-usb4-gpu-test/kernel/drivers/media/tuners/mt2060.ko
  INSTALL /home/mert/Work/omarchy-mac-external-monitor/artifacts/usb4-backport/root/lib/modules/7.1.13-usb4-gpu-test/kernel/drivers/media/tuners/mt2063.ko
  STRIP   /home/mert/Work/omarchy-mac-external-monitor/artifacts/usb4-backport/root/lib/modules/7.1.13-usb4-gpu-test/kernel/drivers/media/tuners/mt2063.ko
  INSTALL /home/mert/Work/omarchy-mac-external-monitor/artifacts/usb4-backport/root/lib/modules/7.1.13-usb4-gpu-test/kernel/drivers/media/tuners/mt20xx.ko
  STRIP   /home/mert/Work/omarchy-mac-external-monitor/artifacts/usb4-backport/root/lib/modules/7.1.13-usb4-gpu-test/kernel/drivers/media/tuners/mt20xx.ko
  INSTALL /home/mert/Work/omarchy-mac-external-monitor/artifacts/usb4-backport/root/lib/modules/7.1.13-usb4-gpu-test/kernel/drivers/media/tuners/mt2131.ko
  STRIP   /home/mert/Work/omarchy-mac-external-monitor/artifacts/usb4-backport/root/lib/modules/7.1.13-usb4-gpu-test/kernel/drivers/media/tuners/mt2131.ko
  INSTALL /home/mert/Work/omarchy-mac-external-monitor/artifacts/usb4-backport/root/lib/modules/7.1.13-usb4-gpu-test/kernel/drivers/media/tuners/mt2266.ko
  STRIP   /home/mert/Work/omarchy-mac-external-monitor/artifacts/usb4-backport/root/lib/modules/7.1.13-usb4-gpu-test/kernel/drivers/media/tuners/mt2266.ko
  INSTALL /home/mert/Work/omarchy-mac-external-monitor/artifacts/usb4-backport/root/lib/modules/7.1.13-usb4-gpu-test/kernel/drivers/media/tuners/mxl301rf.ko
  STRIP   /home/mert/Work/omarchy-mac-external-monitor/artifacts/usb4-backport/root/lib/modules/7.1.13-usb4-gpu-test/kernel/drivers/media/tuners/mxl301rf.ko
  INSTALL /home/mert/Work/omarchy-mac-external-monitor/artifacts/usb4-backport/root/lib/modules/7.1.13-usb4-gpu-test/kernel/drivers/media/tuners/mxl5005s.ko
  STRIP   /home/mert/Work/omarchy-mac-external-monitor/artifacts/usb4-backport/root/lib/modules/7.1.13-usb4-gpu-test/kernel/drivers/media/tuners/mxl5005s.ko
  INSTALL /home/mert/Work/omarchy-mac-external-monitor/artifacts/usb4-backport/root/lib/modules/7.1.13-usb4-gpu-test/kernel/drivers/media/tuners/mxl5007t.ko
  STRIP   /home/mert/Work/omarchy-mac-external-monitor/artifacts/usb4-backport/root/lib/modules/7.1.13-usb4-gpu-test/kernel/drivers/media/tuners/mxl5007t.ko
  INSTALL /home/mert/Work/omarchy-mac-external-monitor/artifacts/usb4-backport/root/lib/modules/7.1.13-usb4-gpu-test/kernel/drivers/media/tuners/qm1d1b0004.ko
  STRIP   /home/mert/Work/omarchy-mac-external-monitor/artifacts/usb4-backport/root/lib/modules/7.1.13-usb4-gpu-test/kernel/drivers/media/tuners/qm1d1b0004.ko
  INSTALL /home/mert/Work/omarchy-mac-external-monitor/artifacts/usb4-backport/root/lib/modules/7.1.13-usb4-gpu-test/kernel/drivers/media/tuners/qm1d1c0042.ko
  STRIP   /home/mert/Work/omarchy-mac-external-monitor/artifacts/usb4-backport/root/lib/modules/7.1.13-usb4-gpu-test/kernel/drivers/media/tuners/qm1d1c0042.ko
  INSTALL /home/mert/Work/omarchy-mac-external-monitor/artifacts/usb4-backport/root/lib/modules/7.1.13-usb4-gpu-test/kernel/drivers/media/tuners/qt1010.ko
  STRIP   /home/mert/Work/omarchy-mac-external-monitor/artifacts/usb4-backport/root/lib/modules/7.1.13-usb4-gpu-test/kernel/drivers/media/tuners/qt1010.ko
  INSTALL /home/mert/Work/omarchy-mac-external-monitor/artifacts/usb4-backport/root/lib/modules/7.1.13-usb4-gpu-test/kernel/drivers/media/tuners/r820t.ko
  STRIP   /home/mert/Work/omarchy-mac-external-monitor/artifacts/usb4-backport/root/lib/modules/7.1.13-usb4-gpu-test/kernel/drivers/media/tuners/r820t.ko
  INSTALL /home/mert/Work/omarchy-mac-external-monitor/artifacts/usb4-backport/root/lib/modules/7.1.13-usb4-gpu-test/kernel/drivers/media/tuners/si2157.ko
  STRIP   /home/mert/Work/omarchy-mac-external-monitor/artifacts/usb4-backport/root/lib/modules/7.1.13-usb4-gpu-test/kernel/drivers/media/tuners/si2157.ko
  INSTALL /home/mert/Work/omarchy-mac-external-monitor/artifacts/usb4-backport/root/lib/modules/7.1.13-usb4-gpu-test/kernel/drivers/media/tuners/tuner-simple.ko
  STRIP   /home/mert/Work/omarchy-mac-external-monitor/artifacts/usb4-backport/root/lib/modules/7.1.13-usb4-gpu-test/kernel/drivers/media/tuners/tuner-simple.ko
  INSTALL /home/mert/Work/omarchy-mac-external-monitor/artifacts/usb4-backport/root/lib/modules/7.1.13-usb4-gpu-test/kernel/drivers/media/tuners/tuner-types.ko
  STRIP   /home/mert/Work/omarchy-mac-external-monitor/artifacts/usb4-backport/root/lib/modules/7.1.13-usb4-gpu-test/kernel/drivers/media/tuners/tuner-types.ko
  INSTALL /home/mert/Work/omarchy-mac-external-monitor/artifacts/usb4-backport/root/lib/modules/7.1.13-usb4-gpu-test/kernel/drivers/media/tuners/tda18212.ko
  STRIP   /home/mert/Work/omarchy-mac-external-monitor/artifacts/usb4-backport/root/lib/modules/7.1.13-usb4-gpu-test/kernel/drivers/media/tuners/tda18212.ko
  INSTALL /home/mert/Work/omarchy-mac-external-monitor/artifacts/usb4-backport/root/lib/modules/7.1.13-usb4-gpu-test/kernel/drivers/media/tuners/tda18218.ko
  STRIP   /home/mert/Work/omarchy-mac-external-monitor/artifacts/usb4-backport/root/lib/modules/7.1.13-usb4-gpu-test/kernel/drivers/media/tuners/tda18218.ko
  INSTALL /home/mert/Work/omarchy-mac-external-monitor/artifacts/usb4-backport/root/lib/modules/7.1.13-usb4-gpu-test/kernel/drivers/media/tuners/tda18250.ko
  STRIP   /home/mert/Work/omarchy-mac-external-monitor/artifacts/usb4-backport/root/lib/modules/7.1.13-usb4-gpu-test/kernel/drivers/media/tuners/tda18250.ko
  INSTALL /home/mert/Work/omarchy-mac-external-monitor/artifacts/usb4-backport/root/lib/modules/7.1.13-usb4-gpu-test/kernel/drivers/media/tuners/tda18271.ko
  STRIP   /home/mert/Work/omarchy-mac-external-monitor/artifacts/usb4-backport/root/lib/modules/7.1.13-usb4-gpu-test/kernel/drivers/media/tuners/tda18271.ko
  INSTALL /home/mert/Work/omarchy-mac-external-monitor/artifacts/usb4-backport/root/lib/modules/7.1.13-usb4-gpu-test/kernel/drivers/media/tuners/tda827x.ko
  STRIP   /home/mert/Work/omarchy-mac-external-monitor/artifacts/usb4-backport/root/lib/modules/7.1.13-usb4-gpu-test/kernel/drivers/media/tuners/tda827x.ko
  INSTALL /home/mert/Work/omarchy-mac-external-monitor/artifacts/usb4-backport/root/lib/modules/7.1.13-usb4-gpu-test/kernel/drivers/media/tuners/tda8290.ko
  STRIP   /home/mert/Work/omarchy-mac-external-monitor/artifacts/usb4-backport/root/lib/modules/7.1.13-usb4-gpu-test/kernel/drivers/media/tuners/tda8290.ko
  INSTALL /home/mert/Work/omarchy-mac-external-monitor/artifacts/usb4-backport/root/lib/modules/7.1.13-usb4-gpu-test/kernel/drivers/media/tuners/tda9887.ko
  STRIP   /home/mert/Work/omarchy-mac-external-monitor/artifacts/usb4-backport/root/lib/modules/7.1.13-usb4-gpu-test/kernel/drivers/media/tuners/tda9887.ko
  INSTALL /home/mert/Work/omarchy-mac-external-monitor/artifacts/usb4-backport/root/lib/modules/7.1.13-usb4-gpu-test/kernel/drivers/media/tuners/tea5761.ko
  STRIP   /home/mert/Work/omarchy-mac-external-monitor/artifacts/usb4-backport/root/lib/modules/7.1.13-usb4-gpu-test/kernel/drivers/media/tuners/tea5761.ko
  INSTALL /home/mert/Work/omarchy-mac-external-monitor/artifacts/usb4-backport/root/lib/modules/7.1.13-usb4-gpu-test/kernel/drivers/media/tuners/tea5767.ko
  STRIP   /home/mert/Work/omarchy-mac-external-monitor/artifacts/usb4-backport/root/lib/modules/7.1.13-usb4-gpu-test/kernel/drivers/media/tuners/tea5767.ko
  INSTALL /home/mert/Work/omarchy-mac-external-monitor/artifacts/usb4-backport/root/lib/modules/7.1.13-usb4-gpu-test/kernel/drivers/media/tuners/tua9001.ko
  STRIP   /home/mert/Work/omarchy-mac-external-monitor/artifacts/usb4-backport/root/lib/modules/7.1.13-usb4-gpu-test/kernel/drivers/media/tuners/tua9001.ko
  INSTALL /home/mert/Work/omarchy-mac-external-monitor/artifacts/usb4-backport/root/lib/modules/7.1.13-usb4-gpu-test/kernel/drivers/media/tuners/xc2028.ko
  STRIP   /home/mert/Work/omarchy-mac-external-monitor/artifacts/usb4-backport/root/lib/modules/7.1.13-usb4-gpu-test/kernel/drivers/media/tuners/xc2028.ko
  INSTALL /home/mert/Work/omarchy-mac-external-monitor/artifacts/usb4-backport/root/lib/modules/7.1.13-usb4-gpu-test/kernel/drivers/media/tuners/xc4000.ko
  STRIP   /home/mert/Work/omarchy-mac-external-monitor/artifacts/usb4-backport/root/lib/modules/7.1.13-usb4-gpu-test/kernel/drivers/media/tuners/xc4000.ko
  INSTALL /home/mert/Work/omarchy-mac-external-monitor/artifacts/usb4-backport/root/lib/modules/7.1.13-usb4-gpu-test/kernel/drivers/media/tuners/xc5000.ko
  STRIP   /home/mert/Work/omarchy-mac-external-monitor/artifacts/usb4-backport/root/lib/modules/7.1.13-usb4-gpu-test/kernel/drivers/media/tuners/xc5000.ko
  INSTALL /home/mert/Work/omarchy-mac-external-monitor/artifacts/usb4-backport/root/lib/modules/7.1.13-usb4-gpu-test/kernel/drivers/media/rc/keymaps/rc-adstech-dvb-t-pci.ko
  STRIP   /home/mert/Work/omarchy-mac-external-monitor/artifacts/usb4-backport/root/lib/modules/7.1.13-usb4-gpu-test/kernel/drivers/media/rc/keymaps/rc-adstech-dvb-t-pci.ko
  INSTALL /home/mert/Work/omarchy-mac-external-monitor/artifacts/usb4-backport/root/lib/modules/7.1.13-usb4-gpu-test/kernel/drivers/media/rc/keymaps/rc-alink-dtu-m.ko
  STRIP   /home/mert/Work/omarchy-mac-external-monitor/artifacts/usb4-backport/root/lib/modules/7.1.13-usb4-gpu-test/kernel/drivers/media/rc/keymaps/rc-alink-dtu-m.ko
  INSTALL /home/mert/Work/omarchy-mac-external-monitor/artifacts/usb4-backport/root/lib/modules/7.1.13-usb4-gpu-test/kernel/drivers/media/rc/keymaps/rc-anysee.ko
  STRIP   /home/mert/Work/omarchy-mac-external-monitor/artifacts/usb4-backport/root/lib/modules/7.1.13-usb4-gpu-test/kernel/drivers/media/rc/keymaps/rc-anysee.ko
  INSTALL /home/mert/Work/omarchy-mac-external-monitor/artifacts/usb4-backport/root/lib/modules/7.1.13-usb4-gpu-test/kernel/drivers/media/rc/keymaps/rc-apac-viewcomp.ko
  STRIP   /home/mert/Work/omarchy-mac-external-monitor/artifacts/usb4-backport/root/lib/modules/7.1.13-usb4-gpu-test/kernel/drivers/media/rc/keymaps/rc-apac-viewcomp.ko
  INSTALL /home/mert/Work/omarchy-mac-external-monitor/artifacts/usb4-backport/root/lib/modules/7.1.13-usb4-gpu-test/kernel/drivers/media/rc/keymaps/rc-astrometa-t2hybrid.ko
  STRIP   /home/mert/Work/omarchy-mac-external-monitor/artifacts/usb4-backport/root/lib/modules/7.1.13-usb4-gpu-test/kernel/drivers/media/rc/keymaps/rc-astrometa-t2hybrid.ko
  INSTALL /home/mert/Work/omarchy-mac-external-monitor/artifacts/usb4-backport/root/lib/modules/7.1.13-usb4-gpu-test/kernel/drivers/media/rc/keymaps/rc-asus-pc39.ko
  STRIP   /home/mert/Work/omarchy-mac-external-monitor/artifacts/usb4-backport/root/lib/modules/7.1.13-usb4-gpu-test/kernel/drivers/media/rc/keymaps/rc-asus-pc39.ko
  INSTALL /home/mert/Work/omarchy-mac-external-monitor/artifacts/usb4-backport/root/lib/modules/7.1.13-usb4-gpu-test/kernel/drivers/media/rc/keymaps/rc-asus-ps3-100.ko
  STRIP   /home/mert/Work/omarchy-mac-external-monitor/artifacts/usb4-backport/root/lib/modules/7.1.13-usb4-gpu-test/kernel/drivers/media/rc/keymaps/rc-asus-ps3-100.ko
  INSTALL /home/mert/Work/omarchy-mac-external-monitor/artifacts/usb4-backport/root/lib/modules/7.1.13-usb4-gpu-test/kernel/drivers/media/rc/keymaps/rc-ati-tv-wonder-hd-600.ko
  STRIP   /home/mert/Work/omarchy-mac-external-monitor/artifacts/usb4-backport/root/lib/modules/7.1.13-usb4-gpu-test/kernel/drivers/media/rc/keymaps/rc-ati-tv-wonder-hd-600.ko
  INSTALL /home/mert/Work/omarchy-mac-external-monitor/artifacts/usb4-backport/root/lib/modules/7.1.13-usb4-gpu-test/kernel/drivers/media/rc/keymaps/rc-ati-x10.ko
  STRIP   /home/mert/Work/omarchy-mac-external-monitor/artifacts/usb4-backport/root/lib/modules/7.1.13-usb4-gpu-test/kernel/drivers/media/rc/keymaps/rc-ati-x10.ko
  INSTALL /home/mert/Work/omarchy-mac-external-monitor/artifacts/usb4-backport/root/lib/modules/7.1.13-usb4-gpu-test/kernel/drivers/media/rc/keymaps/rc-avermedia-a16d.ko
  STRIP   /home/mert/Work/omarchy-mac-external-monitor/artifacts/usb4-backport/root/lib/modules/7.1.13-usb4-gpu-test/kernel/drivers/media/rc/keymaps/rc-avermedia-a16d.ko
  INSTALL /home/mert/Work/omarchy-mac-external-monitor/artifacts/usb4-backport/root/lib/modules/7.1.13-usb4-gpu-test/kernel/drivers/media/rc/keymaps/rc-avermedia-cardbus.ko
  STRIP   /home/mert/Work/omarchy-mac-external-monitor/artifacts/usb4-backport/root/lib/modules/7.1.13-usb4-gpu-test/kernel/drivers/media/rc/keymaps/rc-avermedia-cardbus.ko
  INSTALL /home/mert/Work/omarchy-mac-external-monitor/artifacts/usb4-backport/root/lib/modules/7.1.13-usb4-gpu-test/kernel/drivers/media/rc/keymaps/rc-avermedia-dvbt.ko
  STRIP   /home/mert/Work/omarchy-mac-external-monitor/artifacts/usb4-backport/root/lib/modules/7.1.13-usb4-gpu-test/kernel/drivers/media/rc/keymaps/rc-avermedia-dvbt.ko
  INSTALL /home/mert/Work/omarchy-mac-external-monitor/artifacts/usb4-backport/root/lib/modules/7.1.13-usb4-gpu-test/kernel/drivers/media/rc/keymaps/rc-avermedia-m135a.ko
  STRIP   /home/mert/Work/omarchy-mac-external-monitor/artifacts/usb4-backport/root/lib/modules/7.1.13-usb4-gpu-test/kernel/drivers/media/rc/keymaps/rc-avermedia-m135a.ko
  INSTALL /home/mert/Work/omarchy-mac-external-monitor/artifacts/usb4-backport/root/lib/modules/7.1.13-usb4-gpu-test/kernel/drivers/media/rc/keymaps/rc-avermedia-m733a-rm-k6.ko
  STRIP   /home/mert/Work/omarchy-mac-external-monitor/artifacts/usb4-backport/root/lib/modules/7.1.13-usb4-gpu-test/kernel/drivers/media/rc/keymaps/rc-avermedia-m733a-rm-k6.ko
  INSTALL /home/mert/Work/omarchy-mac-external-monitor/artifacts/usb4-backport/root/lib/modules/7.1.13-usb4-gpu-test/kernel/drivers/media/rc/keymaps/rc-avermedia.ko
  STRIP   /home/mert/Work/omarchy-mac-external-monitor/artifacts/usb4-backport/root/lib/modules/7.1.13-usb4-gpu-test/kernel/drivers/media/rc/keymaps/rc-avermedia.ko
  INSTALL /home/mert/Work/omarchy-mac-external-monitor/artifacts/usb4-backport/root/lib/modules/7.1.13-usb4-gpu-test/kernel/drivers/media/rc/keymaps/rc-avermedia-rm-ks.ko
  STRIP   /home/mert/Work/omarchy-mac-external-monitor/artifacts/usb4-backport/root/lib/modules/7.1.13-usb4-gpu-test/kernel/drivers/media/rc/keymaps/rc-avermedia-rm-ks.ko
  INSTALL /home/mert/Work/omarchy-mac-external-monitor/artifacts/usb4-backport/root/lib/modules/7.1.13-usb4-gpu-test/kernel/drivers/media/rc/keymaps/rc-avertv-303.ko
  STRIP   /home/mert/Work/omarchy-mac-external-monitor/artifacts/usb4-backport/root/lib/modules/7.1.13-usb4-gpu-test/kernel/drivers/media/rc/keymaps/rc-avertv-303.ko
  INSTALL /home/mert/Work/omarchy-mac-external-monitor/artifacts/usb4-backport/root/lib/modules/7.1.13-usb4-gpu-test/kernel/drivers/media/rc/keymaps/rc-azurewave-ad-tu700.ko
  STRIP   /home/mert/Work/omarchy-mac-external-monitor/artifacts/usb4-backport/root/lib/modules/7.1.13-usb4-gpu-test/kernel/drivers/media/rc/keymaps/rc-azurewave-ad-tu700.ko
  INSTALL /home/mert/Work/omarchy-mac-external-monitor/artifacts/usb4-backport/root/lib/modules/7.1.13-usb4-gpu-test/kernel/drivers/media/rc/keymaps/rc-beelink-gs1.ko
  STRIP   /home/mert/Work/omarchy-mac-external-monitor/artifacts/usb4-backport/root/lib/modules/7.1.13-usb4-gpu-test/kernel/drivers/media/rc/keymaps/rc-beelink-gs1.ko
  INSTALL /home/mert/Work/omarchy-mac-external-monitor/artifacts/usb4-backport/root/lib/modules/7.1.13-usb4-gpu-test/kernel/drivers/media/rc/keymaps/rc-beelink-mxiii.ko
  STRIP   /home/mert/Work/omarchy-mac-external-monitor/artifacts/usb4-backport/root/lib/modules/7.1.13-usb4-gpu-test/kernel/drivers/media/rc/keymaps/rc-beelink-mxiii.ko
  INSTALL /home/mert/Work/omarchy-mac-external-monitor/artifacts/usb4-backport/root/lib/modules/7.1.13-usb4-gpu-test/kernel/drivers/media/rc/keymaps/rc-behold-columbus.ko
  STRIP   /home/mert/Work/omarchy-mac-external-monitor/artifacts/usb4-backport/root/lib/modules/7.1.13-usb4-gpu-test/kernel/drivers/media/rc/keymaps/rc-behold-columbus.ko
  INSTALL /home/mert/Work/omarchy-mac-external-monitor/artifacts/usb4-backport/root/lib/modules/7.1.13-usb4-gpu-test/kernel/drivers/media/rc/keymaps/rc-behold.ko
  STRIP   /home/mert/Work/omarchy-mac-external-monitor/artifacts/usb4-backport/root/lib/modules/7.1.13-usb4-gpu-test/kernel/drivers/media/rc/keymaps/rc-behold.ko
  INSTALL /home/mert/Work/omarchy-mac-external-monitor/artifacts/usb4-backport/root/lib/modules/7.1.13-usb4-gpu-test/kernel/drivers/media/rc/keymaps/rc-budget-ci-old.ko
  STRIP   /home/mert/Work/omarchy-mac-external-monitor/artifacts/usb4-backport/root/lib/modules/7.1.13-usb4-gpu-test/kernel/drivers/media/rc/keymaps/rc-budget-ci-old.ko
  INSTALL /home/mert/Work/omarchy-mac-external-monitor/artifacts/usb4-backport/root/lib/modules/7.1.13-usb4-gpu-test/kernel/drivers/media/rc/keymaps/rc-cinergy-1400.ko
  STRIP   /home/mert/Work/omarchy-mac-external-monitor/artifacts/usb4-backport/root/lib/modules/7.1.13-usb4-gpu-test/kernel/drivers/media/rc/keymaps/rc-cinergy-1400.ko
  INSTALL /home/mert/Work/omarchy-mac-external-monitor/artifacts/usb4-backport/root/lib/modules/7.1.13-usb4-gpu-test/kernel/drivers/media/rc/keymaps/rc-cinergy.ko
  STRIP   /home/mert/Work/omarchy-mac-external-monitor/artifacts/usb4-backport/root/lib/modules/7.1.13-usb4-gpu-test/kernel/drivers/media/rc/keymaps/rc-cinergy.ko
  INSTALL /home/mert/Work/omarchy-mac-external-monitor/artifacts/usb4-backport/root/lib/modules/7.1.13-usb4-gpu-test/kernel/drivers/media/rc/keymaps/rc-ct-90405.ko
  STRIP   /home/mert/Work/omarchy-mac-external-monitor/artifacts/usb4-backport/root/lib/modules/7.1.13-usb4-gpu-test/kernel/drivers/media/rc/keymaps/rc-ct-90405.ko
  INSTALL /home/mert/Work/omarchy-mac-external-monitor/artifacts/usb4-backport/root/lib/modules/7.1.13-usb4-gpu-test/kernel/drivers/media/rc/keymaps/rc-d680-dmb.ko
  STRIP   /home/mert/Work/omarchy-mac-external-monitor/artifacts/usb4-backport/root/lib/modules/7.1.13-usb4-gpu-test/kernel/drivers/media/rc/keymaps/rc-d680-dmb.ko
  INSTALL /home/mert/Work/omarchy-mac-external-monitor/artifacts/usb4-backport/root/lib/modules/7.1.13-usb4-gpu-test/kernel/drivers/media/rc/keymaps/rc-delock-61959.ko
  STRIP   /home/mert/Work/omarchy-mac-external-monitor/artifacts/usb4-backport/root/lib/modules/7.1.13-usb4-gpu-test/kernel/drivers/media/rc/keymaps/rc-delock-61959.ko
  INSTALL /home/mert/Work/omarchy-mac-external-monitor/artifacts/usb4-backport/root/lib/modules/7.1.13-usb4-gpu-test/kernel/drivers/media/rc/keymaps/rc-dib0700-nec.ko
  STRIP   /home/mert/Work/omarchy-mac-external-monitor/artifacts/usb4-backport/root/lib/modules/7.1.13-usb4-gpu-test/kernel/drivers/media/rc/keymaps/rc-dib0700-nec.ko
  INSTALL /home/mert/Work/omarchy-mac-external-monitor/artifacts/usb4-backport/root/lib/modules/7.1.13-usb4-gpu-test/kernel/drivers/media/rc/keymaps/rc-dib0700-rc5.ko
  STRIP   /home/mert/Work/omarchy-mac-external-monitor/artifacts/usb4-backport/root/lib/modules/7.1.13-usb4-gpu-test/kernel/drivers/media/rc/keymaps/rc-dib0700-rc5.ko
  INSTALL /home/mert/Work/omarchy-mac-external-monitor/artifacts/usb4-backport/root/lib/modules/7.1.13-usb4-gpu-test/kernel/drivers/media/rc/keymaps/rc-digitalnow-tinytwin.ko
  STRIP   /home/mert/Work/omarchy-mac-external-monitor/artifacts/usb4-backport/root/lib/modules/7.1.13-usb4-gpu-test/kernel/drivers/media/rc/keymaps/rc-digitalnow-tinytwin.ko
  INSTALL /home/mert/Work/omarchy-mac-external-monitor/artifacts/usb4-backport/root/lib/modules/7.1.13-usb4-gpu-test/kernel/drivers/media/rc/keymaps/rc-digittrade.ko
  STRIP   /home/mert/Work/omarchy-mac-external-monitor/artifacts/usb4-backport/root/lib/modules/7.1.13-usb4-gpu-test/kernel/drivers/media/rc/keymaps/rc-digittrade.ko
  INSTALL /home/mert/Work/omarchy-mac-external-monitor/artifacts/usb4-backport/root/lib/modules/7.1.13-usb4-gpu-test/kernel/drivers/media/rc/keymaps/rc-dm1105-nec.ko
  STRIP   /home/mert/Work/omarchy-mac-external-monitor/artifacts/usb4-backport/root/lib/modules/7.1.13-usb4-gpu-test/kernel/drivers/media/rc/keymaps/rc-dm1105-nec.ko
  INSTALL /home/mert/Work/omarchy-mac-external-monitor/artifacts/usb4-backport/root/lib/modules/7.1.13-usb4-gpu-test/kernel/drivers/media/rc/keymaps/rc-dntv-live-dvb-t.ko
  STRIP   /home/mert/Work/omarchy-mac-external-monitor/artifacts/usb4-backport/root/lib/modules/7.1.13-usb4-gpu-test/kernel/drivers/media/rc/keymaps/rc-dntv-live-dvb-t.ko
  INSTALL /home/mert/Work/omarchy-mac-external-monitor/artifacts/usb4-backport/root/lib/modules/7.1.13-usb4-gpu-test/kernel/drivers/media/rc/keymaps/rc-dntv-live-dvbt-pro.ko
  STRIP   /home/mert/Work/omarchy-mac-external-monitor/artifacts/usb4-backport/root/lib/modules/7.1.13-usb4-gpu-test/kernel/drivers/media/rc/keymaps/rc-dntv-live-dvbt-pro.ko
  INSTALL /home/mert/Work/omarchy-mac-external-monitor/artifacts/usb4-backport/root/lib/modules/7.1.13-usb4-gpu-test/kernel/drivers/media/rc/keymaps/rc-dreambox.ko
  STRIP   /home/mert/Work/omarchy-mac-external-monitor/artifacts/usb4-backport/root/lib/modules/7.1.13-usb4-gpu-test/kernel/drivers/media/rc/keymaps/rc-dreambox.ko
  INSTALL /home/mert/Work/omarchy-mac-external-monitor/artifacts/usb4-backport/root/lib/modules/7.1.13-usb4-gpu-test/kernel/drivers/media/rc/keymaps/rc-dtt200u.ko
  STRIP   /home/mert/Work/omarchy-mac-external-monitor/artifacts/usb4-backport/root/lib/modules/7.1.13-usb4-gpu-test/kernel/drivers/media/rc/keymaps/rc-dtt200u.ko
  INSTALL /home/mert/Work/omarchy-mac-external-monitor/artifacts/usb4-backport/root/lib/modules/7.1.13-usb4-gpu-test/kernel/drivers/media/rc/keymaps/rc-dvbsky.ko
  STRIP   /home/mert/Work/omarchy-mac-external-monitor/artifacts/usb4-backport/root/lib/modules/7.1.13-usb4-gpu-test/kernel/drivers/media/rc/keymaps/rc-dvbsky.ko
  INSTALL /home/mert/Work/omarchy-mac-external-monitor/artifacts/usb4-backport/root/lib/modules/7.1.13-usb4-gpu-test/kernel/drivers/media/rc/keymaps/rc-dvico-mce.ko
  STRIP   /home/mert/Work/omarchy-mac-external-monitor/artifacts/usb4-backport/root/lib/modules/7.1.13-usb4-gpu-test/kernel/drivers/media/rc/keymaps/rc-dvico-mce.ko
  INSTALL /home/mert/Work/omarchy-mac-external-monitor/artifacts/usb4-backport/root/lib/modules/7.1.13-usb4-gpu-test/kernel/drivers/media/rc/keymaps/rc-dvico-portable.ko
  STRIP   /home/mert/Work/omarchy-mac-external-monitor/artifacts/usb4-backport/root/lib/modules/7.1.13-usb4-gpu-test/kernel/drivers/media/rc/keymaps/rc-dvico-portable.ko
  INSTALL /home/mert/Work/omarchy-mac-external-monitor/artifacts/usb4-backport/root/lib/modules/7.1.13-usb4-gpu-test/kernel/drivers/media/rc/keymaps/rc-em-terratec.ko
  STRIP   /home/mert/Work/omarchy-mac-external-monitor/artifacts/usb4-backport/root/lib/modules/7.1.13-usb4-gpu-test/kernel/drivers/media/rc/keymaps/rc-em-terratec.ko
  INSTALL /home/mert/Work/omarchy-mac-external-monitor/artifacts/usb4-backport/root/lib/modules/7.1.13-usb4-gpu-test/kernel/drivers/media/rc/keymaps/rc-encore-enltv2.ko
  STRIP   /home/mert/Work/omarchy-mac-external-monitor/artifacts/usb4-backport/root/lib/modules/7.1.13-usb4-gpu-test/kernel/drivers/media/rc/keymaps/rc-encore-enltv2.ko
  INSTALL /home/mert/Work/omarchy-mac-external-monitor/artifacts/usb4-backport/root/lib/modules/7.1.13-usb4-gpu-test/kernel/drivers/media/rc/keymaps/rc-encore-enltv-fm53.ko
  STRIP   /home/mert/Work/omarchy-mac-external-monitor/artifacts/usb4-backport/root/lib/modules/7.1.13-usb4-gpu-test/kernel/drivers/media/rc/keymaps/rc-encore-enltv-fm53.ko
  INSTALL /home/mert/Work/omarchy-mac-external-monitor/artifacts/usb4-backport/root/lib/modules/7.1.13-usb4-gpu-test/kernel/drivers/media/rc/keymaps/rc-encore-enltv.ko
  STRIP   /home/mert/Work/omarchy-mac-external-monitor/artifacts/usb4-backport/root/lib/modules/7.1.13-usb4-gpu-test/kernel/drivers/media/rc/keymaps/rc-encore-enltv.ko
  INSTALL /home/mert/Work/omarchy-mac-external-monitor/artifacts/usb4-backport/root/lib/modules/7.1.13-usb4-gpu-test/kernel/drivers/media/rc/keymaps/rc-evga-indtube.ko
  STRIP   /home/mert/Work/omarchy-mac-external-monitor/artifacts/usb4-backport/root/lib/modules/7.1.13-usb4-gpu-test/kernel/drivers/media/rc/keymaps/rc-evga-indtube.ko
  INSTALL /home/mert/Work/omarchy-mac-external-monitor/artifacts/usb4-backport/root/lib/modules/7.1.13-usb4-gpu-test/kernel/drivers/media/rc/keymaps/rc-eztv.ko
  STRIP   /home/mert/Work/omarchy-mac-external-monitor/artifacts/usb4-backport/root/lib/modules/7.1.13-usb4-gpu-test/kernel/drivers/media/rc/keymaps/rc-eztv.ko
  INSTALL /home/mert/Work/omarchy-mac-external-monitor/artifacts/usb4-backport/root/lib/modules/7.1.13-usb4-gpu-test/kernel/drivers/media/rc/keymaps/rc-flydvb.ko
  STRIP   /home/mert/Work/omarchy-mac-external-monitor/artifacts/usb4-backport/root/lib/modules/7.1.13-usb4-gpu-test/kernel/drivers/media/rc/keymaps/rc-flydvb.ko
  INSTALL /home/mert/Work/omarchy-mac-external-monitor/artifacts/usb4-backport/root/lib/modules/7.1.13-usb4-gpu-test/kernel/drivers/media/rc/keymaps/rc-flyvideo.ko
  STRIP   /home/mert/Work/omarchy-mac-external-monitor/artifacts/usb4-backport/root/lib/modules/7.1.13-usb4-gpu-test/kernel/drivers/media/rc/keymaps/rc-flyvideo.ko
  INSTALL /home/mert/Work/omarchy-mac-external-monitor/artifacts/usb4-backport/root/lib/modules/7.1.13-usb4-gpu-test/kernel/drivers/media/rc/keymaps/rc-fusionhdtv-mce.ko
  STRIP   /home/mert/Work/omarchy-mac-external-monitor/artifacts/usb4-backport/root/lib/modules/7.1.13-usb4-gpu-test/kernel/drivers/media/rc/keymaps/rc-fusionhdtv-mce.ko
  INSTALL /home/mert/Work/omarchy-mac-external-monitor/artifacts/usb4-backport/root/lib/modules/7.1.13-usb4-gpu-test/kernel/drivers/media/rc/keymaps/rc-gadmei-rm008z.ko
  STRIP   /home/mert/Work/omarchy-mac-external-monitor/artifacts/usb4-backport/root/lib/modules/7.1.13-usb4-gpu-test/kernel/drivers/media/rc/keymaps/rc-gadmei-rm008z.ko
  INSTALL /home/mert/Work/omarchy-mac-external-monitor/artifacts/usb4-backport/root/lib/modules/7.1.13-usb4-gpu-test/kernel/drivers/media/rc/keymaps/rc-geekbox.ko
  STRIP   /home/mert/Work/omarchy-mac-external-monitor/artifacts/usb4-backport/root/lib/modules/7.1.13-usb4-gpu-test/kernel/drivers/media/rc/keymaps/rc-geekbox.ko
  INSTALL /home/mert/Work/omarchy-mac-external-monitor/artifacts/usb4-backport/root/lib/modules/7.1.13-usb4-gpu-test/kernel/drivers/media/rc/keymaps/rc-genius-tvgo-a11mce.ko
  STRIP   /home/mert/Work/omarchy-mac-external-monitor/artifacts/usb4-backport/root/lib/modules/7.1.13-usb4-gpu-test/kernel/drivers/media/rc/keymaps/rc-genius-tvgo-a11mce.ko
  INSTALL /home/mert/Work/omarchy-mac-external-monitor/artifacts/usb4-backport/root/lib/modules/7.1.13-usb4-gpu-test/kernel/drivers/media/rc/keymaps/rc-gotview7135.ko
  STRIP   /home/mert/Work/omarchy-mac-external-monitor/artifacts/usb4-backport/root/lib/modules/7.1.13-usb4-gpu-test/kernel/drivers/media/rc/keymaps/rc-gotview7135.ko
  INSTALL /home/mert/Work/omarchy-mac-external-monitor/artifacts/usb4-backport/root/lib/modules/7.1.13-usb4-gpu-test/kernel/drivers/media/rc/keymaps/rc-hauppauge.ko
  STRIP   /home/mert/Work/omarchy-mac-external-monitor/artifacts/usb4-backport/root/lib/modules/7.1.13-usb4-gpu-test/kernel/drivers/media/rc/keymaps/rc-hauppauge.ko
  INSTALL /home/mert/Work/omarchy-mac-external-monitor/artifacts/usb4-backport/root/lib/modules/7.1.13-usb4-gpu-test/kernel/drivers/media/rc/keymaps/rc-hisi-poplar.ko
  STRIP   /home/mert/Work/omarchy-mac-external-monitor/artifacts/usb4-backport/root/lib/modules/7.1.13-usb4-gpu-test/kernel/drivers/media/rc/keymaps/rc-hisi-poplar.ko
  INSTALL /home/mert/Work/omarchy-mac-external-monitor/artifacts/usb4-backport/root/lib/modules/7.1.13-usb4-gpu-test/kernel/drivers/media/rc/keymaps/rc-hisi-tv-demo.ko
  STRIP   /home/mert/Work/omarchy-mac-external-monitor/artifacts/usb4-backport/root/lib/modules/7.1.13-usb4-gpu-test/kernel/drivers/media/rc/keymaps/rc-hisi-tv-demo.ko
  INSTALL /home/mert/Work/omarchy-mac-external-monitor/artifacts/usb4-backport/root/lib/modules/7.1.13-usb4-gpu-test/kernel/drivers/media/rc/keymaps/rc-imon-mce.ko
  STRIP   /home/mert/Work/omarchy-mac-external-monitor/artifacts/usb4-backport/root/lib/modules/7.1.13-usb4-gpu-test/kernel/drivers/media/rc/keymaps/rc-imon-mce.ko
  INSTALL /home/mert/Work/omarchy-mac-external-monitor/artifacts/usb4-backport/root/lib/modules/7.1.13-usb4-gpu-test/kernel/drivers/media/rc/keymaps/rc-imon-pad.ko
  STRIP   /home/mert/Work/omarchy-mac-external-monitor/artifacts/usb4-backport/root/lib/modules/7.1.13-usb4-gpu-test/kernel/drivers/media/rc/keymaps/rc-imon-pad.ko
  INSTALL /home/mert/Work/omarchy-mac-external-monitor/artifacts/usb4-backport/root/lib/modules/7.1.13-usb4-gpu-test/kernel/drivers/media/rc/keymaps/rc-imon-rsc.ko
  STRIP   /home/mert/Work/omarchy-mac-external-monitor/artifacts/usb4-backport/root/lib/modules/7.1.13-usb4-gpu-test/kernel/drivers/media/rc/keymaps/rc-imon-rsc.ko
  INSTALL /home/mert/Work/omarchy-mac-external-monitor/artifacts/usb4-backport/root/lib/modules/7.1.13-usb4-gpu-test/kernel/drivers/media/rc/keymaps/rc-iodata-bctv7e.ko
  STRIP   /home/mert/Work/omarchy-mac-external-monitor/artifacts/usb4-backport/root/lib/modules/7.1.13-usb4-gpu-test/kernel/drivers/media/rc/keymaps/rc-iodata-bctv7e.ko
  INSTALL /home/mert/Work/omarchy-mac-external-monitor/artifacts/usb4-backport/root/lib/modules/7.1.13-usb4-gpu-test/kernel/drivers/media/rc/keymaps/rc-it913x-v1.ko
  STRIP   /home/mert/Work/omarchy-mac-external-monitor/artifacts/usb4-backport/root/lib/modules/7.1.13-usb4-gpu-test/kernel/drivers/media/rc/keymaps/rc-it913x-v1.ko
  INSTALL /home/mert/Work/omarchy-mac-external-monitor/artifacts/usb4-backport/root/lib/modules/7.1.13-usb4-gpu-test/kernel/drivers/media/rc/keymaps/rc-it913x-v2.ko
  STRIP   /home/mert/Work/omarchy-mac-external-monitor/artifacts/usb4-backport/root/lib/modules/7.1.13-usb4-gpu-test/kernel/drivers/media/rc/keymaps/rc-it913x-v2.ko
  INSTALL /home/mert/Work/omarchy-mac-external-monitor/artifacts/usb4-backport/root/lib/modules/7.1.13-usb4-gpu-test/kernel/drivers/media/rc/keymaps/rc-kaiomy.ko
  STRIP   /home/mert/Work/omarchy-mac-external-monitor/artifacts/usb4-backport/root/lib/modules/7.1.13-usb4-gpu-test/kernel/drivers/media/rc/keymaps/rc-kaiomy.ko
  INSTALL /home/mert/Work/omarchy-mac-external-monitor/artifacts/usb4-backport/root/lib/modules/7.1.13-usb4-gpu-test/kernel/drivers/media/rc/keymaps/rc-khadas.ko
  STRIP   /home/mert/Work/omarchy-mac-external-monitor/artifacts/usb4-backport/root/lib/modules/7.1.13-usb4-gpu-test/kernel/drivers/media/rc/keymaps/rc-khadas.ko
  INSTALL /home/mert/Work/omarchy-mac-external-monitor/artifacts/usb4-backport/root/lib/modules/7.1.13-usb4-gpu-test/kernel/drivers/media/rc/keymaps/rc-khamsin.ko
  STRIP   /home/mert/Work/omarchy-mac-external-monitor/artifacts/usb4-backport/root/lib/modules/7.1.13-usb4-gpu-test/kernel/drivers/media/rc/keymaps/rc-khamsin.ko
  INSTALL /home/mert/Work/omarchy-mac-external-monitor/artifacts/usb4-backport/root/lib/modules/7.1.13-usb4-gpu-test/kernel/drivers/media/rc/keymaps/rc-kworld-315u.ko
  STRIP   /home/mert/Work/omarchy-mac-external-monitor/artifacts/usb4-backport/root/lib/modules/7.1.13-usb4-gpu-test/kernel/drivers/media/rc/keymaps/rc-kworld-315u.ko
  INSTALL /home/mert/Work/omarchy-mac-external-monitor/artifacts/usb4-backport/root/lib/modules/7.1.13-usb4-gpu-test/kernel/drivers/media/rc/keymaps/rc-kworld-pc150u.ko
  STRIP   /home/mert/Work/omarchy-mac-external-monitor/artifacts/usb4-backport/root/lib/modules/7.1.13-usb4-gpu-test/kernel/drivers/media/rc/keymaps/rc-kworld-pc150u.ko
  INSTALL /home/mert/Work/omarchy-mac-external-monitor/artifacts/usb4-backport/root/lib/modules/7.1.13-usb4-gpu-test/kernel/drivers/media/rc/keymaps/rc-kworld-plus-tv-analog.ko
  STRIP   /home/mert/Work/omarchy-mac-external-monitor/artifacts/usb4-backport/root/lib/modules/7.1.13-usb4-gpu-test/kernel/drivers/media/rc/keymaps/rc-kworld-plus-tv-analog.ko
  INSTALL /home/mert/Work/omarchy-mac-external-monitor/artifacts/usb4-backport/root/lib/modules/7.1.13-usb4-gpu-test/kernel/drivers/media/rc/keymaps/rc-leadtek-y04g0051.ko
  STRIP   /home/mert/Work/omarchy-mac-external-monitor/artifacts/usb4-backport/root/lib/modules/7.1.13-usb4-gpu-test/kernel/drivers/media/rc/keymaps/rc-leadtek-y04g0051.ko
  INSTALL /home/mert/Work/omarchy-mac-external-monitor/artifacts/usb4-backport/root/lib/modules/7.1.13-usb4-gpu-test/kernel/drivers/media/rc/keymaps/rc-lme2510.ko
  STRIP   /home/mert/Work/omarchy-mac-external-monitor/artifacts/usb4-backport/root/lib/modules/7.1.13-usb4-gpu-test/kernel/drivers/media/rc/keymaps/rc-lme2510.ko
  INSTALL /home/mert/Work/omarchy-mac-external-monitor/artifacts/usb4-backport/root/lib/modules/7.1.13-usb4-gpu-test/kernel/drivers/media/rc/keymaps/rc-manli.ko
  STRIP   /home/mert/Work/omarchy-mac-external-monitor/artifacts/usb4-backport/root/lib/modules/7.1.13-usb4-gpu-test/kernel/drivers/media/rc/keymaps/rc-manli.ko
  INSTALL /home/mert/Work/omarchy-mac-external-monitor/artifacts/usb4-backport/root/lib/modules/7.1.13-usb4-gpu-test/kernel/drivers/media/rc/keymaps/rc-mecool-kiii-pro.ko
  STRIP   /home/mert/Work/omarchy-mac-external-monitor/artifacts/usb4-backport/root/lib/modules/7.1.13-usb4-gpu-test/kernel/drivers/media/rc/keymaps/rc-mecool-kiii-pro.ko
  INSTALL /home/mert/Work/omarchy-mac-external-monitor/artifacts/usb4-backport/root/lib/modules/7.1.13-usb4-gpu-test/kernel/drivers/media/rc/keymaps/rc-mecool-kii-pro.ko
  STRIP   /home/mert/Work/omarchy-mac-external-monitor/artifacts/usb4-backport/root/lib/modules/7.1.13-usb4-gpu-test/kernel/drivers/media/rc/keymaps/rc-mecool-kii-pro.ko
  INSTALL /home/mert/Work/omarchy-mac-external-monitor/artifacts/usb4-backport/root/lib/modules/7.1.13-usb4-gpu-test/kernel/drivers/media/rc/keymaps/rc-medion-x10-digitainer.ko
  STRIP   /home/mert/Work/omarchy-mac-external-monitor/artifacts/usb4-backport/root/lib/modules/7.1.13-usb4-gpu-test/kernel/drivers/media/rc/keymaps/rc-medion-x10-digitainer.ko
  INSTALL /home/mert/Work/omarchy-mac-external-monitor/artifacts/usb4-backport/root/lib/modules/7.1.13-usb4-gpu-test/kernel/drivers/media/rc/keymaps/rc-medion-x10.ko
  STRIP   /home/mert/Work/omarchy-mac-external-monitor/artifacts/usb4-backport/root/lib/modules/7.1.13-usb4-gpu-test/kernel/drivers/media/rc/keymaps/rc-medion-x10.ko
  INSTALL /home/mert/Work/omarchy-mac-external-monitor/artifacts/usb4-backport/root/lib/modules/7.1.13-usb4-gpu-test/kernel/drivers/media/rc/keymaps/rc-medion-x10-or2x.ko
  STRIP   /home/mert/Work/omarchy-mac-external-monitor/artifacts/usb4-backport/root/lib/modules/7.1.13-usb4-gpu-test/kernel/drivers/media/rc/keymaps/rc-medion-x10-or2x.ko
  INSTALL /home/mert/Work/omarchy-mac-external-monitor/artifacts/usb4-backport/root/lib/modules/7.1.13-usb4-gpu-test/kernel/drivers/media/rc/keymaps/rc-minix-neo.ko
  STRIP   /home/mert/Work/omarchy-mac-external-monitor/artifacts/usb4-backport/root/lib/modules/7.1.13-usb4-gpu-test/kernel/drivers/media/rc/keymaps/rc-minix-neo.ko
  INSTALL /home/mert/Work/omarchy-mac-external-monitor/artifacts/usb4-backport/root/lib/modules/7.1.13-usb4-gpu-test/kernel/drivers/media/rc/keymaps/rc-msi-digivox-iii.ko
  STRIP   /home/mert/Work/omarchy-mac-external-monitor/artifacts/usb4-backport/root/lib/modules/7.1.13-usb4-gpu-test/kernel/drivers/media/rc/keymaps/rc-msi-digivox-iii.ko
  INSTALL /home/mert/Work/omarchy-mac-external-monitor/artifacts/usb4-backport/root/lib/modules/7.1.13-usb4-gpu-test/kernel/drivers/media/rc/keymaps/rc-msi-digivox-ii.ko
  STRIP   /home/mert/Work/omarchy-mac-external-monitor/artifacts/usb4-backport/root/lib/modules/7.1.13-usb4-gpu-test/kernel/drivers/media/rc/keymaps/rc-msi-digivox-ii.ko
  INSTALL /home/mert/Work/omarchy-mac-external-monitor/artifacts/usb4-backport/root/lib/modules/7.1.13-usb4-gpu-test/kernel/drivers/media/rc/keymaps/rc-msi-tvanywhere.ko
  STRIP   /home/mert/Work/omarchy-mac-external-monitor/artifacts/usb4-backport/root/lib/modules/7.1.13-usb4-gpu-test/kernel/drivers/media/rc/keymaps/rc-msi-tvanywhere.ko
  INSTALL /home/mert/Work/omarchy-mac-external-monitor/artifacts/usb4-backport/root/lib/modules/7.1.13-usb4-gpu-test/kernel/drivers/media/rc/keymaps/rc-msi-tvanywhere-plus.ko
  STRIP   /home/mert/Work/omarchy-mac-external-monitor/artifacts/usb4-backport/root/lib/modules/7.1.13-usb4-gpu-test/kernel/drivers/media/rc/keymaps/rc-msi-tvanywhere-plus.ko
  INSTALL /home/mert/Work/omarchy-mac-external-monitor/artifacts/usb4-backport/root/lib/modules/7.1.13-usb4-gpu-test/kernel/drivers/media/rc/keymaps/rc-mygica-utv3.ko
  STRIP   /home/mert/Work/omarchy-mac-external-monitor/artifacts/usb4-backport/root/lib/modules/7.1.13-usb4-gpu-test/kernel/drivers/media/rc/keymaps/rc-mygica-utv3.ko
  INSTALL /home/mert/Work/omarchy-mac-external-monitor/artifacts/usb4-backport/root/lib/modules/7.1.13-usb4-gpu-test/kernel/drivers/media/rc/keymaps/rc-nebula.ko
  STRIP   /home/mert/Work/omarchy-mac-external-monitor/artifacts/usb4-backport/root/lib/modules/7.1.13-usb4-gpu-test/kernel/drivers/media/rc/keymaps/rc-nebula.ko
  INSTALL /home/mert/Work/omarchy-mac-external-monitor/artifacts/usb4-backport/root/lib/modules/7.1.13-usb4-gpu-test/kernel/drivers/media/rc/keymaps/rc-nec-terratec-cinergy-xs.ko
  STRIP   /home/mert/Work/omarchy-mac-external-monitor/artifacts/usb4-backport/root/lib/modules/7.1.13-usb4-gpu-test/kernel/drivers/media/rc/keymaps/rc-nec-terratec-cinergy-xs.ko
  INSTALL /home/mert/Work/omarchy-mac-external-monitor/artifacts/usb4-backport/root/lib/modules/7.1.13-usb4-gpu-test/kernel/drivers/media/rc/keymaps/rc-norwood.ko
  STRIP   /home/mert/Work/omarchy-mac-external-monitor/artifacts/usb4-backport/root/lib/modules/7.1.13-usb4-gpu-test/kernel/drivers/media/rc/keymaps/rc-norwood.ko
  INSTALL /home/mert/Work/omarchy-mac-external-monitor/artifacts/usb4-backport/root/lib/modules/7.1.13-usb4-gpu-test/kernel/drivers/media/rc/keymaps/rc-npgtech.ko
  STRIP   /home/mert/Work/omarchy-mac-external-monitor/artifacts/usb4-backport/root/lib/modules/7.1.13-usb4-gpu-test/kernel/drivers/media/rc/keymaps/rc-npgtech.ko
  INSTALL /home/mert/Work/omarchy-mac-external-monitor/artifacts/usb4-backport/root/lib/modules/7.1.13-usb4-gpu-test/kernel/drivers/media/rc/keymaps/rc-odroid.ko
  STRIP   /home/mert/Work/omarchy-mac-external-monitor/artifacts/usb4-backport/root/lib/modules/7.1.13-usb4-gpu-test/kernel/drivers/media/rc/keymaps/rc-odroid.ko
  INSTALL /home/mert/Work/omarchy-mac-external-monitor/artifacts/usb4-backport/root/lib/modules/7.1.13-usb4-gpu-test/kernel/drivers/media/rc/keymaps/rc-pctv-sedna.ko
  STRIP   /home/mert/Work/omarchy-mac-external-monitor/artifacts/usb4-backport/root/lib/modules/7.1.13-usb4-gpu-test/kernel/drivers/media/rc/keymaps/rc-pctv-sedna.ko
  INSTALL /home/mert/Work/omarchy-mac-external-monitor/artifacts/usb4-backport/root/lib/modules/7.1.13-usb4-gpu-test/kernel/drivers/media/rc/keymaps/rc-pine64.ko
  STRIP   /home/mert/Work/omarchy-mac-external-monitor/artifacts/usb4-backport/root/lib/modules/7.1.13-usb4-gpu-test/kernel/drivers/media/rc/keymaps/rc-pine64.ko
  INSTALL /home/mert/Work/omarchy-mac-external-monitor/artifacts/usb4-backport/root/lib/modules/7.1.13-usb4-gpu-test/kernel/drivers/media/rc/keymaps/rc-pinnacle-color.ko
  STRIP   /home/mert/Work/omarchy-mac-external-monitor/artifacts/usb4-backport/root/lib/modules/7.1.13-usb4-gpu-test/kernel/drivers/media/rc/keymaps/rc-pinnacle-color.ko
  INSTALL /home/mert/Work/omarchy-mac-external-monitor/artifacts/usb4-backport/root/lib/modules/7.1.13-usb4-gpu-test/kernel/drivers/media/rc/keymaps/rc-pinnacle-grey.ko
  STRIP   /home/mert/Work/omarchy-mac-external-monitor/artifacts/usb4-backport/root/lib/modules/7.1.13-usb4-gpu-test/kernel/drivers/media/rc/keymaps/rc-pinnacle-grey.ko
  INSTALL /home/mert/Work/omarchy-mac-external-monitor/artifacts/usb4-backport/root/lib/modules/7.1.13-usb4-gpu-test/kernel/drivers/media/rc/keymaps/rc-pinnacle-pctv-hd.ko
  STRIP   /home/mert/Work/omarchy-mac-external-monitor/artifacts/usb4-backport/root/lib/modules/7.1.13-usb4-gpu-test/kernel/drivers/media/rc/keymaps/rc-pinnacle-pctv-hd.ko
  INSTALL /home/mert/Work/omarchy-mac-external-monitor/artifacts/usb4-backport/root/lib/modules/7.1.13-usb4-gpu-test/kernel/drivers/media/rc/keymaps/rc-pixelview-002t.ko
  STRIP   /home/mert/Work/omarchy-mac-external-monitor/artifacts/usb4-backport/root/lib/modules/7.1.13-usb4-gpu-test/kernel/drivers/media/rc/keymaps/rc-pixelview-002t.ko
  INSTALL /home/mert/Work/omarchy-mac-external-monitor/artifacts/usb4-backport/root/lib/modules/7.1.13-usb4-gpu-test/kernel/drivers/media/rc/keymaps/rc-pixelview-mk12.ko
  STRIP   /home/mert/Work/omarchy-mac-external-monitor/artifacts/usb4-backport/root/lib/modules/7.1.13-usb4-gpu-test/kernel/drivers/media/rc/keymaps/rc-pixelview-mk12.ko
  INSTALL /home/mert/Work/omarchy-mac-external-monitor/artifacts/usb4-backport/root/lib/modules/7.1.13-usb4-gpu-test/kernel/drivers/media/rc/keymaps/rc-pixelview-new.ko
  STRIP   /home/mert/Work/omarchy-mac-external-monitor/artifacts/usb4-backport/root/lib/modules/7.1.13-usb4-gpu-test/kernel/drivers/media/rc/keymaps/rc-pixelview-new.ko
  INSTALL /home/mert/Work/omarchy-mac-external-monitor/artifacts/usb4-backport/root/lib/modules/7.1.13-usb4-gpu-test/kernel/drivers/media/rc/keymaps/rc-pixelview.ko
  STRIP   /home/mert/Work/omarchy-mac-external-monitor/artifacts/usb4-backport/root/lib/modules/7.1.13-usb4-gpu-test/kernel/drivers/media/rc/keymaps/rc-pixelview.ko
  INSTALL /home/mert/Work/omarchy-mac-external-monitor/artifacts/usb4-backport/root/lib/modules/7.1.13-usb4-gpu-test/kernel/drivers/media/rc/keymaps/rc-powercolor-real-angel.ko
  STRIP   /home/mert/Work/omarchy-mac-external-monitor/artifacts/usb4-backport/root/lib/modules/7.1.13-usb4-gpu-test/kernel/drivers/media/rc/keymaps/rc-powercolor-real-angel.ko
  INSTALL /home/mert/Work/omarchy-mac-external-monitor/artifacts/usb4-backport/root/lib/modules/7.1.13-usb4-gpu-test/kernel/drivers/media/rc/keymaps/rc-proteus-2309.ko
  STRIP   /home/mert/Work/omarchy-mac-external-monitor/artifacts/usb4-backport/root/lib/modules/7.1.13-usb4-gpu-test/kernel/drivers/media/rc/keymaps/rc-proteus-2309.ko
  INSTALL /home/mert/Work/omarchy-mac-external-monitor/artifacts/usb4-backport/root/lib/modules/7.1.13-usb4-gpu-test/kernel/drivers/media/rc/keymaps/rc-purpletv.ko
  STRIP   /home/mert/Work/omarchy-mac-external-monitor/artifacts/usb4-backport/root/lib/modules/7.1.13-usb4-gpu-test/kernel/drivers/media/rc/keymaps/rc-purpletv.ko
  INSTALL /home/mert/Work/omarchy-mac-external-monitor/artifacts/usb4-backport/root/lib/modules/7.1.13-usb4-gpu-test/kernel/drivers/media/rc/keymaps/rc-pv951.ko
  STRIP   /home/mert/Work/omarchy-mac-external-monitor/artifacts/usb4-backport/root/lib/modules/7.1.13-usb4-gpu-test/kernel/drivers/media/rc/keymaps/rc-pv951.ko
  INSTALL /home/mert/Work/omarchy-mac-external-monitor/artifacts/usb4-backport/root/lib/modules/7.1.13-usb4-gpu-test/kernel/drivers/media/rc/keymaps/rc-rc6-mce.ko
  STRIP   /home/mert/Work/omarchy-mac-external-monitor/artifacts/usb4-backport/root/lib/modules/7.1.13-usb4-gpu-test/kernel/drivers/media/rc/keymaps/rc-rc6-mce.ko
  INSTALL /home/mert/Work/omarchy-mac-external-monitor/artifacts/usb4-backport/root/lib/modules/7.1.13-usb4-gpu-test/kernel/drivers/media/rc/keymaps/rc-real-audio-220-32-keys.ko
  STRIP   /home/mert/Work/omarchy-mac-external-monitor/artifacts/usb4-backport/root/lib/modules/7.1.13-usb4-gpu-test/kernel/drivers/media/rc/keymaps/rc-real-audio-220-32-keys.ko
  INSTALL /home/mert/Work/omarchy-mac-external-monitor/artifacts/usb4-backport/root/lib/modules/7.1.13-usb4-gpu-test/kernel/drivers/media/rc/keymaps/rc-reddo.ko
  STRIP   /home/mert/Work/omarchy-mac-external-monitor/artifacts/usb4-backport/root/lib/modules/7.1.13-usb4-gpu-test/kernel/drivers/media/rc/keymaps/rc-reddo.ko
  INSTALL /home/mert/Work/omarchy-mac-external-monitor/artifacts/usb4-backport/root/lib/modules/7.1.13-usb4-gpu-test/kernel/drivers/media/rc/keymaps/rc-siemens-gigaset-rc20.ko
  STRIP   /home/mert/Work/omarchy-mac-external-monitor/artifacts/usb4-backport/root/lib/modules/7.1.13-usb4-gpu-test/kernel/drivers/media/rc/keymaps/rc-siemens-gigaset-rc20.ko
  INSTALL /home/mert/Work/omarchy-mac-external-monitor/artifacts/usb4-backport/root/lib/modules/7.1.13-usb4-gpu-test/kernel/drivers/media/rc/keymaps/rc-snapstream-firefly.ko
  STRIP   /home/mert/Work/omarchy-mac-external-monitor/artifacts/usb4-backport/root/lib/modules/7.1.13-usb4-gpu-test/kernel/drivers/media/rc/keymaps/rc-snapstream-firefly.ko
  INSTALL /home/mert/Work/omarchy-mac-external-monitor/artifacts/usb4-backport/root/lib/modules/7.1.13-usb4-gpu-test/kernel/drivers/media/rc/keymaps/rc-streamzap.ko
  STRIP   /home/mert/Work/omarchy-mac-external-monitor/artifacts/usb4-backport/root/lib/modules/7.1.13-usb4-gpu-test/kernel/drivers/media/rc/keymaps/rc-streamzap.ko
  INSTALL /home/mert/Work/omarchy-mac-external-monitor/artifacts/usb4-backport/root/lib/modules/7.1.13-usb4-gpu-test/kernel/drivers/media/rc/keymaps/rc-su3000.ko
  STRIP   /home/mert/Work/omarchy-mac-external-monitor/artifacts/usb4-backport/root/lib/modules/7.1.13-usb4-gpu-test/kernel/drivers/media/rc/keymaps/rc-su3000.ko
  INSTALL /home/mert/Work/omarchy-mac-external-monitor/artifacts/usb4-backport/root/lib/modules/7.1.13-usb4-gpu-test/kernel/drivers/media/rc/keymaps/rc-tanix-tx3mini.ko
  STRIP   /home/mert/Work/omarchy-mac-external-monitor/artifacts/usb4-backport/root/lib/modules/7.1.13-usb4-gpu-test/kernel/drivers/media/rc/keymaps/rc-tanix-tx3mini.ko
  INSTALL /home/mert/Work/omarchy-mac-external-monitor/artifacts/usb4-backport/root/lib/modules/7.1.13-usb4-gpu-test/kernel/drivers/media/rc/keymaps/rc-tanix-tx5max.ko
  STRIP   /home/mert/Work/omarchy-mac-external-monitor/artifacts/usb4-backport/root/lib/modules/7.1.13-usb4-gpu-test/kernel/drivers/media/rc/keymaps/rc-tanix-tx5max.ko
  INSTALL /home/mert/Work/omarchy-mac-external-monitor/artifacts/usb4-backport/root/lib/modules/7.1.13-usb4-gpu-test/kernel/drivers/media/rc/keymaps/rc-tbs-nec.ko
  STRIP   /home/mert/Work/omarchy-mac-external-monitor/artifacts/usb4-backport/root/lib/modules/7.1.13-usb4-gpu-test/kernel/drivers/media/rc/keymaps/rc-tbs-nec.ko
  INSTALL /home/mert/Work/omarchy-mac-external-monitor/artifacts/usb4-backport/root/lib/modules/7.1.13-usb4-gpu-test/kernel/drivers/media/rc/keymaps/rc-technisat-ts35.ko
  STRIP   /home/mert/Work/omarchy-mac-external-monitor/artifacts/usb4-backport/root/lib/modules/7.1.13-usb4-gpu-test/kernel/drivers/media/rc/keymaps/rc-technisat-ts35.ko
  INSTALL /home/mert/Work/omarchy-mac-external-monitor/artifacts/usb4-backport/root/lib/modules/7.1.13-usb4-gpu-test/kernel/drivers/media/rc/keymaps/rc-technisat-usb2.ko
  STRIP   /home/mert/Work/omarchy-mac-external-monitor/artifacts/usb4-backport/root/lib/modules/7.1.13-usb4-gpu-test/kernel/drivers/media/rc/keymaps/rc-technisat-usb2.ko
  INSTALL /home/mert/Work/omarchy-mac-external-monitor/artifacts/usb4-backport/root/lib/modules/7.1.13-usb4-gpu-test/kernel/drivers/media/rc/keymaps/rc-terratec-cinergy-c-pci.ko
  STRIP   /home/mert/Work/omarchy-mac-external-monitor/artifacts/usb4-backport/root/lib/modules/7.1.13-usb4-gpu-test/kernel/drivers/media/rc/keymaps/rc-terratec-cinergy-c-pci.ko
  INSTALL /home/mert/Work/omarchy-mac-external-monitor/artifacts/usb4-backport/root/lib/modules/7.1.13-usb4-gpu-test/kernel/drivers/media/rc/keymaps/rc-terratec-cinergy-s2-hd.ko
  STRIP   /home/mert/Work/omarchy-mac-external-monitor/artifacts/usb4-backport/root/lib/modules/7.1.13-usb4-gpu-test/kernel/drivers/media/rc/keymaps/rc-terratec-cinergy-s2-hd.ko
  INSTALL /home/mert/Work/omarchy-mac-external-monitor/artifacts/usb4-backport/root/lib/modules/7.1.13-usb4-gpu-test/kernel/drivers/media/rc/keymaps/rc-terratec-cinergy-xs.ko
  STRIP   /home/mert/Work/omarchy-mac-external-monitor/artifacts/usb4-backport/root/lib/modules/7.1.13-usb4-gpu-test/kernel/drivers/media/rc/keymaps/rc-terratec-cinergy-xs.ko
  INSTALL /home/mert/Work/omarchy-mac-external-monitor/artifacts/usb4-backport/root/lib/modules/7.1.13-usb4-gpu-test/kernel/drivers/media/rc/keymaps/rc-terratec-slim-2.ko
  STRIP   /home/mert/Work/omarchy-mac-external-monitor/artifacts/usb4-backport/root/lib/modules/7.1.13-usb4-gpu-test/kernel/drivers/media/rc/keymaps/rc-terratec-slim-2.ko
  INSTALL /home/mert/Work/omarchy-mac-external-monitor/artifacts/usb4-backport/root/lib/modules/7.1.13-usb4-gpu-test/kernel/drivers/media/rc/keymaps/rc-terratec-slim.ko
  STRIP   /home/mert/Work/omarchy-mac-external-monitor/artifacts/usb4-backport/root/lib/modules/7.1.13-usb4-gpu-test/kernel/drivers/media/rc/keymaps/rc-terratec-slim.ko
  INSTALL /home/mert/Work/omarchy-mac-external-monitor/artifacts/usb4-backport/root/lib/modules/7.1.13-usb4-gpu-test/kernel/drivers/media/rc/keymaps/rc-tevii-nec.ko
  STRIP   /home/mert/Work/omarchy-mac-external-monitor/artifacts/usb4-backport/root/lib/modules/7.1.13-usb4-gpu-test/kernel/drivers/media/rc/keymaps/rc-tevii-nec.ko
  INSTALL /home/mert/Work/omarchy-mac-external-monitor/artifacts/usb4-backport/root/lib/modules/7.1.13-usb4-gpu-test/kernel/drivers/media/rc/keymaps/rc-tivo.ko
  STRIP   /home/mert/Work/omarchy-mac-external-monitor/artifacts/usb4-backport/root/lib/modules/7.1.13-usb4-gpu-test/kernel/drivers/media/rc/keymaps/rc-tivo.ko
  INSTALL /home/mert/Work/omarchy-mac-external-monitor/artifacts/usb4-backport/root/lib/modules/7.1.13-usb4-gpu-test/kernel/drivers/media/rc/keymaps/rc-total-media-in-hand-02.ko
  STRIP   /home/mert/Work/omarchy-mac-external-monitor/artifacts/usb4-backport/root/lib/modules/7.1.13-usb4-gpu-test/kernel/drivers/media/rc/keymaps/rc-total-media-in-hand-02.ko
  INSTALL /home/mert/Work/omarchy-mac-external-monitor/artifacts/usb4-backport/root/lib/modules/7.1.13-usb4-gpu-test/kernel/drivers/media/rc/keymaps/rc-total-media-in-hand.ko
  STRIP   /home/mert/Work/omarchy-mac-external-monitor/artifacts/usb4-backport/root/lib/modules/7.1.13-usb4-gpu-test/kernel/drivers/media/rc/keymaps/rc-total-media-in-hand.ko
  INSTALL /home/mert/Work/omarchy-mac-external-monitor/artifacts/usb4-backport/root/lib/modules/7.1.13-usb4-gpu-test/kernel/drivers/media/rc/keymaps/rc-trekstor.ko
  STRIP   /home/mert/Work/omarchy-mac-external-monitor/artifacts/usb4-backport/root/lib/modules/7.1.13-usb4-gpu-test/kernel/drivers/media/rc/keymaps/rc-trekstor.ko
  INSTALL /home/mert/Work/omarchy-mac-external-monitor/artifacts/usb4-backport/root/lib/modules/7.1.13-usb4-gpu-test/kernel/drivers/media/rc/keymaps/rc-tt-1500.ko
  STRIP   /home/mert/Work/omarchy-mac-external-monitor/artifacts/usb4-backport/root/lib/modules/7.1.13-usb4-gpu-test/kernel/drivers/media/rc/keymaps/rc-tt-1500.ko
  INSTALL /home/mert/Work/omarchy-mac-external-monitor/artifacts/usb4-backport/root/lib/modules/7.1.13-usb4-gpu-test/kernel/drivers/media/rc/keymaps/rc-twinhan1027.ko
  STRIP   /home/mert/Work/omarchy-mac-external-monitor/artifacts/usb4-backport/root/lib/modules/7.1.13-usb4-gpu-test/kernel/drivers/media/rc/keymaps/rc-twinhan1027.ko
  INSTALL /home/mert/Work/omarchy-mac-external-monitor/artifacts/usb4-backport/root/lib/modules/7.1.13-usb4-gpu-test/kernel/drivers/media/rc/keymaps/rc-twinhan-dtv-cab-ci.ko
  STRIP   /home/mert/Work/omarchy-mac-external-monitor/artifacts/usb4-backport/root/lib/modules/7.1.13-usb4-gpu-test/kernel/drivers/media/rc/keymaps/rc-twinhan-dtv-cab-ci.ko
  INSTALL /home/mert/Work/omarchy-mac-external-monitor/artifacts/usb4-backport/root/lib/modules/7.1.13-usb4-gpu-test/kernel/drivers/media/rc/keymaps/rc-vega-s9x.ko
  STRIP   /home/mert/Work/omarchy-mac-external-monitor/artifacts/usb4-backport/root/lib/modules/7.1.13-usb4-gpu-test/kernel/drivers/media/rc/keymaps/rc-vega-s9x.ko
  INSTALL /home/mert/Work/omarchy-mac-external-monitor/artifacts/usb4-backport/root/lib/modules/7.1.13-usb4-gpu-test/kernel/drivers/media/rc/keymaps/rc-videomate-m1f.ko
  STRIP   /home/mert/Work/omarchy-mac-external-monitor/artifacts/usb4-backport/root/lib/modules/7.1.13-usb4-gpu-test/kernel/drivers/media/rc/keymaps/rc-videomate-m1f.ko
  INSTALL /home/mert/Work/omarchy-mac-external-monitor/artifacts/usb4-backport/root/lib/modules/7.1.13-usb4-gpu-test/kernel/drivers/media/rc/keymaps/rc-videomate-s350.ko
  STRIP   /home/mert/Work/omarchy-mac-external-monitor/artifacts/usb4-backport/root/lib/modules/7.1.13-usb4-gpu-test/kernel/drivers/media/rc/keymaps/rc-videomate-s350.ko
  INSTALL /home/mert/Work/omarchy-mac-external-monitor/artifacts/usb4-backport/root/lib/modules/7.1.13-usb4-gpu-test/kernel/drivers/media/rc/keymaps/rc-videomate-tv-pvr.ko
  STRIP   /home/mert/Work/omarchy-mac-external-monitor/artifacts/usb4-backport/root/lib/modules/7.1.13-usb4-gpu-test/kernel/drivers/media/rc/keymaps/rc-videomate-tv-pvr.ko
  INSTALL /home/mert/Work/omarchy-mac-external-monitor/artifacts/usb4-backport/root/lib/modules/7.1.13-usb4-gpu-test/kernel/drivers/media/rc/keymaps/rc-videostrong-kii-pro.ko
  STRIP   /home/mert/Work/omarchy-mac-external-monitor/artifacts/usb4-backport/root/lib/modules/7.1.13-usb4-gpu-test/kernel/drivers/media/rc/keymaps/rc-videostrong-kii-pro.ko
  INSTALL /home/mert/Work/omarchy-mac-external-monitor/artifacts/usb4-backport/root/lib/modules/7.1.13-usb4-gpu-test/kernel/drivers/media/rc/keymaps/rc-wetek-hub.ko
  STRIP   /home/mert/Work/omarchy-mac-external-monitor/artifacts/usb4-backport/root/lib/modules/7.1.13-usb4-gpu-test/kernel/drivers/media/rc/keymaps/rc-wetek-hub.ko
  INSTALL /home/mert/Work/omarchy-mac-external-monitor/artifacts/usb4-backport/root/lib/modules/7.1.13-usb4-gpu-test/kernel/drivers/media/rc/keymaps/rc-wetek-play2.ko
  STRIP   /home/mert/Work/omarchy-mac-external-monitor/artifacts/usb4-backport/root/lib/modules/7.1.13-usb4-gpu-test/kernel/drivers/media/rc/keymaps/rc-wetek-play2.ko
  INSTALL /home/mert/Work/omarchy-mac-external-monitor/artifacts/usb4-backport/root/lib/modules/7.1.13-usb4-gpu-test/kernel/drivers/media/rc/keymaps/rc-winfast.ko
  STRIP   /home/mert/Work/omarchy-mac-external-monitor/artifacts/usb4-backport/root/lib/modules/7.1.13-usb4-gpu-test/kernel/drivers/media/rc/keymaps/rc-winfast.ko
  INSTALL /home/mert/Work/omarchy-mac-external-monitor/artifacts/usb4-backport/root/lib/modules/7.1.13-usb4-gpu-test/kernel/drivers/media/rc/keymaps/rc-winfast-usbii-deluxe.ko
  STRIP   /home/mert/Work/omarchy-mac-external-monitor/artifacts/usb4-backport/root/lib/modules/7.1.13-usb4-gpu-test/kernel/drivers/media/rc/keymaps/rc-winfast-usbii-deluxe.ko
  INSTALL /home/mert/Work/omarchy-mac-external-monitor/artifacts/usb4-backport/root/lib/modules/7.1.13-usb4-gpu-test/kernel/drivers/media/rc/keymaps/rc-x96max.ko
  STRIP   /home/mert/Work/omarchy-mac-external-monitor/artifacts/usb4-backport/root/lib/modules/7.1.13-usb4-gpu-test/kernel/drivers/media/rc/keymaps/rc-x96max.ko
  INSTALL /home/mert/Work/omarchy-mac-external-monitor/artifacts/usb4-backport/root/lib/modules/7.1.13-usb4-gpu-test/kernel/drivers/media/rc/keymaps/rc-xbox-360.ko
  STRIP   /home/mert/Work/omarchy-mac-external-monitor/artifacts/usb4-backport/root/lib/modules/7.1.13-usb4-gpu-test/kernel/drivers/media/rc/keymaps/rc-xbox-360.ko
  INSTALL /home/mert/Work/omarchy-mac-external-monitor/artifacts/usb4-backport/root/lib/modules/7.1.13-usb4-gpu-test/kernel/drivers/media/rc/keymaps/rc-xbox-dvd.ko
  STRIP   /home/mert/Work/omarchy-mac-external-monitor/artifacts/usb4-backport/root/lib/modules/7.1.13-usb4-gpu-test/kernel/drivers/media/rc/keymaps/rc-xbox-dvd.ko
  INSTALL /home/mert/Work/omarchy-mac-external-monitor/artifacts/usb4-backport/root/lib/modules/7.1.13-usb4-gpu-test/kernel/drivers/media/rc/keymaps/rc-zx-irdec.ko
  STRIP   /home/mert/Work/omarchy-mac-external-monitor/artifacts/usb4-backport/root/lib/modules/7.1.13-usb4-gpu-test/kernel/drivers/media/rc/keymaps/rc-zx-irdec.ko
  INSTALL /home/mert/Work/omarchy-mac-external-monitor/artifacts/usb4-backport/root/lib/modules/7.1.13-usb4-gpu-test/kernel/drivers/media/rc/rc-core.ko
  STRIP   /home/mert/Work/omarchy-mac-external-monitor/artifacts/usb4-backport/root/lib/modules/7.1.13-usb4-gpu-test/kernel/drivers/media/rc/rc-core.ko
  INSTALL /home/mert/Work/omarchy-mac-external-monitor/artifacts/usb4-backport/root/lib/modules/7.1.13-usb4-gpu-test/kernel/drivers/media/rc/ir-imon-decoder.ko
  STRIP   /home/mert/Work/omarchy-mac-external-monitor/artifacts/usb4-backport/root/lib/modules/7.1.13-usb4-gpu-test/kernel/drivers/media/rc/ir-imon-decoder.ko
  INSTALL /home/mert/Work/omarchy-mac-external-monitor/artifacts/usb4-backport/root/lib/modules/7.1.13-usb4-gpu-test/kernel/drivers/media/rc/ir-jvc-decoder.ko
  STRIP   /home/mert/Work/omarchy-mac-external-monitor/artifacts/usb4-backport/root/lib/modules/7.1.13-usb4-gpu-test/kernel/drivers/media/rc/ir-jvc-decoder.ko
  INSTALL /home/mert/Work/omarchy-mac-external-monitor/artifacts/usb4-backport/root/lib/modules/7.1.13-usb4-gpu-test/kernel/drivers/media/rc/ir-mce_kbd-decoder.ko
  STRIP   /home/mert/Work/omarchy-mac-external-monitor/artifacts/usb4-backport/root/lib/modules/7.1.13-usb4-gpu-test/kernel/drivers/media/rc/ir-mce_kbd-decoder.ko
  INSTALL /home/mert/Work/omarchy-mac-external-monitor/artifacts/usb4-backport/root/lib/modules/7.1.13-usb4-gpu-test/kernel/drivers/media/rc/ir-nec-decoder.ko
  STRIP   /home/mert/Work/omarchy-mac-external-monitor/artifacts/usb4-backport/root/lib/modules/7.1.13-usb4-gpu-test/kernel/drivers/media/rc/ir-nec-decoder.ko
  INSTALL /home/mert/Work/omarchy-mac-external-monitor/artifacts/usb4-backport/root/lib/modules/7.1.13-usb4-gpu-test/kernel/drivers/media/rc/ir-rc5-decoder.ko
  STRIP   /home/mert/Work/omarchy-mac-external-monitor/artifacts/usb4-backport/root/lib/modules/7.1.13-usb4-gpu-test/kernel/drivers/media/rc/ir-rc5-decoder.ko
  INSTALL /home/mert/Work/omarchy-mac-external-monitor/artifacts/usb4-backport/root/lib/modules/7.1.13-usb4-gpu-test/kernel/drivers/media/rc/ir-rc6-decoder.ko
  STRIP   /home/mert/Work/omarchy-mac-external-monitor/artifacts/usb4-backport/root/lib/modules/7.1.13-usb4-gpu-test/kernel/drivers/media/rc/ir-rc6-decoder.ko
  INSTALL /home/mert/Work/omarchy-mac-external-monitor/artifacts/usb4-backport/root/lib/modules/7.1.13-usb4-gpu-test/kernel/drivers/media/rc/ir-rcmm-decoder.ko
  STRIP   /home/mert/Work/omarchy-mac-external-monitor/artifacts/usb4-backport/root/lib/modules/7.1.13-usb4-gpu-test/kernel/drivers/media/rc/ir-rcmm-decoder.ko
  INSTALL /home/mert/Work/omarchy-mac-external-monitor/artifacts/usb4-backport/root/lib/modules/7.1.13-usb4-gpu-test/kernel/drivers/media/rc/ir-sanyo-decoder.ko
  STRIP   /home/mert/Work/omarchy-mac-external-monitor/artifacts/usb4-backport/root/lib/modules/7.1.13-usb4-gpu-test/kernel/drivers/media/rc/ir-sanyo-decoder.ko
  INSTALL /home/mert/Work/omarchy-mac-external-monitor/artifacts/usb4-backport/root/lib/modules/7.1.13-usb4-gpu-test/kernel/drivers/media/rc/ir-sharp-decoder.ko
  STRIP   /home/mert/Work/omarchy-mac-external-monitor/artifacts/usb4-backport/root/lib/modules/7.1.13-usb4-gpu-test/kernel/drivers/media/rc/ir-sharp-decoder.ko
  INSTALL /home/mert/Work/omarchy-mac-external-monitor/artifacts/usb4-backport/root/lib/modules/7.1.13-usb4-gpu-test/kernel/drivers/media/rc/ir-sony-decoder.ko
  STRIP   /home/mert/Work/omarchy-mac-external-monitor/artifacts/usb4-backport/root/lib/modules/7.1.13-usb4-gpu-test/kernel/drivers/media/rc/ir-sony-decoder.ko
  INSTALL /home/mert/Work/omarchy-mac-external-monitor/artifacts/usb4-backport/root/lib/modules/7.1.13-usb4-gpu-test/kernel/drivers/media/rc/ir-xmp-decoder.ko
  STRIP   /home/mert/Work/omarchy-mac-external-monitor/artifacts/usb4-backport/root/lib/modules/7.1.13-usb4-gpu-test/kernel/drivers/media/rc/ir-xmp-decoder.ko
  INSTALL /home/mert/Work/omarchy-mac-external-monitor/artifacts/usb4-backport/root/lib/modules/7.1.13-usb4-gpu-test/kernel/drivers/media/rc/ir-hix5hd2.ko
  STRIP   /home/mert/Work/omarchy-mac-external-monitor/artifacts/usb4-backport/root/lib/modules/7.1.13-usb4-gpu-test/kernel/drivers/media/rc/ir-hix5hd2.ko
  INSTALL /home/mert/Work/omarchy-mac-external-monitor/artifacts/usb4-backport/root/lib/modules/7.1.13-usb4-gpu-test/kernel/drivers/media/rc/igorplugusb.ko
  STRIP   /home/mert/Work/omarchy-mac-external-monitor/artifacts/usb4-backport/root/lib/modules/7.1.13-usb4-gpu-test/kernel/drivers/media/rc/igorplugusb.ko
  INSTALL /home/mert/Work/omarchy-mac-external-monitor/artifacts/usb4-backport/root/lib/modules/7.1.13-usb4-gpu-test/kernel/drivers/media/rc/iguanair.ko
  STRIP   /home/mert/Work/omarchy-mac-external-monitor/artifacts/usb4-backport/root/lib/modules/7.1.13-usb4-gpu-test/kernel/drivers/media/rc/iguanair.ko
  INSTALL /home/mert/Work/omarchy-mac-external-monitor/artifacts/usb4-backport/root/lib/modules/7.1.13-usb4-gpu-test/kernel/drivers/media/rc/imon.ko
  STRIP   /home/mert/Work/omarchy-mac-external-monitor/artifacts/usb4-backport/root/lib/modules/7.1.13-usb4-gpu-test/kernel/drivers/media/rc/imon.ko
  INSTALL /home/mert/Work/omarchy-mac-external-monitor/artifacts/usb4-backport/root/lib/modules/7.1.13-usb4-gpu-test/kernel/drivers/media/rc/imon_raw.ko
  STRIP   /home/mert/Work/omarchy-mac-external-monitor/artifacts/usb4-backport/root/lib/modules/7.1.13-usb4-gpu-test/kernel/drivers/media/rc/imon_raw.ko
  INSTALL /home/mert/Work/omarchy-mac-external-monitor/artifacts/usb4-backport/root/lib/modules/7.1.13-usb4-gpu-test/kernel/drivers/media/rc/mceusb.ko
  STRIP   /home/mert/Work/omarchy-mac-external-monitor/artifacts/usb4-backport/root/lib/modules/7.1.13-usb4-gpu-test/kernel/drivers/media/rc/mceusb.ko
  INSTALL /home/mert/Work/omarchy-mac-external-monitor/artifacts/usb4-backport/root/lib/modules/7.1.13-usb4-gpu-test/kernel/drivers/media/rc/redrat3.ko
  STRIP   /home/mert/Work/omarchy-mac-external-monitor/artifacts/usb4-backport/root/lib/modules/7.1.13-usb4-gpu-test/kernel/drivers/media/rc/redrat3.ko
  INSTALL /home/mert/Work/omarchy-mac-external-monitor/artifacts/usb4-backport/root/lib/modules/7.1.13-usb4-gpu-test/kernel/drivers/media/rc/streamzap.ko
  STRIP   /home/mert/Work/omarchy-mac-external-monitor/artifacts/usb4-backport/root/lib/modules/7.1.13-usb4-gpu-test/kernel/drivers/media/rc/streamzap.ko
  INSTALL /home/mert/Work/omarchy-mac-external-monitor/artifacts/usb4-backport/root/lib/modules/7.1.13-usb4-gpu-test/kernel/drivers/media/rc/ir_toy.ko
  STRIP   /home/mert/Work/omarchy-mac-external-monitor/artifacts/usb4-backport/root/lib/modules/7.1.13-usb4-gpu-test/kernel/drivers/media/rc/ir_toy.ko
  INSTALL /home/mert/Work/omarchy-mac-external-monitor/artifacts/usb4-backport/root/lib/modules/7.1.13-usb4-gpu-test/kernel/drivers/media/rc/ttusbir.ko
  STRIP   /home/mert/Work/omarchy-mac-external-monitor/artifacts/usb4-backport/root/lib/modules/7.1.13-usb4-gpu-test/kernel/drivers/media/rc/ttusbir.ko
  INSTALL /home/mert/Work/omarchy-mac-external-monitor/artifacts/usb4-backport/root/lib/modules/7.1.13-usb4-gpu-test/kernel/drivers/media/rc/ati_remote.ko
  STRIP   /home/mert/Work/omarchy-mac-external-monitor/artifacts/usb4-backport/root/lib/modules/7.1.13-usb4-gpu-test/kernel/drivers/media/rc/ati_remote.ko
  INSTALL /home/mert/Work/omarchy-mac-external-monitor/artifacts/usb4-backport/root/lib/modules/7.1.13-usb4-gpu-test/kernel/drivers/media/rc/rc-loopback.ko
  STRIP   /home/mert/Work/omarchy-mac-external-monitor/artifacts/usb4-backport/root/lib/modules/7.1.13-usb4-gpu-test/kernel/drivers/media/rc/rc-loopback.ko
  INSTALL /home/mert/Work/omarchy-mac-external-monitor/artifacts/usb4-backport/root/lib/modules/7.1.13-usb4-gpu-test/kernel/drivers/media/common/b2c2/b2c2-flexcop.ko
  STRIP   /home/mert/Work/omarchy-mac-external-monitor/artifacts/usb4-backport/root/lib/modules/7.1.13-usb4-gpu-test/kernel/drivers/media/common/b2c2/b2c2-flexcop.ko
  INSTALL /home/mert/Work/omarchy-mac-external-monitor/artifacts/usb4-backport/root/lib/modules/7.1.13-usb4-gpu-test/kernel/drivers/media/common/siano/smsmdtv.ko
  STRIP   /home/mert/Work/omarchy-mac-external-monitor/artifacts/usb4-backport/root/lib/modules/7.1.13-usb4-gpu-test/kernel/drivers/media/common/siano/smsmdtv.ko
  INSTALL /home/mert/Work/omarchy-mac-external-monitor/artifacts/usb4-backport/root/lib/modules/7.1.13-usb4-gpu-test/kernel/drivers/media/common/siano/smsdvb.ko
  STRIP   /home/mert/Work/omarchy-mac-external-monitor/artifacts/usb4-backport/root/lib/modules/7.1.13-usb4-gpu-test/kernel/drivers/media/common/siano/smsdvb.ko
  INSTALL /home/mert/Work/omarchy-mac-external-monitor/artifacts/usb4-backport/root/lib/modules/7.1.13-usb4-gpu-test/kernel/drivers/media/common/videobuf2/videobuf2-common.ko
  STRIP   /home/mert/Work/omarchy-mac-external-monitor/artifacts/usb4-backport/root/lib/modules/7.1.13-usb4-gpu-test/kernel/drivers/media/common/videobuf2/videobuf2-common.ko
  INSTALL /home/mert/Work/omarchy-mac-external-monitor/artifacts/usb4-backport/root/lib/modules/7.1.13-usb4-gpu-test/kernel/drivers/media/common/videobuf2/videobuf2-dma-contig.ko
  STRIP   /home/mert/Work/omarchy-mac-external-monitor/artifacts/usb4-backport/root/lib/modules/7.1.13-usb4-gpu-test/kernel/drivers/media/common/videobuf2/videobuf2-dma-contig.ko
  INSTALL /home/mert/Work/omarchy-mac-external-monitor/artifacts/usb4-backport/root/lib/modules/7.1.13-usb4-gpu-test/kernel/drivers/media/common/videobuf2/videobuf2-dma-sg.ko
  STRIP   /home/mert/Work/omarchy-mac-external-monitor/artifacts/usb4-backport/root/lib/modules/7.1.13-usb4-gpu-test/kernel/drivers/media/common/videobuf2/videobuf2-dma-sg.ko
  INSTALL /home/mert/Work/omarchy-mac-external-monitor/artifacts/usb4-backport/root/lib/modules/7.1.13-usb4-gpu-test/kernel/drivers/media/common/videobuf2/videobuf2-memops.ko
  STRIP   /home/mert/Work/omarchy-mac-external-monitor/artifacts/usb4-backport/root/lib/modules/7.1.13-usb4-gpu-test/kernel/drivers/media/common/videobuf2/videobuf2-memops.ko
  INSTALL /home/mert/Work/omarchy-mac-external-monitor/artifacts/usb4-backport/root/lib/modules/7.1.13-usb4-gpu-test/kernel/drivers/media/common/videobuf2/videobuf2-v4l2.ko
  STRIP   /home/mert/Work/omarchy-mac-external-monitor/artifacts/usb4-backport/root/lib/modules/7.1.13-usb4-gpu-test/kernel/drivers/media/common/videobuf2/videobuf2-v4l2.ko
  INSTALL /home/mert/Work/omarchy-mac-external-monitor/artifacts/usb4-backport/root/lib/modules/7.1.13-usb4-gpu-test/kernel/drivers/media/common/videobuf2/videobuf2-vmalloc.ko
  STRIP   /home/mert/Work/omarchy-mac-external-monitor/artifacts/usb4-backport/root/lib/modules/7.1.13-usb4-gpu-test/kernel/drivers/media/common/videobuf2/videobuf2-vmalloc.ko
  INSTALL /home/mert/Work/omarchy-mac-external-monitor/artifacts/usb4-backport/root/lib/modules/7.1.13-usb4-gpu-test/kernel/drivers/media/common/cypress_firmware.ko
  STRIP   /home/mert/Work/omarchy-mac-external-monitor/artifacts/usb4-backport/root/lib/modules/7.1.13-usb4-gpu-test/kernel/drivers/media/common/cypress_firmware.ko
  INSTALL /home/mert/Work/omarchy-mac-external-monitor/artifacts/usb4-backport/root/lib/modules/7.1.13-usb4-gpu-test/kernel/drivers/media/common/ttpci-eeprom.ko
  STRIP   /home/mert/Work/omarchy-mac-external-monitor/artifacts/usb4-backport/root/lib/modules/7.1.13-usb4-gpu-test/kernel/drivers/media/common/ttpci-eeprom.ko
  INSTALL /home/mert/Work/omarchy-mac-external-monitor/artifacts/usb4-backport/root/lib/modules/7.1.13-usb4-gpu-test/kernel/drivers/media/common/uvc.ko
  STRIP   /home/mert/Work/omarchy-mac-external-monitor/artifacts/usb4-backport/root/lib/modules/7.1.13-usb4-gpu-test/kernel/drivers/media/common/uvc.ko
  INSTALL /home/mert/Work/omarchy-mac-external-monitor/artifacts/usb4-backport/root/lib/modules/7.1.13-usb4-gpu-test/kernel/drivers/media/common/cx2341x.ko
  STRIP   /home/mert/Work/omarchy-mac-external-monitor/artifacts/usb4-backport/root/lib/modules/7.1.13-usb4-gpu-test/kernel/drivers/media/common/cx2341x.ko
  INSTALL /home/mert/Work/omarchy-mac-external-monitor/artifacts/usb4-backport/root/lib/modules/7.1.13-usb4-gpu-test/kernel/drivers/media/common/tveeprom.ko
  STRIP   /home/mert/Work/omarchy-mac-external-monitor/artifacts/usb4-backport/root/lib/modules/7.1.13-usb4-gpu-test/kernel/drivers/media/common/tveeprom.ko
  INSTALL /home/mert/Work/omarchy-mac-external-monitor/artifacts/usb4-backport/root/lib/modules/7.1.13-usb4-gpu-test/kernel/drivers/media/platform/apple/isp/apple-isp.ko
  STRIP   /home/mert/Work/omarchy-mac-external-monitor/artifacts/usb4-backport/root/lib/modules/7.1.13-usb4-gpu-test/kernel/drivers/media/platform/apple/isp/apple-isp.ko
  INSTALL /home/mert/Work/omarchy-mac-external-monitor/artifacts/usb4-backport/root/lib/modules/7.1.13-usb4-gpu-test/kernel/drivers/media/platform/apple/avd/apple-avd.ko
  STRIP   /home/mert/Work/omarchy-mac-external-monitor/artifacts/usb4-backport/root/lib/modules/7.1.13-usb4-gpu-test/kernel/drivers/media/platform/apple/avd/apple-avd.ko
  INSTALL /home/mert/Work/omarchy-mac-external-monitor/artifacts/usb4-backport/root/lib/modules/7.1.13-usb4-gpu-test/kernel/drivers/media/usb/b2c2/b2c2-flexcop-usb.ko
  STRIP   /home/mert/Work/omarchy-mac-external-monitor/artifacts/usb4-backport/root/lib/modules/7.1.13-usb4-gpu-test/kernel/drivers/media/usb/b2c2/b2c2-flexcop-usb.ko
  INSTALL /home/mert/Work/omarchy-mac-external-monitor/artifacts/usb4-backport/root/lib/modules/7.1.13-usb4-gpu-test/kernel/drivers/media/usb/dvb-usb/dvb-usb.ko
  STRIP   /home/mert/Work/omarchy-mac-external-monitor/artifacts/usb4-backport/root/lib/modules/7.1.13-usb4-gpu-test/kernel/drivers/media/usb/dvb-usb/dvb-usb.ko
  INSTALL /home/mert/Work/omarchy-mac-external-monitor/artifacts/usb4-backport/root/lib/modules/7.1.13-usb4-gpu-test/kernel/drivers/media/usb/dvb-usb/dvb-usb-vp7045.ko
  STRIP   /home/mert/Work/omarchy-mac-external-monitor/artifacts/usb4-backport/root/lib/modules/7.1.13-usb4-gpu-test/kernel/drivers/media/usb/dvb-usb/dvb-usb-vp7045.ko
  INSTALL /home/mert/Work/omarchy-mac-external-monitor/artifacts/usb4-backport/root/lib/modules/7.1.13-usb4-gpu-test/kernel/drivers/media/usb/dvb-usb/dvb-usb-vp702x.ko
  STRIP   /home/mert/Work/omarchy-mac-external-monitor/artifacts/usb4-backport/root/lib/modules/7.1.13-usb4-gpu-test/kernel/drivers/media/usb/dvb-usb/dvb-usb-vp702x.ko
  INSTALL /home/mert/Work/omarchy-mac-external-monitor/artifacts/usb4-backport/root/lib/modules/7.1.13-usb4-gpu-test/kernel/drivers/media/usb/dvb-usb/dvb-usb-gp8psk.ko
  STRIP   /home/mert/Work/omarchy-mac-external-monitor/artifacts/usb4-backport/root/lib/modules/7.1.13-usb4-gpu-test/kernel/drivers/media/usb/dvb-usb/dvb-usb-gp8psk.ko
  INSTALL /home/mert/Work/omarchy-mac-external-monitor/artifacts/usb4-backport/root/lib/modules/7.1.13-usb4-gpu-test/kernel/drivers/media/usb/dvb-usb/dvb-usb-dtt200u.ko
  STRIP   /home/mert/Work/omarchy-mac-external-monitor/artifacts/usb4-backport/root/lib/modules/7.1.13-usb4-gpu-test/kernel/drivers/media/usb/dvb-usb/dvb-usb-dtt200u.ko
  INSTALL /home/mert/Work/omarchy-mac-external-monitor/artifacts/usb4-backport/root/lib/modules/7.1.13-usb4-gpu-test/kernel/drivers/media/usb/dvb-usb/dvb-usb-dibusb-common.ko
  STRIP   /home/mert/Work/omarchy-mac-external-monitor/artifacts/usb4-backport/root/lib/modules/7.1.13-usb4-gpu-test/kernel/drivers/media/usb/dvb-usb/dvb-usb-dibusb-common.ko
  INSTALL /home/mert/Work/omarchy-mac-external-monitor/artifacts/usb4-backport/root/lib/modules/7.1.13-usb4-gpu-test/kernel/drivers/media/usb/dvb-usb/dvb-usb-dibusb-mc-common.ko
  STRIP   /home/mert/Work/omarchy-mac-external-monitor/artifacts/usb4-backport/root/lib/modules/7.1.13-usb4-gpu-test/kernel/drivers/media/usb/dvb-usb/dvb-usb-dibusb-mc-common.ko
  INSTALL /home/mert/Work/omarchy-mac-external-monitor/artifacts/usb4-backport/root/lib/modules/7.1.13-usb4-gpu-test/kernel/drivers/media/usb/dvb-usb/dvb-usb-a800.ko
  STRIP   /home/mert/Work/omarchy-mac-external-monitor/artifacts/usb4-backport/root/lib/modules/7.1.13-usb4-gpu-test/kernel/drivers/media/usb/dvb-usb/dvb-usb-a800.ko
  INSTALL /home/mert/Work/omarchy-mac-external-monitor/artifacts/usb4-backport/root/lib/modules/7.1.13-usb4-gpu-test/kernel/drivers/media/usb/dvb-usb/dvb-usb-dibusb-mb.ko
  STRIP   /home/mert/Work/omarchy-mac-external-monitor/artifacts/usb4-backport/root/lib/modules/7.1.13-usb4-gpu-test/kernel/drivers/media/usb/dvb-usb/dvb-usb-dibusb-mb.ko
  INSTALL /home/mert/Work/omarchy-mac-external-monitor/artifacts/usb4-backport/root/lib/modules/7.1.13-usb4-gpu-test/kernel/drivers/media/usb/dvb-usb/dvb-usb-dibusb-mc.ko
  STRIP   /home/mert/Work/omarchy-mac-external-monitor/artifacts/usb4-backport/root/lib/modules/7.1.13-usb4-gpu-test/kernel/drivers/media/usb/dvb-usb/dvb-usb-dibusb-mc.ko
  INSTALL /home/mert/Work/omarchy-mac-external-monitor/artifacts/usb4-backport/root/lib/modules/7.1.13-usb4-gpu-test/kernel/drivers/media/usb/dvb-usb/dvb-usb-nova-t-usb2.ko
  STRIP   /home/mert/Work/omarchy-mac-external-monitor/artifacts/usb4-backport/root/lib/modules/7.1.13-usb4-gpu-test/kernel/drivers/media/usb/dvb-usb/dvb-usb-nova-t-usb2.ko
  INSTALL /home/mert/Work/omarchy-mac-external-monitor/artifacts/usb4-backport/root/lib/modules/7.1.13-usb4-gpu-test/kernel/drivers/media/usb/dvb-usb/dvb-usb-umt-010.ko
  STRIP   /home/mert/Work/omarchy-mac-external-monitor/artifacts/usb4-backport/root/lib/modules/7.1.13-usb4-gpu-test/kernel/drivers/media/usb/dvb-usb/dvb-usb-umt-010.ko
  INSTALL /home/mert/Work/omarchy-mac-external-monitor/artifacts/usb4-backport/root/lib/modules/7.1.13-usb4-gpu-test/kernel/drivers/media/usb/dvb-usb/dvb-usb-m920x.ko
  STRIP   /home/mert/Work/omarchy-mac-external-monitor/artifacts/usb4-backport/root/lib/modules/7.1.13-usb4-gpu-test/kernel/drivers/media/usb/dvb-usb/dvb-usb-m920x.ko
  INSTALL /home/mert/Work/omarchy-mac-external-monitor/artifacts/usb4-backport/root/lib/modules/7.1.13-usb4-gpu-test/kernel/drivers/media/usb/dvb-usb/dvb-usb-digitv.ko
  STRIP   /home/mert/Work/omarchy-mac-external-monitor/artifacts/usb4-backport/root/lib/modules/7.1.13-usb4-gpu-test/kernel/drivers/media/usb/dvb-usb/dvb-usb-digitv.ko
  INSTALL /home/mert/Work/omarchy-mac-external-monitor/artifacts/usb4-backport/root/lib/modules/7.1.13-usb4-gpu-test/kernel/drivers/media/usb/dvb-usb/dvb-usb-cxusb.ko
  STRIP   /home/mert/Work/omarchy-mac-external-monitor/artifacts/usb4-backport/root/lib/modules/7.1.13-usb4-gpu-test/kernel/drivers/media/usb/dvb-usb/dvb-usb-cxusb.ko
  INSTALL /home/mert/Work/omarchy-mac-external-monitor/artifacts/usb4-backport/root/lib/modules/7.1.13-usb4-gpu-test/kernel/drivers/media/usb/dvb-usb/dvb-usb-ttusb2.ko
  STRIP   /home/mert/Work/omarchy-mac-external-monitor/artifacts/usb4-backport/root/lib/modules/7.1.13-usb4-gpu-test/kernel/drivers/media/usb/dvb-usb/dvb-usb-ttusb2.ko
  INSTALL /home/mert/Work/omarchy-mac-external-monitor/artifacts/usb4-backport/root/lib/modules/7.1.13-usb4-gpu-test/kernel/drivers/media/usb/dvb-usb/dvb-usb-dib0700.ko
  STRIP   /home/mert/Work/omarchy-mac-external-monitor/artifacts/usb4-backport/root/lib/modules/7.1.13-usb4-gpu-test/kernel/drivers/media/usb/dvb-usb/dvb-usb-dib0700.ko
  INSTALL /home/mert/Work/omarchy-mac-external-monitor/artifacts/usb4-backport/root/lib/modules/7.1.13-usb4-gpu-test/kernel/drivers/media/usb/dvb-usb/dvb-usb-opera.ko
  STRIP   /home/mert/Work/omarchy-mac-external-monitor/artifacts/usb4-backport/root/lib/modules/7.1.13-usb4-gpu-test/kernel/drivers/media/usb/dvb-usb/dvb-usb-opera.ko
  INSTALL /home/mert/Work/omarchy-mac-external-monitor/artifacts/usb4-backport/root/lib/modules/7.1.13-usb4-gpu-test/kernel/drivers/media/usb/dvb-usb/dvb-usb-af9005.ko
  STRIP   /home/mert/Work/omarchy-mac-external-monitor/artifacts/usb4-backport/root/lib/modules/7.1.13-usb4-gpu-test/kernel/drivers/media/usb/dvb-usb/dvb-usb-af9005.ko
  INSTALL /home/mert/Work/omarchy-mac-external-monitor/artifacts/usb4-backport/root/lib/modules/7.1.13-usb4-gpu-test/kernel/drivers/media/usb/dvb-usb/dvb-usb-af9005-remote.ko
  STRIP   /home/mert/Work/omarchy-mac-external-monitor/artifacts/usb4-backport/root/lib/modules/7.1.13-usb4-gpu-test/kernel/drivers/media/usb/dvb-usb/dvb-usb-af9005-remote.ko
  INSTALL /home/mert/Work/omarchy-mac-external-monitor/artifacts/usb4-backport/root/lib/modules/7.1.13-usb4-gpu-test/kernel/drivers/media/usb/dvb-usb/dvb-usb-pctv452e.ko
  STRIP   /home/mert/Work/omarchy-mac-external-monitor/artifacts/usb4-backport/root/lib/modules/7.1.13-usb4-gpu-test/kernel/drivers/media/usb/dvb-usb/dvb-usb-pctv452e.ko
  INSTALL /home/mert/Work/omarchy-mac-external-monitor/artifacts/usb4-backport/root/lib/modules/7.1.13-usb4-gpu-test/kernel/drivers/media/usb/dvb-usb/dvb-usb-dw2102.ko
  STRIP   /home/mert/Work/omarchy-mac-external-monitor/artifacts/usb4-backport/root/lib/modules/7.1.13-usb4-gpu-test/kernel/drivers/media/usb/dvb-usb/dvb-usb-dw2102.ko
  INSTALL /home/mert/Work/omarchy-mac-external-monitor/artifacts/usb4-backport/root/lib/modules/7.1.13-usb4-gpu-test/kernel/drivers/media/usb/dvb-usb/dvb-usb-dtv5100.ko
  STRIP   /home/mert/Work/omarchy-mac-external-monitor/artifacts/usb4-backport/root/lib/modules/7.1.13-usb4-gpu-test/kernel/drivers/media/usb/dvb-usb/dvb-usb-dtv5100.ko
  INSTALL /home/mert/Work/omarchy-mac-external-monitor/artifacts/usb4-backport/root/lib/modules/7.1.13-usb4-gpu-test/kernel/drivers/media/usb/dvb-usb/dvb-usb-cinergyT2.ko
  STRIP   /home/mert/Work/omarchy-mac-external-monitor/artifacts/usb4-backport/root/lib/modules/7.1.13-usb4-gpu-test/kernel/drivers/media/usb/dvb-usb/dvb-usb-cinergyT2.ko
  INSTALL /home/mert/Work/omarchy-mac-external-monitor/artifacts/usb4-backport/root/lib/modules/7.1.13-usb4-gpu-test/kernel/drivers/media/usb/dvb-usb/dvb-usb-az6027.ko
  STRIP   /home/mert/Work/omarchy-mac-external-monitor/artifacts/usb4-backport/root/lib/modules/7.1.13-usb4-gpu-test/kernel/drivers/media/usb/dvb-usb/dvb-usb-az6027.ko
  INSTALL /home/mert/Work/omarchy-mac-external-monitor/artifacts/usb4-backport/root/lib/modules/7.1.13-usb4-gpu-test/kernel/drivers/media/usb/dvb-usb/dvb-usb-technisat-usb2.ko
  STRIP   /home/mert/Work/omarchy-mac-external-monitor/artifacts/usb4-backport/root/lib/modules/7.1.13-usb4-gpu-test/kernel/drivers/media/usb/dvb-usb/dvb-usb-technisat-usb2.ko
  INSTALL /home/mert/Work/omarchy-mac-external-monitor/artifacts/usb4-backport/root/lib/modules/7.1.13-usb4-gpu-test/kernel/drivers/media/usb/dvb-usb-v2/dvb_usb_v2.ko
  STRIP   /home/mert/Work/omarchy-mac-external-monitor/artifacts/usb4-backport/root/lib/modules/7.1.13-usb4-gpu-test/kernel/drivers/media/usb/dvb-usb-v2/dvb_usb_v2.ko
  INSTALL /home/mert/Work/omarchy-mac-external-monitor/artifacts/usb4-backport/root/lib/modules/7.1.13-usb4-gpu-test/kernel/drivers/media/usb/dvb-usb-v2/dvb-usb-af9015.ko
  STRIP   /home/mert/Work/omarchy-mac-external-monitor/artifacts/usb4-backport/root/lib/modules/7.1.13-usb4-gpu-test/kernel/drivers/media/usb/dvb-usb-v2/dvb-usb-af9015.ko
  INSTALL /home/mert/Work/omarchy-mac-external-monitor/artifacts/usb4-backport/root/lib/modules/7.1.13-usb4-gpu-test/kernel/drivers/media/usb/dvb-usb-v2/dvb-usb-af9035.ko
  STRIP   /home/mert/Work/omarchy-mac-external-monitor/artifacts/usb4-backport/root/lib/modules/7.1.13-usb4-gpu-test/kernel/drivers/media/usb/dvb-usb-v2/dvb-usb-af9035.ko
  INSTALL /home/mert/Work/omarchy-mac-external-monitor/artifacts/usb4-backport/root/lib/modules/7.1.13-usb4-gpu-test/kernel/drivers/media/usb/dvb-usb-v2/dvb-usb-anysee.ko
  STRIP   /home/mert/Work/omarchy-mac-external-monitor/artifacts/usb4-backport/root/lib/modules/7.1.13-usb4-gpu-test/kernel/drivers/media/usb/dvb-usb-v2/dvb-usb-anysee.ko
  INSTALL /home/mert/Work/omarchy-mac-external-monitor/artifacts/usb4-backport/root/lib/modules/7.1.13-usb4-gpu-test/kernel/drivers/media/usb/dvb-usb-v2/dvb-usb-au6610.ko
  STRIP   /home/mert/Work/omarchy-mac-external-monitor/artifacts/usb4-backport/root/lib/modules/7.1.13-usb4-gpu-test/kernel/drivers/media/usb/dvb-usb-v2/dvb-usb-au6610.ko
  INSTALL /home/mert/Work/omarchy-mac-external-monitor/artifacts/usb4-backport/root/lib/modules/7.1.13-usb4-gpu-test/kernel/drivers/media/usb/dvb-usb-v2/dvb-usb-az6007.ko
  STRIP   /home/mert/Work/omarchy-mac-external-monitor/artifacts/usb4-backport/root/lib/modules/7.1.13-usb4-gpu-test/kernel/drivers/media/usb/dvb-usb-v2/dvb-usb-az6007.ko
  INSTALL /home/mert/Work/omarchy-mac-external-monitor/artifacts/usb4-backport/root/lib/modules/7.1.13-usb4-gpu-test/kernel/drivers/media/usb/dvb-usb-v2/dvb-usb-ce6230.ko
  STRIP   /home/mert/Work/omarchy-mac-external-monitor/artifacts/usb4-backport/root/lib/modules/7.1.13-usb4-gpu-test/kernel/drivers/media/usb/dvb-usb-v2/dvb-usb-ce6230.ko
  INSTALL /home/mert/Work/omarchy-mac-external-monitor/artifacts/usb4-backport/root/lib/modules/7.1.13-usb4-gpu-test/kernel/drivers/media/usb/dvb-usb-v2/dvb-usb-ec168.ko
  STRIP   /home/mert/Work/omarchy-mac-external-monitor/artifacts/usb4-backport/root/lib/modules/7.1.13-usb4-gpu-test/kernel/drivers/media/usb/dvb-usb-v2/dvb-usb-ec168.ko
  INSTALL /home/mert/Work/omarchy-mac-external-monitor/artifacts/usb4-backport/root/lib/modules/7.1.13-usb4-gpu-test/kernel/drivers/media/usb/dvb-usb-v2/dvb-usb-lmedm04.ko
  STRIP   /home/mert/Work/omarchy-mac-external-monitor/artifacts/usb4-backport/root/lib/modules/7.1.13-usb4-gpu-test/kernel/drivers/media/usb/dvb-usb-v2/dvb-usb-lmedm04.ko
  INSTALL /home/mert/Work/omarchy-mac-external-monitor/artifacts/usb4-backport/root/lib/modules/7.1.13-usb4-gpu-test/kernel/drivers/media/usb/dvb-usb-v2/dvb-usb-gl861.ko
  STRIP   /home/mert/Work/omarchy-mac-external-monitor/artifacts/usb4-backport/root/lib/modules/7.1.13-usb4-gpu-test/kernel/drivers/media/usb/dvb-usb-v2/dvb-usb-gl861.ko
  INSTALL /home/mert/Work/omarchy-mac-external-monitor/artifacts/usb4-backport/root/lib/modules/7.1.13-usb4-gpu-test/kernel/drivers/media/usb/dvb-usb-v2/dvb-usb-mxl111sf.ko
  STRIP   /home/mert/Work/omarchy-mac-external-monitor/artifacts/usb4-backport/root/lib/modules/7.1.13-usb4-gpu-test/kernel/drivers/media/usb/dvb-usb-v2/dvb-usb-mxl111sf.ko
  INSTALL /home/mert/Work/omarchy-mac-external-monitor/artifacts/usb4-backport/root/lib/modules/7.1.13-usb4-gpu-test/kernel/drivers/media/usb/dvb-usb-v2/mxl111sf-demod.ko
  STRIP   /home/mert/Work/omarchy-mac-external-monitor/artifacts/usb4-backport/root/lib/modules/7.1.13-usb4-gpu-test/kernel/drivers/media/usb/dvb-usb-v2/mxl111sf-demod.ko
  INSTALL /home/mert/Work/omarchy-mac-external-monitor/artifacts/usb4-backport/root/lib/modules/7.1.13-usb4-gpu-test/kernel/drivers/media/usb/dvb-usb-v2/mxl111sf-tuner.ko
  STRIP   /home/mert/Work/omarchy-mac-external-monitor/artifacts/usb4-backport/root/lib/modules/7.1.13-usb4-gpu-test/kernel/drivers/media/usb/dvb-usb-v2/mxl111sf-tuner.ko
  INSTALL /home/mert/Work/omarchy-mac-external-monitor/artifacts/usb4-backport/root/lib/modules/7.1.13-usb4-gpu-test/kernel/drivers/media/usb/dvb-usb-v2/dvb-usb-rtl28xxu.ko
  STRIP   /home/mert/Work/omarchy-mac-external-monitor/artifacts/usb4-backport/root/lib/modules/7.1.13-usb4-gpu-test/kernel/drivers/media/usb/dvb-usb-v2/dvb-usb-rtl28xxu.ko
  INSTALL /home/mert/Work/omarchy-mac-external-monitor/artifacts/usb4-backport/root/lib/modules/7.1.13-usb4-gpu-test/kernel/drivers/media/usb/dvb-usb-v2/dvb-usb-dvbsky.ko
  STRIP   /home/mert/Work/omarchy-mac-external-monitor/artifacts/usb4-backport/root/lib/modules/7.1.13-usb4-gpu-test/kernel/drivers/media/usb/dvb-usb-v2/dvb-usb-dvbsky.ko
  INSTALL /home/mert/Work/omarchy-mac-external-monitor/artifacts/usb4-backport/root/lib/modules/7.1.13-usb4-gpu-test/kernel/drivers/media/usb/dvb-usb-v2/zd1301.ko
  STRIP   /home/mert/Work/omarchy-mac-external-monitor/artifacts/usb4-backport/root/lib/modules/7.1.13-usb4-gpu-test/kernel/drivers/media/usb/dvb-usb-v2/zd1301.ko
  INSTALL /home/mert/Work/omarchy-mac-external-monitor/artifacts/usb4-backport/root/lib/modules/7.1.13-usb4-gpu-test/kernel/drivers/media/usb/s2255/s2255drv.ko
  STRIP   /home/mert/Work/omarchy-mac-external-monitor/artifacts/usb4-backport/root/lib/modules/7.1.13-usb4-gpu-test/kernel/drivers/media/usb/s2255/s2255drv.ko
  INSTALL /home/mert/Work/omarchy-mac-external-monitor/artifacts/usb4-backport/root/lib/modules/7.1.13-usb4-gpu-test/kernel/drivers/media/usb/siano/smsusb.ko
  STRIP   /home/mert/Work/omarchy-mac-external-monitor/artifacts/usb4-backport/root/lib/modules/7.1.13-usb4-gpu-test/kernel/drivers/media/usb/siano/smsusb.ko
  INSTALL /home/mert/Work/omarchy-mac-external-monitor/artifacts/usb4-backport/root/lib/modules/7.1.13-usb4-gpu-test/kernel/drivers/media/usb/ttusb-budget/dvb-ttusb-budget.ko
  STRIP   /home/mert/Work/omarchy-mac-external-monitor/artifacts/usb4-backport/root/lib/modules/7.1.13-usb4-gpu-test/kernel/drivers/media/usb/ttusb-budget/dvb-ttusb-budget.ko
  INSTALL /home/mert/Work/omarchy-mac-external-monitor/artifacts/usb4-backport/root/lib/modules/7.1.13-usb4-gpu-test/kernel/drivers/media/usb/ttusb-dec/ttusb_dec.ko
  STRIP   /home/mert/Work/omarchy-mac-external-monitor/artifacts/usb4-backport/root/lib/modules/7.1.13-usb4-gpu-test/kernel/drivers/media/usb/ttusb-dec/ttusb_dec.ko
  INSTALL /home/mert/Work/omarchy-mac-external-monitor/artifacts/usb4-backport/root/lib/modules/7.1.13-usb4-gpu-test/kernel/drivers/media/usb/ttusb-dec/ttusbdecfe.ko
  STRIP   /home/mert/Work/omarchy-mac-external-monitor/artifacts/usb4-backport/root/lib/modules/7.1.13-usb4-gpu-test/kernel/drivers/media/usb/ttusb-dec/ttusbdecfe.ko
  INSTALL /home/mert/Work/omarchy-mac-external-monitor/artifacts/usb4-backport/root/lib/modules/7.1.13-usb4-gpu-test/kernel/drivers/media/usb/as102/dvb-as102.ko
  STRIP   /home/mert/Work/omarchy-mac-external-monitor/artifacts/usb4-backport/root/lib/modules/7.1.13-usb4-gpu-test/kernel/drivers/media/usb/as102/dvb-as102.ko
  INSTALL /home/mert/Work/omarchy-mac-external-monitor/artifacts/usb4-backport/root/lib/modules/7.1.13-usb4-gpu-test/kernel/drivers/media/usb/airspy/airspy.ko
  STRIP   /home/mert/Work/omarchy-mac-external-monitor/artifacts/usb4-backport/root/lib/modules/7.1.13-usb4-gpu-test/kernel/drivers/media/usb/airspy/airspy.ko
  INSTALL /home/mert/Work/omarchy-mac-external-monitor/artifacts/usb4-backport/root/lib/modules/7.1.13-usb4-gpu-test/kernel/drivers/media/usb/gspca/gspca_main.ko
  STRIP   /home/mert/Work/omarchy-mac-external-monitor/artifacts/usb4-backport/root/lib/modules/7.1.13-usb4-gpu-test/kernel/drivers/media/usb/gspca/gspca_main.ko
  INSTALL /home/mert/Work/omarchy-mac-external-monitor/artifacts/usb4-backport/root/lib/modules/7.1.13-usb4-gpu-test/kernel/drivers/media/usb/gspca/gspca_benq.ko
  STRIP   /home/mert/Work/omarchy-mac-external-monitor/artifacts/usb4-backport/root/lib/modules/7.1.13-usb4-gpu-test/kernel/drivers/media/usb/gspca/gspca_benq.ko
  INSTALL /home/mert/Work/omarchy-mac-external-monitor/artifacts/usb4-backport/root/lib/modules/7.1.13-usb4-gpu-test/kernel/drivers/media/usb/gspca/gspca_conex.ko
  STRIP   /home/mert/Work/omarchy-mac-external-monitor/artifacts/usb4-backport/root/lib/modules/7.1.13-usb4-gpu-test/kernel/drivers/media/usb/gspca/gspca_conex.ko
  INSTALL /home/mert/Work/omarchy-mac-external-monitor/artifacts/usb4-backport/root/lib/modules/7.1.13-usb4-gpu-test/kernel/drivers/media/usb/gspca/gspca_cpia1.ko
  STRIP   /home/mert/Work/omarchy-mac-external-monitor/artifacts/usb4-backport/root/lib/modules/7.1.13-usb4-gpu-test/kernel/drivers/media/usb/gspca/gspca_cpia1.ko
  INSTALL /home/mert/Work/omarchy-mac-external-monitor/artifacts/usb4-backport/root/lib/modules/7.1.13-usb4-gpu-test/kernel/drivers/media/usb/gspca/gspca_dtcs033.ko
  STRIP   /home/mert/Work/omarchy-mac-external-monitor/artifacts/usb4-backport/root/lib/modules/7.1.13-usb4-gpu-test/kernel/drivers/media/usb/gspca/gspca_dtcs033.ko
  INSTALL /home/mert/Work/omarchy-mac-external-monitor/artifacts/usb4-backport/root/lib/modules/7.1.13-usb4-gpu-test/kernel/drivers/media/usb/gspca/gspca_etoms.ko
  STRIP   /home/mert/Work/omarchy-mac-external-monitor/artifacts/usb4-backport/root/lib/modules/7.1.13-usb4-gpu-test/kernel/drivers/media/usb/gspca/gspca_etoms.ko
  INSTALL /home/mert/Work/omarchy-mac-external-monitor/artifacts/usb4-backport/root/lib/modules/7.1.13-usb4-gpu-test/kernel/drivers/media/usb/gspca/gspca_finepix.ko
  STRIP   /home/mert/Work/omarchy-mac-external-monitor/artifacts/usb4-backport/root/lib/modules/7.1.13-usb4-gpu-test/kernel/drivers/media/usb/gspca/gspca_finepix.ko
  INSTALL /home/mert/Work/omarchy-mac-external-monitor/artifacts/usb4-backport/root/lib/modules/7.1.13-usb4-gpu-test/kernel/drivers/media/usb/gspca/gspca_jeilinj.ko
  STRIP   /home/mert/Work/omarchy-mac-external-monitor/artifacts/usb4-backport/root/lib/modules/7.1.13-usb4-gpu-test/kernel/drivers/media/usb/gspca/gspca_jeilinj.ko
  INSTALL /home/mert/Work/omarchy-mac-external-monitor/artifacts/usb4-backport/root/lib/modules/7.1.13-usb4-gpu-test/kernel/drivers/media/usb/gspca/gspca_jl2005bcd.ko
  STRIP   /home/mert/Work/omarchy-mac-external-monitor/artifacts/usb4-backport/root/lib/modules/7.1.13-usb4-gpu-test/kernel/drivers/media/usb/gspca/gspca_jl2005bcd.ko
  INSTALL /home/mert/Work/omarchy-mac-external-monitor/artifacts/usb4-backport/root/lib/modules/7.1.13-usb4-gpu-test/kernel/drivers/media/usb/gspca/gspca_kinect.ko
  STRIP   /home/mert/Work/omarchy-mac-external-monitor/artifacts/usb4-backport/root/lib/modules/7.1.13-usb4-gpu-test/kernel/drivers/media/usb/gspca/gspca_kinect.ko
  INSTALL /home/mert/Work/omarchy-mac-external-monitor/artifacts/usb4-backport/root/lib/modules/7.1.13-usb4-gpu-test/kernel/drivers/media/usb/gspca/gspca_konica.ko
  STRIP   /home/mert/Work/omarchy-mac-external-monitor/artifacts/usb4-backport/root/lib/modules/7.1.13-usb4-gpu-test/kernel/drivers/media/usb/gspca/gspca_konica.ko
  INSTALL /home/mert/Work/omarchy-mac-external-monitor/artifacts/usb4-backport/root/lib/modules/7.1.13-usb4-gpu-test/kernel/drivers/media/usb/gspca/gspca_mars.ko
  STRIP   /home/mert/Work/omarchy-mac-external-monitor/artifacts/usb4-backport/root/lib/modules/7.1.13-usb4-gpu-test/kernel/drivers/media/usb/gspca/gspca_mars.ko
  INSTALL /home/mert/Work/omarchy-mac-external-monitor/artifacts/usb4-backport/root/lib/modules/7.1.13-usb4-gpu-test/kernel/drivers/media/usb/gspca/gspca_mr97310a.ko
  STRIP   /home/mert/Work/omarchy-mac-external-monitor/artifacts/usb4-backport/root/lib/modules/7.1.13-usb4-gpu-test/kernel/drivers/media/usb/gspca/gspca_mr97310a.ko
  INSTALL /home/mert/Work/omarchy-mac-external-monitor/artifacts/usb4-backport/root/lib/modules/7.1.13-usb4-gpu-test/kernel/drivers/media/usb/gspca/gspca_nw80x.ko
  STRIP   /home/mert/Work/omarchy-mac-external-monitor/artifacts/usb4-backport/root/lib/modules/7.1.13-usb4-gpu-test/kernel/drivers/media/usb/gspca/gspca_nw80x.ko
  INSTALL /home/mert/Work/omarchy-mac-external-monitor/artifacts/usb4-backport/root/lib/modules/7.1.13-usb4-gpu-test/kernel/drivers/media/usb/gspca/gspca_ov519.ko
  STRIP   /home/mert/Work/omarchy-mac-external-monitor/artifacts/usb4-backport/root/lib/modules/7.1.13-usb4-gpu-test/kernel/drivers/media/usb/gspca/gspca_ov519.ko
  INSTALL /home/mert/Work/omarchy-mac-external-monitor/artifacts/usb4-backport/root/lib/modules/7.1.13-usb4-gpu-test/kernel/drivers/media/usb/gspca/gspca_ov534.ko
  STRIP   /home/mert/Work/omarchy-mac-external-monitor/artifacts/usb4-backport/root/lib/modules/7.1.13-usb4-gpu-test/kernel/drivers/media/usb/gspca/gspca_ov534.ko
  INSTALL /home/mert/Work/omarchy-mac-external-monitor/artifacts/usb4-backport/root/lib/modules/7.1.13-usb4-gpu-test/kernel/drivers/media/usb/gspca/gspca_ov534_9.ko
  STRIP   /home/mert/Work/omarchy-mac-external-monitor/artifacts/usb4-backport/root/lib/modules/7.1.13-usb4-gpu-test/kernel/drivers/media/usb/gspca/gspca_ov534_9.ko
  INSTALL /home/mert/Work/omarchy-mac-external-monitor/artifacts/usb4-backport/root/lib/modules/7.1.13-usb4-gpu-test/kernel/drivers/media/usb/gspca/gspca_pac207.ko
  STRIP   /home/mert/Work/omarchy-mac-external-monitor/artifacts/usb4-backport/root/lib/modules/7.1.13-usb4-gpu-test/kernel/drivers/media/usb/gspca/gspca_pac207.ko
  INSTALL /home/mert/Work/omarchy-mac-external-monitor/artifacts/usb4-backport/root/lib/modules/7.1.13-usb4-gpu-test/kernel/drivers/media/usb/gspca/gspca_pac7302.ko
  STRIP   /home/mert/Work/omarchy-mac-external-monitor/artifacts/usb4-backport/root/lib/modules/7.1.13-usb4-gpu-test/kernel/drivers/media/usb/gspca/gspca_pac7302.ko
  INSTALL /home/mert/Work/omarchy-mac-external-monitor/artifacts/usb4-backport/root/lib/modules/7.1.13-usb4-gpu-test/kernel/drivers/media/usb/gspca/gspca_pac7311.ko
  STRIP   /home/mert/Work/omarchy-mac-external-monitor/artifacts/usb4-backport/root/lib/modules/7.1.13-usb4-gpu-test/kernel/drivers/media/usb/gspca/gspca_pac7311.ko
  INSTALL /home/mert/Work/omarchy-mac-external-monitor/artifacts/usb4-backport/root/lib/modules/7.1.13-usb4-gpu-test/kernel/drivers/media/usb/gspca/gspca_se401.ko
  STRIP   /home/mert/Work/omarchy-mac-external-monitor/artifacts/usb4-backport/root/lib/modules/7.1.13-usb4-gpu-test/kernel/drivers/media/usb/gspca/gspca_se401.ko
  INSTALL /home/mert/Work/omarchy-mac-external-monitor/artifacts/usb4-backport/root/lib/modules/7.1.13-usb4-gpu-test/kernel/drivers/media/usb/gspca/gspca_sn9c2028.ko
  STRIP   /home/mert/Work/omarchy-mac-external-monitor/artifacts/usb4-backport/root/lib/modules/7.1.13-usb4-gpu-test/kernel/drivers/media/usb/gspca/gspca_sn9c2028.ko
  INSTALL /home/mert/Work/omarchy-mac-external-monitor/artifacts/usb4-backport/root/lib/modules/7.1.13-usb4-gpu-test/kernel/drivers/media/usb/gspca/gspca_sn9c20x.ko
  STRIP   /home/mert/Work/omarchy-mac-external-monitor/artifacts/usb4-backport/root/lib/modules/7.1.13-usb4-gpu-test/kernel/drivers/media/usb/gspca/gspca_sn9c20x.ko
  INSTALL /home/mert/Work/omarchy-mac-external-monitor/artifacts/usb4-backport/root/lib/modules/7.1.13-usb4-gpu-test/kernel/drivers/media/usb/gspca/gspca_sonixb.ko
  STRIP   /home/mert/Work/omarchy-mac-external-monitor/artifacts/usb4-backport/root/lib/modules/7.1.13-usb4-gpu-test/kernel/drivers/media/usb/gspca/gspca_sonixb.ko
  INSTALL /home/mert/Work/omarchy-mac-external-monitor/artifacts/usb4-backport/root/lib/modules/7.1.13-usb4-gpu-test/kernel/drivers/media/usb/gspca/gspca_sonixj.ko
  STRIP   /home/mert/Work/omarchy-mac-external-monitor/artifacts/usb4-backport/root/lib/modules/7.1.13-usb4-gpu-test/kernel/drivers/media/usb/gspca/gspca_sonixj.ko
  INSTALL /home/mert/Work/omarchy-mac-external-monitor/artifacts/usb4-backport/root/lib/modules/7.1.13-usb4-gpu-test/kernel/drivers/media/usb/gspca/gspca_spca500.ko
  STRIP   /home/mert/Work/omarchy-mac-external-monitor/artifacts/usb4-backport/root/lib/modules/7.1.13-usb4-gpu-test/kernel/drivers/media/usb/gspca/gspca_spca500.ko
  INSTALL /home/mert/Work/omarchy-mac-external-monitor/artifacts/usb4-backport/root/lib/modules/7.1.13-usb4-gpu-test/kernel/drivers/media/usb/gspca/gspca_spca501.ko
  STRIP   /home/mert/Work/omarchy-mac-external-monitor/artifacts/usb4-backport/root/lib/modules/7.1.13-usb4-gpu-test/kernel/drivers/media/usb/gspca/gspca_spca501.ko
  INSTALL /home/mert/Work/omarchy-mac-external-monitor/artifacts/usb4-backport/root/lib/modules/7.1.13-usb4-gpu-test/kernel/drivers/media/usb/gspca/gspca_spca505.ko
  STRIP   /home/mert/Work/omarchy-mac-external-monitor/artifacts/usb4-backport/root/lib/modules/7.1.13-usb4-gpu-test/kernel/drivers/media/usb/gspca/gspca_spca505.ko
  INSTALL /home/mert/Work/omarchy-mac-external-monitor/artifacts/usb4-backport/root/lib/modules/7.1.13-usb4-gpu-test/kernel/drivers/media/usb/gspca/gspca_spca506.ko
  STRIP   /home/mert/Work/omarchy-mac-external-monitor/artifacts/usb4-backport/root/lib/modules/7.1.13-usb4-gpu-test/kernel/drivers/media/usb/gspca/gspca_spca506.ko
  INSTALL /home/mert/Work/omarchy-mac-external-monitor/artifacts/usb4-backport/root/lib/modules/7.1.13-usb4-gpu-test/kernel/drivers/media/usb/gspca/gspca_spca508.ko
  STRIP   /home/mert/Work/omarchy-mac-external-monitor/artifacts/usb4-backport/root/lib/modules/7.1.13-usb4-gpu-test/kernel/drivers/media/usb/gspca/gspca_spca508.ko
  INSTALL /home/mert/Work/omarchy-mac-external-monitor/artifacts/usb4-backport/root/lib/modules/7.1.13-usb4-gpu-test/kernel/drivers/media/usb/gspca/gspca_spca561.ko
  STRIP   /home/mert/Work/omarchy-mac-external-monitor/artifacts/usb4-backport/root/lib/modules/7.1.13-usb4-gpu-test/kernel/drivers/media/usb/gspca/gspca_spca561.ko
  INSTALL /home/mert/Work/omarchy-mac-external-monitor/artifacts/usb4-backport/root/lib/modules/7.1.13-usb4-gpu-test/kernel/drivers/media/usb/gspca/gspca_spca1528.ko
  STRIP   /home/mert/Work/omarchy-mac-external-monitor/artifacts/usb4-backport/root/lib/modules/7.1.13-usb4-gpu-test/kernel/drivers/media/usb/gspca/gspca_spca1528.ko
  INSTALL /home/mert/Work/omarchy-mac-external-monitor/artifacts/usb4-backport/root/lib/modules/7.1.13-usb4-gpu-test/kernel/drivers/media/usb/gspca/gspca_sq905.ko
  STRIP   /home/mert/Work/omarchy-mac-external-monitor/artifacts/usb4-backport/root/lib/modules/7.1.13-usb4-gpu-test/kernel/drivers/media/usb/gspca/gspca_sq905.ko
  INSTALL /home/mert/Work/omarchy-mac-external-monitor/artifacts/usb4-backport/root/lib/modules/7.1.13-usb4-gpu-test/kernel/drivers/media/usb/gspca/gspca_sq905c.ko
  STRIP   /home/mert/Work/omarchy-mac-external-monitor/artifacts/usb4-backport/root/lib/modules/7.1.13-usb4-gpu-test/kernel/drivers/media/usb/gspca/gspca_sq905c.ko
  INSTALL /home/mert/Work/omarchy-mac-external-monitor/artifacts/usb4-backport/root/lib/modules/7.1.13-usb4-gpu-test/kernel/drivers/media/usb/gspca/gspca_sq930x.ko
  STRIP   /home/mert/Work/omarchy-mac-external-monitor/artifacts/usb4-backport/root/lib/modules/7.1.13-usb4-gpu-test/kernel/drivers/media/usb/gspca/gspca_sq930x.ko
  INSTALL /home/mert/Work/omarchy-mac-external-monitor/artifacts/usb4-backport/root/lib/modules/7.1.13-usb4-gpu-test/kernel/drivers/media/usb/gspca/gspca_sunplus.ko
  STRIP   /home/mert/Work/omarchy-mac-external-monitor/artifacts/usb4-backport/root/lib/modules/7.1.13-usb4-gpu-test/kernel/drivers/media/usb/gspca/gspca_sunplus.ko
  INSTALL /home/mert/Work/omarchy-mac-external-monitor/artifacts/usb4-backport/root/lib/modules/7.1.13-usb4-gpu-test/kernel/drivers/media/usb/gspca/gspca_stk014.ko
  STRIP   /home/mert/Work/omarchy-mac-external-monitor/artifacts/usb4-backport/root/lib/modules/7.1.13-usb4-gpu-test/kernel/drivers/media/usb/gspca/gspca_stk014.ko
  INSTALL /home/mert/Work/omarchy-mac-external-monitor/artifacts/usb4-backport/root/lib/modules/7.1.13-usb4-gpu-test/kernel/drivers/media/usb/gspca/gspca_stk1135.ko
  STRIP   /home/mert/Work/omarchy-mac-external-monitor/artifacts/usb4-backport/root/lib/modules/7.1.13-usb4-gpu-test/kernel/drivers/media/usb/gspca/gspca_stk1135.ko
  INSTALL /home/mert/Work/omarchy-mac-external-monitor/artifacts/usb4-backport/root/lib/modules/7.1.13-usb4-gpu-test/kernel/drivers/media/usb/gspca/gspca_stv0680.ko
  STRIP   /home/mert/Work/omarchy-mac-external-monitor/artifacts/usb4-backport/root/lib/modules/7.1.13-usb4-gpu-test/kernel/drivers/media/usb/gspca/gspca_stv0680.ko
  INSTALL /home/mert/Work/omarchy-mac-external-monitor/artifacts/usb4-backport/root/lib/modules/7.1.13-usb4-gpu-test/kernel/drivers/media/usb/gspca/gspca_t613.ko
  STRIP   /home/mert/Work/omarchy-mac-external-monitor/artifacts/usb4-backport/root/lib/modules/7.1.13-usb4-gpu-test/kernel/drivers/media/usb/gspca/gspca_t613.ko
  INSTALL /home/mert/Work/omarchy-mac-external-monitor/artifacts/usb4-backport/root/lib/modules/7.1.13-usb4-gpu-test/kernel/drivers/media/usb/gspca/gspca_topro.ko
  STRIP   /home/mert/Work/omarchy-mac-external-monitor/artifacts/usb4-backport/root/lib/modules/7.1.13-usb4-gpu-test/kernel/drivers/media/usb/gspca/gspca_topro.ko
  INSTALL /home/mert/Work/omarchy-mac-external-monitor/artifacts/usb4-backport/root/lib/modules/7.1.13-usb4-gpu-test/kernel/drivers/media/usb/gspca/gspca_touptek.ko
  STRIP   /home/mert/Work/omarchy-mac-external-monitor/artifacts/usb4-backport/root/lib/modules/7.1.13-usb4-gpu-test/kernel/drivers/media/usb/gspca/gspca_touptek.ko
  INSTALL /home/mert/Work/omarchy-mac-external-monitor/artifacts/usb4-backport/root/lib/modules/7.1.13-usb4-gpu-test/kernel/drivers/media/usb/gspca/gspca_tv8532.ko
  STRIP   /home/mert/Work/omarchy-mac-external-monitor/artifacts/usb4-backport/root/lib/modules/7.1.13-usb4-gpu-test/kernel/drivers/media/usb/gspca/gspca_tv8532.ko
  INSTALL /home/mert/Work/omarchy-mac-external-monitor/artifacts/usb4-backport/root/lib/modules/7.1.13-usb4-gpu-test/kernel/drivers/media/usb/gspca/gspca_vc032x.ko
  STRIP   /home/mert/Work/omarchy-mac-external-monitor/artifacts/usb4-backport/root/lib/modules/7.1.13-usb4-gpu-test/kernel/drivers/media/usb/gspca/gspca_vc032x.ko
  INSTALL /home/mert/Work/omarchy-mac-external-monitor/artifacts/usb4-backport/root/lib/modules/7.1.13-usb4-gpu-test/kernel/drivers/media/usb/gspca/gspca_vicam.ko
  STRIP   /home/mert/Work/omarchy-mac-external-monitor/artifacts/usb4-backport/root/lib/modules/7.1.13-usb4-gpu-test/kernel/drivers/media/usb/gspca/gspca_vicam.ko
  INSTALL /home/mert/Work/omarchy-mac-external-monitor/artifacts/usb4-backport/root/lib/modules/7.1.13-usb4-gpu-test/kernel/drivers/media/usb/gspca/gspca_xirlink_cit.ko
  STRIP   /home/mert/Work/omarchy-mac-external-monitor/artifacts/usb4-backport/root/lib/modules/7.1.13-usb4-gpu-test/kernel/drivers/media/usb/gspca/gspca_xirlink_cit.ko
  INSTALL /home/mert/Work/omarchy-mac-external-monitor/artifacts/usb4-backport/root/lib/modules/7.1.13-usb4-gpu-test/kernel/drivers/media/usb/gspca/gspca_zc3xx.ko
  STRIP   /home/mert/Work/omarchy-mac-external-monitor/artifacts/usb4-backport/root/lib/modules/7.1.13-usb4-gpu-test/kernel/drivers/media/usb/gspca/gspca_zc3xx.ko
  INSTALL /home/mert/Work/omarchy-mac-external-monitor/artifacts/usb4-backport/root/lib/modules/7.1.13-usb4-gpu-test/kernel/drivers/media/usb/gspca/m5602/gspca_m5602.ko
  STRIP   /home/mert/Work/omarchy-mac-external-monitor/artifacts/usb4-backport/root/lib/modules/7.1.13-usb4-gpu-test/kernel/drivers/media/usb/gspca/m5602/gspca_m5602.ko
  INSTALL /home/mert/Work/omarchy-mac-external-monitor/artifacts/usb4-backport/root/lib/modules/7.1.13-usb4-gpu-test/kernel/drivers/media/usb/gspca/stv06xx/gspca_stv06xx.ko
  STRIP   /home/mert/Work/omarchy-mac-external-monitor/artifacts/usb4-backport/root/lib/modules/7.1.13-usb4-gpu-test/kernel/drivers/media/usb/gspca/stv06xx/gspca_stv06xx.ko
  INSTALL /home/mert/Work/omarchy-mac-external-monitor/artifacts/usb4-backport/root/lib/modules/7.1.13-usb4-gpu-test/kernel/drivers/media/usb/gspca/gl860/gspca_gl860.ko
  STRIP   /home/mert/Work/omarchy-mac-external-monitor/artifacts/usb4-backport/root/lib/modules/7.1.13-usb4-gpu-test/kernel/drivers/media/usb/gspca/gl860/gspca_gl860.ko
  INSTALL /home/mert/Work/omarchy-mac-external-monitor/artifacts/usb4-backport/root/lib/modules/7.1.13-usb4-gpu-test/kernel/drivers/media/usb/hackrf/hackrf.ko
  STRIP   /home/mert/Work/omarchy-mac-external-monitor/artifacts/usb4-backport/root/lib/modules/7.1.13-usb4-gpu-test/kernel/drivers/media/usb/hackrf/hackrf.ko
  INSTALL /home/mert/Work/omarchy-mac-external-monitor/artifacts/usb4-backport/root/lib/modules/7.1.13-usb4-gpu-test/kernel/drivers/media/usb/pwc/pwc.ko
  STRIP   /home/mert/Work/omarchy-mac-external-monitor/artifacts/usb4-backport/root/lib/modules/7.1.13-usb4-gpu-test/kernel/drivers/media/usb/pwc/pwc.ko
  INSTALL /home/mert/Work/omarchy-mac-external-monitor/artifacts/usb4-backport/root/lib/modules/7.1.13-usb4-gpu-test/kernel/drivers/media/usb/uvc/uvcvideo.ko
  STRIP   /home/mert/Work/omarchy-mac-external-monitor/artifacts/usb4-backport/root/lib/modules/7.1.13-usb4-gpu-test/kernel/drivers/media/usb/uvc/uvcvideo.ko
  INSTALL /home/mert/Work/omarchy-mac-external-monitor/artifacts/usb4-backport/root/lib/modules/7.1.13-usb4-gpu-test/kernel/drivers/media/usb/au0828/au0828.ko
  STRIP   /home/mert/Work/omarchy-mac-external-monitor/artifacts/usb4-backport/root/lib/modules/7.1.13-usb4-gpu-test/kernel/drivers/media/usb/au0828/au0828.ko
  INSTALL /home/mert/Work/omarchy-mac-external-monitor/artifacts/usb4-backport/root/lib/modules/7.1.13-usb4-gpu-test/kernel/drivers/media/usb/cx231xx/cx231xx.ko
  STRIP   /home/mert/Work/omarchy-mac-external-monitor/artifacts/usb4-backport/root/lib/modules/7.1.13-usb4-gpu-test/kernel/drivers/media/usb/cx231xx/cx231xx.ko
  INSTALL /home/mert/Work/omarchy-mac-external-monitor/artifacts/usb4-backport/root/lib/modules/7.1.13-usb4-gpu-test/kernel/drivers/media/usb/cx231xx/cx231xx-alsa.ko
  STRIP   /home/mert/Work/omarchy-mac-external-monitor/artifacts/usb4-backport/root/lib/modules/7.1.13-usb4-gpu-test/kernel/drivers/media/usb/cx231xx/cx231xx-alsa.ko
  INSTALL /home/mert/Work/omarchy-mac-external-monitor/artifacts/usb4-backport/root/lib/modules/7.1.13-usb4-gpu-test/kernel/drivers/media/usb/cx231xx/cx231xx-dvb.ko
  STRIP   /home/mert/Work/omarchy-mac-external-monitor/artifacts/usb4-backport/root/lib/modules/7.1.13-usb4-gpu-test/kernel/drivers/media/usb/cx231xx/cx231xx-dvb.ko
  INSTALL /home/mert/Work/omarchy-mac-external-monitor/artifacts/usb4-backport/root/lib/modules/7.1.13-usb4-gpu-test/kernel/drivers/media/usb/em28xx/em28xx.ko
  STRIP   /home/mert/Work/omarchy-mac-external-monitor/artifacts/usb4-backport/root/lib/modules/7.1.13-usb4-gpu-test/kernel/drivers/media/usb/em28xx/em28xx.ko
  INSTALL /home/mert/Work/omarchy-mac-external-monitor/artifacts/usb4-backport/root/lib/modules/7.1.13-usb4-gpu-test/kernel/drivers/media/usb/em28xx/em28xx-v4l.ko
  STRIP   /home/mert/Work/omarchy-mac-external-monitor/artifacts/usb4-backport/root/lib/modules/7.1.13-usb4-gpu-test/kernel/drivers/media/usb/em28xx/em28xx-v4l.ko
  INSTALL /home/mert/Work/omarchy-mac-external-monitor/artifacts/usb4-backport/root/lib/modules/7.1.13-usb4-gpu-test/kernel/drivers/media/usb/em28xx/em28xx-alsa.ko
  STRIP   /home/mert/Work/omarchy-mac-external-monitor/artifacts/usb4-backport/root/lib/modules/7.1.13-usb4-gpu-test/kernel/drivers/media/usb/em28xx/em28xx-alsa.ko
  INSTALL /home/mert/Work/omarchy-mac-external-monitor/artifacts/usb4-backport/root/lib/modules/7.1.13-usb4-gpu-test/kernel/drivers/media/usb/em28xx/em28xx-dvb.ko
  STRIP   /home/mert/Work/omarchy-mac-external-monitor/artifacts/usb4-backport/root/lib/modules/7.1.13-usb4-gpu-test/kernel/drivers/media/usb/em28xx/em28xx-dvb.ko
  INSTALL /home/mert/Work/omarchy-mac-external-monitor/artifacts/usb4-backport/root/lib/modules/7.1.13-usb4-gpu-test/kernel/drivers/media/usb/em28xx/em28xx-rc.ko
  STRIP   /home/mert/Work/omarchy-mac-external-monitor/artifacts/usb4-backport/root/lib/modules/7.1.13-usb4-gpu-test/kernel/drivers/media/usb/em28xx/em28xx-rc.ko
  INSTALL /home/mert/Work/omarchy-mac-external-monitor/artifacts/usb4-backport/root/lib/modules/7.1.13-usb4-gpu-test/kernel/drivers/media/usb/go7007/go7007.ko
  STRIP   /home/mert/Work/omarchy-mac-external-monitor/artifacts/usb4-backport/root/lib/modules/7.1.13-usb4-gpu-test/kernel/drivers/media/usb/go7007/go7007.ko
  INSTALL /home/mert/Work/omarchy-mac-external-monitor/artifacts/usb4-backport/root/lib/modules/7.1.13-usb4-gpu-test/kernel/drivers/media/usb/go7007/go7007-usb.ko
  STRIP   /home/mert/Work/omarchy-mac-external-monitor/artifacts/usb4-backport/root/lib/modules/7.1.13-usb4-gpu-test/kernel/drivers/media/usb/go7007/go7007-usb.ko
  INSTALL /home/mert/Work/omarchy-mac-external-monitor/artifacts/usb4-backport/root/lib/modules/7.1.13-usb4-gpu-test/kernel/drivers/media/usb/go7007/go7007-loader.ko
  STRIP   /home/mert/Work/omarchy-mac-external-monitor/artifacts/usb4-backport/root/lib/modules/7.1.13-usb4-gpu-test/kernel/drivers/media/usb/go7007/go7007-loader.ko
  INSTALL /home/mert/Work/omarchy-mac-external-monitor/artifacts/usb4-backport/root/lib/modules/7.1.13-usb4-gpu-test/kernel/drivers/media/usb/go7007/s2250.ko
  STRIP   /home/mert/Work/omarchy-mac-external-monitor/artifacts/usb4-backport/root/lib/modules/7.1.13-usb4-gpu-test/kernel/drivers/media/usb/go7007/s2250.ko
  INSTALL /home/mert/Work/omarchy-mac-external-monitor/artifacts/usb4-backport/root/lib/modules/7.1.13-usb4-gpu-test/kernel/drivers/media/usb/hdpvr/hdpvr.ko
  STRIP   /home/mert/Work/omarchy-mac-external-monitor/artifacts/usb4-backport/root/lib/modules/7.1.13-usb4-gpu-test/kernel/drivers/media/usb/hdpvr/hdpvr.ko
  INSTALL /home/mert/Work/omarchy-mac-external-monitor/artifacts/usb4-backport/root/lib/modules/7.1.13-usb4-gpu-test/kernel/drivers/media/usb/pvrusb2/pvrusb2.ko
  STRIP   /home/mert/Work/omarchy-mac-external-monitor/artifacts/usb4-backport/root/lib/modules/7.1.13-usb4-gpu-test/kernel/drivers/media/usb/pvrusb2/pvrusb2.ko
  INSTALL /home/mert/Work/omarchy-mac-external-monitor/artifacts/usb4-backport/root/lib/modules/7.1.13-usb4-gpu-test/kernel/drivers/media/usb/stk1160/stk1160.ko
  STRIP   /home/mert/Work/omarchy-mac-external-monitor/artifacts/usb4-backport/root/lib/modules/7.1.13-usb4-gpu-test/kernel/drivers/media/usb/stk1160/stk1160.ko
  INSTALL /home/mert/Work/omarchy-mac-external-monitor/artifacts/usb4-backport/root/lib/modules/7.1.13-usb4-gpu-test/kernel/drivers/media/usb/usbtv/usbtv.ko
  STRIP   /home/mert/Work/omarchy-mac-external-monitor/artifacts/usb4-backport/root/lib/modules/7.1.13-usb4-gpu-test/kernel/drivers/media/usb/usbtv/usbtv.ko
  INSTALL /home/mert/Work/omarchy-mac-external-monitor/artifacts/usb4-backport/root/lib/modules/7.1.13-usb4-gpu-test/kernel/drivers/media/dvb-frontends/a8293.ko
  STRIP   /home/mert/Work/omarchy-mac-external-monitor/artifacts/usb4-backport/root/lib/modules/7.1.13-usb4-gpu-test/kernel/drivers/media/dvb-frontends/a8293.ko
  INSTALL /home/mert/Work/omarchy-mac-external-monitor/artifacts/usb4-backport/root/lib/modules/7.1.13-usb4-gpu-test/kernel/drivers/media/dvb-frontends/af9013.ko
  STRIP   /home/mert/Work/omarchy-mac-external-monitor/artifacts/usb4-backport/root/lib/modules/7.1.13-usb4-gpu-test/kernel/drivers/media/dvb-frontends/af9013.ko
  INSTALL /home/mert/Work/omarchy-mac-external-monitor/artifacts/usb4-backport/root/lib/modules/7.1.13-usb4-gpu-test/kernel/drivers/media/dvb-frontends/af9033.ko
  STRIP   /home/mert/Work/omarchy-mac-external-monitor/artifacts/usb4-backport/root/lib/modules/7.1.13-usb4-gpu-test/kernel/drivers/media/dvb-frontends/af9033.ko
  INSTALL /home/mert/Work/omarchy-mac-external-monitor/artifacts/usb4-backport/root/lib/modules/7.1.13-usb4-gpu-test/kernel/drivers/media/dvb-frontends/as102_fe.ko
  STRIP   /home/mert/Work/omarchy-mac-external-monitor/artifacts/usb4-backport/root/lib/modules/7.1.13-usb4-gpu-test/kernel/drivers/media/dvb-frontends/as102_fe.ko
  INSTALL /home/mert/Work/omarchy-mac-external-monitor/artifacts/usb4-backport/root/lib/modules/7.1.13-usb4-gpu-test/kernel/drivers/media/dvb-frontends/atbm8830.ko
  STRIP   /home/mert/Work/omarchy-mac-external-monitor/artifacts/usb4-backport/root/lib/modules/7.1.13-usb4-gpu-test/kernel/drivers/media/dvb-frontends/atbm8830.ko
  INSTALL /home/mert/Work/omarchy-mac-external-monitor/artifacts/usb4-backport/root/lib/modules/7.1.13-usb4-gpu-test/kernel/drivers/media/dvb-frontends/au8522_common.ko
  STRIP   /home/mert/Work/omarchy-mac-external-monitor/artifacts/usb4-backport/root/lib/modules/7.1.13-usb4-gpu-test/kernel/drivers/media/dvb-frontends/au8522_common.ko
  INSTALL /home/mert/Work/omarchy-mac-external-monitor/artifacts/usb4-backport/root/lib/modules/7.1.13-usb4-gpu-test/kernel/drivers/media/dvb-frontends/au8522_dig.ko
  STRIP   /home/mert/Work/omarchy-mac-external-monitor/artifacts/usb4-backport/root/lib/modules/7.1.13-usb4-gpu-test/kernel/drivers/media/dvb-frontends/au8522_dig.ko
  INSTALL /home/mert/Work/omarchy-mac-external-monitor/artifacts/usb4-backport/root/lib/modules/7.1.13-usb4-gpu-test/kernel/drivers/media/dvb-frontends/au8522_decoder.ko
  STRIP   /home/mert/Work/omarchy-mac-external-monitor/artifacts/usb4-backport/root/lib/modules/7.1.13-usb4-gpu-test/kernel/drivers/media/dvb-frontends/au8522_decoder.ko
  INSTALL /home/mert/Work/omarchy-mac-external-monitor/artifacts/usb4-backport/root/lib/modules/7.1.13-usb4-gpu-test/kernel/drivers/media/dvb-frontends/bcm3510.ko
  STRIP   /home/mert/Work/omarchy-mac-external-monitor/artifacts/usb4-backport/root/lib/modules/7.1.13-usb4-gpu-test/kernel/drivers/media/dvb-frontends/bcm3510.ko
  INSTALL /home/mert/Work/omarchy-mac-external-monitor/artifacts/usb4-backport/root/lib/modules/7.1.13-usb4-gpu-test/kernel/drivers/media/dvb-frontends/cx22700.ko
  STRIP   /home/mert/Work/omarchy-mac-external-monitor/artifacts/usb4-backport/root/lib/modules/7.1.13-usb4-gpu-test/kernel/drivers/media/dvb-frontends/cx22700.ko
  INSTALL /home/mert/Work/omarchy-mac-external-monitor/artifacts/usb4-backport/root/lib/modules/7.1.13-usb4-gpu-test/kernel/drivers/media/dvb-frontends/cx22702.ko
  STRIP   /home/mert/Work/omarchy-mac-external-monitor/artifacts/usb4-backport/root/lib/modules/7.1.13-usb4-gpu-test/kernel/drivers/media/dvb-frontends/cx22702.ko
  INSTALL /home/mert/Work/omarchy-mac-external-monitor/artifacts/usb4-backport/root/lib/modules/7.1.13-usb4-gpu-test/kernel/drivers/media/dvb-frontends/cx24110.ko
  STRIP   /home/mert/Work/omarchy-mac-external-monitor/artifacts/usb4-backport/root/lib/modules/7.1.13-usb4-gpu-test/kernel/drivers/media/dvb-frontends/cx24110.ko
  INSTALL /home/mert/Work/omarchy-mac-external-monitor/artifacts/usb4-backport/root/lib/modules/7.1.13-usb4-gpu-test/kernel/drivers/media/dvb-frontends/cx24116.ko
  STRIP   /home/mert/Work/omarchy-mac-external-monitor/artifacts/usb4-backport/root/lib/modules/7.1.13-usb4-gpu-test/kernel/drivers/media/dvb-frontends/cx24116.ko
  INSTALL /home/mert/Work/omarchy-mac-external-monitor/artifacts/usb4-backport/root/lib/modules/7.1.13-usb4-gpu-test/kernel/drivers/media/dvb-frontends/cx24117.ko
  STRIP   /home/mert/Work/omarchy-mac-external-monitor/artifacts/usb4-backport/root/lib/modules/7.1.13-usb4-gpu-test/kernel/drivers/media/dvb-frontends/cx24117.ko
  INSTALL /home/mert/Work/omarchy-mac-external-monitor/artifacts/usb4-backport/root/lib/modules/7.1.13-usb4-gpu-test/kernel/drivers/media/dvb-frontends/cx24120.ko
  STRIP   /home/mert/Work/omarchy-mac-external-monitor/artifacts/usb4-backport/root/lib/modules/7.1.13-usb4-gpu-test/kernel/drivers/media/dvb-frontends/cx24120.ko
  INSTALL /home/mert/Work/omarchy-mac-external-monitor/artifacts/usb4-backport/root/lib/modules/7.1.13-usb4-gpu-test/kernel/drivers/media/dvb-frontends/cx24123.ko
  STRIP   /home/mert/Work/omarchy-mac-external-monitor/artifacts/usb4-backport/root/lib/modules/7.1.13-usb4-gpu-test/kernel/drivers/media/dvb-frontends/cx24123.ko
  INSTALL /home/mert/Work/omarchy-mac-external-monitor/artifacts/usb4-backport/root/lib/modules/7.1.13-usb4-gpu-test/kernel/drivers/media/dvb-frontends/cxd2099.ko
  STRIP   /home/mert/Work/omarchy-mac-external-monitor/artifacts/usb4-backport/root/lib/modules/7.1.13-usb4-gpu-test/kernel/drivers/media/dvb-frontends/cxd2099.ko
  INSTALL /home/mert/Work/omarchy-mac-external-monitor/artifacts/usb4-backport/root/lib/modules/7.1.13-usb4-gpu-test/kernel/drivers/media/dvb-frontends/cxd2820r.ko
  STRIP   /home/mert/Work/omarchy-mac-external-monitor/artifacts/usb4-backport/root/lib/modules/7.1.13-usb4-gpu-test/kernel/drivers/media/dvb-frontends/cxd2820r.ko
  INSTALL /home/mert/Work/omarchy-mac-external-monitor/artifacts/usb4-backport/root/lib/modules/7.1.13-usb4-gpu-test/kernel/drivers/media/dvb-frontends/cxd2841er.ko
  STRIP   /home/mert/Work/omarchy-mac-external-monitor/artifacts/usb4-backport/root/lib/modules/7.1.13-usb4-gpu-test/kernel/drivers/media/dvb-frontends/cxd2841er.ko
  INSTALL /home/mert/Work/omarchy-mac-external-monitor/artifacts/usb4-backport/root/lib/modules/7.1.13-usb4-gpu-test/kernel/drivers/media/dvb-frontends/dib3000mb.ko
  STRIP   /home/mert/Work/omarchy-mac-external-monitor/artifacts/usb4-backport/root/lib/modules/7.1.13-usb4-gpu-test/kernel/drivers/media/dvb-frontends/dib3000mb.ko
  INSTALL /home/mert/Work/omarchy-mac-external-monitor/artifacts/usb4-backport/root/lib/modules/7.1.13-usb4-gpu-test/kernel/drivers/media/dvb-frontends/dib3000mc.ko
  STRIP   /home/mert/Work/omarchy-mac-external-monitor/artifacts/usb4-backport/root/lib/modules/7.1.13-usb4-gpu-test/kernel/drivers/media/dvb-frontends/dib3000mc.ko
  INSTALL /home/mert/Work/omarchy-mac-external-monitor/artifacts/usb4-backport/root/lib/modules/7.1.13-usb4-gpu-test/kernel/drivers/media/dvb-frontends/dibx000_common.ko
  STRIP   /home/mert/Work/omarchy-mac-external-monitor/artifacts/usb4-backport/root/lib/modules/7.1.13-usb4-gpu-test/kernel/drivers/media/dvb-frontends/dibx000_common.ko
  INSTALL /home/mert/Work/omarchy-mac-external-monitor/artifacts/usb4-backport/root/lib/modules/7.1.13-usb4-gpu-test/kernel/drivers/media/dvb-frontends/dib7000m.ko
  STRIP   /home/mert/Work/omarchy-mac-external-monitor/artifacts/usb4-backport/root/lib/modules/7.1.13-usb4-gpu-test/kernel/drivers/media/dvb-frontends/dib7000m.ko
  INSTALL /home/mert/Work/omarchy-mac-external-monitor/artifacts/usb4-backport/root/lib/modules/7.1.13-usb4-gpu-test/kernel/drivers/media/dvb-frontends/dib7000p.ko
  STRIP   /home/mert/Work/omarchy-mac-external-monitor/artifacts/usb4-backport/root/lib/modules/7.1.13-usb4-gpu-test/kernel/drivers/media/dvb-frontends/dib7000p.ko
  INSTALL /home/mert/Work/omarchy-mac-external-monitor/artifacts/usb4-backport/root/lib/modules/7.1.13-usb4-gpu-test/kernel/drivers/media/dvb-frontends/dib8000.ko
  STRIP   /home/mert/Work/omarchy-mac-external-monitor/artifacts/usb4-backport/root/lib/modules/7.1.13-usb4-gpu-test/kernel/drivers/media/dvb-frontends/dib8000.ko
  INSTALL /home/mert/Work/omarchy-mac-external-monitor/artifacts/usb4-backport/root/lib/modules/7.1.13-usb4-gpu-test/kernel/drivers/media/dvb-frontends/drx39xyj/drx39xyj.ko
  STRIP   /home/mert/Work/omarchy-mac-external-monitor/artifacts/usb4-backport/root/lib/modules/7.1.13-usb4-gpu-test/kernel/drivers/media/dvb-frontends/drx39xyj/drx39xyj.ko
  INSTALL /home/mert/Work/omarchy-mac-external-monitor/artifacts/usb4-backport/root/lib/modules/7.1.13-usb4-gpu-test/kernel/drivers/media/dvb-frontends/drxd.ko
  STRIP   /home/mert/Work/omarchy-mac-external-monitor/artifacts/usb4-backport/root/lib/modules/7.1.13-usb4-gpu-test/kernel/drivers/media/dvb-frontends/drxd.ko
  INSTALL /home/mert/Work/omarchy-mac-external-monitor/artifacts/usb4-backport/root/lib/modules/7.1.13-usb4-gpu-test/kernel/drivers/media/dvb-frontends/drxk.ko
  STRIP   /home/mert/Work/omarchy-mac-external-monitor/artifacts/usb4-backport/root/lib/modules/7.1.13-usb4-gpu-test/kernel/drivers/media/dvb-frontends/drxk.ko
  INSTALL /home/mert/Work/omarchy-mac-external-monitor/artifacts/usb4-backport/root/lib/modules/7.1.13-usb4-gpu-test/kernel/drivers/media/dvb-frontends/ds3000.ko
  STRIP   /home/mert/Work/omarchy-mac-external-monitor/artifacts/usb4-backport/root/lib/modules/7.1.13-usb4-gpu-test/kernel/drivers/media/dvb-frontends/ds3000.ko
  INSTALL /home/mert/Work/omarchy-mac-external-monitor/artifacts/usb4-backport/root/lib/modules/7.1.13-usb4-gpu-test/kernel/drivers/media/dvb-frontends/ec100.ko
  STRIP   /home/mert/Work/omarchy-mac-external-monitor/artifacts/usb4-backport/root/lib/modules/7.1.13-usb4-gpu-test/kernel/drivers/media/dvb-frontends/ec100.ko
  INSTALL /home/mert/Work/omarchy-mac-external-monitor/artifacts/usb4-backport/root/lib/modules/7.1.13-usb4-gpu-test/kernel/drivers/media/dvb-frontends/gp8psk-fe.ko
  STRIP   /home/mert/Work/omarchy-mac-external-monitor/artifacts/usb4-backport/root/lib/modules/7.1.13-usb4-gpu-test/kernel/drivers/media/dvb-frontends/gp8psk-fe.ko
  INSTALL /home/mert/Work/omarchy-mac-external-monitor/artifacts/usb4-backport/root/lib/modules/7.1.13-usb4-gpu-test/kernel/drivers/media/dvb-frontends/isl6405.ko
  STRIP   /home/mert/Work/omarchy-mac-external-monitor/artifacts/usb4-backport/root/lib/modules/7.1.13-usb4-gpu-test/kernel/drivers/media/dvb-frontends/isl6405.ko
  INSTALL /home/mert/Work/omarchy-mac-external-monitor/artifacts/usb4-backport/root/lib/modules/7.1.13-usb4-gpu-test/kernel/drivers/media/dvb-frontends/isl6421.ko
  STRIP   /home/mert/Work/omarchy-mac-external-monitor/artifacts/usb4-backport/root/lib/modules/7.1.13-usb4-gpu-test/kernel/drivers/media/dvb-frontends/isl6421.ko
  INSTALL /home/mert/Work/omarchy-mac-external-monitor/artifacts/usb4-backport/root/lib/modules/7.1.13-usb4-gpu-test/kernel/drivers/media/dvb-frontends/isl6423.ko
  STRIP   /home/mert/Work/omarchy-mac-external-monitor/artifacts/usb4-backport/root/lib/modules/7.1.13-usb4-gpu-test/kernel/drivers/media/dvb-frontends/isl6423.ko
  INSTALL /home/mert/Work/omarchy-mac-external-monitor/artifacts/usb4-backport/root/lib/modules/7.1.13-usb4-gpu-test/kernel/drivers/media/dvb-frontends/ix2505v.ko
  STRIP   /home/mert/Work/omarchy-mac-external-monitor/artifacts/usb4-backport/root/lib/modules/7.1.13-usb4-gpu-test/kernel/drivers/media/dvb-frontends/ix2505v.ko
  INSTALL /home/mert/Work/omarchy-mac-external-monitor/artifacts/usb4-backport/root/lib/modules/7.1.13-usb4-gpu-test/kernel/drivers/media/dvb-frontends/l64781.ko
  STRIP   /home/mert/Work/omarchy-mac-external-monitor/artifacts/usb4-backport/root/lib/modules/7.1.13-usb4-gpu-test/kernel/drivers/media/dvb-frontends/l64781.ko
  INSTALL /home/mert/Work/omarchy-mac-external-monitor/artifacts/usb4-backport/root/lib/modules/7.1.13-usb4-gpu-test/kernel/drivers/media/dvb-frontends/lg2160.ko
  STRIP   /home/mert/Work/omarchy-mac-external-monitor/artifacts/usb4-backport/root/lib/modules/7.1.13-usb4-gpu-test/kernel/drivers/media/dvb-frontends/lg2160.ko
  INSTALL /home/mert/Work/omarchy-mac-external-monitor/artifacts/usb4-backport/root/lib/modules/7.1.13-usb4-gpu-test/kernel/drivers/media/dvb-frontends/lgdt3305.ko
  STRIP   /home/mert/Work/omarchy-mac-external-monitor/artifacts/usb4-backport/root/lib/modules/7.1.13-usb4-gpu-test/kernel/drivers/media/dvb-frontends/lgdt3305.ko
  INSTALL /home/mert/Work/omarchy-mac-external-monitor/artifacts/usb4-backport/root/lib/modules/7.1.13-usb4-gpu-test/kernel/drivers/media/dvb-frontends/lgdt3306a.ko
  STRIP   /home/mert/Work/omarchy-mac-external-monitor/artifacts/usb4-backport/root/lib/modules/7.1.13-usb4-gpu-test/kernel/drivers/media/dvb-frontends/lgdt3306a.ko
  INSTALL /home/mert/Work/omarchy-mac-external-monitor/artifacts/usb4-backport/root/lib/modules/7.1.13-usb4-gpu-test/kernel/drivers/media/dvb-frontends/lgdt330x.ko
  STRIP   /home/mert/Work/omarchy-mac-external-monitor/artifacts/usb4-backport/root/lib/modules/7.1.13-usb4-gpu-test/kernel/drivers/media/dvb-frontends/lgdt330x.ko
  INSTALL /home/mert/Work/omarchy-mac-external-monitor/artifacts/usb4-backport/root/lib/modules/7.1.13-usb4-gpu-test/kernel/drivers/media/dvb-frontends/lgs8gxx.ko
  STRIP   /home/mert/Work/omarchy-mac-external-monitor/artifacts/usb4-backport/root/lib/modules/7.1.13-usb4-gpu-test/kernel/drivers/media/dvb-frontends/lgs8gxx.ko
  INSTALL /home/mert/Work/omarchy-mac-external-monitor/artifacts/usb4-backport/root/lib/modules/7.1.13-usb4-gpu-test/kernel/drivers/media/dvb-frontends/lnbh25.ko
  STRIP   /home/mert/Work/omarchy-mac-external-monitor/artifacts/usb4-backport/root/lib/modules/7.1.13-usb4-gpu-test/kernel/drivers/media/dvb-frontends/lnbh25.ko
  INSTALL /home/mert/Work/omarchy-mac-external-monitor/artifacts/usb4-backport/root/lib/modules/7.1.13-usb4-gpu-test/kernel/drivers/media/dvb-frontends/lnbp21.ko
  STRIP   /home/mert/Work/omarchy-mac-external-monitor/artifacts/usb4-backport/root/lib/modules/7.1.13-usb4-gpu-test/kernel/drivers/media/dvb-frontends/lnbp21.ko
  INSTALL /home/mert/Work/omarchy-mac-external-monitor/artifacts/usb4-backport/root/lib/modules/7.1.13-usb4-gpu-test/kernel/drivers/media/dvb-frontends/lnbp22.ko
  STRIP   /home/mert/Work/omarchy-mac-external-monitor/artifacts/usb4-backport/root/lib/modules/7.1.13-usb4-gpu-test/kernel/drivers/media/dvb-frontends/lnbp22.ko
  INSTALL /home/mert/Work/omarchy-mac-external-monitor/artifacts/usb4-backport/root/lib/modules/7.1.13-usb4-gpu-test/kernel/drivers/media/dvb-frontends/m88ds3103.ko
  STRIP   /home/mert/Work/omarchy-mac-external-monitor/artifacts/usb4-backport/root/lib/modules/7.1.13-usb4-gpu-test/kernel/drivers/media/dvb-frontends/m88ds3103.ko
  INSTALL /home/mert/Work/omarchy-mac-external-monitor/artifacts/usb4-backport/root/lib/modules/7.1.13-usb4-gpu-test/kernel/drivers/media/dvb-frontends/m88rs2000.ko
  STRIP   /home/mert/Work/omarchy-mac-external-monitor/artifacts/usb4-backport/root/lib/modules/7.1.13-usb4-gpu-test/kernel/drivers/media/dvb-frontends/m88rs2000.ko
  INSTALL /home/mert/Work/omarchy-mac-external-monitor/artifacts/usb4-backport/root/lib/modules/7.1.13-usb4-gpu-test/kernel/drivers/media/dvb-frontends/mb86a16.ko
  STRIP   /home/mert/Work/omarchy-mac-external-monitor/artifacts/usb4-backport/root/lib/modules/7.1.13-usb4-gpu-test/kernel/drivers/media/dvb-frontends/mb86a16.ko
  INSTALL /home/mert/Work/omarchy-mac-external-monitor/artifacts/usb4-backport/root/lib/modules/7.1.13-usb4-gpu-test/kernel/drivers/media/dvb-frontends/mb86a20s.ko
  STRIP   /home/mert/Work/omarchy-mac-external-monitor/artifacts/usb4-backport/root/lib/modules/7.1.13-usb4-gpu-test/kernel/drivers/media/dvb-frontends/mb86a20s.ko
  INSTALL /home/mert/Work/omarchy-mac-external-monitor/artifacts/usb4-backport/root/lib/modules/7.1.13-usb4-gpu-test/kernel/drivers/media/dvb-frontends/mn88472.ko
  STRIP   /home/mert/Work/omarchy-mac-external-monitor/artifacts/usb4-backport/root/lib/modules/7.1.13-usb4-gpu-test/kernel/drivers/media/dvb-frontends/mn88472.ko
  INSTALL /home/mert/Work/omarchy-mac-external-monitor/artifacts/usb4-backport/root/lib/modules/7.1.13-usb4-gpu-test/kernel/drivers/media/dvb-frontends/mn88473.ko
  STRIP   /home/mert/Work/omarchy-mac-external-monitor/artifacts/usb4-backport/root/lib/modules/7.1.13-usb4-gpu-test/kernel/drivers/media/dvb-frontends/mn88473.ko
  INSTALL /home/mert/Work/omarchy-mac-external-monitor/artifacts/usb4-backport/root/lib/modules/7.1.13-usb4-gpu-test/kernel/drivers/media/dvb-frontends/mt312.ko
  STRIP   /home/mert/Work/omarchy-mac-external-monitor/artifacts/usb4-backport/root/lib/modules/7.1.13-usb4-gpu-test/kernel/drivers/media/dvb-frontends/mt312.ko
  INSTALL /home/mert/Work/omarchy-mac-external-monitor/artifacts/usb4-backport/root/lib/modules/7.1.13-usb4-gpu-test/kernel/drivers/media/dvb-frontends/mt352.ko
  STRIP   /home/mert/Work/omarchy-mac-external-monitor/artifacts/usb4-backport/root/lib/modules/7.1.13-usb4-gpu-test/kernel/drivers/media/dvb-frontends/mt352.ko
  INSTALL /home/mert/Work/omarchy-mac-external-monitor/artifacts/usb4-backport/root/lib/modules/7.1.13-usb4-gpu-test/kernel/drivers/media/dvb-frontends/mxl5xx.ko
  STRIP   /home/mert/Work/omarchy-mac-external-monitor/artifacts/usb4-backport/root/lib/modules/7.1.13-usb4-gpu-test/kernel/drivers/media/dvb-frontends/mxl5xx.ko
  INSTALL /home/mert/Work/omarchy-mac-external-monitor/artifacts/usb4-backport/root/lib/modules/7.1.13-usb4-gpu-test/kernel/drivers/media/dvb-frontends/mxl692.ko
  STRIP   /home/mert/Work/omarchy-mac-external-monitor/artifacts/usb4-backport/root/lib/modules/7.1.13-usb4-gpu-test/kernel/drivers/media/dvb-frontends/mxl692.ko
  INSTALL /home/mert/Work/omarchy-mac-external-monitor/artifacts/usb4-backport/root/lib/modules/7.1.13-usb4-gpu-test/kernel/drivers/media/dvb-frontends/nxt200x.ko
  STRIP   /home/mert/Work/omarchy-mac-external-monitor/artifacts/usb4-backport/root/lib/modules/7.1.13-usb4-gpu-test/kernel/drivers/media/dvb-frontends/nxt200x.ko
  INSTALL /home/mert/Work/omarchy-mac-external-monitor/artifacts/usb4-backport/root/lib/modules/7.1.13-usb4-gpu-test/kernel/drivers/media/dvb-frontends/nxt6000.ko
  STRIP   /home/mert/Work/omarchy-mac-external-monitor/artifacts/usb4-backport/root/lib/modules/7.1.13-usb4-gpu-test/kernel/drivers/media/dvb-frontends/nxt6000.ko
  INSTALL /home/mert/Work/omarchy-mac-external-monitor/artifacts/usb4-backport/root/lib/modules/7.1.13-usb4-gpu-test/kernel/drivers/media/dvb-frontends/or51132.ko
  STRIP   /home/mert/Work/omarchy-mac-external-monitor/artifacts/usb4-backport/root/lib/modules/7.1.13-usb4-gpu-test/kernel/drivers/media/dvb-frontends/or51132.ko
  INSTALL /home/mert/Work/omarchy-mac-external-monitor/artifacts/usb4-backport/root/lib/modules/7.1.13-usb4-gpu-test/kernel/drivers/media/dvb-frontends/or51211.ko
  STRIP   /home/mert/Work/omarchy-mac-external-monitor/artifacts/usb4-backport/root/lib/modules/7.1.13-usb4-gpu-test/kernel/drivers/media/dvb-frontends/or51211.ko
  INSTALL /home/mert/Work/omarchy-mac-external-monitor/artifacts/usb4-backport/root/lib/modules/7.1.13-usb4-gpu-test/kernel/drivers/media/dvb-frontends/dvb-pll.ko
  STRIP   /home/mert/Work/omarchy-mac-external-monitor/artifacts/usb4-backport/root/lib/modules/7.1.13-usb4-gpu-test/kernel/drivers/media/dvb-frontends/dvb-pll.ko
  INSTALL /home/mert/Work/omarchy-mac-external-monitor/artifacts/usb4-backport/root/lib/modules/7.1.13-usb4-gpu-test/kernel/drivers/media/dvb-frontends/rtl2830.ko
  STRIP   /home/mert/Work/omarchy-mac-external-monitor/artifacts/usb4-backport/root/lib/modules/7.1.13-usb4-gpu-test/kernel/drivers/media/dvb-frontends/rtl2830.ko
  INSTALL /home/mert/Work/omarchy-mac-external-monitor/artifacts/usb4-backport/root/lib/modules/7.1.13-usb4-gpu-test/kernel/drivers/media/dvb-frontends/rtl2832.ko
  STRIP   /home/mert/Work/omarchy-mac-external-monitor/artifacts/usb4-backport/root/lib/modules/7.1.13-usb4-gpu-test/kernel/drivers/media/dvb-frontends/rtl2832.ko
  INSTALL /home/mert/Work/omarchy-mac-external-monitor/artifacts/usb4-backport/root/lib/modules/7.1.13-usb4-gpu-test/kernel/drivers/media/dvb-frontends/rtl2832_sdr.ko
  STRIP   /home/mert/Work/omarchy-mac-external-monitor/artifacts/usb4-backport/root/lib/modules/7.1.13-usb4-gpu-test/kernel/drivers/media/dvb-frontends/rtl2832_sdr.ko
  INSTALL /home/mert/Work/omarchy-mac-external-monitor/artifacts/usb4-backport/root/lib/modules/7.1.13-usb4-gpu-test/kernel/drivers/media/dvb-frontends/s5h1409.ko
  STRIP   /home/mert/Work/omarchy-mac-external-monitor/artifacts/usb4-backport/root/lib/modules/7.1.13-usb4-gpu-test/kernel/drivers/media/dvb-frontends/s5h1409.ko
  INSTALL /home/mert/Work/omarchy-mac-external-monitor/artifacts/usb4-backport/root/lib/modules/7.1.13-usb4-gpu-test/kernel/drivers/media/dvb-frontends/s5h1411.ko
  STRIP   /home/mert/Work/omarchy-mac-external-monitor/artifacts/usb4-backport/root/lib/modules/7.1.13-usb4-gpu-test/kernel/drivers/media/dvb-frontends/s5h1411.ko
  INSTALL /home/mert/Work/omarchy-mac-external-monitor/artifacts/usb4-backport/root/lib/modules/7.1.13-usb4-gpu-test/kernel/drivers/media/dvb-frontends/s5h1420.ko
  STRIP   /home/mert/Work/omarchy-mac-external-monitor/artifacts/usb4-backport/root/lib/modules/7.1.13-usb4-gpu-test/kernel/drivers/media/dvb-frontends/s5h1420.ko
  INSTALL /home/mert/Work/omarchy-mac-external-monitor/artifacts/usb4-backport/root/lib/modules/7.1.13-usb4-gpu-test/kernel/drivers/media/dvb-frontends/s921.ko
  STRIP   /home/mert/Work/omarchy-mac-external-monitor/artifacts/usb4-backport/root/lib/modules/7.1.13-usb4-gpu-test/kernel/drivers/media/dvb-frontends/s921.ko
  INSTALL /home/mert/Work/omarchy-mac-external-monitor/artifacts/usb4-backport/root/lib/modules/7.1.13-usb4-gpu-test/kernel/drivers/media/dvb-frontends/si2165.ko
  STRIP   /home/mert/Work/omarchy-mac-external-monitor/artifacts/usb4-backport/root/lib/modules/7.1.13-usb4-gpu-test/kernel/drivers/media/dvb-frontends/si2165.ko
  INSTALL /home/mert/Work/omarchy-mac-external-monitor/artifacts/usb4-backport/root/lib/modules/7.1.13-usb4-gpu-test/kernel/drivers/media/dvb-frontends/si2168.ko
  STRIP   /home/mert/Work/omarchy-mac-external-monitor/artifacts/usb4-backport/root/lib/modules/7.1.13-usb4-gpu-test/kernel/drivers/media/dvb-frontends/si2168.ko
  INSTALL /home/mert/Work/omarchy-mac-external-monitor/artifacts/usb4-backport/root/lib/modules/7.1.13-usb4-gpu-test/kernel/drivers/media/dvb-frontends/si21xx.ko
  STRIP   /home/mert/Work/omarchy-mac-external-monitor/artifacts/usb4-backport/root/lib/modules/7.1.13-usb4-gpu-test/kernel/drivers/media/dvb-frontends/si21xx.ko
  INSTALL /home/mert/Work/omarchy-mac-external-monitor/artifacts/usb4-backport/root/lib/modules/7.1.13-usb4-gpu-test/kernel/drivers/media/dvb-frontends/sp2.ko
  STRIP   /home/mert/Work/omarchy-mac-external-monitor/artifacts/usb4-backport/root/lib/modules/7.1.13-usb4-gpu-test/kernel/drivers/media/dvb-frontends/sp2.ko
  INSTALL /home/mert/Work/omarchy-mac-external-monitor/artifacts/usb4-backport/root/lib/modules/7.1.13-usb4-gpu-test/kernel/drivers/media/dvb-frontends/sp887x.ko
  STRIP   /home/mert/Work/omarchy-mac-external-monitor/artifacts/usb4-backport/root/lib/modules/7.1.13-usb4-gpu-test/kernel/drivers/media/dvb-frontends/sp887x.ko
  INSTALL /home/mert/Work/omarchy-mac-external-monitor/artifacts/usb4-backport/root/lib/modules/7.1.13-usb4-gpu-test/kernel/drivers/media/dvb-frontends/stb0899.ko
  STRIP   /home/mert/Work/omarchy-mac-external-monitor/artifacts/usb4-backport/root/lib/modules/7.1.13-usb4-gpu-test/kernel/drivers/media/dvb-frontends/stb0899.ko
  INSTALL /home/mert/Work/omarchy-mac-external-monitor/artifacts/usb4-backport/root/lib/modules/7.1.13-usb4-gpu-test/kernel/drivers/media/dvb-frontends/stb6000.ko
  STRIP   /home/mert/Work/omarchy-mac-external-monitor/artifacts/usb4-backport/root/lib/modules/7.1.13-usb4-gpu-test/kernel/drivers/media/dvb-frontends/stb6000.ko
  INSTALL /home/mert/Work/omarchy-mac-external-monitor/artifacts/usb4-backport/root/lib/modules/7.1.13-usb4-gpu-test/kernel/drivers/media/dvb-frontends/stb6100.ko
  STRIP   /home/mert/Work/omarchy-mac-external-monitor/artifacts/usb4-backport/root/lib/modules/7.1.13-usb4-gpu-test/kernel/drivers/media/dvb-frontends/stb6100.ko
  INSTALL /home/mert/Work/omarchy-mac-external-monitor/artifacts/usb4-backport/root/lib/modules/7.1.13-usb4-gpu-test/kernel/drivers/media/dvb-frontends/stv0288.ko
  STRIP   /home/mert/Work/omarchy-mac-external-monitor/artifacts/usb4-backport/root/lib/modules/7.1.13-usb4-gpu-test/kernel/drivers/media/dvb-frontends/stv0288.ko
  INSTALL /home/mert/Work/omarchy-mac-external-monitor/artifacts/usb4-backport/root/lib/modules/7.1.13-usb4-gpu-test/kernel/drivers/media/dvb-frontends/stv0297.ko
  STRIP   /home/mert/Work/omarchy-mac-external-monitor/artifacts/usb4-backport/root/lib/modules/7.1.13-usb4-gpu-test/kernel/drivers/media/dvb-frontends/stv0297.ko
  INSTALL /home/mert/Work/omarchy-mac-external-monitor/artifacts/usb4-backport/root/lib/modules/7.1.13-usb4-gpu-test/kernel/drivers/media/dvb-frontends/stv0299.ko
  STRIP   /home/mert/Work/omarchy-mac-external-monitor/artifacts/usb4-backport/root/lib/modules/7.1.13-usb4-gpu-test/kernel/drivers/media/dvb-frontends/stv0299.ko
  INSTALL /home/mert/Work/omarchy-mac-external-monitor/artifacts/usb4-backport/root/lib/modules/7.1.13-usb4-gpu-test/kernel/drivers/media/dvb-frontends/stv0367.ko
  STRIP   /home/mert/Work/omarchy-mac-external-monitor/artifacts/usb4-backport/root/lib/modules/7.1.13-usb4-gpu-test/kernel/drivers/media/dvb-frontends/stv0367.ko
  INSTALL /home/mert/Work/omarchy-mac-external-monitor/artifacts/usb4-backport/root/lib/modules/7.1.13-usb4-gpu-test/kernel/drivers/media/dvb-frontends/stv0900.ko
  STRIP   /home/mert/Work/omarchy-mac-external-monitor/artifacts/usb4-backport/root/lib/modules/7.1.13-usb4-gpu-test/kernel/drivers/media/dvb-frontends/stv0900.ko
  INSTALL /home/mert/Work/omarchy-mac-external-monitor/artifacts/usb4-backport/root/lib/modules/7.1.13-usb4-gpu-test/kernel/drivers/media/dvb-frontends/stv090x.ko
  STRIP   /home/mert/Work/omarchy-mac-external-monitor/artifacts/usb4-backport/root/lib/modules/7.1.13-usb4-gpu-test/kernel/drivers/media/dvb-frontends/stv090x.ko
  INSTALL /home/mert/Work/omarchy-mac-external-monitor/artifacts/usb4-backport/root/lib/modules/7.1.13-usb4-gpu-test/kernel/drivers/media/dvb-frontends/stv0910.ko
  STRIP   /home/mert/Work/omarchy-mac-external-monitor/artifacts/usb4-backport/root/lib/modules/7.1.13-usb4-gpu-test/kernel/drivers/media/dvb-frontends/stv0910.ko
  INSTALL /home/mert/Work/omarchy-mac-external-monitor/artifacts/usb4-backport/root/lib/modules/7.1.13-usb4-gpu-test/kernel/drivers/media/dvb-frontends/stv6110.ko
  STRIP   /home/mert/Work/omarchy-mac-external-monitor/artifacts/usb4-backport/root/lib/modules/7.1.13-usb4-gpu-test/kernel/drivers/media/dvb-frontends/stv6110.ko
  INSTALL /home/mert/Work/omarchy-mac-external-monitor/artifacts/usb4-backport/root/lib/modules/7.1.13-usb4-gpu-test/kernel/drivers/media/dvb-frontends/stv6110x.ko
  STRIP   /home/mert/Work/omarchy-mac-external-monitor/artifacts/usb4-backport/root/lib/modules/7.1.13-usb4-gpu-test/kernel/drivers/media/dvb-frontends/stv6110x.ko
  INSTALL /home/mert/Work/omarchy-mac-external-monitor/artifacts/usb4-backport/root/lib/modules/7.1.13-usb4-gpu-test/kernel/drivers/media/dvb-frontends/stv6111.ko
  STRIP   /home/mert/Work/omarchy-mac-external-monitor/artifacts/usb4-backport/root/lib/modules/7.1.13-usb4-gpu-test/kernel/drivers/media/dvb-frontends/stv6111.ko
  INSTALL /home/mert/Work/omarchy-mac-external-monitor/artifacts/usb4-backport/root/lib/modules/7.1.13-usb4-gpu-test/kernel/drivers/media/dvb-frontends/tc90522.ko
  STRIP   /home/mert/Work/omarchy-mac-external-monitor/artifacts/usb4-backport/root/lib/modules/7.1.13-usb4-gpu-test/kernel/drivers/media/dvb-frontends/tc90522.ko
  INSTALL /home/mert/Work/omarchy-mac-external-monitor/artifacts/usb4-backport/root/lib/modules/7.1.13-usb4-gpu-test/kernel/drivers/media/dvb-frontends/tda10021.ko
  STRIP   /home/mert/Work/omarchy-mac-external-monitor/artifacts/usb4-backport/root/lib/modules/7.1.13-usb4-gpu-test/kernel/drivers/media/dvb-frontends/tda10021.ko
  INSTALL /home/mert/Work/omarchy-mac-external-monitor/artifacts/usb4-backport/root/lib/modules/7.1.13-usb4-gpu-test/kernel/drivers/media/dvb-frontends/tda10023.ko
  STRIP   /home/mert/Work/omarchy-mac-external-monitor/artifacts/usb4-backport/root/lib/modules/7.1.13-usb4-gpu-test/kernel/drivers/media/dvb-frontends/tda10023.ko
  INSTALL /home/mert/Work/omarchy-mac-external-monitor/artifacts/usb4-backport/root/lib/modules/7.1.13-usb4-gpu-test/kernel/drivers/media/dvb-frontends/tda10048.ko
  STRIP   /home/mert/Work/omarchy-mac-external-monitor/artifacts/usb4-backport/root/lib/modules/7.1.13-usb4-gpu-test/kernel/drivers/media/dvb-frontends/tda10048.ko
  INSTALL /home/mert/Work/omarchy-mac-external-monitor/artifacts/usb4-backport/root/lib/modules/7.1.13-usb4-gpu-test/kernel/drivers/media/dvb-frontends/tda1004x.ko
  STRIP   /home/mert/Work/omarchy-mac-external-monitor/artifacts/usb4-backport/root/lib/modules/7.1.13-usb4-gpu-test/kernel/drivers/media/dvb-frontends/tda1004x.ko
  INSTALL /home/mert/Work/omarchy-mac-external-monitor/artifacts/usb4-backport/root/lib/modules/7.1.13-usb4-gpu-test/kernel/drivers/media/dvb-frontends/tda10071.ko
  STRIP   /home/mert/Work/omarchy-mac-external-monitor/artifacts/usb4-backport/root/lib/modules/7.1.13-usb4-gpu-test/kernel/drivers/media/dvb-frontends/tda10071.ko
  INSTALL /home/mert/Work/omarchy-mac-external-monitor/artifacts/usb4-backport/root/lib/modules/7.1.13-usb4-gpu-test/kernel/drivers/media/dvb-frontends/tda10086.ko
  STRIP   /home/mert/Work/omarchy-mac-external-monitor/artifacts/usb4-backport/root/lib/modules/7.1.13-usb4-gpu-test/kernel/drivers/media/dvb-frontends/tda10086.ko
  INSTALL /home/mert/Work/omarchy-mac-external-monitor/artifacts/usb4-backport/root/lib/modules/7.1.13-usb4-gpu-test/kernel/drivers/media/dvb-frontends/tda18271c2dd.ko
  STRIP   /home/mert/Work/omarchy-mac-external-monitor/artifacts/usb4-backport/root/lib/modules/7.1.13-usb4-gpu-test/kernel/drivers/media/dvb-frontends/tda18271c2dd.ko
  INSTALL /home/mert/Work/omarchy-mac-external-monitor/artifacts/usb4-backport/root/lib/modules/7.1.13-usb4-gpu-test/kernel/drivers/media/dvb-frontends/tda665x.ko
  STRIP   /home/mert/Work/omarchy-mac-external-monitor/artifacts/usb4-backport/root/lib/modules/7.1.13-usb4-gpu-test/kernel/drivers/media/dvb-frontends/tda665x.ko
  INSTALL /home/mert/Work/omarchy-mac-external-monitor/artifacts/usb4-backport/root/lib/modules/7.1.13-usb4-gpu-test/kernel/drivers/media/dvb-frontends/tda8083.ko
  STRIP   /home/mert/Work/omarchy-mac-external-monitor/artifacts/usb4-backport/root/lib/modules/7.1.13-usb4-gpu-test/kernel/drivers/media/dvb-frontends/tda8083.ko
  INSTALL /home/mert/Work/omarchy-mac-external-monitor/artifacts/usb4-backport/root/lib/modules/7.1.13-usb4-gpu-test/kernel/drivers/media/dvb-frontends/tda8261.ko
  STRIP   /home/mert/Work/omarchy-mac-external-monitor/artifacts/usb4-backport/root/lib/modules/7.1.13-usb4-gpu-test/kernel/drivers/media/dvb-frontends/tda8261.ko
  INSTALL /home/mert/Work/omarchy-mac-external-monitor/artifacts/usb4-backport/root/lib/modules/7.1.13-usb4-gpu-test/kernel/drivers/media/dvb-frontends/tda826x.ko
  STRIP   /home/mert/Work/omarchy-mac-external-monitor/artifacts/usb4-backport/root/lib/modules/7.1.13-usb4-gpu-test/kernel/drivers/media/dvb-frontends/tda826x.ko
  INSTALL /home/mert/Work/omarchy-mac-external-monitor/artifacts/usb4-backport/root/lib/modules/7.1.13-usb4-gpu-test/kernel/drivers/media/dvb-frontends/ts2020.ko
  STRIP   /home/mert/Work/omarchy-mac-external-monitor/artifacts/usb4-backport/root/lib/modules/7.1.13-usb4-gpu-test/kernel/drivers/media/dvb-frontends/ts2020.ko
  INSTALL /home/mert/Work/omarchy-mac-external-monitor/artifacts/usb4-backport/root/lib/modules/7.1.13-usb4-gpu-test/kernel/drivers/media/dvb-frontends/tua6100.ko
  STRIP   /home/mert/Work/omarchy-mac-external-monitor/artifacts/usb4-backport/root/lib/modules/7.1.13-usb4-gpu-test/kernel/drivers/media/dvb-frontends/tua6100.ko
  INSTALL /home/mert/Work/omarchy-mac-external-monitor/artifacts/usb4-backport/root/lib/modules/7.1.13-usb4-gpu-test/kernel/drivers/media/dvb-frontends/cx24113.ko
  STRIP   /home/mert/Work/omarchy-mac-external-monitor/artifacts/usb4-backport/root/lib/modules/7.1.13-usb4-gpu-test/kernel/drivers/media/dvb-frontends/cx24113.ko
  INSTALL /home/mert/Work/omarchy-mac-external-monitor/artifacts/usb4-backport/root/lib/modules/7.1.13-usb4-gpu-test/kernel/drivers/media/dvb-frontends/dib0070.ko
  STRIP   /home/mert/Work/omarchy-mac-external-monitor/artifacts/usb4-backport/root/lib/modules/7.1.13-usb4-gpu-test/kernel/drivers/media/dvb-frontends/dib0070.ko
  INSTALL /home/mert/Work/omarchy-mac-external-monitor/artifacts/usb4-backport/root/lib/modules/7.1.13-usb4-gpu-test/kernel/drivers/media/dvb-frontends/dib0090.ko
  STRIP   /home/mert/Work/omarchy-mac-external-monitor/artifacts/usb4-backport/root/lib/modules/7.1.13-usb4-gpu-test/kernel/drivers/media/dvb-frontends/dib0090.ko
  INSTALL /home/mert/Work/omarchy-mac-external-monitor/artifacts/usb4-backport/root/lib/modules/7.1.13-usb4-gpu-test/kernel/drivers/media/dvb-frontends/itd1000.ko
  STRIP   /home/mert/Work/omarchy-mac-external-monitor/artifacts/usb4-backport/root/lib/modules/7.1.13-usb4-gpu-test/kernel/drivers/media/dvb-frontends/itd1000.ko
  INSTALL /home/mert/Work/omarchy-mac-external-monitor/artifacts/usb4-backport/root/lib/modules/7.1.13-usb4-gpu-test/kernel/drivers/media/dvb-frontends/ves1820.ko
  STRIP   /home/mert/Work/omarchy-mac-external-monitor/artifacts/usb4-backport/root/lib/modules/7.1.13-usb4-gpu-test/kernel/drivers/media/dvb-frontends/ves1820.ko
  INSTALL /home/mert/Work/omarchy-mac-external-monitor/artifacts/usb4-backport/root/lib/modules/7.1.13-usb4-gpu-test/kernel/drivers/media/dvb-frontends/ves1x93.ko
  STRIP   /home/mert/Work/omarchy-mac-external-monitor/artifacts/usb4-backport/root/lib/modules/7.1.13-usb4-gpu-test/kernel/drivers/media/dvb-frontends/ves1x93.ko
  INSTALL /home/mert/Work/omarchy-mac-external-monitor/artifacts/usb4-backport/root/lib/modules/7.1.13-usb4-gpu-test/kernel/drivers/media/dvb-frontends/zd1301_demod.ko
  STRIP   /home/mert/Work/omarchy-mac-external-monitor/artifacts/usb4-backport/root/lib/modules/7.1.13-usb4-gpu-test/kernel/drivers/media/dvb-frontends/zd1301_demod.ko
  INSTALL /home/mert/Work/omarchy-mac-external-monitor/artifacts/usb4-backport/root/lib/modules/7.1.13-usb4-gpu-test/kernel/drivers/media/dvb-frontends/zl10036.ko
  STRIP   /home/mert/Work/omarchy-mac-external-monitor/artifacts/usb4-backport/root/lib/modules/7.1.13-usb4-gpu-test/kernel/drivers/media/dvb-frontends/zl10036.ko
  INSTALL /home/mert/Work/omarchy-mac-external-monitor/artifacts/usb4-backport/root/lib/modules/7.1.13-usb4-gpu-test/kernel/drivers/media/dvb-frontends/zl10039.ko
  STRIP   /home/mert/Work/omarchy-mac-external-monitor/artifacts/usb4-backport/root/lib/modules/7.1.13-usb4-gpu-test/kernel/drivers/media/dvb-frontends/zl10039.ko
  INSTALL /home/mert/Work/omarchy-mac-external-monitor/artifacts/usb4-backport/root/lib/modules/7.1.13-usb4-gpu-test/kernel/drivers/media/dvb-frontends/zl10353.ko
  STRIP   /home/mert/Work/omarchy-mac-external-monitor/artifacts/usb4-backport/root/lib/modules/7.1.13-usb4-gpu-test/kernel/drivers/media/dvb-frontends/zl10353.ko
  INSTALL /home/mert/Work/omarchy-mac-external-monitor/artifacts/usb4-backport/root/lib/modules/7.1.13-usb4-gpu-test/kernel/drivers/media/mc/mc.ko
  STRIP   /home/mert/Work/omarchy-mac-external-monitor/artifacts/usb4-backport/root/lib/modules/7.1.13-usb4-gpu-test/kernel/drivers/media/mc/mc.ko
  INSTALL /home/mert/Work/omarchy-mac-external-monitor/artifacts/usb4-backport/root/lib/modules/7.1.13-usb4-gpu-test/kernel/drivers/media/v4l2-core/v4l2-async.ko
  STRIP   /home/mert/Work/omarchy-mac-external-monitor/artifacts/usb4-backport/root/lib/modules/7.1.13-usb4-gpu-test/kernel/drivers/media/v4l2-core/v4l2-async.ko
  INSTALL /home/mert/Work/omarchy-mac-external-monitor/artifacts/usb4-backport/root/lib/modules/7.1.13-usb4-gpu-test/kernel/drivers/media/v4l2-core/v4l2-fwnode.ko
  STRIP   /home/mert/Work/omarchy-mac-external-monitor/artifacts/usb4-backport/root/lib/modules/7.1.13-usb4-gpu-test/kernel/drivers/media/v4l2-core/v4l2-fwnode.ko
  INSTALL /home/mert/Work/omarchy-mac-external-monitor/artifacts/usb4-backport/root/lib/modules/7.1.13-usb4-gpu-test/kernel/drivers/media/v4l2-core/v4l2-h264.ko
  STRIP   /home/mert/Work/omarchy-mac-external-monitor/artifacts/usb4-backport/root/lib/modules/7.1.13-usb4-gpu-test/kernel/drivers/media/v4l2-core/v4l2-h264.ko
  INSTALL /home/mert/Work/omarchy-mac-external-monitor/artifacts/usb4-backport/root/lib/modules/7.1.13-usb4-gpu-test/kernel/drivers/media/v4l2-core/v4l2-mem2mem.ko
  STRIP   /home/mert/Work/omarchy-mac-external-monitor/artifacts/usb4-backport/root/lib/modules/7.1.13-usb4-gpu-test/kernel/drivers/media/v4l2-core/v4l2-mem2mem.ko
  INSTALL /home/mert/Work/omarchy-mac-external-monitor/artifacts/usb4-backport/root/lib/modules/7.1.13-usb4-gpu-test/kernel/drivers/media/v4l2-core/v4l2-vp9.ko
  STRIP   /home/mert/Work/omarchy-mac-external-monitor/artifacts/usb4-backport/root/lib/modules/7.1.13-usb4-gpu-test/kernel/drivers/media/v4l2-core/v4l2-vp9.ko
  INSTALL /home/mert/Work/omarchy-mac-external-monitor/artifacts/usb4-backport/root/lib/modules/7.1.13-usb4-gpu-test/kernel/drivers/media/v4l2-core/tuner.ko
  STRIP   /home/mert/Work/omarchy-mac-external-monitor/artifacts/usb4-backport/root/lib/modules/7.1.13-usb4-gpu-test/kernel/drivers/media/v4l2-core/tuner.ko
  INSTALL /home/mert/Work/omarchy-mac-external-monitor/artifacts/usb4-backport/root/lib/modules/7.1.13-usb4-gpu-test/kernel/drivers/media/v4l2-core/v4l2-dv-timings.ko
  STRIP   /home/mert/Work/omarchy-mac-external-monitor/artifacts/usb4-backport/root/lib/modules/7.1.13-usb4-gpu-test/kernel/drivers/media/v4l2-core/v4l2-dv-timings.ko
  INSTALL /home/mert/Work/omarchy-mac-external-monitor/artifacts/usb4-backport/root/lib/modules/7.1.13-usb4-gpu-test/kernel/drivers/media/v4l2-core/videodev.ko
  STRIP   /home/mert/Work/omarchy-mac-external-monitor/artifacts/usb4-backport/root/lib/modules/7.1.13-usb4-gpu-test/kernel/drivers/media/v4l2-core/videodev.ko
  INSTALL /home/mert/Work/omarchy-mac-external-monitor/artifacts/usb4-backport/root/lib/modules/7.1.13-usb4-gpu-test/kernel/drivers/media/dvb-core/dvb-core.ko
  STRIP   /home/mert/Work/omarchy-mac-external-monitor/artifacts/usb4-backport/root/lib/modules/7.1.13-usb4-gpu-test/kernel/drivers/media/dvb-core/dvb-core.ko
  INSTALL /home/mert/Work/omarchy-mac-external-monitor/artifacts/usb4-backport/root/lib/modules/7.1.13-usb4-gpu-test/kernel/drivers/media/cec/core/cec.ko
  STRIP   /home/mert/Work/omarchy-mac-external-monitor/artifacts/usb4-backport/root/lib/modules/7.1.13-usb4-gpu-test/kernel/drivers/media/cec/core/cec.ko
  INSTALL /home/mert/Work/omarchy-mac-external-monitor/artifacts/usb4-backport/root/lib/modules/7.1.13-usb4-gpu-test/kernel/drivers/media/radio/radio-maxiradio.ko
  STRIP   /home/mert/Work/omarchy-mac-external-monitor/artifacts/usb4-backport/root/lib/modules/7.1.13-usb4-gpu-test/kernel/drivers/media/radio/radio-maxiradio.ko
  INSTALL /home/mert/Work/omarchy-mac-external-monitor/artifacts/usb4-backport/root/lib/modules/7.1.13-usb4-gpu-test/kernel/drivers/media/radio/shark2.ko
  STRIP   /home/mert/Work/omarchy-mac-external-monitor/artifacts/usb4-backport/root/lib/modules/7.1.13-usb4-gpu-test/kernel/drivers/media/radio/shark2.ko
  INSTALL /home/mert/Work/omarchy-mac-external-monitor/artifacts/usb4-backport/root/lib/modules/7.1.13-usb4-gpu-test/kernel/drivers/media/radio/radio-shark.ko
  STRIP   /home/mert/Work/omarchy-mac-external-monitor/artifacts/usb4-backport/root/lib/modules/7.1.13-usb4-gpu-test/kernel/drivers/media/radio/radio-shark.ko
  INSTALL /home/mert/Work/omarchy-mac-external-monitor/artifacts/usb4-backport/root/lib/modules/7.1.13-usb4-gpu-test/kernel/drivers/media/radio/si470x/radio-si470x-common.ko
  STRIP   /home/mert/Work/omarchy-mac-external-monitor/artifacts/usb4-backport/root/lib/modules/7.1.13-usb4-gpu-test/kernel/drivers/media/radio/si470x/radio-si470x-common.ko
  INSTALL /home/mert/Work/omarchy-mac-external-monitor/artifacts/usb4-backport/root/lib/modules/7.1.13-usb4-gpu-test/kernel/drivers/media/radio/si470x/radio-si470x-usb.ko
  STRIP   /home/mert/Work/omarchy-mac-external-monitor/artifacts/usb4-backport/root/lib/modules/7.1.13-usb4-gpu-test/kernel/drivers/media/radio/si470x/radio-si470x-usb.ko
  INSTALL /home/mert/Work/omarchy-mac-external-monitor/artifacts/usb4-backport/root/lib/modules/7.1.13-usb4-gpu-test/kernel/drivers/media/radio/si4713/si4713.ko
  STRIP   /home/mert/Work/omarchy-mac-external-monitor/artifacts/usb4-backport/root/lib/modules/7.1.13-usb4-gpu-test/kernel/drivers/media/radio/si4713/si4713.ko
  INSTALL /home/mert/Work/omarchy-mac-external-monitor/artifacts/usb4-backport/root/lib/modules/7.1.13-usb4-gpu-test/kernel/drivers/media/radio/si4713/radio-usb-si4713.ko
  STRIP   /home/mert/Work/omarchy-mac-external-monitor/artifacts/usb4-backport/root/lib/modules/7.1.13-usb4-gpu-test/kernel/drivers/media/radio/si4713/radio-usb-si4713.ko
  INSTALL /home/mert/Work/omarchy-mac-external-monitor/artifacts/usb4-backport/root/lib/modules/7.1.13-usb4-gpu-test/kernel/drivers/media/radio/tea575x.ko
  STRIP   /home/mert/Work/omarchy-mac-external-monitor/artifacts/usb4-backport/root/lib/modules/7.1.13-usb4-gpu-test/kernel/drivers/media/radio/tea575x.ko
  INSTALL /home/mert/Work/omarchy-mac-external-monitor/artifacts/usb4-backport/root/lib/modules/7.1.13-usb4-gpu-test/kernel/drivers/media/radio/dsbr100.ko
  STRIP   /home/mert/Work/omarchy-mac-external-monitor/artifacts/usb4-backport/root/lib/modules/7.1.13-usb4-gpu-test/kernel/drivers/media/radio/dsbr100.ko
  INSTALL /home/mert/Work/omarchy-mac-external-monitor/artifacts/usb4-backport/root/lib/modules/7.1.13-usb4-gpu-test/kernel/drivers/media/radio/radio-keene.ko
  STRIP   /home/mert/Work/omarchy-mac-external-monitor/artifacts/usb4-backport/root/lib/modules/7.1.13-usb4-gpu-test/kernel/drivers/media/radio/radio-keene.ko
  INSTALL /home/mert/Work/omarchy-mac-external-monitor/artifacts/usb4-backport/root/lib/modules/7.1.13-usb4-gpu-test/kernel/drivers/media/radio/radio-ma901.ko
  STRIP   /home/mert/Work/omarchy-mac-external-monitor/artifacts/usb4-backport/root/lib/modules/7.1.13-usb4-gpu-test/kernel/drivers/media/radio/radio-ma901.ko
  INSTALL /home/mert/Work/omarchy-mac-external-monitor/artifacts/usb4-backport/root/lib/modules/7.1.13-usb4-gpu-test/kernel/drivers/media/radio/radio-mr800.ko
  STRIP   /home/mert/Work/omarchy-mac-external-monitor/artifacts/usb4-backport/root/lib/modules/7.1.13-usb4-gpu-test/kernel/drivers/media/radio/radio-mr800.ko
  INSTALL /home/mert/Work/omarchy-mac-external-monitor/artifacts/usb4-backport/root/lib/modules/7.1.13-usb4-gpu-test/kernel/drivers/media/radio/radio-raremono.ko
  STRIP   /home/mert/Work/omarchy-mac-external-monitor/artifacts/usb4-backport/root/lib/modules/7.1.13-usb4-gpu-test/kernel/drivers/media/radio/radio-raremono.ko
  INSTALL /home/mert/Work/omarchy-mac-external-monitor/artifacts/usb4-backport/root/lib/modules/7.1.13-usb4-gpu-test/kernel/drivers/pps/clients/pps-ldisc.ko
  STRIP   /home/mert/Work/omarchy-mac-external-monitor/artifacts/usb4-backport/root/lib/modules/7.1.13-usb4-gpu-test/kernel/drivers/pps/clients/pps-ldisc.ko
  INSTALL /home/mert/Work/omarchy-mac-external-monitor/artifacts/usb4-backport/root/lib/modules/7.1.13-usb4-gpu-test/kernel/drivers/pps/clients/pps-gpio.ko
  STRIP   /home/mert/Work/omarchy-mac-external-monitor/artifacts/usb4-backport/root/lib/modules/7.1.13-usb4-gpu-test/kernel/drivers/pps/clients/pps-gpio.ko
  INSTALL /home/mert/Work/omarchy-mac-external-monitor/artifacts/usb4-backport/root/lib/modules/7.1.13-usb4-gpu-test/kernel/drivers/ptp/ptp.ko
  STRIP   /home/mert/Work/omarchy-mac-external-monitor/artifacts/usb4-backport/root/lib/modules/7.1.13-usb4-gpu-test/kernel/drivers/ptp/ptp.ko
  INSTALL /home/mert/Work/omarchy-mac-external-monitor/artifacts/usb4-backport/root/lib/modules/7.1.13-usb4-gpu-test/kernel/drivers/ptp/ptp_kvm.ko
  STRIP   /home/mert/Work/omarchy-mac-external-monitor/artifacts/usb4-backport/root/lib/modules/7.1.13-usb4-gpu-test/kernel/drivers/ptp/ptp_kvm.ko
  INSTALL /home/mert/Work/omarchy-mac-external-monitor/artifacts/usb4-backport/root/lib/modules/7.1.13-usb4-gpu-test/kernel/drivers/ptp/ptp_vmclock.ko
  STRIP   /home/mert/Work/omarchy-mac-external-monitor/artifacts/usb4-backport/root/lib/modules/7.1.13-usb4-gpu-test/kernel/drivers/ptp/ptp_vmclock.ko
  INSTALL /home/mert/Work/omarchy-mac-external-monitor/artifacts/usb4-backport/root/lib/modules/7.1.13-usb4-gpu-test/kernel/drivers/watchdog/softdog.ko
  STRIP   /home/mert/Work/omarchy-mac-external-monitor/artifacts/usb4-backport/root/lib/modules/7.1.13-usb4-gpu-test/kernel/drivers/watchdog/softdog.ko
  INSTALL /home/mert/Work/omarchy-mac-external-monitor/artifacts/usb4-backport/root/lib/modules/7.1.13-usb4-gpu-test/kernel/drivers/md/raid0.ko
  STRIP   /home/mert/Work/omarchy-mac-external-monitor/artifacts/usb4-backport/root/lib/modules/7.1.13-usb4-gpu-test/kernel/drivers/md/raid0.ko
  INSTALL /home/mert/Work/omarchy-mac-external-monitor/artifacts/usb4-backport/root/lib/modules/7.1.13-usb4-gpu-test/kernel/drivers/md/raid1.ko
  STRIP   /home/mert/Work/omarchy-mac-external-monitor/artifacts/usb4-backport/root/lib/modules/7.1.13-usb4-gpu-test/kernel/drivers/md/raid1.ko
  INSTALL /home/mert/Work/omarchy-mac-external-monitor/artifacts/usb4-backport/root/lib/modules/7.1.13-usb4-gpu-test/kernel/drivers/md/raid10.ko
  STRIP   /home/mert/Work/omarchy-mac-external-monitor/artifacts/usb4-backport/root/lib/modules/7.1.13-usb4-gpu-test/kernel/drivers/md/raid10.ko
  INSTALL /home/mert/Work/omarchy-mac-external-monitor/artifacts/usb4-backport/root/lib/modules/7.1.13-usb4-gpu-test/kernel/drivers/md/raid456.ko
  STRIP   /home/mert/Work/omarchy-mac-external-monitor/artifacts/usb4-backport/root/lib/modules/7.1.13-usb4-gpu-test/kernel/drivers/md/raid456.ko
  INSTALL /home/mert/Work/omarchy-mac-external-monitor/artifacts/usb4-backport/root/lib/modules/7.1.13-usb4-gpu-test/kernel/drivers/md/md-cluster.ko
  STRIP   /home/mert/Work/omarchy-mac-external-monitor/artifacts/usb4-backport/root/lib/modules/7.1.13-usb4-gpu-test/kernel/drivers/md/md-cluster.ko
  INSTALL /home/mert/Work/omarchy-mac-external-monitor/artifacts/usb4-backport/root/lib/modules/7.1.13-usb4-gpu-test/kernel/drivers/md/bcache/bcache.ko
  STRIP   /home/mert/Work/omarchy-mac-external-monitor/artifacts/usb4-backport/root/lib/modules/7.1.13-usb4-gpu-test/kernel/drivers/md/bcache/bcache.ko
  INSTALL /home/mert/Work/omarchy-mac-external-monitor/artifacts/usb4-backport/root/lib/modules/7.1.13-usb4-gpu-test/kernel/drivers/md/dm-bio-prison.ko
  STRIP   /home/mert/Work/omarchy-mac-external-monitor/artifacts/usb4-backport/root/lib/modules/7.1.13-usb4-gpu-test/kernel/drivers/md/dm-bio-prison.ko
  INSTALL /home/mert/Work/omarchy-mac-external-monitor/artifacts/usb4-backport/root/lib/modules/7.1.13-usb4-gpu-test/kernel/drivers/md/dm-crypt.ko
  STRIP   /home/mert/Work/omarchy-mac-external-monitor/artifacts/usb4-backport/root/lib/modules/7.1.13-usb4-gpu-test/kernel/drivers/md/dm-crypt.ko
  INSTALL /home/mert/Work/omarchy-mac-external-monitor/artifacts/usb4-backport/root/lib/modules/7.1.13-usb4-gpu-test/kernel/drivers/md/dm-delay.ko
  STRIP   /home/mert/Work/omarchy-mac-external-monitor/artifacts/usb4-backport/root/lib/modules/7.1.13-usb4-gpu-test/kernel/drivers/md/dm-delay.ko
  INSTALL /home/mert/Work/omarchy-mac-external-monitor/artifacts/usb4-backport/root/lib/modules/7.1.13-usb4-gpu-test/kernel/drivers/md/dm-dust.ko
  STRIP   /home/mert/Work/omarchy-mac-external-monitor/artifacts/usb4-backport/root/lib/modules/7.1.13-usb4-gpu-test/kernel/drivers/md/dm-dust.ko
  INSTALL /home/mert/Work/omarchy-mac-external-monitor/artifacts/usb4-backport/root/lib/modules/7.1.13-usb4-gpu-test/kernel/drivers/md/dm-flakey.ko
  STRIP   /home/mert/Work/omarchy-mac-external-monitor/artifacts/usb4-backport/root/lib/modules/7.1.13-usb4-gpu-test/kernel/drivers/md/dm-flakey.ko
  INSTALL /home/mert/Work/omarchy-mac-external-monitor/artifacts/usb4-backport/root/lib/modules/7.1.13-usb4-gpu-test/kernel/drivers/md/dm-multipath.ko
  STRIP   /home/mert/Work/omarchy-mac-external-monitor/artifacts/usb4-backport/root/lib/modules/7.1.13-usb4-gpu-test/kernel/drivers/md/dm-multipath.ko
  INSTALL /home/mert/Work/omarchy-mac-external-monitor/artifacts/usb4-backport/root/lib/modules/7.1.13-usb4-gpu-test/kernel/drivers/md/dm-round-robin.ko
  STRIP   /home/mert/Work/omarchy-mac-external-monitor/artifacts/usb4-backport/root/lib/modules/7.1.13-usb4-gpu-test/kernel/drivers/md/dm-round-robin.ko
  INSTALL /home/mert/Work/omarchy-mac-external-monitor/artifacts/usb4-backport/root/lib/modules/7.1.13-usb4-gpu-test/kernel/drivers/md/dm-queue-length.ko
  STRIP   /home/mert/Work/omarchy-mac-external-monitor/artifacts/usb4-backport/root/lib/modules/7.1.13-usb4-gpu-test/kernel/drivers/md/dm-queue-length.ko
  INSTALL /home/mert/Work/omarchy-mac-external-monitor/artifacts/usb4-backport/root/lib/modules/7.1.13-usb4-gpu-test/kernel/drivers/md/dm-service-time.ko
  STRIP   /home/mert/Work/omarchy-mac-external-monitor/artifacts/usb4-backport/root/lib/modules/7.1.13-usb4-gpu-test/kernel/drivers/md/dm-service-time.ko
  INSTALL /home/mert/Work/omarchy-mac-external-monitor/artifacts/usb4-backport/root/lib/modules/7.1.13-usb4-gpu-test/kernel/drivers/md/dm-switch.ko
  STRIP   /home/mert/Work/omarchy-mac-external-monitor/artifacts/usb4-backport/root/lib/modules/7.1.13-usb4-gpu-test/kernel/drivers/md/dm-switch.ko
  INSTALL /home/mert/Work/omarchy-mac-external-monitor/artifacts/usb4-backport/root/lib/modules/7.1.13-usb4-gpu-test/kernel/drivers/md/persistent-data/dm-persistent-data.ko
  STRIP   /home/mert/Work/omarchy-mac-external-monitor/artifacts/usb4-backport/root/lib/modules/7.1.13-usb4-gpu-test/kernel/drivers/md/persistent-data/dm-persistent-data.ko
  INSTALL /home/mert/Work/omarchy-mac-external-monitor/artifacts/usb4-backport/root/lib/modules/7.1.13-usb4-gpu-test/kernel/drivers/md/dm-log-userspace.ko
  STRIP   /home/mert/Work/omarchy-mac-external-monitor/artifacts/usb4-backport/root/lib/modules/7.1.13-usb4-gpu-test/kernel/drivers/md/dm-log-userspace.ko
  INSTALL /home/mert/Work/omarchy-mac-external-monitor/artifacts/usb4-backport/root/lib/modules/7.1.13-usb4-gpu-test/kernel/drivers/md/dm-raid.ko
  STRIP   /home/mert/Work/omarchy-mac-external-monitor/artifacts/usb4-backport/root/lib/modules/7.1.13-usb4-gpu-test/kernel/drivers/md/dm-raid.ko
  INSTALL /home/mert/Work/omarchy-mac-external-monitor/artifacts/usb4-backport/root/lib/modules/7.1.13-usb4-gpu-test/kernel/drivers/md/dm-thin-pool.ko
  STRIP   /home/mert/Work/omarchy-mac-external-monitor/artifacts/usb4-backport/root/lib/modules/7.1.13-usb4-gpu-test/kernel/drivers/md/dm-thin-pool.ko
  INSTALL /home/mert/Work/omarchy-mac-external-monitor/artifacts/usb4-backport/root/lib/modules/7.1.13-usb4-gpu-test/kernel/drivers/md/dm-verity.ko
  STRIP   /home/mert/Work/omarchy-mac-external-monitor/artifacts/usb4-backport/root/lib/modules/7.1.13-usb4-gpu-test/kernel/drivers/md/dm-verity.ko
  INSTALL /home/mert/Work/omarchy-mac-external-monitor/artifacts/usb4-backport/root/lib/modules/7.1.13-usb4-gpu-test/kernel/drivers/md/dm-cache.ko
  STRIP   /home/mert/Work/omarchy-mac-external-monitor/artifacts/usb4-backport/root/lib/modules/7.1.13-usb4-gpu-test/kernel/drivers/md/dm-cache.ko
  INSTALL /home/mert/Work/omarchy-mac-external-monitor/artifacts/usb4-backport/root/lib/modules/7.1.13-usb4-gpu-test/kernel/drivers/md/dm-cache-smq.ko
  STRIP   /home/mert/Work/omarchy-mac-external-monitor/artifacts/usb4-backport/root/lib/modules/7.1.13-usb4-gpu-test/kernel/drivers/md/dm-cache-smq.ko
  INSTALL /home/mert/Work/omarchy-mac-external-monitor/artifacts/usb4-backport/root/lib/modules/7.1.13-usb4-gpu-test/kernel/drivers/md/dm-log-writes.ko
  STRIP   /home/mert/Work/omarchy-mac-external-monitor/artifacts/usb4-backport/root/lib/modules/7.1.13-usb4-gpu-test/kernel/drivers/md/dm-log-writes.ko
  INSTALL /home/mert/Work/omarchy-mac-external-monitor/artifacts/usb4-backport/root/lib/modules/7.1.13-usb4-gpu-test/kernel/drivers/md/dm-integrity.ko
  STRIP   /home/mert/Work/omarchy-mac-external-monitor/artifacts/usb4-backport/root/lib/modules/7.1.13-usb4-gpu-test/kernel/drivers/md/dm-integrity.ko
  INSTALL /home/mert/Work/omarchy-mac-external-monitor/artifacts/usb4-backport/root/lib/modules/7.1.13-usb4-gpu-test/kernel/drivers/md/dm-zoned.ko
  STRIP   /home/mert/Work/omarchy-mac-external-monitor/artifacts/usb4-backport/root/lib/modules/7.1.13-usb4-gpu-test/kernel/drivers/md/dm-zoned.ko
  INSTALL /home/mert/Work/omarchy-mac-external-monitor/artifacts/usb4-backport/root/lib/modules/7.1.13-usb4-gpu-test/kernel/drivers/md/dm-writecache.ko
  STRIP   /home/mert/Work/omarchy-mac-external-monitor/artifacts/usb4-backport/root/lib/modules/7.1.13-usb4-gpu-test/kernel/drivers/md/dm-writecache.ko
  INSTALL /home/mert/Work/omarchy-mac-external-monitor/artifacts/usb4-backport/root/lib/modules/7.1.13-usb4-gpu-test/kernel/drivers/accessibility/speakup/speakup_acntsa.ko
  STRIP   /home/mert/Work/omarchy-mac-external-monitor/artifacts/usb4-backport/root/lib/modules/7.1.13-usb4-gpu-test/kernel/drivers/accessibility/speakup/speakup_acntsa.ko
  INSTALL /home/mert/Work/omarchy-mac-external-monitor/artifacts/usb4-backport/root/lib/modules/7.1.13-usb4-gpu-test/kernel/drivers/accessibility/speakup/speakup_apollo.ko
  STRIP   /home/mert/Work/omarchy-mac-external-monitor/artifacts/usb4-backport/root/lib/modules/7.1.13-usb4-gpu-test/kernel/drivers/accessibility/speakup/speakup_apollo.ko
  INSTALL /home/mert/Work/omarchy-mac-external-monitor/artifacts/usb4-backport/root/lib/modules/7.1.13-usb4-gpu-test/kernel/drivers/accessibility/speakup/speakup_audptr.ko
  STRIP   /home/mert/Work/omarchy-mac-external-monitor/artifacts/usb4-backport/root/lib/modules/7.1.13-usb4-gpu-test/kernel/drivers/accessibility/speakup/speakup_audptr.ko
  INSTALL /home/mert/Work/omarchy-mac-external-monitor/artifacts/usb4-backport/root/lib/modules/7.1.13-usb4-gpu-test/kernel/drivers/accessibility/speakup/speakup_bns.ko
  STRIP   /home/mert/Work/omarchy-mac-external-monitor/artifacts/usb4-backport/root/lib/modules/7.1.13-usb4-gpu-test/kernel/drivers/accessibility/speakup/speakup_bns.ko
  INSTALL /home/mert/Work/omarchy-mac-external-monitor/artifacts/usb4-backport/root/lib/modules/7.1.13-usb4-gpu-test/kernel/drivers/accessibility/speakup/speakup_dectlk.ko
  STRIP   /home/mert/Work/omarchy-mac-external-monitor/artifacts/usb4-backport/root/lib/modules/7.1.13-usb4-gpu-test/kernel/drivers/accessibility/speakup/speakup_dectlk.ko
  INSTALL /home/mert/Work/omarchy-mac-external-monitor/artifacts/usb4-backport/root/lib/modules/7.1.13-usb4-gpu-test/kernel/drivers/accessibility/speakup/speakup_decext.ko
  STRIP   /home/mert/Work/omarchy-mac-external-monitor/artifacts/usb4-backport/root/lib/modules/7.1.13-usb4-gpu-test/kernel/drivers/accessibility/speakup/speakup_decext.ko
  INSTALL /home/mert/Work/omarchy-mac-external-monitor/artifacts/usb4-backport/root/lib/modules/7.1.13-usb4-gpu-test/kernel/drivers/accessibility/speakup/speakup_ltlk.ko
  STRIP   /home/mert/Work/omarchy-mac-external-monitor/artifacts/usb4-backport/root/lib/modules/7.1.13-usb4-gpu-test/kernel/drivers/accessibility/speakup/speakup_ltlk.ko
  INSTALL /home/mert/Work/omarchy-mac-external-monitor/artifacts/usb4-backport/root/lib/modules/7.1.13-usb4-gpu-test/kernel/drivers/accessibility/speakup/speakup_soft.ko
  STRIP   /home/mert/Work/omarchy-mac-external-monitor/artifacts/usb4-backport/root/lib/modules/7.1.13-usb4-gpu-test/kernel/drivers/accessibility/speakup/speakup_soft.ko
  INSTALL /home/mert/Work/omarchy-mac-external-monitor/artifacts/usb4-backport/root/lib/modules/7.1.13-usb4-gpu-test/kernel/drivers/accessibility/speakup/speakup_spkout.ko
  STRIP   /home/mert/Work/omarchy-mac-external-monitor/artifacts/usb4-backport/root/lib/modules/7.1.13-usb4-gpu-test/kernel/drivers/accessibility/speakup/speakup_spkout.ko
  INSTALL /home/mert/Work/omarchy-mac-external-monitor/artifacts/usb4-backport/root/lib/modules/7.1.13-usb4-gpu-test/kernel/drivers/accessibility/speakup/speakup_txprt.ko
  STRIP   /home/mert/Work/omarchy-mac-external-monitor/artifacts/usb4-backport/root/lib/modules/7.1.13-usb4-gpu-test/kernel/drivers/accessibility/speakup/speakup_txprt.ko
  INSTALL /home/mert/Work/omarchy-mac-external-monitor/artifacts/usb4-backport/root/lib/modules/7.1.13-usb4-gpu-test/kernel/drivers/accessibility/speakup/speakup.ko
  STRIP   /home/mert/Work/omarchy-mac-external-monitor/artifacts/usb4-backport/root/lib/modules/7.1.13-usb4-gpu-test/kernel/drivers/accessibility/speakup/speakup.ko
  INSTALL /home/mert/Work/omarchy-mac-external-monitor/artifacts/usb4-backport/root/lib/modules/7.1.13-usb4-gpu-test/kernel/drivers/mmc/host/sdhci.ko
  STRIP   /home/mert/Work/omarchy-mac-external-monitor/artifacts/usb4-backport/root/lib/modules/7.1.13-usb4-gpu-test/kernel/drivers/mmc/host/sdhci.ko
  INSTALL /home/mert/Work/omarchy-mac-external-monitor/artifacts/usb4-backport/root/lib/modules/7.1.13-usb4-gpu-test/kernel/drivers/mmc/host/sdhci-uhs2.ko
  STRIP   /home/mert/Work/omarchy-mac-external-monitor/artifacts/usb4-backport/root/lib/modules/7.1.13-usb4-gpu-test/kernel/drivers/mmc/host/sdhci-uhs2.ko
  INSTALL /home/mert/Work/omarchy-mac-external-monitor/artifacts/usb4-backport/root/lib/modules/7.1.13-usb4-gpu-test/kernel/drivers/mmc/host/sdhci-pci.ko
  STRIP   /home/mert/Work/omarchy-mac-external-monitor/artifacts/usb4-backport/root/lib/modules/7.1.13-usb4-gpu-test/kernel/drivers/mmc/host/sdhci-pci.ko
  INSTALL /home/mert/Work/omarchy-mac-external-monitor/artifacts/usb4-backport/root/lib/modules/7.1.13-usb4-gpu-test/kernel/drivers/mmc/host/cqhci.ko
  STRIP   /home/mert/Work/omarchy-mac-external-monitor/artifacts/usb4-backport/root/lib/modules/7.1.13-usb4-gpu-test/kernel/drivers/mmc/host/cqhci.ko
  INSTALL /home/mert/Work/omarchy-mac-external-monitor/artifacts/usb4-backport/root/lib/modules/7.1.13-usb4-gpu-test/kernel/drivers/mmc/core/mmc_core.ko
  STRIP   /home/mert/Work/omarchy-mac-external-monitor/artifacts/usb4-backport/root/lib/modules/7.1.13-usb4-gpu-test/kernel/drivers/mmc/core/mmc_core.ko
  INSTALL /home/mert/Work/omarchy-mac-external-monitor/artifacts/usb4-backport/root/lib/modules/7.1.13-usb4-gpu-test/kernel/drivers/mmc/core/pwrseq_simple.ko
  STRIP   /home/mert/Work/omarchy-mac-external-monitor/artifacts/usb4-backport/root/lib/modules/7.1.13-usb4-gpu-test/kernel/drivers/mmc/core/pwrseq_simple.ko
  INSTALL /home/mert/Work/omarchy-mac-external-monitor/artifacts/usb4-backport/root/lib/modules/7.1.13-usb4-gpu-test/kernel/drivers/mmc/core/pwrseq_sd8787.ko
  STRIP   /home/mert/Work/omarchy-mac-external-monitor/artifacts/usb4-backport/root/lib/modules/7.1.13-usb4-gpu-test/kernel/drivers/mmc/core/pwrseq_sd8787.ko
  INSTALL /home/mert/Work/omarchy-mac-external-monitor/artifacts/usb4-backport/root/lib/modules/7.1.13-usb4-gpu-test/kernel/drivers/mmc/core/pwrseq_emmc.ko
  STRIP   /home/mert/Work/omarchy-mac-external-monitor/artifacts/usb4-backport/root/lib/modules/7.1.13-usb4-gpu-test/kernel/drivers/mmc/core/pwrseq_emmc.ko
  INSTALL /home/mert/Work/omarchy-mac-external-monitor/artifacts/usb4-backport/root/lib/modules/7.1.13-usb4-gpu-test/kernel/drivers/mmc/core/mmc_block.ko
  STRIP   /home/mert/Work/omarchy-mac-external-monitor/artifacts/usb4-backport/root/lib/modules/7.1.13-usb4-gpu-test/kernel/drivers/mmc/core/mmc_block.ko
  INSTALL /home/mert/Work/omarchy-mac-external-monitor/artifacts/usb4-backport/root/lib/modules/7.1.13-usb4-gpu-test/kernel/drivers/firmware/cirrus/cs_dsp.ko
  STRIP   /home/mert/Work/omarchy-mac-external-monitor/artifacts/usb4-backport/root/lib/modules/7.1.13-usb4-gpu-test/kernel/drivers/firmware/cirrus/cs_dsp.ko
  INSTALL /home/mert/Work/omarchy-mac-external-monitor/artifacts/usb4-backport/root/lib/modules/7.1.13-usb4-gpu-test/kernel/drivers/crypto/virtio/virtio_crypto.ko
  STRIP   /home/mert/Work/omarchy-mac-external-monitor/artifacts/usb4-backport/root/lib/modules/7.1.13-usb4-gpu-test/kernel/drivers/crypto/virtio/virtio_crypto.ko
  INSTALL /home/mert/Work/omarchy-mac-external-monitor/artifacts/usb4-backport/root/lib/modules/7.1.13-usb4-gpu-test/kernel/drivers/hid/uhid.ko
  STRIP   /home/mert/Work/omarchy-mac-external-monitor/artifacts/usb4-backport/root/lib/modules/7.1.13-usb4-gpu-test/kernel/drivers/hid/uhid.ko
  INSTALL /home/mert/Work/omarchy-mac-external-monitor/artifacts/usb4-backport/root/lib/modules/7.1.13-usb4-gpu-test/kernel/drivers/hid/hid-a4tech.ko
  STRIP   /home/mert/Work/omarchy-mac-external-monitor/artifacts/usb4-backport/root/lib/modules/7.1.13-usb4-gpu-test/kernel/drivers/hid/hid-a4tech.ko
  INSTALL /home/mert/Work/omarchy-mac-external-monitor/artifacts/usb4-backport/root/lib/modules/7.1.13-usb4-gpu-test/kernel/drivers/hid/hid-accutouch.ko
  STRIP   /home/mert/Work/omarchy-mac-external-monitor/artifacts/usb4-backport/root/lib/modules/7.1.13-usb4-gpu-test/kernel/drivers/hid/hid-accutouch.ko
  INSTALL /home/mert/Work/omarchy-mac-external-monitor/artifacts/usb4-backport/root/lib/modules/7.1.13-usb4-gpu-test/kernel/drivers/hid/hid-alps.ko
  STRIP   /home/mert/Work/omarchy-mac-external-monitor/artifacts/usb4-backport/root/lib/modules/7.1.13-usb4-gpu-test/kernel/drivers/hid/hid-alps.ko
  INSTALL /home/mert/Work/omarchy-mac-external-monitor/artifacts/usb4-backport/root/lib/modules/7.1.13-usb4-gpu-test/kernel/drivers/hid/hid-axff.ko
  STRIP   /home/mert/Work/omarchy-mac-external-monitor/artifacts/usb4-backport/root/lib/modules/7.1.13-usb4-gpu-test/kernel/drivers/hid/hid-axff.ko
  INSTALL /home/mert/Work/omarchy-mac-external-monitor/artifacts/usb4-backport/root/lib/modules/7.1.13-usb4-gpu-test/kernel/drivers/hid/hid-apple.ko
  STRIP   /home/mert/Work/omarchy-mac-external-monitor/artifacts/usb4-backport/root/lib/modules/7.1.13-usb4-gpu-test/kernel/drivers/hid/hid-apple.ko
  INSTALL /home/mert/Work/omarchy-mac-external-monitor/artifacts/usb4-backport/root/lib/modules/7.1.13-usb4-gpu-test/kernel/drivers/hid/hid-appleir.ko
  STRIP   /home/mert/Work/omarchy-mac-external-monitor/artifacts/usb4-backport/root/lib/modules/7.1.13-usb4-gpu-test/kernel/drivers/hid/hid-appleir.ko
  INSTALL /home/mert/Work/omarchy-mac-external-monitor/artifacts/usb4-backport/root/lib/modules/7.1.13-usb4-gpu-test/kernel/drivers/hid/hid-aureal.ko
  STRIP   /home/mert/Work/omarchy-mac-external-monitor/artifacts/usb4-backport/root/lib/modules/7.1.13-usb4-gpu-test/kernel/drivers/hid/hid-aureal.ko
  INSTALL /home/mert/Work/omarchy-mac-external-monitor/artifacts/usb4-backport/root/lib/modules/7.1.13-usb4-gpu-test/kernel/drivers/hid/hid-belkin.ko
  STRIP   /home/mert/Work/omarchy-mac-external-monitor/artifacts/usb4-backport/root/lib/modules/7.1.13-usb4-gpu-test/kernel/drivers/hid/hid-belkin.ko
  INSTALL /home/mert/Work/omarchy-mac-external-monitor/artifacts/usb4-backport/root/lib/modules/7.1.13-usb4-gpu-test/kernel/drivers/hid/hid-betopff.ko
  STRIP   /home/mert/Work/omarchy-mac-external-monitor/artifacts/usb4-backport/root/lib/modules/7.1.13-usb4-gpu-test/kernel/drivers/hid/hid-betopff.ko
  INSTALL /home/mert/Work/omarchy-mac-external-monitor/artifacts/usb4-backport/root/lib/modules/7.1.13-usb4-gpu-test/kernel/drivers/hid/hid-cherry.ko
  STRIP   /home/mert/Work/omarchy-mac-external-monitor/artifacts/usb4-backport/root/lib/modules/7.1.13-usb4-gpu-test/kernel/drivers/hid/hid-cherry.ko
  INSTALL /home/mert/Work/omarchy-mac-external-monitor/artifacts/usb4-backport/root/lib/modules/7.1.13-usb4-gpu-test/kernel/drivers/hid/hid-chicony.ko
  STRIP   /home/mert/Work/omarchy-mac-external-monitor/artifacts/usb4-backport/root/lib/modules/7.1.13-usb4-gpu-test/kernel/drivers/hid/hid-chicony.ko
  INSTALL /home/mert/Work/omarchy-mac-external-monitor/artifacts/usb4-backport/root/lib/modules/7.1.13-usb4-gpu-test/kernel/drivers/hid/hid-cmedia.ko
  STRIP   /home/mert/Work/omarchy-mac-external-monitor/artifacts/usb4-backport/root/lib/modules/7.1.13-usb4-gpu-test/kernel/drivers/hid/hid-cmedia.ko
  INSTALL /home/mert/Work/omarchy-mac-external-monitor/artifacts/usb4-backport/root/lib/modules/7.1.13-usb4-gpu-test/kernel/drivers/hid/hid-corsair.ko
  STRIP   /home/mert/Work/omarchy-mac-external-monitor/artifacts/usb4-backport/root/lib/modules/7.1.13-usb4-gpu-test/kernel/drivers/hid/hid-corsair.ko
  INSTALL /home/mert/Work/omarchy-mac-external-monitor/artifacts/usb4-backport/root/lib/modules/7.1.13-usb4-gpu-test/kernel/drivers/hid/hid-corsair-void.ko
  STRIP   /home/mert/Work/omarchy-mac-external-monitor/artifacts/usb4-backport/root/lib/modules/7.1.13-usb4-gpu-test/kernel/drivers/hid/hid-corsair-void.ko
  INSTALL /home/mert/Work/omarchy-mac-external-monitor/artifacts/usb4-backport/root/lib/modules/7.1.13-usb4-gpu-test/kernel/drivers/hid/hid-cougar.ko
  STRIP   /home/mert/Work/omarchy-mac-external-monitor/artifacts/usb4-backport/root/lib/modules/7.1.13-usb4-gpu-test/kernel/drivers/hid/hid-cougar.ko
  INSTALL /home/mert/Work/omarchy-mac-external-monitor/artifacts/usb4-backport/root/lib/modules/7.1.13-usb4-gpu-test/kernel/drivers/hid/hid-cp2112.ko
  STRIP   /home/mert/Work/omarchy-mac-external-monitor/artifacts/usb4-backport/root/lib/modules/7.1.13-usb4-gpu-test/kernel/drivers/hid/hid-cp2112.ko
  INSTALL /home/mert/Work/omarchy-mac-external-monitor/artifacts/usb4-backport/root/lib/modules/7.1.13-usb4-gpu-test/kernel/drivers/hid/hid-cypress.ko
  STRIP   /home/mert/Work/omarchy-mac-external-monitor/artifacts/usb4-backport/root/lib/modules/7.1.13-usb4-gpu-test/kernel/drivers/hid/hid-cypress.ko
  INSTALL /home/mert/Work/omarchy-mac-external-monitor/artifacts/usb4-backport/root/lib/modules/7.1.13-usb4-gpu-test/kernel/drivers/hid/hid-dr.ko
  STRIP   /home/mert/Work/omarchy-mac-external-monitor/artifacts/usb4-backport/root/lib/modules/7.1.13-usb4-gpu-test/kernel/drivers/hid/hid-dr.ko
  INSTALL /home/mert/Work/omarchy-mac-external-monitor/artifacts/usb4-backport/root/lib/modules/7.1.13-usb4-gpu-test/kernel/drivers/hid/hid-emsff.ko
  STRIP   /home/mert/Work/omarchy-mac-external-monitor/artifacts/usb4-backport/root/lib/modules/7.1.13-usb4-gpu-test/kernel/drivers/hid/hid-emsff.ko
  INSTALL /home/mert/Work/omarchy-mac-external-monitor/artifacts/usb4-backport/root/lib/modules/7.1.13-usb4-gpu-test/kernel/drivers/hid/hid-elecom.ko
  STRIP   /home/mert/Work/omarchy-mac-external-monitor/artifacts/usb4-backport/root/lib/modules/7.1.13-usb4-gpu-test/kernel/drivers/hid/hid-elecom.ko
  INSTALL /home/mert/Work/omarchy-mac-external-monitor/artifacts/usb4-backport/root/lib/modules/7.1.13-usb4-gpu-test/kernel/drivers/hid/hid-elo.ko
  STRIP   /home/mert/Work/omarchy-mac-external-monitor/artifacts/usb4-backport/root/lib/modules/7.1.13-usb4-gpu-test/kernel/drivers/hid/hid-elo.ko
  INSTALL /home/mert/Work/omarchy-mac-external-monitor/artifacts/usb4-backport/root/lib/modules/7.1.13-usb4-gpu-test/kernel/drivers/hid/hid-ezkey.ko
  STRIP   /home/mert/Work/omarchy-mac-external-monitor/artifacts/usb4-backport/root/lib/modules/7.1.13-usb4-gpu-test/kernel/drivers/hid/hid-ezkey.ko
  INSTALL /home/mert/Work/omarchy-mac-external-monitor/artifacts/usb4-backport/root/lib/modules/7.1.13-usb4-gpu-test/kernel/drivers/hid/hid-ft260.ko
  STRIP   /home/mert/Work/omarchy-mac-external-monitor/artifacts/usb4-backport/root/lib/modules/7.1.13-usb4-gpu-test/kernel/drivers/hid/hid-ft260.ko
  INSTALL /home/mert/Work/omarchy-mac-external-monitor/artifacts/usb4-backport/root/lib/modules/7.1.13-usb4-gpu-test/kernel/drivers/hid/hid-gembird.ko
  STRIP   /home/mert/Work/omarchy-mac-external-monitor/artifacts/usb4-backport/root/lib/modules/7.1.13-usb4-gpu-test/kernel/drivers/hid/hid-gembird.ko
  INSTALL /home/mert/Work/omarchy-mac-external-monitor/artifacts/usb4-backport/root/lib/modules/7.1.13-usb4-gpu-test/kernel/drivers/hid/hid-gfrm.ko
  STRIP   /home/mert/Work/omarchy-mac-external-monitor/artifacts/usb4-backport/root/lib/modules/7.1.13-usb4-gpu-test/kernel/drivers/hid/hid-gfrm.ko
  INSTALL /home/mert/Work/omarchy-mac-external-monitor/artifacts/usb4-backport/root/lib/modules/7.1.13-usb4-gpu-test/kernel/drivers/hid/hid-glorious.ko
  STRIP   /home/mert/Work/omarchy-mac-external-monitor/artifacts/usb4-backport/root/lib/modules/7.1.13-usb4-gpu-test/kernel/drivers/hid/hid-glorious.ko
  INSTALL /home/mert/Work/omarchy-mac-external-monitor/artifacts/usb4-backport/root/lib/modules/7.1.13-usb4-gpu-test/kernel/drivers/hid/hid-gt683r.ko
  STRIP   /home/mert/Work/omarchy-mac-external-monitor/artifacts/usb4-backport/root/lib/modules/7.1.13-usb4-gpu-test/kernel/drivers/hid/hid-gt683r.ko
  INSTALL /home/mert/Work/omarchy-mac-external-monitor/artifacts/usb4-backport/root/lib/modules/7.1.13-usb4-gpu-test/kernel/drivers/hid/hid-gyration.ko
  STRIP   /home/mert/Work/omarchy-mac-external-monitor/artifacts/usb4-backport/root/lib/modules/7.1.13-usb4-gpu-test/kernel/drivers/hid/hid-gyration.ko
  INSTALL /home/mert/Work/omarchy-mac-external-monitor/artifacts/usb4-backport/root/lib/modules/7.1.13-usb4-gpu-test/kernel/drivers/hid/hid-holtek-kbd.ko
  STRIP   /home/mert/Work/omarchy-mac-external-monitor/artifacts/usb4-backport/root/lib/modules/7.1.13-usb4-gpu-test/kernel/drivers/hid/hid-holtek-kbd.ko
  INSTALL /home/mert/Work/omarchy-mac-external-monitor/artifacts/usb4-backport/root/lib/modules/7.1.13-usb4-gpu-test/kernel/drivers/hid/hid-holtek-mouse.ko
  STRIP   /home/mert/Work/omarchy-mac-external-monitor/artifacts/usb4-backport/root/lib/modules/7.1.13-usb4-gpu-test/kernel/drivers/hid/hid-holtek-mouse.ko
  INSTALL /home/mert/Work/omarchy-mac-external-monitor/artifacts/usb4-backport/root/lib/modules/7.1.13-usb4-gpu-test/kernel/drivers/hid/hid-holtekff.ko
  STRIP   /home/mert/Work/omarchy-mac-external-monitor/artifacts/usb4-backport/root/lib/modules/7.1.13-usb4-gpu-test/kernel/drivers/hid/hid-holtekff.ko
  INSTALL /home/mert/Work/omarchy-mac-external-monitor/artifacts/usb4-backport/root/lib/modules/7.1.13-usb4-gpu-test/kernel/drivers/hid/hid-icade.ko
  STRIP   /home/mert/Work/omarchy-mac-external-monitor/artifacts/usb4-backport/root/lib/modules/7.1.13-usb4-gpu-test/kernel/drivers/hid/hid-icade.ko
  INSTALL /home/mert/Work/omarchy-mac-external-monitor/artifacts/usb4-backport/root/lib/modules/7.1.13-usb4-gpu-test/kernel/drivers/hid/hid-ite.ko
  STRIP   /home/mert/Work/omarchy-mac-external-monitor/artifacts/usb4-backport/root/lib/modules/7.1.13-usb4-gpu-test/kernel/drivers/hid/hid-ite.ko
  INSTALL /home/mert/Work/omarchy-mac-external-monitor/artifacts/usb4-backport/root/lib/modules/7.1.13-usb4-gpu-test/kernel/drivers/hid/hid-jabra.ko
  STRIP   /home/mert/Work/omarchy-mac-external-monitor/artifacts/usb4-backport/root/lib/modules/7.1.13-usb4-gpu-test/kernel/drivers/hid/hid-jabra.ko
  INSTALL /home/mert/Work/omarchy-mac-external-monitor/artifacts/usb4-backport/root/lib/modules/7.1.13-usb4-gpu-test/kernel/drivers/hid/hid-kensington.ko
  STRIP   /home/mert/Work/omarchy-mac-external-monitor/artifacts/usb4-backport/root/lib/modules/7.1.13-usb4-gpu-test/kernel/drivers/hid/hid-kensington.ko
  INSTALL /home/mert/Work/omarchy-mac-external-monitor/artifacts/usb4-backport/root/lib/modules/7.1.13-usb4-gpu-test/kernel/drivers/hid/hid-keytouch.ko
  STRIP   /home/mert/Work/omarchy-mac-external-monitor/artifacts/usb4-backport/root/lib/modules/7.1.13-usb4-gpu-test/kernel/drivers/hid/hid-keytouch.ko
  INSTALL /home/mert/Work/omarchy-mac-external-monitor/artifacts/usb4-backport/root/lib/modules/7.1.13-usb4-gpu-test/kernel/drivers/hid/hid-kye.ko
  STRIP   /home/mert/Work/omarchy-mac-external-monitor/artifacts/usb4-backport/root/lib/modules/7.1.13-usb4-gpu-test/kernel/drivers/hid/hid-kye.ko
  INSTALL /home/mert/Work/omarchy-mac-external-monitor/artifacts/usb4-backport/root/lib/modules/7.1.13-usb4-gpu-test/kernel/drivers/hid/hid-lcpower.ko
  STRIP   /home/mert/Work/omarchy-mac-external-monitor/artifacts/usb4-backport/root/lib/modules/7.1.13-usb4-gpu-test/kernel/drivers/hid/hid-lcpower.ko
  INSTALL /home/mert/Work/omarchy-mac-external-monitor/artifacts/usb4-backport/root/lib/modules/7.1.13-usb4-gpu-test/kernel/drivers/hid/hid-letsketch.ko
  STRIP   /home/mert/Work/omarchy-mac-external-monitor/artifacts/usb4-backport/root/lib/modules/7.1.13-usb4-gpu-test/kernel/drivers/hid/hid-letsketch.ko
  INSTALL /home/mert/Work/omarchy-mac-external-monitor/artifacts/usb4-backport/root/lib/modules/7.1.13-usb4-gpu-test/kernel/drivers/hid/hid-logitech.ko
  STRIP   /home/mert/Work/omarchy-mac-external-monitor/artifacts/usb4-backport/root/lib/modules/7.1.13-usb4-gpu-test/kernel/drivers/hid/hid-logitech.ko
  INSTALL /home/mert/Work/omarchy-mac-external-monitor/artifacts/usb4-backport/root/lib/modules/7.1.13-usb4-gpu-test/kernel/drivers/hid/hid-lg-g15.ko
  STRIP   /home/mert/Work/omarchy-mac-external-monitor/artifacts/usb4-backport/root/lib/modules/7.1.13-usb4-gpu-test/kernel/drivers/hid/hid-lg-g15.ko
  INSTALL /home/mert/Work/omarchy-mac-external-monitor/artifacts/usb4-backport/root/lib/modules/7.1.13-usb4-gpu-test/kernel/drivers/hid/hid-logitech-dj.ko
  STRIP   /home/mert/Work/omarchy-mac-external-monitor/artifacts/usb4-backport/root/lib/modules/7.1.13-usb4-gpu-test/kernel/drivers/hid/hid-logitech-dj.ko
  INSTALL /home/mert/Work/omarchy-mac-external-monitor/artifacts/usb4-backport/root/lib/modules/7.1.13-usb4-gpu-test/kernel/drivers/hid/hid-logitech-hidpp.ko
  STRIP   /home/mert/Work/omarchy-mac-external-monitor/artifacts/usb4-backport/root/lib/modules/7.1.13-usb4-gpu-test/kernel/drivers/hid/hid-logitech-hidpp.ko
  INSTALL /home/mert/Work/omarchy-mac-external-monitor/artifacts/usb4-backport/root/lib/modules/7.1.13-usb4-gpu-test/kernel/drivers/hid/hid-macally.ko
  STRIP   /home/mert/Work/omarchy-mac-external-monitor/artifacts/usb4-backport/root/lib/modules/7.1.13-usb4-gpu-test/kernel/drivers/hid/hid-macally.ko
  INSTALL /home/mert/Work/omarchy-mac-external-monitor/artifacts/usb4-backport/root/lib/modules/7.1.13-usb4-gpu-test/kernel/drivers/hid/hid-magicmouse.ko
  STRIP   /home/mert/Work/omarchy-mac-external-monitor/artifacts/usb4-backport/root/lib/modules/7.1.13-usb4-gpu-test/kernel/drivers/hid/hid-magicmouse.ko
  INSTALL /home/mert/Work/omarchy-mac-external-monitor/artifacts/usb4-backport/root/lib/modules/7.1.13-usb4-gpu-test/kernel/drivers/hid/hid-maltron.ko
  STRIP   /home/mert/Work/omarchy-mac-external-monitor/artifacts/usb4-backport/root/lib/modules/7.1.13-usb4-gpu-test/kernel/drivers/hid/hid-maltron.ko
  INSTALL /home/mert/Work/omarchy-mac-external-monitor/artifacts/usb4-backport/root/lib/modules/7.1.13-usb4-gpu-test/kernel/drivers/hid/hid-mcp2221.ko
  STRIP   /home/mert/Work/omarchy-mac-external-monitor/artifacts/usb4-backport/root/lib/modules/7.1.13-usb4-gpu-test/kernel/drivers/hid/hid-mcp2221.ko
  INSTALL /home/mert/Work/omarchy-mac-external-monitor/artifacts/usb4-backport/root/lib/modules/7.1.13-usb4-gpu-test/kernel/drivers/hid/hid-mf.ko
  STRIP   /home/mert/Work/omarchy-mac-external-monitor/artifacts/usb4-backport/root/lib/modules/7.1.13-usb4-gpu-test/kernel/drivers/hid/hid-mf.ko
  INSTALL /home/mert/Work/omarchy-mac-external-monitor/artifacts/usb4-backport/root/lib/modules/7.1.13-usb4-gpu-test/kernel/drivers/hid/hid-microsoft.ko
  STRIP   /home/mert/Work/omarchy-mac-external-monitor/artifacts/usb4-backport/root/lib/modules/7.1.13-usb4-gpu-test/kernel/drivers/hid/hid-microsoft.ko
  INSTALL /home/mert/Work/omarchy-mac-external-monitor/artifacts/usb4-backport/root/lib/modules/7.1.13-usb4-gpu-test/kernel/drivers/hid/hid-monterey.ko
  STRIP   /home/mert/Work/omarchy-mac-external-monitor/artifacts/usb4-backport/root/lib/modules/7.1.13-usb4-gpu-test/kernel/drivers/hid/hid-monterey.ko
  INSTALL /home/mert/Work/omarchy-mac-external-monitor/artifacts/usb4-backport/root/lib/modules/7.1.13-usb4-gpu-test/kernel/drivers/hid/hid-multitouch.ko
  STRIP   /home/mert/Work/omarchy-mac-external-monitor/artifacts/usb4-backport/root/lib/modules/7.1.13-usb4-gpu-test/kernel/drivers/hid/hid-multitouch.ko
  INSTALL /home/mert/Work/omarchy-mac-external-monitor/artifacts/usb4-backport/root/lib/modules/7.1.13-usb4-gpu-test/kernel/drivers/hid/hid-nintendo.ko
  STRIP   /home/mert/Work/omarchy-mac-external-monitor/artifacts/usb4-backport/root/lib/modules/7.1.13-usb4-gpu-test/kernel/drivers/hid/hid-nintendo.ko
  INSTALL /home/mert/Work/omarchy-mac-external-monitor/artifacts/usb4-backport/root/lib/modules/7.1.13-usb4-gpu-test/kernel/drivers/hid/hid-nti.ko
  STRIP   /home/mert/Work/omarchy-mac-external-monitor/artifacts/usb4-backport/root/lib/modules/7.1.13-usb4-gpu-test/kernel/drivers/hid/hid-nti.ko
  INSTALL /home/mert/Work/omarchy-mac-external-monitor/artifacts/usb4-backport/root/lib/modules/7.1.13-usb4-gpu-test/kernel/drivers/hid/hid-ntrig.ko
  STRIP   /home/mert/Work/omarchy-mac-external-monitor/artifacts/usb4-backport/root/lib/modules/7.1.13-usb4-gpu-test/kernel/drivers/hid/hid-ntrig.ko
  INSTALL /home/mert/Work/omarchy-mac-external-monitor/artifacts/usb4-backport/root/lib/modules/7.1.13-usb4-gpu-test/kernel/drivers/hid/hid-ortek.ko
  STRIP   /home/mert/Work/omarchy-mac-external-monitor/artifacts/usb4-backport/root/lib/modules/7.1.13-usb4-gpu-test/kernel/drivers/hid/hid-ortek.ko
  INSTALL /home/mert/Work/omarchy-mac-external-monitor/artifacts/usb4-backport/root/lib/modules/7.1.13-usb4-gpu-test/kernel/drivers/hid/hid-prodikeys.ko
  STRIP   /home/mert/Work/omarchy-mac-external-monitor/artifacts/usb4-backport/root/lib/modules/7.1.13-usb4-gpu-test/kernel/drivers/hid/hid-prodikeys.ko
  INSTALL /home/mert/Work/omarchy-mac-external-monitor/artifacts/usb4-backport/root/lib/modules/7.1.13-usb4-gpu-test/kernel/drivers/hid/hid-pl.ko
  STRIP   /home/mert/Work/omarchy-mac-external-monitor/artifacts/usb4-backport/root/lib/modules/7.1.13-usb4-gpu-test/kernel/drivers/hid/hid-pl.ko
  INSTALL /home/mert/Work/omarchy-mac-external-monitor/artifacts/usb4-backport/root/lib/modules/7.1.13-usb4-gpu-test/kernel/drivers/hid/hid-penmount.ko
  STRIP   /home/mert/Work/omarchy-mac-external-monitor/artifacts/usb4-backport/root/lib/modules/7.1.13-usb4-gpu-test/kernel/drivers/hid/hid-penmount.ko
  INSTALL /home/mert/Work/omarchy-mac-external-monitor/artifacts/usb4-backport/root/lib/modules/7.1.13-usb4-gpu-test/kernel/drivers/hid/hid-petalynx.ko
  STRIP   /home/mert/Work/omarchy-mac-external-monitor/artifacts/usb4-backport/root/lib/modules/7.1.13-usb4-gpu-test/kernel/drivers/hid/hid-petalynx.ko
  INSTALL /home/mert/Work/omarchy-mac-external-monitor/artifacts/usb4-backport/root/lib/modules/7.1.13-usb4-gpu-test/kernel/drivers/hid/hid-picolcd.ko
  STRIP   /home/mert/Work/omarchy-mac-external-monitor/artifacts/usb4-backport/root/lib/modules/7.1.13-usb4-gpu-test/kernel/drivers/hid/hid-picolcd.ko
  INSTALL /home/mert/Work/omarchy-mac-external-monitor/artifacts/usb4-backport/root/lib/modules/7.1.13-usb4-gpu-test/kernel/drivers/hid/hid-plantronics.ko
  STRIP   /home/mert/Work/omarchy-mac-external-monitor/artifacts/usb4-backport/root/lib/modules/7.1.13-usb4-gpu-test/kernel/drivers/hid/hid-plantronics.ko
  INSTALL /home/mert/Work/omarchy-mac-external-monitor/artifacts/usb4-backport/root/lib/modules/7.1.13-usb4-gpu-test/kernel/drivers/hid/hid-playstation.ko
  STRIP   /home/mert/Work/omarchy-mac-external-monitor/artifacts/usb4-backport/root/lib/modules/7.1.13-usb4-gpu-test/kernel/drivers/hid/hid-playstation.ko
  INSTALL /home/mert/Work/omarchy-mac-external-monitor/artifacts/usb4-backport/root/lib/modules/7.1.13-usb4-gpu-test/kernel/drivers/hid/hid-primax.ko
  STRIP   /home/mert/Work/omarchy-mac-external-monitor/artifacts/usb4-backport/root/lib/modules/7.1.13-usb4-gpu-test/kernel/drivers/hid/hid-primax.ko
  INSTALL /home/mert/Work/omarchy-mac-external-monitor/artifacts/usb4-backport/root/lib/modules/7.1.13-usb4-gpu-test/kernel/drivers/hid/hid-redragon.ko
  STRIP   /home/mert/Work/omarchy-mac-external-monitor/artifacts/usb4-backport/root/lib/modules/7.1.13-usb4-gpu-test/kernel/drivers/hid/hid-redragon.ko
  INSTALL /home/mert/Work/omarchy-mac-external-monitor/artifacts/usb4-backport/root/lib/modules/7.1.13-usb4-gpu-test/kernel/drivers/hid/hid-retrode.ko
  STRIP   /home/mert/Work/omarchy-mac-external-monitor/artifacts/usb4-backport/root/lib/modules/7.1.13-usb4-gpu-test/kernel/drivers/hid/hid-retrode.ko
  INSTALL /home/mert/Work/omarchy-mac-external-monitor/artifacts/usb4-backport/root/lib/modules/7.1.13-usb4-gpu-test/kernel/drivers/hid/hid-roccat.ko
  STRIP   /home/mert/Work/omarchy-mac-external-monitor/artifacts/usb4-backport/root/lib/modules/7.1.13-usb4-gpu-test/kernel/drivers/hid/hid-roccat.ko
  INSTALL /home/mert/Work/omarchy-mac-external-monitor/artifacts/usb4-backport/root/lib/modules/7.1.13-usb4-gpu-test/kernel/drivers/hid/hid-roccat-common.ko
  STRIP   /home/mert/Work/omarchy-mac-external-monitor/artifacts/usb4-backport/root/lib/modules/7.1.13-usb4-gpu-test/kernel/drivers/hid/hid-roccat-common.ko
  INSTALL /home/mert/Work/omarchy-mac-external-monitor/artifacts/usb4-backport/root/lib/modules/7.1.13-usb4-gpu-test/kernel/drivers/hid/hid-roccat-arvo.ko
  STRIP   /home/mert/Work/omarchy-mac-external-monitor/artifacts/usb4-backport/root/lib/modules/7.1.13-usb4-gpu-test/kernel/drivers/hid/hid-roccat-arvo.ko
  INSTALL /home/mert/Work/omarchy-mac-external-monitor/artifacts/usb4-backport/root/lib/modules/7.1.13-usb4-gpu-test/kernel/drivers/hid/hid-roccat-isku.ko
  STRIP   /home/mert/Work/omarchy-mac-external-monitor/artifacts/usb4-backport/root/lib/modules/7.1.13-usb4-gpu-test/kernel/drivers/hid/hid-roccat-isku.ko
  INSTALL /home/mert/Work/omarchy-mac-external-monitor/artifacts/usb4-backport/root/lib/modules/7.1.13-usb4-gpu-test/kernel/drivers/hid/hid-roccat-kone.ko
  STRIP   /home/mert/Work/omarchy-mac-external-monitor/artifacts/usb4-backport/root/lib/modules/7.1.13-usb4-gpu-test/kernel/drivers/hid/hid-roccat-kone.ko
  INSTALL /home/mert/Work/omarchy-mac-external-monitor/artifacts/usb4-backport/root/lib/modules/7.1.13-usb4-gpu-test/kernel/drivers/hid/hid-roccat-koneplus.ko
  STRIP   /home/mert/Work/omarchy-mac-external-monitor/artifacts/usb4-backport/root/lib/modules/7.1.13-usb4-gpu-test/kernel/drivers/hid/hid-roccat-koneplus.ko
  INSTALL /home/mert/Work/omarchy-mac-external-monitor/artifacts/usb4-backport/root/lib/modules/7.1.13-usb4-gpu-test/kernel/drivers/hid/hid-roccat-konepure.ko
  STRIP   /home/mert/Work/omarchy-mac-external-monitor/artifacts/usb4-backport/root/lib/modules/7.1.13-usb4-gpu-test/kernel/drivers/hid/hid-roccat-konepure.ko
  INSTALL /home/mert/Work/omarchy-mac-external-monitor/artifacts/usb4-backport/root/lib/modules/7.1.13-usb4-gpu-test/kernel/drivers/hid/hid-roccat-kovaplus.ko
  STRIP   /home/mert/Work/omarchy-mac-external-monitor/artifacts/usb4-backport/root/lib/modules/7.1.13-usb4-gpu-test/kernel/drivers/hid/hid-roccat-kovaplus.ko
  INSTALL /home/mert/Work/omarchy-mac-external-monitor/artifacts/usb4-backport/root/lib/modules/7.1.13-usb4-gpu-test/kernel/drivers/hid/hid-roccat-lua.ko
  STRIP   /home/mert/Work/omarchy-mac-external-monitor/artifacts/usb4-backport/root/lib/modules/7.1.13-usb4-gpu-test/kernel/drivers/hid/hid-roccat-lua.ko
  INSTALL /home/mert/Work/omarchy-mac-external-monitor/artifacts/usb4-backport/root/lib/modules/7.1.13-usb4-gpu-test/kernel/drivers/hid/hid-roccat-pyra.ko
  STRIP   /home/mert/Work/omarchy-mac-external-monitor/artifacts/usb4-backport/root/lib/modules/7.1.13-usb4-gpu-test/kernel/drivers/hid/hid-roccat-pyra.ko
  INSTALL /home/mert/Work/omarchy-mac-external-monitor/artifacts/usb4-backport/root/lib/modules/7.1.13-usb4-gpu-test/kernel/drivers/hid/hid-roccat-ryos.ko
  STRIP   /home/mert/Work/omarchy-mac-external-monitor/artifacts/usb4-backport/root/lib/modules/7.1.13-usb4-gpu-test/kernel/drivers/hid/hid-roccat-ryos.ko
  INSTALL /home/mert/Work/omarchy-mac-external-monitor/artifacts/usb4-backport/root/lib/modules/7.1.13-usb4-gpu-test/kernel/drivers/hid/hid-roccat-savu.ko
  STRIP   /home/mert/Work/omarchy-mac-external-monitor/artifacts/usb4-backport/root/lib/modules/7.1.13-usb4-gpu-test/kernel/drivers/hid/hid-roccat-savu.ko
  INSTALL /home/mert/Work/omarchy-mac-external-monitor/artifacts/usb4-backport/root/lib/modules/7.1.13-usb4-gpu-test/kernel/drivers/hid/hid-saitek.ko
  STRIP   /home/mert/Work/omarchy-mac-external-monitor/artifacts/usb4-backport/root/lib/modules/7.1.13-usb4-gpu-test/kernel/drivers/hid/hid-saitek.ko
  INSTALL /home/mert/Work/omarchy-mac-external-monitor/artifacts/usb4-backport/root/lib/modules/7.1.13-usb4-gpu-test/kernel/drivers/hid/hid-samsung.ko
  STRIP   /home/mert/Work/omarchy-mac-external-monitor/artifacts/usb4-backport/root/lib/modules/7.1.13-usb4-gpu-test/kernel/drivers/hid/hid-samsung.ko
  INSTALL /home/mert/Work/omarchy-mac-external-monitor/artifacts/usb4-backport/root/lib/modules/7.1.13-usb4-gpu-test/kernel/drivers/hid/hid-semitek.ko
  STRIP   /home/mert/Work/omarchy-mac-external-monitor/artifacts/usb4-backport/root/lib/modules/7.1.13-usb4-gpu-test/kernel/drivers/hid/hid-semitek.ko
  INSTALL /home/mert/Work/omarchy-mac-external-monitor/artifacts/usb4-backport/root/lib/modules/7.1.13-usb4-gpu-test/kernel/drivers/hid/hid-sjoy.ko
  STRIP   /home/mert/Work/omarchy-mac-external-monitor/artifacts/usb4-backport/root/lib/modules/7.1.13-usb4-gpu-test/kernel/drivers/hid/hid-sjoy.ko
  INSTALL /home/mert/Work/omarchy-mac-external-monitor/artifacts/usb4-backport/root/lib/modules/7.1.13-usb4-gpu-test/kernel/drivers/hid/hid-sony.ko
  STRIP   /home/mert/Work/omarchy-mac-external-monitor/artifacts/usb4-backport/root/lib/modules/7.1.13-usb4-gpu-test/kernel/drivers/hid/hid-sony.ko
  INSTALL /home/mert/Work/omarchy-mac-external-monitor/artifacts/usb4-backport/root/lib/modules/7.1.13-usb4-gpu-test/kernel/drivers/hid/hid-speedlink.ko
  STRIP   /home/mert/Work/omarchy-mac-external-monitor/artifacts/usb4-backport/root/lib/modules/7.1.13-usb4-gpu-test/kernel/drivers/hid/hid-speedlink.ko
  INSTALL /home/mert/Work/omarchy-mac-external-monitor/artifacts/usb4-backport/root/lib/modules/7.1.13-usb4-gpu-test/kernel/drivers/hid/hid-steam.ko
  STRIP   /home/mert/Work/omarchy-mac-external-monitor/artifacts/usb4-backport/root/lib/modules/7.1.13-usb4-gpu-test/kernel/drivers/hid/hid-steam.ko
  INSTALL /home/mert/Work/omarchy-mac-external-monitor/artifacts/usb4-backport/root/lib/modules/7.1.13-usb4-gpu-test/kernel/drivers/hid/hid-steelseries.ko
  STRIP   /home/mert/Work/omarchy-mac-external-monitor/artifacts/usb4-backport/root/lib/modules/7.1.13-usb4-gpu-test/kernel/drivers/hid/hid-steelseries.ko
  INSTALL /home/mert/Work/omarchy-mac-external-monitor/artifacts/usb4-backport/root/lib/modules/7.1.13-usb4-gpu-test/kernel/drivers/hid/hid-sunplus.ko
  STRIP   /home/mert/Work/omarchy-mac-external-monitor/artifacts/usb4-backport/root/lib/modules/7.1.13-usb4-gpu-test/kernel/drivers/hid/hid-sunplus.ko
  INSTALL /home/mert/Work/omarchy-mac-external-monitor/artifacts/usb4-backport/root/lib/modules/7.1.13-usb4-gpu-test/kernel/drivers/hid/hid-gaff.ko
  STRIP   /home/mert/Work/omarchy-mac-external-monitor/artifacts/usb4-backport/root/lib/modules/7.1.13-usb4-gpu-test/kernel/drivers/hid/hid-gaff.ko
  INSTALL /home/mert/Work/omarchy-mac-external-monitor/artifacts/usb4-backport/root/lib/modules/7.1.13-usb4-gpu-test/kernel/drivers/hid/hid-tmff.ko
  STRIP   /home/mert/Work/omarchy-mac-external-monitor/artifacts/usb4-backport/root/lib/modules/7.1.13-usb4-gpu-test/kernel/drivers/hid/hid-tmff.ko
  INSTALL /home/mert/Work/omarchy-mac-external-monitor/artifacts/usb4-backport/root/lib/modules/7.1.13-usb4-gpu-test/kernel/drivers/hid/hid-thrustmaster.ko
  STRIP   /home/mert/Work/omarchy-mac-external-monitor/artifacts/usb4-backport/root/lib/modules/7.1.13-usb4-gpu-test/kernel/drivers/hid/hid-thrustmaster.ko
  INSTALL /home/mert/Work/omarchy-mac-external-monitor/artifacts/usb4-backport/root/lib/modules/7.1.13-usb4-gpu-test/kernel/drivers/hid/hid-tivo.ko
  STRIP   /home/mert/Work/omarchy-mac-external-monitor/artifacts/usb4-backport/root/lib/modules/7.1.13-usb4-gpu-test/kernel/drivers/hid/hid-tivo.ko
  INSTALL /home/mert/Work/omarchy-mac-external-monitor/artifacts/usb4-backport/root/lib/modules/7.1.13-usb4-gpu-test/kernel/drivers/hid/hid-topseed.ko
  STRIP   /home/mert/Work/omarchy-mac-external-monitor/artifacts/usb4-backport/root/lib/modules/7.1.13-usb4-gpu-test/kernel/drivers/hid/hid-topseed.ko
  INSTALL /home/mert/Work/omarchy-mac-external-monitor/artifacts/usb4-backport/root/lib/modules/7.1.13-usb4-gpu-test/kernel/drivers/hid/hid-twinhan.ko
  STRIP   /home/mert/Work/omarchy-mac-external-monitor/artifacts/usb4-backport/root/lib/modules/7.1.13-usb4-gpu-test/kernel/drivers/hid/hid-twinhan.ko
  INSTALL /home/mert/Work/omarchy-mac-external-monitor/artifacts/usb4-backport/root/lib/modules/7.1.13-usb4-gpu-test/kernel/drivers/hid/hid-u2fzero.ko
  STRIP   /home/mert/Work/omarchy-mac-external-monitor/artifacts/usb4-backport/root/lib/modules/7.1.13-usb4-gpu-test/kernel/drivers/hid/hid-u2fzero.ko
  INSTALL /home/mert/Work/omarchy-mac-external-monitor/artifacts/usb4-backport/root/lib/modules/7.1.13-usb4-gpu-test/kernel/drivers/hid/hid-uclogic.ko
  STRIP   /home/mert/Work/omarchy-mac-external-monitor/artifacts/usb4-backport/root/lib/modules/7.1.13-usb4-gpu-test/kernel/drivers/hid/hid-uclogic.ko
  INSTALL /home/mert/Work/omarchy-mac-external-monitor/artifacts/usb4-backport/root/lib/modules/7.1.13-usb4-gpu-test/kernel/drivers/hid/hid-udraw-ps3.ko
  STRIP   /home/mert/Work/omarchy-mac-external-monitor/artifacts/usb4-backport/root/lib/modules/7.1.13-usb4-gpu-test/kernel/drivers/hid/hid-udraw-ps3.ko
  INSTALL /home/mert/Work/omarchy-mac-external-monitor/artifacts/usb4-backport/root/lib/modules/7.1.13-usb4-gpu-test/kernel/drivers/hid/hid-led.ko
  STRIP   /home/mert/Work/omarchy-mac-external-monitor/artifacts/usb4-backport/root/lib/modules/7.1.13-usb4-gpu-test/kernel/drivers/hid/hid-led.ko
  INSTALL /home/mert/Work/omarchy-mac-external-monitor/artifacts/usb4-backport/root/lib/modules/7.1.13-usb4-gpu-test/kernel/drivers/hid/hid-xiaomi.ko
  STRIP   /home/mert/Work/omarchy-mac-external-monitor/artifacts/usb4-backport/root/lib/modules/7.1.13-usb4-gpu-test/kernel/drivers/hid/hid-xiaomi.ko
  INSTALL /home/mert/Work/omarchy-mac-external-monitor/artifacts/usb4-backport/root/lib/modules/7.1.13-usb4-gpu-test/kernel/drivers/hid/hid-xinmo.ko
  STRIP   /home/mert/Work/omarchy-mac-external-monitor/artifacts/usb4-backport/root/lib/modules/7.1.13-usb4-gpu-test/kernel/drivers/hid/hid-xinmo.ko
  INSTALL /home/mert/Work/omarchy-mac-external-monitor/artifacts/usb4-backport/root/lib/modules/7.1.13-usb4-gpu-test/kernel/drivers/hid/hid-zpff.ko
  STRIP   /home/mert/Work/omarchy-mac-external-monitor/artifacts/usb4-backport/root/lib/modules/7.1.13-usb4-gpu-test/kernel/drivers/hid/hid-zpff.ko
  INSTALL /home/mert/Work/omarchy-mac-external-monitor/artifacts/usb4-backport/root/lib/modules/7.1.13-usb4-gpu-test/kernel/drivers/hid/hid-zydacron.ko
  STRIP   /home/mert/Work/omarchy-mac-external-monitor/artifacts/usb4-backport/root/lib/modules/7.1.13-usb4-gpu-test/kernel/drivers/hid/hid-zydacron.ko
  INSTALL /home/mert/Work/omarchy-mac-external-monitor/artifacts/usb4-backport/root/lib/modules/7.1.13-usb4-gpu-test/kernel/drivers/hid/hid-viewsonic.ko
  STRIP   /home/mert/Work/omarchy-mac-external-monitor/artifacts/usb4-backport/root/lib/modules/7.1.13-usb4-gpu-test/kernel/drivers/hid/hid-viewsonic.ko
  INSTALL /home/mert/Work/omarchy-mac-external-monitor/artifacts/usb4-backport/root/lib/modules/7.1.13-usb4-gpu-test/kernel/drivers/hid/wacom.ko
  STRIP   /home/mert/Work/omarchy-mac-external-monitor/artifacts/usb4-backport/root/lib/modules/7.1.13-usb4-gpu-test/kernel/drivers/hid/wacom.ko
  INSTALL /home/mert/Work/omarchy-mac-external-monitor/artifacts/usb4-backport/root/lib/modules/7.1.13-usb4-gpu-test/kernel/drivers/hid/hid-waltop.ko
  STRIP   /home/mert/Work/omarchy-mac-external-monitor/artifacts/usb4-backport/root/lib/modules/7.1.13-usb4-gpu-test/kernel/drivers/hid/hid-waltop.ko
  INSTALL /home/mert/Work/omarchy-mac-external-monitor/artifacts/usb4-backport/root/lib/modules/7.1.13-usb4-gpu-test/kernel/drivers/hid/hid-wiimote.ko
  STRIP   /home/mert/Work/omarchy-mac-external-monitor/artifacts/usb4-backport/root/lib/modules/7.1.13-usb4-gpu-test/kernel/drivers/hid/hid-wiimote.ko
  INSTALL /home/mert/Work/omarchy-mac-external-monitor/artifacts/usb4-backport/root/lib/modules/7.1.13-usb4-gpu-test/kernel/drivers/hid/hid-sensor-hub.ko
  STRIP   /home/mert/Work/omarchy-mac-external-monitor/artifacts/usb4-backport/root/lib/modules/7.1.13-usb4-gpu-test/kernel/drivers/hid/hid-sensor-hub.ko
  INSTALL /home/mert/Work/omarchy-mac-external-monitor/artifacts/usb4-backport/root/lib/modules/7.1.13-usb4-gpu-test/kernel/drivers/hid/hid-sensor-custom.ko
  STRIP   /home/mert/Work/omarchy-mac-external-monitor/artifacts/usb4-backport/root/lib/modules/7.1.13-usb4-gpu-test/kernel/drivers/hid/hid-sensor-custom.ko
  INSTALL /home/mert/Work/omarchy-mac-external-monitor/artifacts/usb4-backport/root/lib/modules/7.1.13-usb4-gpu-test/kernel/drivers/hid/usbhid/usbhid.ko
  STRIP   /home/mert/Work/omarchy-mac-external-monitor/artifacts/usb4-backport/root/lib/modules/7.1.13-usb4-gpu-test/kernel/drivers/hid/usbhid/usbhid.ko
  INSTALL /home/mert/Work/omarchy-mac-external-monitor/artifacts/usb4-backport/root/lib/modules/7.1.13-usb4-gpu-test/kernel/drivers/hid/dockchannel-hid/dockchannel-hid.ko
  STRIP   /home/mert/Work/omarchy-mac-external-monitor/artifacts/usb4-backport/root/lib/modules/7.1.13-usb4-gpu-test/kernel/drivers/hid/dockchannel-hid/dockchannel-hid.ko
  INSTALL /home/mert/Work/omarchy-mac-external-monitor/artifacts/usb4-backport/root/lib/modules/7.1.13-usb4-gpu-test/kernel/drivers/iio/common/aop_sensors/aop_las.ko
  STRIP   /home/mert/Work/omarchy-mac-external-monitor/artifacts/usb4-backport/root/lib/modules/7.1.13-usb4-gpu-test/kernel/drivers/iio/common/aop_sensors/aop_las.ko
  INSTALL /home/mert/Work/omarchy-mac-external-monitor/artifacts/usb4-backport/root/lib/modules/7.1.13-usb4-gpu-test/kernel/drivers/iio/common/aop_sensors/aop_als.ko
  STRIP   /home/mert/Work/omarchy-mac-external-monitor/artifacts/usb4-backport/root/lib/modules/7.1.13-usb4-gpu-test/kernel/drivers/iio/common/aop_sensors/aop_als.ko
  INSTALL /home/mert/Work/omarchy-mac-external-monitor/artifacts/usb4-backport/root/lib/modules/7.1.13-usb4-gpu-test/kernel/drivers/mux/mux-apple-display-crossbar.ko
  STRIP   /home/mert/Work/omarchy-mac-external-monitor/artifacts/usb4-backport/root/lib/modules/7.1.13-usb4-gpu-test/kernel/drivers/mux/mux-apple-display-crossbar.ko
  INSTALL /home/mert/Work/omarchy-mac-external-monitor/artifacts/usb4-backport/root/lib/modules/7.1.13-usb4-gpu-test/kernel/drivers/target/target_core_mod.ko
  STRIP   /home/mert/Work/omarchy-mac-external-monitor/artifacts/usb4-backport/root/lib/modules/7.1.13-usb4-gpu-test/kernel/drivers/target/target_core_mod.ko
  INSTALL /home/mert/Work/omarchy-mac-external-monitor/artifacts/usb4-backport/root/lib/modules/7.1.13-usb4-gpu-test/kernel/drivers/target/target_core_iblock.ko
  STRIP   /home/mert/Work/omarchy-mac-external-monitor/artifacts/usb4-backport/root/lib/modules/7.1.13-usb4-gpu-test/kernel/drivers/target/target_core_iblock.ko
  INSTALL /home/mert/Work/omarchy-mac-external-monitor/artifacts/usb4-backport/root/lib/modules/7.1.13-usb4-gpu-test/kernel/drivers/target/target_core_file.ko
  STRIP   /home/mert/Work/omarchy-mac-external-monitor/artifacts/usb4-backport/root/lib/modules/7.1.13-usb4-gpu-test/kernel/drivers/target/target_core_file.ko
  INSTALL /home/mert/Work/omarchy-mac-external-monitor/artifacts/usb4-backport/root/lib/modules/7.1.13-usb4-gpu-test/kernel/drivers/target/target_core_pscsi.ko
  STRIP   /home/mert/Work/omarchy-mac-external-monitor/artifacts/usb4-backport/root/lib/modules/7.1.13-usb4-gpu-test/kernel/drivers/target/target_core_pscsi.ko
  INSTALL /home/mert/Work/omarchy-mac-external-monitor/artifacts/usb4-backport/root/lib/modules/7.1.13-usb4-gpu-test/kernel/drivers/target/loopback/tcm_loop.ko
  STRIP   /home/mert/Work/omarchy-mac-external-monitor/artifacts/usb4-backport/root/lib/modules/7.1.13-usb4-gpu-test/kernel/drivers/target/loopback/tcm_loop.ko
  INSTALL /home/mert/Work/omarchy-mac-external-monitor/artifacts/usb4-backport/root/lib/modules/7.1.13-usb4-gpu-test/kernel/drivers/target/iscsi/iscsi_target_mod.ko
  STRIP   /home/mert/Work/omarchy-mac-external-monitor/artifacts/usb4-backport/root/lib/modules/7.1.13-usb4-gpu-test/kernel/drivers/target/iscsi/iscsi_target_mod.ko
  INSTALL /home/mert/Work/omarchy-mac-external-monitor/artifacts/usb4-backport/root/lib/modules/7.1.13-usb4-gpu-test/kernel/drivers/vfio/vfio.ko
  STRIP   /home/mert/Work/omarchy-mac-external-monitor/artifacts/usb4-backport/root/lib/modules/7.1.13-usb4-gpu-test/kernel/drivers/vfio/vfio.ko
  INSTALL /home/mert/Work/omarchy-mac-external-monitor/artifacts/usb4-backport/root/lib/modules/7.1.13-usb4-gpu-test/kernel/drivers/vfio/vfio_iommu_type1.ko
  STRIP   /home/mert/Work/omarchy-mac-external-monitor/artifacts/usb4-backport/root/lib/modules/7.1.13-usb4-gpu-test/kernel/drivers/vfio/vfio_iommu_type1.ko
  INSTALL /home/mert/Work/omarchy-mac-external-monitor/artifacts/usb4-backport/root/lib/modules/7.1.13-usb4-gpu-test/kernel/drivers/vfio/pci/vfio-pci-core.ko
  STRIP   /home/mert/Work/omarchy-mac-external-monitor/artifacts/usb4-backport/root/lib/modules/7.1.13-usb4-gpu-test/kernel/drivers/vfio/pci/vfio-pci-core.ko
  INSTALL /home/mert/Work/omarchy-mac-external-monitor/artifacts/usb4-backport/root/lib/modules/7.1.13-usb4-gpu-test/kernel/drivers/vfio/pci/vfio-pci.ko
  STRIP   /home/mert/Work/omarchy-mac-external-monitor/artifacts/usb4-backport/root/lib/modules/7.1.13-usb4-gpu-test/kernel/drivers/vfio/pci/vfio-pci.ko
  INSTALL /home/mert/Work/omarchy-mac-external-monitor/artifacts/usb4-backport/root/lib/modules/7.1.13-usb4-gpu-test/kernel/drivers/vfio/platform/vfio-platform-base.ko
  STRIP   /home/mert/Work/omarchy-mac-external-monitor/artifacts/usb4-backport/root/lib/modules/7.1.13-usb4-gpu-test/kernel/drivers/vfio/platform/vfio-platform-base.ko
  INSTALL /home/mert/Work/omarchy-mac-external-monitor/artifacts/usb4-backport/root/lib/modules/7.1.13-usb4-gpu-test/kernel/drivers/vfio/platform/vfio-platform.ko
  STRIP   /home/mert/Work/omarchy-mac-external-monitor/artifacts/usb4-backport/root/lib/modules/7.1.13-usb4-gpu-test/kernel/drivers/vfio/platform/vfio-platform.ko
  INSTALL /home/mert/Work/omarchy-mac-external-monitor/artifacts/usb4-backport/root/lib/modules/7.1.13-usb4-gpu-test/kernel/drivers/block/aoe/aoe.ko
  STRIP   /home/mert/Work/omarchy-mac-external-monitor/artifacts/usb4-backport/root/lib/modules/7.1.13-usb4-gpu-test/kernel/drivers/block/aoe/aoe.ko
  INSTALL /home/mert/Work/omarchy-mac-external-monitor/artifacts/usb4-backport/root/lib/modules/7.1.13-usb4-gpu-test/kernel/drivers/bluetooth/hci_vhci.ko
  STRIP   /home/mert/Work/omarchy-mac-external-monitor/artifacts/usb4-backport/root/lib/modules/7.1.13-usb4-gpu-test/kernel/drivers/bluetooth/hci_vhci.ko
  INSTALL /home/mert/Work/omarchy-mac-external-monitor/artifacts/usb4-backport/root/lib/modules/7.1.13-usb4-gpu-test/kernel/drivers/bluetooth/hci_uart.ko
  STRIP   /home/mert/Work/omarchy-mac-external-monitor/artifacts/usb4-backport/root/lib/modules/7.1.13-usb4-gpu-test/kernel/drivers/bluetooth/hci_uart.ko
  INSTALL /home/mert/Work/omarchy-mac-external-monitor/artifacts/usb4-backport/root/lib/modules/7.1.13-usb4-gpu-test/kernel/drivers/bluetooth/bcm203x.ko
  STRIP   /home/mert/Work/omarchy-mac-external-monitor/artifacts/usb4-backport/root/lib/modules/7.1.13-usb4-gpu-test/kernel/drivers/bluetooth/bcm203x.ko
  INSTALL /home/mert/Work/omarchy-mac-external-monitor/artifacts/usb4-backport/root/lib/modules/7.1.13-usb4-gpu-test/kernel/drivers/bluetooth/hci_bcm4377.ko
  STRIP   /home/mert/Work/omarchy-mac-external-monitor/artifacts/usb4-backport/root/lib/modules/7.1.13-usb4-gpu-test/kernel/drivers/bluetooth/hci_bcm4377.ko
  INSTALL /home/mert/Work/omarchy-mac-external-monitor/artifacts/usb4-backport/root/lib/modules/7.1.13-usb4-gpu-test/kernel/drivers/bluetooth/bpa10x.ko
  STRIP   /home/mert/Work/omarchy-mac-external-monitor/artifacts/usb4-backport/root/lib/modules/7.1.13-usb4-gpu-test/kernel/drivers/bluetooth/bpa10x.ko
  INSTALL /home/mert/Work/omarchy-mac-external-monitor/artifacts/usb4-backport/root/lib/modules/7.1.13-usb4-gpu-test/kernel/drivers/bluetooth/bfusb.ko
  STRIP   /home/mert/Work/omarchy-mac-external-monitor/artifacts/usb4-backport/root/lib/modules/7.1.13-usb4-gpu-test/kernel/drivers/bluetooth/bfusb.ko
  INSTALL /home/mert/Work/omarchy-mac-external-monitor/artifacts/usb4-backport/root/lib/modules/7.1.13-usb4-gpu-test/kernel/drivers/bluetooth/btusb.ko
  STRIP   /home/mert/Work/omarchy-mac-external-monitor/artifacts/usb4-backport/root/lib/modules/7.1.13-usb4-gpu-test/kernel/drivers/bluetooth/btusb.ko
  INSTALL /home/mert/Work/omarchy-mac-external-monitor/artifacts/usb4-backport/root/lib/modules/7.1.13-usb4-gpu-test/kernel/drivers/bluetooth/btsdio.ko
  STRIP   /home/mert/Work/omarchy-mac-external-monitor/artifacts/usb4-backport/root/lib/modules/7.1.13-usb4-gpu-test/kernel/drivers/bluetooth/btsdio.ko
  INSTALL /home/mert/Work/omarchy-mac-external-monitor/artifacts/usb4-backport/root/lib/modules/7.1.13-usb4-gpu-test/kernel/drivers/bluetooth/btintel.ko
  STRIP   /home/mert/Work/omarchy-mac-external-monitor/artifacts/usb4-backport/root/lib/modules/7.1.13-usb4-gpu-test/kernel/drivers/bluetooth/btintel.ko
  INSTALL /home/mert/Work/omarchy-mac-external-monitor/artifacts/usb4-backport/root/lib/modules/7.1.13-usb4-gpu-test/kernel/drivers/bluetooth/ath3k.ko
  STRIP   /home/mert/Work/omarchy-mac-external-monitor/artifacts/usb4-backport/root/lib/modules/7.1.13-usb4-gpu-test/kernel/drivers/bluetooth/ath3k.ko
  INSTALL /home/mert/Work/omarchy-mac-external-monitor/artifacts/usb4-backport/root/lib/modules/7.1.13-usb4-gpu-test/kernel/drivers/bluetooth/btmrvl.ko
  STRIP   /home/mert/Work/omarchy-mac-external-monitor/artifacts/usb4-backport/root/lib/modules/7.1.13-usb4-gpu-test/kernel/drivers/bluetooth/btmrvl.ko
  INSTALL /home/mert/Work/omarchy-mac-external-monitor/artifacts/usb4-backport/root/lib/modules/7.1.13-usb4-gpu-test/kernel/drivers/bluetooth/btmrvl_sdio.ko
  STRIP   /home/mert/Work/omarchy-mac-external-monitor/artifacts/usb4-backport/root/lib/modules/7.1.13-usb4-gpu-test/kernel/drivers/bluetooth/btmrvl_sdio.ko
  INSTALL /home/mert/Work/omarchy-mac-external-monitor/artifacts/usb4-backport/root/lib/modules/7.1.13-usb4-gpu-test/kernel/drivers/bluetooth/btbcm.ko
  STRIP   /home/mert/Work/omarchy-mac-external-monitor/artifacts/usb4-backport/root/lib/modules/7.1.13-usb4-gpu-test/kernel/drivers/bluetooth/btbcm.ko
  INSTALL /home/mert/Work/omarchy-mac-external-monitor/artifacts/usb4-backport/root/lib/modules/7.1.13-usb4-gpu-test/kernel/drivers/bluetooth/btrtl.ko
  STRIP   /home/mert/Work/omarchy-mac-external-monitor/artifacts/usb4-backport/root/lib/modules/7.1.13-usb4-gpu-test/kernel/drivers/bluetooth/btrtl.ko
  INSTALL /home/mert/Work/omarchy-mac-external-monitor/artifacts/usb4-backport/root/lib/modules/7.1.13-usb4-gpu-test/kernel/drivers/bluetooth/btqca.ko
  STRIP   /home/mert/Work/omarchy-mac-external-monitor/artifacts/usb4-backport/root/lib/modules/7.1.13-usb4-gpu-test/kernel/drivers/bluetooth/btqca.ko
  INSTALL /home/mert/Work/omarchy-mac-external-monitor/artifacts/usb4-backport/root/lib/modules/7.1.13-usb4-gpu-test/kernel/drivers/bluetooth/btrsi.ko
  STRIP   /home/mert/Work/omarchy-mac-external-monitor/artifacts/usb4-backport/root/lib/modules/7.1.13-usb4-gpu-test/kernel/drivers/bluetooth/btrsi.ko
  INSTALL /home/mert/Work/omarchy-mac-external-monitor/artifacts/usb4-backport/root/lib/modules/7.1.13-usb4-gpu-test/kernel/drivers/vhost/vhost_net.ko
  STRIP   /home/mert/Work/omarchy-mac-external-monitor/artifacts/usb4-backport/root/lib/modules/7.1.13-usb4-gpu-test/kernel/drivers/vhost/vhost_net.ko
  INSTALL /home/mert/Work/omarchy-mac-external-monitor/artifacts/usb4-backport/root/lib/modules/7.1.13-usb4-gpu-test/kernel/drivers/vhost/vhost_scsi.ko
  STRIP   /home/mert/Work/omarchy-mac-external-monitor/artifacts/usb4-backport/root/lib/modules/7.1.13-usb4-gpu-test/kernel/drivers/vhost/vhost_scsi.ko
  INSTALL /home/mert/Work/omarchy-mac-external-monitor/artifacts/usb4-backport/root/lib/modules/7.1.13-usb4-gpu-test/kernel/drivers/vhost/vhost_vsock.ko
  STRIP   /home/mert/Work/omarchy-mac-external-monitor/artifacts/usb4-backport/root/lib/modules/7.1.13-usb4-gpu-test/kernel/drivers/vhost/vhost_vsock.ko
  INSTALL /home/mert/Work/omarchy-mac-external-monitor/artifacts/usb4-backport/root/lib/modules/7.1.13-usb4-gpu-test/kernel/drivers/vhost/vhost.ko
  STRIP   /home/mert/Work/omarchy-mac-external-monitor/artifacts/usb4-backport/root/lib/modules/7.1.13-usb4-gpu-test/kernel/drivers/vhost/vhost.ko
  INSTALL /home/mert/Work/omarchy-mac-external-monitor/artifacts/usb4-backport/root/lib/modules/7.1.13-usb4-gpu-test/kernel/drivers/vhost/vhost_iotlb.ko
  STRIP   /home/mert/Work/omarchy-mac-external-monitor/artifacts/usb4-backport/root/lib/modules/7.1.13-usb4-gpu-test/kernel/drivers/vhost/vhost_iotlb.ko
  INSTALL /home/mert/Work/omarchy-mac-external-monitor/artifacts/usb4-backport/root/lib/modules/7.1.13-usb4-gpu-test/kernel/drivers/thunderbolt/thunderbolt.ko
  STRIP   /home/mert/Work/omarchy-mac-external-monitor/artifacts/usb4-backport/root/lib/modules/7.1.13-usb4-gpu-test/kernel/drivers/thunderbolt/thunderbolt.ko
  INSTALL /home/mert/Work/omarchy-mac-external-monitor/artifacts/usb4-backport/root/lib/modules/7.1.13-usb4-gpu-test/kernel/drivers/thunderbolt/thunderbolt_apple.ko
  STRIP   /home/mert/Work/omarchy-mac-external-monitor/artifacts/usb4-backport/root/lib/modules/7.1.13-usb4-gpu-test/kernel/drivers/thunderbolt/thunderbolt_apple.ko
  INSTALL /home/mert/Work/omarchy-mac-external-monitor/artifacts/usb4-backport/root/lib/modules/7.1.13-usb4-gpu-test/kernel/drivers/gnss/gnss.ko
  STRIP   /home/mert/Work/omarchy-mac-external-monitor/artifacts/usb4-backport/root/lib/modules/7.1.13-usb4-gpu-test/kernel/drivers/gnss/gnss.ko
  INSTALL /home/mert/Work/omarchy-mac-external-monitor/artifacts/usb4-backport/root/lib/modules/7.1.13-usb4-gpu-test/kernel/drivers/gnss/gnss-serial.ko
  STRIP   /home/mert/Work/omarchy-mac-external-monitor/artifacts/usb4-backport/root/lib/modules/7.1.13-usb4-gpu-test/kernel/drivers/gnss/gnss-serial.ko
  INSTALL /home/mert/Work/omarchy-mac-external-monitor/artifacts/usb4-backport/root/lib/modules/7.1.13-usb4-gpu-test/kernel/drivers/gnss/gnss-mtk.ko
  STRIP   /home/mert/Work/omarchy-mac-external-monitor/artifacts/usb4-backport/root/lib/modules/7.1.13-usb4-gpu-test/kernel/drivers/gnss/gnss-mtk.ko
  INSTALL /home/mert/Work/omarchy-mac-external-monitor/artifacts/usb4-backport/root/lib/modules/7.1.13-usb4-gpu-test/kernel/drivers/gnss/gnss-sirf.ko
  STRIP   /home/mert/Work/omarchy-mac-external-monitor/artifacts/usb4-backport/root/lib/modules/7.1.13-usb4-gpu-test/kernel/drivers/gnss/gnss-sirf.ko
  INSTALL /home/mert/Work/omarchy-mac-external-monitor/artifacts/usb4-backport/root/lib/modules/7.1.13-usb4-gpu-test/kernel/drivers/gnss/gnss-ubx.ko
  STRIP   /home/mert/Work/omarchy-mac-external-monitor/artifacts/usb4-backport/root/lib/modules/7.1.13-usb4-gpu-test/kernel/drivers/gnss/gnss-ubx.ko
  INSTALL /home/mert/Work/omarchy-mac-external-monitor/artifacts/usb4-backport/root/lib/modules/7.1.13-usb4-gpu-test/kernel/drivers/gnss/gnss-usb.ko
  STRIP   /home/mert/Work/omarchy-mac-external-monitor/artifacts/usb4-backport/root/lib/modules/7.1.13-usb4-gpu-test/kernel/drivers/gnss/gnss-usb.ko
  INSTALL /home/mert/Work/omarchy-mac-external-monitor/artifacts/usb4-backport/root/lib/modules/7.1.13-usb4-gpu-test/kernel/sound/core/oss/snd-mixer-oss.ko
  STRIP   /home/mert/Work/omarchy-mac-external-monitor/artifacts/usb4-backport/root/lib/modules/7.1.13-usb4-gpu-test/kernel/sound/core/oss/snd-mixer-oss.ko
  INSTALL /home/mert/Work/omarchy-mac-external-monitor/artifacts/usb4-backport/root/lib/modules/7.1.13-usb4-gpu-test/kernel/sound/core/oss/snd-pcm-oss.ko
  STRIP   /home/mert/Work/omarchy-mac-external-monitor/artifacts/usb4-backport/root/lib/modules/7.1.13-usb4-gpu-test/kernel/sound/core/oss/snd-pcm-oss.ko
  INSTALL /home/mert/Work/omarchy-mac-external-monitor/artifacts/usb4-backport/root/lib/modules/7.1.13-usb4-gpu-test/kernel/sound/core/snd-hwdep.ko
  STRIP   /home/mert/Work/omarchy-mac-external-monitor/artifacts/usb4-backport/root/lib/modules/7.1.13-usb4-gpu-test/kernel/sound/core/snd-hwdep.ko
  INSTALL /home/mert/Work/omarchy-mac-external-monitor/artifacts/usb4-backport/root/lib/modules/7.1.13-usb4-gpu-test/kernel/sound/core/snd-hrtimer.ko
  STRIP   /home/mert/Work/omarchy-mac-external-monitor/artifacts/usb4-backport/root/lib/modules/7.1.13-usb4-gpu-test/kernel/sound/core/snd-hrtimer.ko
  INSTALL /home/mert/Work/omarchy-mac-external-monitor/artifacts/usb4-backport/root/lib/modules/7.1.13-usb4-gpu-test/kernel/sound/core/snd-seq-device.ko
  STRIP   /home/mert/Work/omarchy-mac-external-monitor/artifacts/usb4-backport/root/lib/modules/7.1.13-usb4-gpu-test/kernel/sound/core/snd-seq-device.ko
  INSTALL /home/mert/Work/omarchy-mac-external-monitor/artifacts/usb4-backport/root/lib/modules/7.1.13-usb4-gpu-test/kernel/sound/core/snd-rawmidi.ko
  STRIP   /home/mert/Work/omarchy-mac-external-monitor/artifacts/usb4-backport/root/lib/modules/7.1.13-usb4-gpu-test/kernel/sound/core/snd-rawmidi.ko
  INSTALL /home/mert/Work/omarchy-mac-external-monitor/artifacts/usb4-backport/root/lib/modules/7.1.13-usb4-gpu-test/kernel/sound/core/seq/snd-seq.ko
  STRIP   /home/mert/Work/omarchy-mac-external-monitor/artifacts/usb4-backport/root/lib/modules/7.1.13-usb4-gpu-test/kernel/sound/core/seq/snd-seq.ko
  INSTALL /home/mert/Work/omarchy-mac-external-monitor/artifacts/usb4-backport/root/lib/modules/7.1.13-usb4-gpu-test/kernel/sound/core/seq/oss/snd-seq-oss.ko
  STRIP   /home/mert/Work/omarchy-mac-external-monitor/artifacts/usb4-backport/root/lib/modules/7.1.13-usb4-gpu-test/kernel/sound/core/seq/oss/snd-seq-oss.ko
  INSTALL /home/mert/Work/omarchy-mac-external-monitor/artifacts/usb4-backport/root/lib/modules/7.1.13-usb4-gpu-test/kernel/sound/core/seq/snd-seq-dummy.ko
  STRIP   /home/mert/Work/omarchy-mac-external-monitor/artifacts/usb4-backport/root/lib/modules/7.1.13-usb4-gpu-test/kernel/sound/core/seq/snd-seq-dummy.ko
  INSTALL /home/mert/Work/omarchy-mac-external-monitor/artifacts/usb4-backport/root/lib/modules/7.1.13-usb4-gpu-test/kernel/sound/core/seq/snd-seq-midi.ko
  STRIP   /home/mert/Work/omarchy-mac-external-monitor/artifacts/usb4-backport/root/lib/modules/7.1.13-usb4-gpu-test/kernel/sound/core/seq/snd-seq-midi.ko
  INSTALL /home/mert/Work/omarchy-mac-external-monitor/artifacts/usb4-backport/root/lib/modules/7.1.13-usb4-gpu-test/kernel/sound/core/seq/snd-seq-midi-event.ko
  STRIP   /home/mert/Work/omarchy-mac-external-monitor/artifacts/usb4-backport/root/lib/modules/7.1.13-usb4-gpu-test/kernel/sound/core/seq/snd-seq-midi-event.ko
  INSTALL /home/mert/Work/omarchy-mac-external-monitor/artifacts/usb4-backport/root/lib/modules/7.1.13-usb4-gpu-test/kernel/sound/core/seq/snd-seq-virmidi.ko
  STRIP   /home/mert/Work/omarchy-mac-external-monitor/artifacts/usb4-backport/root/lib/modules/7.1.13-usb4-gpu-test/kernel/sound/core/seq/snd-seq-virmidi.ko
  INSTALL /home/mert/Work/omarchy-mac-external-monitor/artifacts/usb4-backport/root/lib/modules/7.1.13-usb4-gpu-test/kernel/sound/drivers/mpu401/snd-mpu401-uart.ko
  STRIP   /home/mert/Work/omarchy-mac-external-monitor/artifacts/usb4-backport/root/lib/modules/7.1.13-usb4-gpu-test/kernel/sound/drivers/mpu401/snd-mpu401-uart.ko
  INSTALL /home/mert/Work/omarchy-mac-external-monitor/artifacts/usb4-backport/root/lib/modules/7.1.13-usb4-gpu-test/kernel/sound/drivers/mpu401/snd-mpu401.ko
  STRIP   /home/mert/Work/omarchy-mac-external-monitor/artifacts/usb4-backport/root/lib/modules/7.1.13-usb4-gpu-test/kernel/sound/drivers/mpu401/snd-mpu401.ko
  INSTALL /home/mert/Work/omarchy-mac-external-monitor/artifacts/usb4-backport/root/lib/modules/7.1.13-usb4-gpu-test/kernel/sound/drivers/snd-dummy.ko
  STRIP   /home/mert/Work/omarchy-mac-external-monitor/artifacts/usb4-backport/root/lib/modules/7.1.13-usb4-gpu-test/kernel/sound/drivers/snd-dummy.ko
  INSTALL /home/mert/Work/omarchy-mac-external-monitor/artifacts/usb4-backport/root/lib/modules/7.1.13-usb4-gpu-test/kernel/sound/drivers/snd-aloop.ko
  STRIP   /home/mert/Work/omarchy-mac-external-monitor/artifacts/usb4-backport/root/lib/modules/7.1.13-usb4-gpu-test/kernel/sound/drivers/snd-aloop.ko
  INSTALL /home/mert/Work/omarchy-mac-external-monitor/artifacts/usb4-backport/root/lib/modules/7.1.13-usb4-gpu-test/kernel/sound/drivers/snd-virmidi.ko
  STRIP   /home/mert/Work/omarchy-mac-external-monitor/artifacts/usb4-backport/root/lib/modules/7.1.13-usb4-gpu-test/kernel/sound/drivers/snd-virmidi.ko
  INSTALL /home/mert/Work/omarchy-mac-external-monitor/artifacts/usb4-backport/root/lib/modules/7.1.13-usb4-gpu-test/kernel/sound/drivers/snd-serial-u16550.ko
  STRIP   /home/mert/Work/omarchy-mac-external-monitor/artifacts/usb4-backport/root/lib/modules/7.1.13-usb4-gpu-test/kernel/sound/drivers/snd-serial-u16550.ko
  INSTALL /home/mert/Work/omarchy-mac-external-monitor/artifacts/usb4-backport/root/lib/modules/7.1.13-usb4-gpu-test/kernel/sound/drivers/snd-mtpav.ko
  STRIP   /home/mert/Work/omarchy-mac-external-monitor/artifacts/usb4-backport/root/lib/modules/7.1.13-usb4-gpu-test/kernel/sound/drivers/snd-mtpav.ko
  INSTALL /home/mert/Work/omarchy-mac-external-monitor/artifacts/usb4-backport/root/lib/modules/7.1.13-usb4-gpu-test/kernel/sound/usb/misc/snd-ua101.ko
  STRIP   /home/mert/Work/omarchy-mac-external-monitor/artifacts/usb4-backport/root/lib/modules/7.1.13-usb4-gpu-test/kernel/sound/usb/misc/snd-ua101.ko
  INSTALL /home/mert/Work/omarchy-mac-external-monitor/artifacts/usb4-backport/root/lib/modules/7.1.13-usb4-gpu-test/kernel/sound/usb/caiaq/snd-usb-caiaq.ko
  STRIP   /home/mert/Work/omarchy-mac-external-monitor/artifacts/usb4-backport/root/lib/modules/7.1.13-usb4-gpu-test/kernel/sound/usb/caiaq/snd-usb-caiaq.ko
  INSTALL /home/mert/Work/omarchy-mac-external-monitor/artifacts/usb4-backport/root/lib/modules/7.1.13-usb4-gpu-test/kernel/sound/usb/6fire/snd-usb-6fire.ko
  STRIP   /home/mert/Work/omarchy-mac-external-monitor/artifacts/usb4-backport/root/lib/modules/7.1.13-usb4-gpu-test/kernel/sound/usb/6fire/snd-usb-6fire.ko
  INSTALL /home/mert/Work/omarchy-mac-external-monitor/artifacts/usb4-backport/root/lib/modules/7.1.13-usb4-gpu-test/kernel/sound/usb/hiface/snd-usb-hiface.ko
  STRIP   /home/mert/Work/omarchy-mac-external-monitor/artifacts/usb4-backport/root/lib/modules/7.1.13-usb4-gpu-test/kernel/sound/usb/hiface/snd-usb-hiface.ko
  INSTALL /home/mert/Work/omarchy-mac-external-monitor/artifacts/usb4-backport/root/lib/modules/7.1.13-usb4-gpu-test/kernel/sound/usb/snd-usb-audio.ko
  STRIP   /home/mert/Work/omarchy-mac-external-monitor/artifacts/usb4-backport/root/lib/modules/7.1.13-usb4-gpu-test/kernel/sound/usb/snd-usb-audio.ko
  INSTALL /home/mert/Work/omarchy-mac-external-monitor/artifacts/usb4-backport/root/lib/modules/7.1.13-usb4-gpu-test/kernel/sound/usb/snd-usbmidi-lib.ko
  STRIP   /home/mert/Work/omarchy-mac-external-monitor/artifacts/usb4-backport/root/lib/modules/7.1.13-usb4-gpu-test/kernel/sound/usb/snd-usbmidi-lib.ko
  INSTALL /home/mert/Work/omarchy-mac-external-monitor/artifacts/usb4-backport/root/lib/modules/7.1.13-usb4-gpu-test/kernel/sound/usb/line6/snd-usb-line6.ko
  STRIP   /home/mert/Work/omarchy-mac-external-monitor/artifacts/usb4-backport/root/lib/modules/7.1.13-usb4-gpu-test/kernel/sound/usb/line6/snd-usb-line6.ko
  INSTALL /home/mert/Work/omarchy-mac-external-monitor/artifacts/usb4-backport/root/lib/modules/7.1.13-usb4-gpu-test/kernel/sound/usb/line6/snd-usb-pod.ko
  STRIP   /home/mert/Work/omarchy-mac-external-monitor/artifacts/usb4-backport/root/lib/modules/7.1.13-usb4-gpu-test/kernel/sound/usb/line6/snd-usb-pod.ko
  INSTALL /home/mert/Work/omarchy-mac-external-monitor/artifacts/usb4-backport/root/lib/modules/7.1.13-usb4-gpu-test/kernel/sound/usb/line6/snd-usb-podhd.ko
  STRIP   /home/mert/Work/omarchy-mac-external-monitor/artifacts/usb4-backport/root/lib/modules/7.1.13-usb4-gpu-test/kernel/sound/usb/line6/snd-usb-podhd.ko
  INSTALL /home/mert/Work/omarchy-mac-external-monitor/artifacts/usb4-backport/root/lib/modules/7.1.13-usb4-gpu-test/kernel/sound/usb/line6/snd-usb-toneport.ko
  STRIP   /home/mert/Work/omarchy-mac-external-monitor/artifacts/usb4-backport/root/lib/modules/7.1.13-usb4-gpu-test/kernel/sound/usb/line6/snd-usb-toneport.ko
  INSTALL /home/mert/Work/omarchy-mac-external-monitor/artifacts/usb4-backport/root/lib/modules/7.1.13-usb4-gpu-test/kernel/sound/usb/line6/snd-usb-variax.ko
  STRIP   /home/mert/Work/omarchy-mac-external-monitor/artifacts/usb4-backport/root/lib/modules/7.1.13-usb4-gpu-test/kernel/sound/usb/line6/snd-usb-variax.ko
  INSTALL /home/mert/Work/omarchy-mac-external-monitor/artifacts/usb4-backport/root/lib/modules/7.1.13-usb4-gpu-test/kernel/sound/soc/codecs/snd-soc-bt-sco.ko
  STRIP   /home/mert/Work/omarchy-mac-external-monitor/artifacts/usb4-backport/root/lib/modules/7.1.13-usb4-gpu-test/kernel/sound/soc/codecs/snd-soc-bt-sco.ko
  INSTALL /home/mert/Work/omarchy-mac-external-monitor/artifacts/usb4-backport/root/lib/modules/7.1.13-usb4-gpu-test/kernel/sound/soc/codecs/snd-soc-cs35l32.ko
  STRIP   /home/mert/Work/omarchy-mac-external-monitor/artifacts/usb4-backport/root/lib/modules/7.1.13-usb4-gpu-test/kernel/sound/soc/codecs/snd-soc-cs35l32.ko
  INSTALL /home/mert/Work/omarchy-mac-external-monitor/artifacts/usb4-backport/root/lib/modules/7.1.13-usb4-gpu-test/kernel/sound/soc/codecs/snd-soc-cs35l33.ko
  STRIP   /home/mert/Work/omarchy-mac-external-monitor/artifacts/usb4-backport/root/lib/modules/7.1.13-usb4-gpu-test/kernel/sound/soc/codecs/snd-soc-cs35l33.ko
  INSTALL /home/mert/Work/omarchy-mac-external-monitor/artifacts/usb4-backport/root/lib/modules/7.1.13-usb4-gpu-test/kernel/sound/soc/codecs/snd-soc-cs35l34.ko
  STRIP   /home/mert/Work/omarchy-mac-external-monitor/artifacts/usb4-backport/root/lib/modules/7.1.13-usb4-gpu-test/kernel/sound/soc/codecs/snd-soc-cs35l34.ko
  INSTALL /home/mert/Work/omarchy-mac-external-monitor/artifacts/usb4-backport/root/lib/modules/7.1.13-usb4-gpu-test/kernel/sound/soc/codecs/snd-soc-cs35l35.ko
  STRIP   /home/mert/Work/omarchy-mac-external-monitor/artifacts/usb4-backport/root/lib/modules/7.1.13-usb4-gpu-test/kernel/sound/soc/codecs/snd-soc-cs35l35.ko
  INSTALL /home/mert/Work/omarchy-mac-external-monitor/artifacts/usb4-backport/root/lib/modules/7.1.13-usb4-gpu-test/kernel/sound/soc/codecs/snd-soc-cs35l36.ko
  STRIP   /home/mert/Work/omarchy-mac-external-monitor/artifacts/usb4-backport/root/lib/modules/7.1.13-usb4-gpu-test/kernel/sound/soc/codecs/snd-soc-cs35l36.ko
  INSTALL /home/mert/Work/omarchy-mac-external-monitor/artifacts/usb4-backport/root/lib/modules/7.1.13-usb4-gpu-test/kernel/sound/soc/codecs/snd-soc-cs35l41.ko
  STRIP   /home/mert/Work/omarchy-mac-external-monitor/artifacts/usb4-backport/root/lib/modules/7.1.13-usb4-gpu-test/kernel/sound/soc/codecs/snd-soc-cs35l41.ko
  INSTALL /home/mert/Work/omarchy-mac-external-monitor/artifacts/usb4-backport/root/lib/modules/7.1.13-usb4-gpu-test/kernel/sound/soc/codecs/snd-soc-cs35l41-lib.ko
  STRIP   /home/mert/Work/omarchy-mac-external-monitor/artifacts/usb4-backport/root/lib/modules/7.1.13-usb4-gpu-test/kernel/sound/soc/codecs/snd-soc-cs35l41-lib.ko
  INSTALL /home/mert/Work/omarchy-mac-external-monitor/artifacts/usb4-backport/root/lib/modules/7.1.13-usb4-gpu-test/kernel/sound/soc/codecs/snd-soc-cs35l41-spi.ko
  STRIP   /home/mert/Work/omarchy-mac-external-monitor/artifacts/usb4-backport/root/lib/modules/7.1.13-usb4-gpu-test/kernel/sound/soc/codecs/snd-soc-cs35l41-spi.ko
  INSTALL /home/mert/Work/omarchy-mac-external-monitor/artifacts/usb4-backport/root/lib/modules/7.1.13-usb4-gpu-test/kernel/sound/soc/codecs/snd-soc-cs35l41-i2c.ko
  STRIP   /home/mert/Work/omarchy-mac-external-monitor/artifacts/usb4-backport/root/lib/modules/7.1.13-usb4-gpu-test/kernel/sound/soc/codecs/snd-soc-cs35l41-i2c.ko
  INSTALL /home/mert/Work/omarchy-mac-external-monitor/artifacts/usb4-backport/root/lib/modules/7.1.13-usb4-gpu-test/kernel/sound/soc/codecs/snd-soc-cs35l45.ko
  STRIP   /home/mert/Work/omarchy-mac-external-monitor/artifacts/usb4-backport/root/lib/modules/7.1.13-usb4-gpu-test/kernel/sound/soc/codecs/snd-soc-cs35l45.ko
  INSTALL /home/mert/Work/omarchy-mac-external-monitor/artifacts/usb4-backport/root/lib/modules/7.1.13-usb4-gpu-test/kernel/sound/soc/codecs/snd-soc-cs35l45-spi.ko
  STRIP   /home/mert/Work/omarchy-mac-external-monitor/artifacts/usb4-backport/root/lib/modules/7.1.13-usb4-gpu-test/kernel/sound/soc/codecs/snd-soc-cs35l45-spi.ko
  INSTALL /home/mert/Work/omarchy-mac-external-monitor/artifacts/usb4-backport/root/lib/modules/7.1.13-usb4-gpu-test/kernel/sound/soc/codecs/snd-soc-cs35l45-i2c.ko
  STRIP   /home/mert/Work/omarchy-mac-external-monitor/artifacts/usb4-backport/root/lib/modules/7.1.13-usb4-gpu-test/kernel/sound/soc/codecs/snd-soc-cs35l45-i2c.ko
  INSTALL /home/mert/Work/omarchy-mac-external-monitor/artifacts/usb4-backport/root/lib/modules/7.1.13-usb4-gpu-test/kernel/sound/soc/codecs/snd-soc-cs42l42.ko
  STRIP   /home/mert/Work/omarchy-mac-external-monitor/artifacts/usb4-backport/root/lib/modules/7.1.13-usb4-gpu-test/kernel/sound/soc/codecs/snd-soc-cs42l42.ko
  INSTALL /home/mert/Work/omarchy-mac-external-monitor/artifacts/usb4-backport/root/lib/modules/7.1.13-usb4-gpu-test/kernel/sound/soc/codecs/snd-soc-cs42l42-i2c.ko
  STRIP   /home/mert/Work/omarchy-mac-external-monitor/artifacts/usb4-backport/root/lib/modules/7.1.13-usb4-gpu-test/kernel/sound/soc/codecs/snd-soc-cs42l42-i2c.ko
  INSTALL /home/mert/Work/omarchy-mac-external-monitor/artifacts/usb4-backport/root/lib/modules/7.1.13-usb4-gpu-test/kernel/sound/soc/codecs/snd-soc-cs42l51.ko
  STRIP   /home/mert/Work/omarchy-mac-external-monitor/artifacts/usb4-backport/root/lib/modules/7.1.13-usb4-gpu-test/kernel/sound/soc/codecs/snd-soc-cs42l51.ko
  INSTALL /home/mert/Work/omarchy-mac-external-monitor/artifacts/usb4-backport/root/lib/modules/7.1.13-usb4-gpu-test/kernel/sound/soc/codecs/snd-soc-cs42l51-i2c.ko
  STRIP   /home/mert/Work/omarchy-mac-external-monitor/artifacts/usb4-backport/root/lib/modules/7.1.13-usb4-gpu-test/kernel/sound/soc/codecs/snd-soc-cs42l51-i2c.ko
  INSTALL /home/mert/Work/omarchy-mac-external-monitor/artifacts/usb4-backport/root/lib/modules/7.1.13-usb4-gpu-test/kernel/sound/soc/codecs/snd-soc-cs42l52.ko
  STRIP   /home/mert/Work/omarchy-mac-external-monitor/artifacts/usb4-backport/root/lib/modules/7.1.13-usb4-gpu-test/kernel/sound/soc/codecs/snd-soc-cs42l52.ko
  INSTALL /home/mert/Work/omarchy-mac-external-monitor/artifacts/usb4-backport/root/lib/modules/7.1.13-usb4-gpu-test/kernel/sound/soc/codecs/snd-soc-cs42l56.ko
  STRIP   /home/mert/Work/omarchy-mac-external-monitor/artifacts/usb4-backport/root/lib/modules/7.1.13-usb4-gpu-test/kernel/sound/soc/codecs/snd-soc-cs42l56.ko
  INSTALL /home/mert/Work/omarchy-mac-external-monitor/artifacts/usb4-backport/root/lib/modules/7.1.13-usb4-gpu-test/kernel/sound/soc/codecs/snd-soc-cs42l73.ko
  STRIP   /home/mert/Work/omarchy-mac-external-monitor/artifacts/usb4-backport/root/lib/modules/7.1.13-usb4-gpu-test/kernel/sound/soc/codecs/snd-soc-cs42l73.ko
  INSTALL /home/mert/Work/omarchy-mac-external-monitor/artifacts/usb4-backport/root/lib/modules/7.1.13-usb4-gpu-test/kernel/sound/soc/codecs/snd-soc-cs42l83-i2c.ko
  STRIP   /home/mert/Work/omarchy-mac-external-monitor/artifacts/usb4-backport/root/lib/modules/7.1.13-usb4-gpu-test/kernel/sound/soc/codecs/snd-soc-cs42l83-i2c.ko
  INSTALL /home/mert/Work/omarchy-mac-external-monitor/artifacts/usb4-backport/root/lib/modules/7.1.13-usb4-gpu-test/kernel/sound/soc/codecs/snd-soc-cs42l84.ko
  STRIP   /home/mert/Work/omarchy-mac-external-monitor/artifacts/usb4-backport/root/lib/modules/7.1.13-usb4-gpu-test/kernel/sound/soc/codecs/snd-soc-cs42l84.ko
  INSTALL /home/mert/Work/omarchy-mac-external-monitor/artifacts/usb4-backport/root/lib/modules/7.1.13-usb4-gpu-test/kernel/sound/soc/codecs/snd-soc-cs4234.ko
  STRIP   /home/mert/Work/omarchy-mac-external-monitor/artifacts/usb4-backport/root/lib/modules/7.1.13-usb4-gpu-test/kernel/sound/soc/codecs/snd-soc-cs4234.ko
  INSTALL /home/mert/Work/omarchy-mac-external-monitor/artifacts/usb4-backport/root/lib/modules/7.1.13-usb4-gpu-test/kernel/sound/soc/codecs/snd-soc-cs4265.ko
  STRIP   /home/mert/Work/omarchy-mac-external-monitor/artifacts/usb4-backport/root/lib/modules/7.1.13-usb4-gpu-test/kernel/sound/soc/codecs/snd-soc-cs4265.ko
  INSTALL /home/mert/Work/omarchy-mac-external-monitor/artifacts/usb4-backport/root/lib/modules/7.1.13-usb4-gpu-test/kernel/sound/soc/codecs/snd-soc-cs4270.ko
  STRIP   /home/mert/Work/omarchy-mac-external-monitor/artifacts/usb4-backport/root/lib/modules/7.1.13-usb4-gpu-test/kernel/sound/soc/codecs/snd-soc-cs4270.ko
  INSTALL /home/mert/Work/omarchy-mac-external-monitor/artifacts/usb4-backport/root/lib/modules/7.1.13-usb4-gpu-test/kernel/sound/soc/codecs/snd-soc-cs4271.ko
  STRIP   /home/mert/Work/omarchy-mac-external-monitor/artifacts/usb4-backport/root/lib/modules/7.1.13-usb4-gpu-test/kernel/sound/soc/codecs/snd-soc-cs4271.ko
  INSTALL /home/mert/Work/omarchy-mac-external-monitor/artifacts/usb4-backport/root/lib/modules/7.1.13-usb4-gpu-test/kernel/sound/soc/codecs/snd-soc-cs4271-i2c.ko
  STRIP   /home/mert/Work/omarchy-mac-external-monitor/artifacts/usb4-backport/root/lib/modules/7.1.13-usb4-gpu-test/kernel/sound/soc/codecs/snd-soc-cs4271-i2c.ko
  INSTALL /home/mert/Work/omarchy-mac-external-monitor/artifacts/usb4-backport/root/lib/modules/7.1.13-usb4-gpu-test/kernel/sound/soc/codecs/snd-soc-cs4271-spi.ko
  STRIP   /home/mert/Work/omarchy-mac-external-monitor/artifacts/usb4-backport/root/lib/modules/7.1.13-usb4-gpu-test/kernel/sound/soc/codecs/snd-soc-cs4271-spi.ko
  INSTALL /home/mert/Work/omarchy-mac-external-monitor/artifacts/usb4-backport/root/lib/modules/7.1.13-usb4-gpu-test/kernel/sound/soc/codecs/snd-soc-cs42xx8.ko
  STRIP   /home/mert/Work/omarchy-mac-external-monitor/artifacts/usb4-backport/root/lib/modules/7.1.13-usb4-gpu-test/kernel/sound/soc/codecs/snd-soc-cs42xx8.ko
  INSTALL /home/mert/Work/omarchy-mac-external-monitor/artifacts/usb4-backport/root/lib/modules/7.1.13-usb4-gpu-test/kernel/sound/soc/codecs/snd-soc-cs42xx8-i2c.ko
  STRIP   /home/mert/Work/omarchy-mac-external-monitor/artifacts/usb4-backport/root/lib/modules/7.1.13-usb4-gpu-test/kernel/sound/soc/codecs/snd-soc-cs42xx8-i2c.ko
  INSTALL /home/mert/Work/omarchy-mac-external-monitor/artifacts/usb4-backport/root/lib/modules/7.1.13-usb4-gpu-test/kernel/sound/soc/codecs/snd-soc-cs43130.ko
  STRIP   /home/mert/Work/omarchy-mac-external-monitor/artifacts/usb4-backport/root/lib/modules/7.1.13-usb4-gpu-test/kernel/sound/soc/codecs/snd-soc-cs43130.ko
  INSTALL /home/mert/Work/omarchy-mac-external-monitor/artifacts/usb4-backport/root/lib/modules/7.1.13-usb4-gpu-test/kernel/sound/soc/codecs/snd-soc-cs4341.ko
  STRIP   /home/mert/Work/omarchy-mac-external-monitor/artifacts/usb4-backport/root/lib/modules/7.1.13-usb4-gpu-test/kernel/sound/soc/codecs/snd-soc-cs4341.ko
  INSTALL /home/mert/Work/omarchy-mac-external-monitor/artifacts/usb4-backport/root/lib/modules/7.1.13-usb4-gpu-test/kernel/sound/soc/codecs/snd-soc-cs4349.ko
  STRIP   /home/mert/Work/omarchy-mac-external-monitor/artifacts/usb4-backport/root/lib/modules/7.1.13-usb4-gpu-test/kernel/sound/soc/codecs/snd-soc-cs4349.ko
  INSTALL /home/mert/Work/omarchy-mac-external-monitor/artifacts/usb4-backport/root/lib/modules/7.1.13-usb4-gpu-test/kernel/sound/soc/codecs/snd-soc-cs53l30.ko
  STRIP   /home/mert/Work/omarchy-mac-external-monitor/artifacts/usb4-backport/root/lib/modules/7.1.13-usb4-gpu-test/kernel/sound/soc/codecs/snd-soc-cs53l30.ko
  INSTALL /home/mert/Work/omarchy-mac-external-monitor/artifacts/usb4-backport/root/lib/modules/7.1.13-usb4-gpu-test/kernel/sound/soc/codecs/snd-soc-tas2552.ko
  STRIP   /home/mert/Work/omarchy-mac-external-monitor/artifacts/usb4-backport/root/lib/modules/7.1.13-usb4-gpu-test/kernel/sound/soc/codecs/snd-soc-tas2552.ko
  INSTALL /home/mert/Work/omarchy-mac-external-monitor/artifacts/usb4-backport/root/lib/modules/7.1.13-usb4-gpu-test/kernel/sound/soc/codecs/snd-soc-tas2562.ko
  STRIP   /home/mert/Work/omarchy-mac-external-monitor/artifacts/usb4-backport/root/lib/modules/7.1.13-usb4-gpu-test/kernel/sound/soc/codecs/snd-soc-tas2562.ko
  INSTALL /home/mert/Work/omarchy-mac-external-monitor/artifacts/usb4-backport/root/lib/modules/7.1.13-usb4-gpu-test/kernel/sound/soc/codecs/snd-soc-tas2764.ko
  STRIP   /home/mert/Work/omarchy-mac-external-monitor/artifacts/usb4-backport/root/lib/modules/7.1.13-usb4-gpu-test/kernel/sound/soc/codecs/snd-soc-tas2764.ko
  INSTALL /home/mert/Work/omarchy-mac-external-monitor/artifacts/usb4-backport/root/lib/modules/7.1.13-usb4-gpu-test/kernel/sound/soc/codecs/snd-soc-tas2780.ko
  STRIP   /home/mert/Work/omarchy-mac-external-monitor/artifacts/usb4-backport/root/lib/modules/7.1.13-usb4-gpu-test/kernel/sound/soc/codecs/snd-soc-tas2780.ko
  INSTALL /home/mert/Work/omarchy-mac-external-monitor/artifacts/usb4-backport/root/lib/modules/7.1.13-usb4-gpu-test/kernel/sound/soc/codecs/snd-soc-tas5086.ko
  STRIP   /home/mert/Work/omarchy-mac-external-monitor/artifacts/usb4-backport/root/lib/modules/7.1.13-usb4-gpu-test/kernel/sound/soc/codecs/snd-soc-tas5086.ko
  INSTALL /home/mert/Work/omarchy-mac-external-monitor/artifacts/usb4-backport/root/lib/modules/7.1.13-usb4-gpu-test/kernel/sound/soc/codecs/snd-soc-tas571x.ko
  STRIP   /home/mert/Work/omarchy-mac-external-monitor/artifacts/usb4-backport/root/lib/modules/7.1.13-usb4-gpu-test/kernel/sound/soc/codecs/snd-soc-tas571x.ko
  INSTALL /home/mert/Work/omarchy-mac-external-monitor/artifacts/usb4-backport/root/lib/modules/7.1.13-usb4-gpu-test/kernel/sound/soc/codecs/snd-soc-tas5720.ko
  STRIP   /home/mert/Work/omarchy-mac-external-monitor/artifacts/usb4-backport/root/lib/modules/7.1.13-usb4-gpu-test/kernel/sound/soc/codecs/snd-soc-tas5720.ko
  INSTALL /home/mert/Work/omarchy-mac-external-monitor/artifacts/usb4-backport/root/lib/modules/7.1.13-usb4-gpu-test/kernel/sound/soc/codecs/snd-soc-tas5805m.ko
  STRIP   /home/mert/Work/omarchy-mac-external-monitor/artifacts/usb4-backport/root/lib/modules/7.1.13-usb4-gpu-test/kernel/sound/soc/codecs/snd-soc-tas5805m.ko
  INSTALL /home/mert/Work/omarchy-mac-external-monitor/artifacts/usb4-backport/root/lib/modules/7.1.13-usb4-gpu-test/kernel/sound/soc/codecs/snd-soc-tas6424.ko
  STRIP   /home/mert/Work/omarchy-mac-external-monitor/artifacts/usb4-backport/root/lib/modules/7.1.13-usb4-gpu-test/kernel/sound/soc/codecs/snd-soc-tas6424.ko
  INSTALL /home/mert/Work/omarchy-mac-external-monitor/artifacts/usb4-backport/root/lib/modules/7.1.13-usb4-gpu-test/kernel/sound/soc/codecs/snd-soc-tas2770.ko
  STRIP   /home/mert/Work/omarchy-mac-external-monitor/artifacts/usb4-backport/root/lib/modules/7.1.13-usb4-gpu-test/kernel/sound/soc/codecs/snd-soc-tas2770.ko
  INSTALL /home/mert/Work/omarchy-mac-external-monitor/artifacts/usb4-backport/root/lib/modules/7.1.13-usb4-gpu-test/kernel/sound/soc/codecs/snd-soc-wm-adsp.ko
  STRIP   /home/mert/Work/omarchy-mac-external-monitor/artifacts/usb4-backport/root/lib/modules/7.1.13-usb4-gpu-test/kernel/sound/soc/codecs/snd-soc-wm-adsp.ko
  INSTALL /home/mert/Work/omarchy-mac-external-monitor/artifacts/usb4-backport/root/lib/modules/7.1.13-usb4-gpu-test/kernel/sound/soc/generic/snd-soc-simple-card-utils.ko
  STRIP   /home/mert/Work/omarchy-mac-external-monitor/artifacts/usb4-backport/root/lib/modules/7.1.13-usb4-gpu-test/kernel/sound/soc/generic/snd-soc-simple-card-utils.ko
  INSTALL /home/mert/Work/omarchy-mac-external-monitor/artifacts/usb4-backport/root/lib/modules/7.1.13-usb4-gpu-test/kernel/sound/soc/generic/snd-soc-simple-card.ko
  STRIP   /home/mert/Work/omarchy-mac-external-monitor/artifacts/usb4-backport/root/lib/modules/7.1.13-usb4-gpu-test/kernel/sound/soc/generic/snd-soc-simple-card.ko
  INSTALL /home/mert/Work/omarchy-mac-external-monitor/artifacts/usb4-backport/root/lib/modules/7.1.13-usb4-gpu-test/kernel/sound/soc/generic/snd-soc-audio-graph-card.ko
  STRIP   /home/mert/Work/omarchy-mac-external-monitor/artifacts/usb4-backport/root/lib/modules/7.1.13-usb4-gpu-test/kernel/sound/soc/generic/snd-soc-audio-graph-card.ko
  INSTALL /home/mert/Work/omarchy-mac-external-monitor/artifacts/usb4-backport/root/lib/modules/7.1.13-usb4-gpu-test/kernel/sound/soc/generic/snd-soc-audio-graph-card2.ko
  STRIP   /home/mert/Work/omarchy-mac-external-monitor/artifacts/usb4-backport/root/lib/modules/7.1.13-usb4-gpu-test/kernel/sound/soc/generic/snd-soc-audio-graph-card2.ko
  INSTALL /home/mert/Work/omarchy-mac-external-monitor/artifacts/usb4-backport/root/lib/modules/7.1.13-usb4-gpu-test/kernel/sound/soc/apple/snd-soc-aop.ko
  STRIP   /home/mert/Work/omarchy-mac-external-monitor/artifacts/usb4-backport/root/lib/modules/7.1.13-usb4-gpu-test/kernel/sound/soc/apple/snd-soc-aop.ko
  INSTALL /home/mert/Work/omarchy-mac-external-monitor/artifacts/usb4-backport/root/lib/modules/7.1.13-usb4-gpu-test/kernel/sound/soc/apple/snd-soc-apple-mca.ko
  STRIP   /home/mert/Work/omarchy-mac-external-monitor/artifacts/usb4-backport/root/lib/modules/7.1.13-usb4-gpu-test/kernel/sound/soc/apple/snd-soc-apple-mca.ko
  INSTALL /home/mert/Work/omarchy-mac-external-monitor/artifacts/usb4-backport/root/lib/modules/7.1.13-usb4-gpu-test/kernel/sound/soc/apple/snd-soc-macaudio.ko
  STRIP   /home/mert/Work/omarchy-mac-external-monitor/artifacts/usb4-backport/root/lib/modules/7.1.13-usb4-gpu-test/kernel/sound/soc/apple/snd-soc-macaudio.ko
  INSTALL /home/mert/Work/omarchy-mac-external-monitor/artifacts/usb4-backport/root/lib/modules/7.1.13-usb4-gpu-test/kernel/sound/soc/fsl/snd-soc-fsl-audmix.ko
  STRIP   /home/mert/Work/omarchy-mac-external-monitor/artifacts/usb4-backport/root/lib/modules/7.1.13-usb4-gpu-test/kernel/sound/soc/fsl/snd-soc-fsl-audmix.ko
  INSTALL /home/mert/Work/omarchy-mac-external-monitor/artifacts/usb4-backport/root/lib/modules/7.1.13-usb4-gpu-test/kernel/sound/soc/fsl/snd-soc-fsl-asrc.ko
  STRIP   /home/mert/Work/omarchy-mac-external-monitor/artifacts/usb4-backport/root/lib/modules/7.1.13-usb4-gpu-test/kernel/sound/soc/fsl/snd-soc-fsl-asrc.ko
  INSTALL /home/mert/Work/omarchy-mac-external-monitor/artifacts/usb4-backport/root/lib/modules/7.1.13-usb4-gpu-test/kernel/sound/soc/fsl/snd-soc-fsl-sai.ko
  STRIP   /home/mert/Work/omarchy-mac-external-monitor/artifacts/usb4-backport/root/lib/modules/7.1.13-usb4-gpu-test/kernel/sound/soc/fsl/snd-soc-fsl-sai.ko
  INSTALL /home/mert/Work/omarchy-mac-external-monitor/artifacts/usb4-backport/root/lib/modules/7.1.13-usb4-gpu-test/kernel/sound/soc/fsl/snd-soc-fsl-ssi.ko
  STRIP   /home/mert/Work/omarchy-mac-external-monitor/artifacts/usb4-backport/root/lib/modules/7.1.13-usb4-gpu-test/kernel/sound/soc/fsl/snd-soc-fsl-ssi.ko
  INSTALL /home/mert/Work/omarchy-mac-external-monitor/artifacts/usb4-backport/root/lib/modules/7.1.13-usb4-gpu-test/kernel/sound/soc/fsl/snd-soc-fsl-spdif.ko
  STRIP   /home/mert/Work/omarchy-mac-external-monitor/artifacts/usb4-backport/root/lib/modules/7.1.13-usb4-gpu-test/kernel/sound/soc/fsl/snd-soc-fsl-spdif.ko
  INSTALL /home/mert/Work/omarchy-mac-external-monitor/artifacts/usb4-backport/root/lib/modules/7.1.13-usb4-gpu-test/kernel/sound/soc/fsl/snd-soc-fsl-esai.ko
  STRIP   /home/mert/Work/omarchy-mac-external-monitor/artifacts/usb4-backport/root/lib/modules/7.1.13-usb4-gpu-test/kernel/sound/soc/fsl/snd-soc-fsl-esai.ko
  INSTALL /home/mert/Work/omarchy-mac-external-monitor/artifacts/usb4-backport/root/lib/modules/7.1.13-usb4-gpu-test/kernel/sound/soc/fsl/snd-soc-fsl-micfil.ko
  STRIP   /home/mert/Work/omarchy-mac-external-monitor/artifacts/usb4-backport/root/lib/modules/7.1.13-usb4-gpu-test/kernel/sound/soc/fsl/snd-soc-fsl-micfil.ko
  INSTALL /home/mert/Work/omarchy-mac-external-monitor/artifacts/usb4-backport/root/lib/modules/7.1.13-usb4-gpu-test/kernel/sound/soc/fsl/snd-soc-fsl-utils.ko
  STRIP   /home/mert/Work/omarchy-mac-external-monitor/artifacts/usb4-backport/root/lib/modules/7.1.13-usb4-gpu-test/kernel/sound/soc/fsl/snd-soc-fsl-utils.ko
  INSTALL /home/mert/Work/omarchy-mac-external-monitor/artifacts/usb4-backport/root/lib/modules/7.1.13-usb4-gpu-test/kernel/sound/soc/fsl/snd-soc-fsl-easrc.ko
  STRIP   /home/mert/Work/omarchy-mac-external-monitor/artifacts/usb4-backport/root/lib/modules/7.1.13-usb4-gpu-test/kernel/sound/soc/fsl/snd-soc-fsl-easrc.ko
  INSTALL /home/mert/Work/omarchy-mac-external-monitor/artifacts/usb4-backport/root/lib/modules/7.1.13-usb4-gpu-test/kernel/sound/soc/fsl/snd-soc-imx-audmux.ko
  STRIP   /home/mert/Work/omarchy-mac-external-monitor/artifacts/usb4-backport/root/lib/modules/7.1.13-usb4-gpu-test/kernel/sound/soc/fsl/snd-soc-imx-audmux.ko
  INSTALL /home/mert/Work/omarchy-mac-external-monitor/artifacts/usb4-backport/root/lib/modules/7.1.13-usb4-gpu-test/kernel/sound/virtio/virtio_snd.ko
  STRIP   /home/mert/Work/omarchy-mac-external-monitor/artifacts/usb4-backport/root/lib/modules/7.1.13-usb4-gpu-test/kernel/sound/virtio/virtio_snd.ko
  INSTALL /home/mert/Work/omarchy-mac-external-monitor/artifacts/usb4-backport/root/lib/modules/7.1.13-usb4-gpu-test/kernel/net/core/pktgen.ko
  STRIP   /home/mert/Work/omarchy-mac-external-monitor/artifacts/usb4-backport/root/lib/modules/7.1.13-usb4-gpu-test/kernel/net/core/pktgen.ko
  INSTALL /home/mert/Work/omarchy-mac-external-monitor/artifacts/usb4-backport/root/lib/modules/7.1.13-usb4-gpu-test/kernel/net/core/failover.ko
  STRIP   /home/mert/Work/omarchy-mac-external-monitor/artifacts/usb4-backport/root/lib/modules/7.1.13-usb4-gpu-test/kernel/net/core/failover.ko
  INSTALL /home/mert/Work/omarchy-mac-external-monitor/artifacts/usb4-backport/root/lib/modules/7.1.13-usb4-gpu-test/kernel/net/802/psnap.ko
  STRIP   /home/mert/Work/omarchy-mac-external-monitor/artifacts/usb4-backport/root/lib/modules/7.1.13-usb4-gpu-test/kernel/net/802/psnap.ko
  INSTALL /home/mert/Work/omarchy-mac-external-monitor/artifacts/usb4-backport/root/lib/modules/7.1.13-usb4-gpu-test/kernel/net/802/stp.ko
  STRIP   /home/mert/Work/omarchy-mac-external-monitor/artifacts/usb4-backport/root/lib/modules/7.1.13-usb4-gpu-test/kernel/net/802/stp.ko
  INSTALL /home/mert/Work/omarchy-mac-external-monitor/artifacts/usb4-backport/root/lib/modules/7.1.13-usb4-gpu-test/kernel/net/802/garp.ko
  STRIP   /home/mert/Work/omarchy-mac-external-monitor/artifacts/usb4-backport/root/lib/modules/7.1.13-usb4-gpu-test/kernel/net/802/garp.ko
  INSTALL /home/mert/Work/omarchy-mac-external-monitor/artifacts/usb4-backport/root/lib/modules/7.1.13-usb4-gpu-test/kernel/net/802/mrp.ko
  STRIP   /home/mert/Work/omarchy-mac-external-monitor/artifacts/usb4-backport/root/lib/modules/7.1.13-usb4-gpu-test/kernel/net/802/mrp.ko
  INSTALL /home/mert/Work/omarchy-mac-external-monitor/artifacts/usb4-backport/root/lib/modules/7.1.13-usb4-gpu-test/kernel/net/sched/act_police.ko
  STRIP   /home/mert/Work/omarchy-mac-external-monitor/artifacts/usb4-backport/root/lib/modules/7.1.13-usb4-gpu-test/kernel/net/sched/act_police.ko
  INSTALL /home/mert/Work/omarchy-mac-external-monitor/artifacts/usb4-backport/root/lib/modules/7.1.13-usb4-gpu-test/kernel/net/sched/act_gact.ko
  STRIP   /home/mert/Work/omarchy-mac-external-monitor/artifacts/usb4-backport/root/lib/modules/7.1.13-usb4-gpu-test/kernel/net/sched/act_gact.ko
  INSTALL /home/mert/Work/omarchy-mac-external-monitor/artifacts/usb4-backport/root/lib/modules/7.1.13-usb4-gpu-test/kernel/net/sched/act_mirred.ko
  STRIP   /home/mert/Work/omarchy-mac-external-monitor/artifacts/usb4-backport/root/lib/modules/7.1.13-usb4-gpu-test/kernel/net/sched/act_mirred.ko
  INSTALL /home/mert/Work/omarchy-mac-external-monitor/artifacts/usb4-backport/root/lib/modules/7.1.13-usb4-gpu-test/kernel/net/sched/act_sample.ko
  STRIP   /home/mert/Work/omarchy-mac-external-monitor/artifacts/usb4-backport/root/lib/modules/7.1.13-usb4-gpu-test/kernel/net/sched/act_sample.ko
  INSTALL /home/mert/Work/omarchy-mac-external-monitor/artifacts/usb4-backport/root/lib/modules/7.1.13-usb4-gpu-test/kernel/net/sched/act_nat.ko
  STRIP   /home/mert/Work/omarchy-mac-external-monitor/artifacts/usb4-backport/root/lib/modules/7.1.13-usb4-gpu-test/kernel/net/sched/act_nat.ko
  INSTALL /home/mert/Work/omarchy-mac-external-monitor/artifacts/usb4-backport/root/lib/modules/7.1.13-usb4-gpu-test/kernel/net/sched/act_pedit.ko
  STRIP   /home/mert/Work/omarchy-mac-external-monitor/artifacts/usb4-backport/root/lib/modules/7.1.13-usb4-gpu-test/kernel/net/sched/act_pedit.ko
  INSTALL /home/mert/Work/omarchy-mac-external-monitor/artifacts/usb4-backport/root/lib/modules/7.1.13-usb4-gpu-test/kernel/net/sched/act_simple.ko
  STRIP   /home/mert/Work/omarchy-mac-external-monitor/artifacts/usb4-backport/root/lib/modules/7.1.13-usb4-gpu-test/kernel/net/sched/act_simple.ko
  INSTALL /home/mert/Work/omarchy-mac-external-monitor/artifacts/usb4-backport/root/lib/modules/7.1.13-usb4-gpu-test/kernel/net/sched/act_skbedit.ko
  STRIP   /home/mert/Work/omarchy-mac-external-monitor/artifacts/usb4-backport/root/lib/modules/7.1.13-usb4-gpu-test/kernel/net/sched/act_skbedit.ko
  INSTALL /home/mert/Work/omarchy-mac-external-monitor/artifacts/usb4-backport/root/lib/modules/7.1.13-usb4-gpu-test/kernel/net/sched/act_csum.ko
  STRIP   /home/mert/Work/omarchy-mac-external-monitor/artifacts/usb4-backport/root/lib/modules/7.1.13-usb4-gpu-test/kernel/net/sched/act_csum.ko
  INSTALL /home/mert/Work/omarchy-mac-external-monitor/artifacts/usb4-backport/root/lib/modules/7.1.13-usb4-gpu-test/kernel/net/sched/act_vlan.ko
  STRIP   /home/mert/Work/omarchy-mac-external-monitor/artifacts/usb4-backport/root/lib/modules/7.1.13-usb4-gpu-test/kernel/net/sched/act_vlan.ko
  INSTALL /home/mert/Work/omarchy-mac-external-monitor/artifacts/usb4-backport/root/lib/modules/7.1.13-usb4-gpu-test/kernel/net/sched/act_bpf.ko
  STRIP   /home/mert/Work/omarchy-mac-external-monitor/artifacts/usb4-backport/root/lib/modules/7.1.13-usb4-gpu-test/kernel/net/sched/act_bpf.ko
  INSTALL /home/mert/Work/omarchy-mac-external-monitor/artifacts/usb4-backport/root/lib/modules/7.1.13-usb4-gpu-test/kernel/net/sched/act_connmark.ko
  STRIP   /home/mert/Work/omarchy-mac-external-monitor/artifacts/usb4-backport/root/lib/modules/7.1.13-usb4-gpu-test/kernel/net/sched/act_connmark.ko
  INSTALL /home/mert/Work/omarchy-mac-external-monitor/artifacts/usb4-backport/root/lib/modules/7.1.13-usb4-gpu-test/kernel/net/sched/act_ctinfo.ko
  STRIP   /home/mert/Work/omarchy-mac-external-monitor/artifacts/usb4-backport/root/lib/modules/7.1.13-usb4-gpu-test/kernel/net/sched/act_ctinfo.ko
  INSTALL /home/mert/Work/omarchy-mac-external-monitor/artifacts/usb4-backport/root/lib/modules/7.1.13-usb4-gpu-test/kernel/net/sched/act_skbmod.ko
  STRIP   /home/mert/Work/omarchy-mac-external-monitor/artifacts/usb4-backport/root/lib/modules/7.1.13-usb4-gpu-test/kernel/net/sched/act_skbmod.ko
  INSTALL /home/mert/Work/omarchy-mac-external-monitor/artifacts/usb4-backport/root/lib/modules/7.1.13-usb4-gpu-test/kernel/net/sched/act_ife.ko
  STRIP   /home/mert/Work/omarchy-mac-external-monitor/artifacts/usb4-backport/root/lib/modules/7.1.13-usb4-gpu-test/kernel/net/sched/act_ife.ko
  INSTALL /home/mert/Work/omarchy-mac-external-monitor/artifacts/usb4-backport/root/lib/modules/7.1.13-usb4-gpu-test/kernel/net/sched/act_meta_mark.ko
  STRIP   /home/mert/Work/omarchy-mac-external-monitor/artifacts/usb4-backport/root/lib/modules/7.1.13-usb4-gpu-test/kernel/net/sched/act_meta_mark.ko
  INSTALL /home/mert/Work/omarchy-mac-external-monitor/artifacts/usb4-backport/root/lib/modules/7.1.13-usb4-gpu-test/kernel/net/sched/act_meta_skbprio.ko
  STRIP   /home/mert/Work/omarchy-mac-external-monitor/artifacts/usb4-backport/root/lib/modules/7.1.13-usb4-gpu-test/kernel/net/sched/act_meta_skbprio.ko
  INSTALL /home/mert/Work/omarchy-mac-external-monitor/artifacts/usb4-backport/root/lib/modules/7.1.13-usb4-gpu-test/kernel/net/sched/act_meta_skbtcindex.ko
  STRIP   /home/mert/Work/omarchy-mac-external-monitor/artifacts/usb4-backport/root/lib/modules/7.1.13-usb4-gpu-test/kernel/net/sched/act_meta_skbtcindex.ko
  INSTALL /home/mert/Work/omarchy-mac-external-monitor/artifacts/usb4-backport/root/lib/modules/7.1.13-usb4-gpu-test/kernel/net/sched/act_tunnel_key.ko
  STRIP   /home/mert/Work/omarchy-mac-external-monitor/artifacts/usb4-backport/root/lib/modules/7.1.13-usb4-gpu-test/kernel/net/sched/act_tunnel_key.ko
  INSTALL /home/mert/Work/omarchy-mac-external-monitor/artifacts/usb4-backport/root/lib/modules/7.1.13-usb4-gpu-test/kernel/net/sched/act_ct.ko
  STRIP   /home/mert/Work/omarchy-mac-external-monitor/artifacts/usb4-backport/root/lib/modules/7.1.13-usb4-gpu-test/kernel/net/sched/act_ct.ko
  INSTALL /home/mert/Work/omarchy-mac-external-monitor/artifacts/usb4-backport/root/lib/modules/7.1.13-usb4-gpu-test/kernel/net/sched/act_gate.ko
  STRIP   /home/mert/Work/omarchy-mac-external-monitor/artifacts/usb4-backport/root/lib/modules/7.1.13-usb4-gpu-test/kernel/net/sched/act_gate.ko
  INSTALL /home/mert/Work/omarchy-mac-external-monitor/artifacts/usb4-backport/root/lib/modules/7.1.13-usb4-gpu-test/kernel/net/sched/sch_htb.ko
  STRIP   /home/mert/Work/omarchy-mac-external-monitor/artifacts/usb4-backport/root/lib/modules/7.1.13-usb4-gpu-test/kernel/net/sched/sch_htb.ko
  INSTALL /home/mert/Work/omarchy-mac-external-monitor/artifacts/usb4-backport/root/lib/modules/7.1.13-usb4-gpu-test/kernel/net/sched/sch_hfsc.ko
  STRIP   /home/mert/Work/omarchy-mac-external-monitor/artifacts/usb4-backport/root/lib/modules/7.1.13-usb4-gpu-test/kernel/net/sched/sch_hfsc.ko
  INSTALL /home/mert/Work/omarchy-mac-external-monitor/artifacts/usb4-backport/root/lib/modules/7.1.13-usb4-gpu-test/kernel/net/sched/sch_red.ko
  STRIP   /home/mert/Work/omarchy-mac-external-monitor/artifacts/usb4-backport/root/lib/modules/7.1.13-usb4-gpu-test/kernel/net/sched/sch_red.ko
  INSTALL /home/mert/Work/omarchy-mac-external-monitor/artifacts/usb4-backport/root/lib/modules/7.1.13-usb4-gpu-test/kernel/net/sched/sch_gred.ko
  STRIP   /home/mert/Work/omarchy-mac-external-monitor/artifacts/usb4-backport/root/lib/modules/7.1.13-usb4-gpu-test/kernel/net/sched/sch_gred.ko
  INSTALL /home/mert/Work/omarchy-mac-external-monitor/artifacts/usb4-backport/root/lib/modules/7.1.13-usb4-gpu-test/kernel/net/sched/sch_ingress.ko
  STRIP   /home/mert/Work/omarchy-mac-external-monitor/artifacts/usb4-backport/root/lib/modules/7.1.13-usb4-gpu-test/kernel/net/sched/sch_ingress.ko
  INSTALL /home/mert/Work/omarchy-mac-external-monitor/artifacts/usb4-backport/root/lib/modules/7.1.13-usb4-gpu-test/kernel/net/sched/sch_sfb.ko
  STRIP   /home/mert/Work/omarchy-mac-external-monitor/artifacts/usb4-backport/root/lib/modules/7.1.13-usb4-gpu-test/kernel/net/sched/sch_sfb.ko
  INSTALL /home/mert/Work/omarchy-mac-external-monitor/artifacts/usb4-backport/root/lib/modules/7.1.13-usb4-gpu-test/kernel/net/sched/sch_sfq.ko
  STRIP   /home/mert/Work/omarchy-mac-external-monitor/artifacts/usb4-backport/root/lib/modules/7.1.13-usb4-gpu-test/kernel/net/sched/sch_sfq.ko
  INSTALL /home/mert/Work/omarchy-mac-external-monitor/artifacts/usb4-backport/root/lib/modules/7.1.13-usb4-gpu-test/kernel/net/sched/sch_tbf.ko
  STRIP   /home/mert/Work/omarchy-mac-external-monitor/artifacts/usb4-backport/root/lib/modules/7.1.13-usb4-gpu-test/kernel/net/sched/sch_tbf.ko
  INSTALL /home/mert/Work/omarchy-mac-external-monitor/artifacts/usb4-backport/root/lib/modules/7.1.13-usb4-gpu-test/kernel/net/sched/sch_teql.ko
  STRIP   /home/mert/Work/omarchy-mac-external-monitor/artifacts/usb4-backport/root/lib/modules/7.1.13-usb4-gpu-test/kernel/net/sched/sch_teql.ko
  INSTALL /home/mert/Work/omarchy-mac-external-monitor/artifacts/usb4-backport/root/lib/modules/7.1.13-usb4-gpu-test/kernel/net/sched/sch_prio.ko
  STRIP   /home/mert/Work/omarchy-mac-external-monitor/artifacts/usb4-backport/root/lib/modules/7.1.13-usb4-gpu-test/kernel/net/sched/sch_prio.ko
  INSTALL /home/mert/Work/omarchy-mac-external-monitor/artifacts/usb4-backport/root/lib/modules/7.1.13-usb4-gpu-test/kernel/net/sched/sch_multiq.ko
  STRIP   /home/mert/Work/omarchy-mac-external-monitor/artifacts/usb4-backport/root/lib/modules/7.1.13-usb4-gpu-test/kernel/net/sched/sch_multiq.ko
  INSTALL /home/mert/Work/omarchy-mac-external-monitor/artifacts/usb4-backport/root/lib/modules/7.1.13-usb4-gpu-test/kernel/net/sched/sch_netem.ko
  STRIP   /home/mert/Work/omarchy-mac-external-monitor/artifacts/usb4-backport/root/lib/modules/7.1.13-usb4-gpu-test/kernel/net/sched/sch_netem.ko
  INSTALL /home/mert/Work/omarchy-mac-external-monitor/artifacts/usb4-backport/root/lib/modules/7.1.13-usb4-gpu-test/kernel/net/sched/sch_drr.ko
  STRIP   /home/mert/Work/omarchy-mac-external-monitor/artifacts/usb4-backport/root/lib/modules/7.1.13-usb4-gpu-test/kernel/net/sched/sch_drr.ko
  INSTALL /home/mert/Work/omarchy-mac-external-monitor/artifacts/usb4-backport/root/lib/modules/7.1.13-usb4-gpu-test/kernel/net/sched/sch_plug.ko
  STRIP   /home/mert/Work/omarchy-mac-external-monitor/artifacts/usb4-backport/root/lib/modules/7.1.13-usb4-gpu-test/kernel/net/sched/sch_plug.ko
  INSTALL /home/mert/Work/omarchy-mac-external-monitor/artifacts/usb4-backport/root/lib/modules/7.1.13-usb4-gpu-test/kernel/net/sched/sch_ets.ko
  STRIP   /home/mert/Work/omarchy-mac-external-monitor/artifacts/usb4-backport/root/lib/modules/7.1.13-usb4-gpu-test/kernel/net/sched/sch_ets.ko
  INSTALL /home/mert/Work/omarchy-mac-external-monitor/artifacts/usb4-backport/root/lib/modules/7.1.13-usb4-gpu-test/kernel/net/sched/sch_mqprio.ko
  STRIP   /home/mert/Work/omarchy-mac-external-monitor/artifacts/usb4-backport/root/lib/modules/7.1.13-usb4-gpu-test/kernel/net/sched/sch_mqprio.ko
  INSTALL /home/mert/Work/omarchy-mac-external-monitor/artifacts/usb4-backport/root/lib/modules/7.1.13-usb4-gpu-test/kernel/net/sched/sch_mqprio_lib.ko
  STRIP   /home/mert/Work/omarchy-mac-external-monitor/artifacts/usb4-backport/root/lib/modules/7.1.13-usb4-gpu-test/kernel/net/sched/sch_mqprio_lib.ko
  INSTALL /home/mert/Work/omarchy-mac-external-monitor/artifacts/usb4-backport/root/lib/modules/7.1.13-usb4-gpu-test/kernel/net/sched/sch_skbprio.ko
  STRIP   /home/mert/Work/omarchy-mac-external-monitor/artifacts/usb4-backport/root/lib/modules/7.1.13-usb4-gpu-test/kernel/net/sched/sch_skbprio.ko
  INSTALL /home/mert/Work/omarchy-mac-external-monitor/artifacts/usb4-backport/root/lib/modules/7.1.13-usb4-gpu-test/kernel/net/sched/sch_choke.ko
  STRIP   /home/mert/Work/omarchy-mac-external-monitor/artifacts/usb4-backport/root/lib/modules/7.1.13-usb4-gpu-test/kernel/net/sched/sch_choke.ko
  INSTALL /home/mert/Work/omarchy-mac-external-monitor/artifacts/usb4-backport/root/lib/modules/7.1.13-usb4-gpu-test/kernel/net/sched/sch_qfq.ko
  STRIP   /home/mert/Work/omarchy-mac-external-monitor/artifacts/usb4-backport/root/lib/modules/7.1.13-usb4-gpu-test/kernel/net/sched/sch_qfq.ko
  INSTALL /home/mert/Work/omarchy-mac-external-monitor/artifacts/usb4-backport/root/lib/modules/7.1.13-usb4-gpu-test/kernel/net/sched/sch_codel.ko
  STRIP   /home/mert/Work/omarchy-mac-external-monitor/artifacts/usb4-backport/root/lib/modules/7.1.13-usb4-gpu-test/kernel/net/sched/sch_codel.ko
  INSTALL /home/mert/Work/omarchy-mac-external-monitor/artifacts/usb4-backport/root/lib/modules/7.1.13-usb4-gpu-test/kernel/net/sched/sch_cake.ko
  STRIP   /home/mert/Work/omarchy-mac-external-monitor/artifacts/usb4-backport/root/lib/modules/7.1.13-usb4-gpu-test/kernel/net/sched/sch_cake.ko
  INSTALL /home/mert/Work/omarchy-mac-external-monitor/artifacts/usb4-backport/root/lib/modules/7.1.13-usb4-gpu-test/kernel/net/sched/sch_fq.ko
  STRIP   /home/mert/Work/omarchy-mac-external-monitor/artifacts/usb4-backport/root/lib/modules/7.1.13-usb4-gpu-test/kernel/net/sched/sch_fq.ko
  INSTALL /home/mert/Work/omarchy-mac-external-monitor/artifacts/usb4-backport/root/lib/modules/7.1.13-usb4-gpu-test/kernel/net/sched/sch_hhf.ko
  STRIP   /home/mert/Work/omarchy-mac-external-monitor/artifacts/usb4-backport/root/lib/modules/7.1.13-usb4-gpu-test/kernel/net/sched/sch_hhf.ko
  INSTALL /home/mert/Work/omarchy-mac-external-monitor/artifacts/usb4-backport/root/lib/modules/7.1.13-usb4-gpu-test/kernel/net/sched/sch_pie.ko
  STRIP   /home/mert/Work/omarchy-mac-external-monitor/artifacts/usb4-backport/root/lib/modules/7.1.13-usb4-gpu-test/kernel/net/sched/sch_pie.ko
  INSTALL /home/mert/Work/omarchy-mac-external-monitor/artifacts/usb4-backport/root/lib/modules/7.1.13-usb4-gpu-test/kernel/net/sched/sch_fq_pie.ko
  STRIP   /home/mert/Work/omarchy-mac-external-monitor/artifacts/usb4-backport/root/lib/modules/7.1.13-usb4-gpu-test/kernel/net/sched/sch_fq_pie.ko
  INSTALL /home/mert/Work/omarchy-mac-external-monitor/artifacts/usb4-backport/root/lib/modules/7.1.13-usb4-gpu-test/kernel/net/sched/sch_cbs.ko
  STRIP   /home/mert/Work/omarchy-mac-external-monitor/artifacts/usb4-backport/root/lib/modules/7.1.13-usb4-gpu-test/kernel/net/sched/sch_cbs.ko
  INSTALL /home/mert/Work/omarchy-mac-external-monitor/artifacts/usb4-backport/root/lib/modules/7.1.13-usb4-gpu-test/kernel/net/sched/sch_etf.ko
  STRIP   /home/mert/Work/omarchy-mac-external-monitor/artifacts/usb4-backport/root/lib/modules/7.1.13-usb4-gpu-test/kernel/net/sched/sch_etf.ko
  INSTALL /home/mert/Work/omarchy-mac-external-monitor/artifacts/usb4-backport/root/lib/modules/7.1.13-usb4-gpu-test/kernel/net/sched/sch_taprio.ko
  STRIP   /home/mert/Work/omarchy-mac-external-monitor/artifacts/usb4-backport/root/lib/modules/7.1.13-usb4-gpu-test/kernel/net/sched/sch_taprio.ko
  INSTALL /home/mert/Work/omarchy-mac-external-monitor/artifacts/usb4-backport/root/lib/modules/7.1.13-usb4-gpu-test/kernel/net/sched/cls_u32.ko
  STRIP   /home/mert/Work/omarchy-mac-external-monitor/artifacts/usb4-backport/root/lib/modules/7.1.13-usb4-gpu-test/kernel/net/sched/cls_u32.ko
  INSTALL /home/mert/Work/omarchy-mac-external-monitor/artifacts/usb4-backport/root/lib/modules/7.1.13-usb4-gpu-test/kernel/net/sched/cls_route.ko
  STRIP   /home/mert/Work/omarchy-mac-external-monitor/artifacts/usb4-backport/root/lib/modules/7.1.13-usb4-gpu-test/kernel/net/sched/cls_route.ko
  INSTALL /home/mert/Work/omarchy-mac-external-monitor/artifacts/usb4-backport/root/lib/modules/7.1.13-usb4-gpu-test/kernel/net/sched/cls_fw.ko
  STRIP   /home/mert/Work/omarchy-mac-external-monitor/artifacts/usb4-backport/root/lib/modules/7.1.13-usb4-gpu-test/kernel/net/sched/cls_fw.ko
  INSTALL /home/mert/Work/omarchy-mac-external-monitor/artifacts/usb4-backport/root/lib/modules/7.1.13-usb4-gpu-test/kernel/net/sched/cls_basic.ko
  STRIP   /home/mert/Work/omarchy-mac-external-monitor/artifacts/usb4-backport/root/lib/modules/7.1.13-usb4-gpu-test/kernel/net/sched/cls_basic.ko
  INSTALL /home/mert/Work/omarchy-mac-external-monitor/artifacts/usb4-backport/root/lib/modules/7.1.13-usb4-gpu-test/kernel/net/sched/cls_flow.ko
  STRIP   /home/mert/Work/omarchy-mac-external-monitor/artifacts/usb4-backport/root/lib/modules/7.1.13-usb4-gpu-test/kernel/net/sched/cls_flow.ko
  INSTALL /home/mert/Work/omarchy-mac-external-monitor/artifacts/usb4-backport/root/lib/modules/7.1.13-usb4-gpu-test/kernel/net/sched/cls_bpf.ko
  STRIP   /home/mert/Work/omarchy-mac-external-monitor/artifacts/usb4-backport/root/lib/modules/7.1.13-usb4-gpu-test/kernel/net/sched/cls_bpf.ko
  INSTALL /home/mert/Work/omarchy-mac-external-monitor/artifacts/usb4-backport/root/lib/modules/7.1.13-usb4-gpu-test/kernel/net/sched/cls_flower.ko
  STRIP   /home/mert/Work/omarchy-mac-external-monitor/artifacts/usb4-backport/root/lib/modules/7.1.13-usb4-gpu-test/kernel/net/sched/cls_flower.ko
  INSTALL /home/mert/Work/omarchy-mac-external-monitor/artifacts/usb4-backport/root/lib/modules/7.1.13-usb4-gpu-test/kernel/net/sched/cls_matchall.ko
  STRIP   /home/mert/Work/omarchy-mac-external-monitor/artifacts/usb4-backport/root/lib/modules/7.1.13-usb4-gpu-test/kernel/net/sched/cls_matchall.ko
  INSTALL /home/mert/Work/omarchy-mac-external-monitor/artifacts/usb4-backport/root/lib/modules/7.1.13-usb4-gpu-test/kernel/net/sched/em_cmp.ko
  STRIP   /home/mert/Work/omarchy-mac-external-monitor/artifacts/usb4-backport/root/lib/modules/7.1.13-usb4-gpu-test/kernel/net/sched/em_cmp.ko
  INSTALL /home/mert/Work/omarchy-mac-external-monitor/artifacts/usb4-backport/root/lib/modules/7.1.13-usb4-gpu-test/kernel/net/sched/em_nbyte.ko
  STRIP   /home/mert/Work/omarchy-mac-external-monitor/artifacts/usb4-backport/root/lib/modules/7.1.13-usb4-gpu-test/kernel/net/sched/em_nbyte.ko
  INSTALL /home/mert/Work/omarchy-mac-external-monitor/artifacts/usb4-backport/root/lib/modules/7.1.13-usb4-gpu-test/kernel/net/sched/em_u32.ko
  STRIP   /home/mert/Work/omarchy-mac-external-monitor/artifacts/usb4-backport/root/lib/modules/7.1.13-usb4-gpu-test/kernel/net/sched/em_u32.ko
  INSTALL /home/mert/Work/omarchy-mac-external-monitor/artifacts/usb4-backport/root/lib/modules/7.1.13-usb4-gpu-test/kernel/net/sched/em_meta.ko
  STRIP   /home/mert/Work/omarchy-mac-external-monitor/artifacts/usb4-backport/root/lib/modules/7.1.13-usb4-gpu-test/kernel/net/sched/em_meta.ko
  INSTALL /home/mert/Work/omarchy-mac-external-monitor/artifacts/usb4-backport/root/lib/modules/7.1.13-usb4-gpu-test/kernel/net/sched/em_text.ko
  STRIP   /home/mert/Work/omarchy-mac-external-monitor/artifacts/usb4-backport/root/lib/modules/7.1.13-usb4-gpu-test/kernel/net/sched/em_text.ko
  INSTALL /home/mert/Work/omarchy-mac-external-monitor/artifacts/usb4-backport/root/lib/modules/7.1.13-usb4-gpu-test/kernel/net/sched/em_canid.ko
  STRIP   /home/mert/Work/omarchy-mac-external-monitor/artifacts/usb4-backport/root/lib/modules/7.1.13-usb4-gpu-test/kernel/net/sched/em_canid.ko
  INSTALL /home/mert/Work/omarchy-mac-external-monitor/artifacts/usb4-backport/root/lib/modules/7.1.13-usb4-gpu-test/kernel/net/sched/em_ipset.ko
  STRIP   /home/mert/Work/omarchy-mac-external-monitor/artifacts/usb4-backport/root/lib/modules/7.1.13-usb4-gpu-test/kernel/net/sched/em_ipset.ko
  INSTALL /home/mert/Work/omarchy-mac-external-monitor/artifacts/usb4-backport/root/lib/modules/7.1.13-usb4-gpu-test/kernel/net/sched/em_ipt.ko
  STRIP   /home/mert/Work/omarchy-mac-external-monitor/artifacts/usb4-backport/root/lib/modules/7.1.13-usb4-gpu-test/kernel/net/sched/em_ipt.ko
  INSTALL /home/mert/Work/omarchy-mac-external-monitor/artifacts/usb4-backport/root/lib/modules/7.1.13-usb4-gpu-test/kernel/net/netlink/netlink_diag.ko
  STRIP   /home/mert/Work/omarchy-mac-external-monitor/artifacts/usb4-backport/root/lib/modules/7.1.13-usb4-gpu-test/kernel/net/netlink/netlink_diag.ko
  INSTALL /home/mert/Work/omarchy-mac-external-monitor/artifacts/usb4-backport/root/lib/modules/7.1.13-usb4-gpu-test/kernel/net/netfilter/nfnetlink.ko
  STRIP   /home/mert/Work/omarchy-mac-external-monitor/artifacts/usb4-backport/root/lib/modules/7.1.13-usb4-gpu-test/kernel/net/netfilter/nfnetlink.ko
  INSTALL /home/mert/Work/omarchy-mac-external-monitor/artifacts/usb4-backport/root/lib/modules/7.1.13-usb4-gpu-test/kernel/net/netfilter/nfnetlink_acct.ko
  STRIP   /home/mert/Work/omarchy-mac-external-monitor/artifacts/usb4-backport/root/lib/modules/7.1.13-usb4-gpu-test/kernel/net/netfilter/nfnetlink_acct.ko
  INSTALL /home/mert/Work/omarchy-mac-external-monitor/artifacts/usb4-backport/root/lib/modules/7.1.13-usb4-gpu-test/kernel/net/netfilter/nfnetlink_queue.ko
  STRIP   /home/mert/Work/omarchy-mac-external-monitor/artifacts/usb4-backport/root/lib/modules/7.1.13-usb4-gpu-test/kernel/net/netfilter/nfnetlink_queue.ko
  INSTALL /home/mert/Work/omarchy-mac-external-monitor/artifacts/usb4-backport/root/lib/modules/7.1.13-usb4-gpu-test/kernel/net/netfilter/nfnetlink_log.ko
  STRIP   /home/mert/Work/omarchy-mac-external-monitor/artifacts/usb4-backport/root/lib/modules/7.1.13-usb4-gpu-test/kernel/net/netfilter/nfnetlink_log.ko
  INSTALL /home/mert/Work/omarchy-mac-external-monitor/artifacts/usb4-backport/root/lib/modules/7.1.13-usb4-gpu-test/kernel/net/netfilter/nfnetlink_osf.ko
  STRIP   /home/mert/Work/omarchy-mac-external-monitor/artifacts/usb4-backport/root/lib/modules/7.1.13-usb4-gpu-test/kernel/net/netfilter/nfnetlink_osf.ko
  INSTALL /home/mert/Work/omarchy-mac-external-monitor/artifacts/usb4-backport/root/lib/modules/7.1.13-usb4-gpu-test/kernel/net/netfilter/nfnetlink_hook.ko
  STRIP   /home/mert/Work/omarchy-mac-external-monitor/artifacts/usb4-backport/root/lib/modules/7.1.13-usb4-gpu-test/kernel/net/netfilter/nfnetlink_hook.ko
  INSTALL /home/mert/Work/omarchy-mac-external-monitor/artifacts/usb4-backport/root/lib/modules/7.1.13-usb4-gpu-test/kernel/net/netfilter/nf_conntrack.ko
  STRIP   /home/mert/Work/omarchy-mac-external-monitor/artifacts/usb4-backport/root/lib/modules/7.1.13-usb4-gpu-test/kernel/net/netfilter/nf_conntrack.ko
  INSTALL /home/mert/Work/omarchy-mac-external-monitor/artifacts/usb4-backport/root/lib/modules/7.1.13-usb4-gpu-test/kernel/net/netfilter/nf_conntrack_netlink.ko
  STRIP   /home/mert/Work/omarchy-mac-external-monitor/artifacts/usb4-backport/root/lib/modules/7.1.13-usb4-gpu-test/kernel/net/netfilter/nf_conntrack_netlink.ko
  INSTALL /home/mert/Work/omarchy-mac-external-monitor/artifacts/usb4-backport/root/lib/modules/7.1.13-usb4-gpu-test/kernel/net/netfilter/nfnetlink_cttimeout.ko
  STRIP   /home/mert/Work/omarchy-mac-external-monitor/artifacts/usb4-backport/root/lib/modules/7.1.13-usb4-gpu-test/kernel/net/netfilter/nfnetlink_cttimeout.ko
  INSTALL /home/mert/Work/omarchy-mac-external-monitor/artifacts/usb4-backport/root/lib/modules/7.1.13-usb4-gpu-test/kernel/net/netfilter/nfnetlink_cthelper.ko
  STRIP   /home/mert/Work/omarchy-mac-external-monitor/artifacts/usb4-backport/root/lib/modules/7.1.13-usb4-gpu-test/kernel/net/netfilter/nfnetlink_cthelper.ko
  INSTALL /home/mert/Work/omarchy-mac-external-monitor/artifacts/usb4-backport/root/lib/modules/7.1.13-usb4-gpu-test/kernel/net/netfilter/nf_conntrack_amanda.ko
  STRIP   /home/mert/Work/omarchy-mac-external-monitor/artifacts/usb4-backport/root/lib/modules/7.1.13-usb4-gpu-test/kernel/net/netfilter/nf_conntrack_amanda.ko
  INSTALL /home/mert/Work/omarchy-mac-external-monitor/artifacts/usb4-backport/root/lib/modules/7.1.13-usb4-gpu-test/kernel/net/netfilter/nf_conntrack_ftp.ko
  STRIP   /home/mert/Work/omarchy-mac-external-monitor/artifacts/usb4-backport/root/lib/modules/7.1.13-usb4-gpu-test/kernel/net/netfilter/nf_conntrack_ftp.ko
  INSTALL /home/mert/Work/omarchy-mac-external-monitor/artifacts/usb4-backport/root/lib/modules/7.1.13-usb4-gpu-test/kernel/net/netfilter/nf_conntrack_h323.ko
  STRIP   /home/mert/Work/omarchy-mac-external-monitor/artifacts/usb4-backport/root/lib/modules/7.1.13-usb4-gpu-test/kernel/net/netfilter/nf_conntrack_h323.ko
  INSTALL /home/mert/Work/omarchy-mac-external-monitor/artifacts/usb4-backport/root/lib/modules/7.1.13-usb4-gpu-test/kernel/net/netfilter/nf_conntrack_irc.ko
  STRIP   /home/mert/Work/omarchy-mac-external-monitor/artifacts/usb4-backport/root/lib/modules/7.1.13-usb4-gpu-test/kernel/net/netfilter/nf_conntrack_irc.ko
  INSTALL /home/mert/Work/omarchy-mac-external-monitor/artifacts/usb4-backport/root/lib/modules/7.1.13-usb4-gpu-test/kernel/net/netfilter/nf_conntrack_broadcast.ko
  STRIP   /home/mert/Work/omarchy-mac-external-monitor/artifacts/usb4-backport/root/lib/modules/7.1.13-usb4-gpu-test/kernel/net/netfilter/nf_conntrack_broadcast.ko
  INSTALL /home/mert/Work/omarchy-mac-external-monitor/artifacts/usb4-backport/root/lib/modules/7.1.13-usb4-gpu-test/kernel/net/netfilter/nf_conntrack_netbios_ns.ko
  STRIP   /home/mert/Work/omarchy-mac-external-monitor/artifacts/usb4-backport/root/lib/modules/7.1.13-usb4-gpu-test/kernel/net/netfilter/nf_conntrack_netbios_ns.ko
  INSTALL /home/mert/Work/omarchy-mac-external-monitor/artifacts/usb4-backport/root/lib/modules/7.1.13-usb4-gpu-test/kernel/net/netfilter/nf_conntrack_snmp.ko
  STRIP   /home/mert/Work/omarchy-mac-external-monitor/artifacts/usb4-backport/root/lib/modules/7.1.13-usb4-gpu-test/kernel/net/netfilter/nf_conntrack_snmp.ko
  INSTALL /home/mert/Work/omarchy-mac-external-monitor/artifacts/usb4-backport/root/lib/modules/7.1.13-usb4-gpu-test/kernel/net/netfilter/nf_conntrack_pptp.ko
  STRIP   /home/mert/Work/omarchy-mac-external-monitor/artifacts/usb4-backport/root/lib/modules/7.1.13-usb4-gpu-test/kernel/net/netfilter/nf_conntrack_pptp.ko
  INSTALL /home/mert/Work/omarchy-mac-external-monitor/artifacts/usb4-backport/root/lib/modules/7.1.13-usb4-gpu-test/kernel/net/netfilter/nf_conntrack_sane.ko
  STRIP   /home/mert/Work/omarchy-mac-external-monitor/artifacts/usb4-backport/root/lib/modules/7.1.13-usb4-gpu-test/kernel/net/netfilter/nf_conntrack_sane.ko
  INSTALL /home/mert/Work/omarchy-mac-external-monitor/artifacts/usb4-backport/root/lib/modules/7.1.13-usb4-gpu-test/kernel/net/netfilter/nf_conntrack_sip.ko
  STRIP   /home/mert/Work/omarchy-mac-external-monitor/artifacts/usb4-backport/root/lib/modules/7.1.13-usb4-gpu-test/kernel/net/netfilter/nf_conntrack_sip.ko
  INSTALL /home/mert/Work/omarchy-mac-external-monitor/artifacts/usb4-backport/root/lib/modules/7.1.13-usb4-gpu-test/kernel/net/netfilter/nf_conntrack_tftp.ko
  STRIP   /home/mert/Work/omarchy-mac-external-monitor/artifacts/usb4-backport/root/lib/modules/7.1.13-usb4-gpu-test/kernel/net/netfilter/nf_conntrack_tftp.ko
  INSTALL /home/mert/Work/omarchy-mac-external-monitor/artifacts/usb4-backport/root/lib/modules/7.1.13-usb4-gpu-test/kernel/net/netfilter/nf_log_syslog.ko
  STRIP   /home/mert/Work/omarchy-mac-external-monitor/artifacts/usb4-backport/root/lib/modules/7.1.13-usb4-gpu-test/kernel/net/netfilter/nf_log_syslog.ko
  INSTALL /home/mert/Work/omarchy-mac-external-monitor/artifacts/usb4-backport/root/lib/modules/7.1.13-usb4-gpu-test/kernel/net/netfilter/nf_nat.ko
  STRIP   /home/mert/Work/omarchy-mac-external-monitor/artifacts/usb4-backport/root/lib/modules/7.1.13-usb4-gpu-test/kernel/net/netfilter/nf_nat.ko
  INSTALL /home/mert/Work/omarchy-mac-external-monitor/artifacts/usb4-backport/root/lib/modules/7.1.13-usb4-gpu-test/kernel/net/netfilter/nf_nat_amanda.ko
  STRIP   /home/mert/Work/omarchy-mac-external-monitor/artifacts/usb4-backport/root/lib/modules/7.1.13-usb4-gpu-test/kernel/net/netfilter/nf_nat_amanda.ko
  INSTALL /home/mert/Work/omarchy-mac-external-monitor/artifacts/usb4-backport/root/lib/modules/7.1.13-usb4-gpu-test/kernel/net/netfilter/nf_nat_ftp.ko
  STRIP   /home/mert/Work/omarchy-mac-external-monitor/artifacts/usb4-backport/root/lib/modules/7.1.13-usb4-gpu-test/kernel/net/netfilter/nf_nat_ftp.ko
  INSTALL /home/mert/Work/omarchy-mac-external-monitor/artifacts/usb4-backport/root/lib/modules/7.1.13-usb4-gpu-test/kernel/net/netfilter/nf_nat_irc.ko
  STRIP   /home/mert/Work/omarchy-mac-external-monitor/artifacts/usb4-backport/root/lib/modules/7.1.13-usb4-gpu-test/kernel/net/netfilter/nf_nat_irc.ko
  INSTALL /home/mert/Work/omarchy-mac-external-monitor/artifacts/usb4-backport/root/lib/modules/7.1.13-usb4-gpu-test/kernel/net/netfilter/nf_nat_sip.ko
  STRIP   /home/mert/Work/omarchy-mac-external-monitor/artifacts/usb4-backport/root/lib/modules/7.1.13-usb4-gpu-test/kernel/net/netfilter/nf_nat_sip.ko
  INSTALL /home/mert/Work/omarchy-mac-external-monitor/artifacts/usb4-backport/root/lib/modules/7.1.13-usb4-gpu-test/kernel/net/netfilter/nf_nat_tftp.ko
  STRIP   /home/mert/Work/omarchy-mac-external-monitor/artifacts/usb4-backport/root/lib/modules/7.1.13-usb4-gpu-test/kernel/net/netfilter/nf_nat_tftp.ko
  INSTALL /home/mert/Work/omarchy-mac-external-monitor/artifacts/usb4-backport/root/lib/modules/7.1.13-usb4-gpu-test/kernel/net/netfilter/nf_synproxy_core.ko
  STRIP   /home/mert/Work/omarchy-mac-external-monitor/artifacts/usb4-backport/root/lib/modules/7.1.13-usb4-gpu-test/kernel/net/netfilter/nf_synproxy_core.ko
  INSTALL /home/mert/Work/omarchy-mac-external-monitor/artifacts/usb4-backport/root/lib/modules/7.1.13-usb4-gpu-test/kernel/net/netfilter/nf_conncount.ko
  STRIP   /home/mert/Work/omarchy-mac-external-monitor/artifacts/usb4-backport/root/lib/modules/7.1.13-usb4-gpu-test/kernel/net/netfilter/nf_conncount.ko
  INSTALL /home/mert/Work/omarchy-mac-external-monitor/artifacts/usb4-backport/root/lib/modules/7.1.13-usb4-gpu-test/kernel/net/netfilter/nf_dup_netdev.ko
  STRIP   /home/mert/Work/omarchy-mac-external-monitor/artifacts/usb4-backport/root/lib/modules/7.1.13-usb4-gpu-test/kernel/net/netfilter/nf_dup_netdev.ko
  INSTALL /home/mert/Work/omarchy-mac-external-monitor/artifacts/usb4-backport/root/lib/modules/7.1.13-usb4-gpu-test/kernel/net/netfilter/nf_tables.ko
  STRIP   /home/mert/Work/omarchy-mac-external-monitor/artifacts/usb4-backport/root/lib/modules/7.1.13-usb4-gpu-test/kernel/net/netfilter/nf_tables.ko
  INSTALL /home/mert/Work/omarchy-mac-external-monitor/artifacts/usb4-backport/root/lib/modules/7.1.13-usb4-gpu-test/kernel/net/netfilter/nft_compat.ko
  STRIP   /home/mert/Work/omarchy-mac-external-monitor/artifacts/usb4-backport/root/lib/modules/7.1.13-usb4-gpu-test/kernel/net/netfilter/nft_compat.ko
  INSTALL /home/mert/Work/omarchy-mac-external-monitor/artifacts/usb4-backport/root/lib/modules/7.1.13-usb4-gpu-test/kernel/net/netfilter/nft_connlimit.ko
  STRIP   /home/mert/Work/omarchy-mac-external-monitor/artifacts/usb4-backport/root/lib/modules/7.1.13-usb4-gpu-test/kernel/net/netfilter/nft_connlimit.ko
  INSTALL /home/mert/Work/omarchy-mac-external-monitor/artifacts/usb4-backport/root/lib/modules/7.1.13-usb4-gpu-test/kernel/net/netfilter/nft_numgen.ko
  STRIP   /home/mert/Work/omarchy-mac-external-monitor/artifacts/usb4-backport/root/lib/modules/7.1.13-usb4-gpu-test/kernel/net/netfilter/nft_numgen.ko
  INSTALL /home/mert/Work/omarchy-mac-external-monitor/artifacts/usb4-backport/root/lib/modules/7.1.13-usb4-gpu-test/kernel/net/netfilter/nft_ct.ko
  STRIP   /home/mert/Work/omarchy-mac-external-monitor/artifacts/usb4-backport/root/lib/modules/7.1.13-usb4-gpu-test/kernel/net/netfilter/nft_ct.ko
  INSTALL /home/mert/Work/omarchy-mac-external-monitor/artifacts/usb4-backport/root/lib/modules/7.1.13-usb4-gpu-test/kernel/net/netfilter/nft_flow_offload.ko
  STRIP   /home/mert/Work/omarchy-mac-external-monitor/artifacts/usb4-backport/root/lib/modules/7.1.13-usb4-gpu-test/kernel/net/netfilter/nft_flow_offload.ko
  INSTALL /home/mert/Work/omarchy-mac-external-monitor/artifacts/usb4-backport/root/lib/modules/7.1.13-usb4-gpu-test/kernel/net/netfilter/nft_limit.ko
  STRIP   /home/mert/Work/omarchy-mac-external-monitor/artifacts/usb4-backport/root/lib/modules/7.1.13-usb4-gpu-test/kernel/net/netfilter/nft_limit.ko
  INSTALL /home/mert/Work/omarchy-mac-external-monitor/artifacts/usb4-backport/root/lib/modules/7.1.13-usb4-gpu-test/kernel/net/netfilter/nft_nat.ko
  STRIP   /home/mert/Work/omarchy-mac-external-monitor/artifacts/usb4-backport/root/lib/modules/7.1.13-usb4-gpu-test/kernel/net/netfilter/nft_nat.ko
  INSTALL /home/mert/Work/omarchy-mac-external-monitor/artifacts/usb4-backport/root/lib/modules/7.1.13-usb4-gpu-test/kernel/net/netfilter/nft_queue.ko
  STRIP   /home/mert/Work/omarchy-mac-external-monitor/artifacts/usb4-backport/root/lib/modules/7.1.13-usb4-gpu-test/kernel/net/netfilter/nft_queue.ko
  INSTALL /home/mert/Work/omarchy-mac-external-monitor/artifacts/usb4-backport/root/lib/modules/7.1.13-usb4-gpu-test/kernel/net/netfilter/nft_quota.ko
  STRIP   /home/mert/Work/omarchy-mac-external-monitor/artifacts/usb4-backport/root/lib/modules/7.1.13-usb4-gpu-test/kernel/net/netfilter/nft_quota.ko
  INSTALL /home/mert/Work/omarchy-mac-external-monitor/artifacts/usb4-backport/root/lib/modules/7.1.13-usb4-gpu-test/kernel/net/netfilter/nft_reject.ko
  STRIP   /home/mert/Work/omarchy-mac-external-monitor/artifacts/usb4-backport/root/lib/modules/7.1.13-usb4-gpu-test/kernel/net/netfilter/nft_reject.ko
  INSTALL /home/mert/Work/omarchy-mac-external-monitor/artifacts/usb4-backport/root/lib/modules/7.1.13-usb4-gpu-test/kernel/net/netfilter/nft_reject_inet.ko
  STRIP   /home/mert/Work/omarchy-mac-external-monitor/artifacts/usb4-backport/root/lib/modules/7.1.13-usb4-gpu-test/kernel/net/netfilter/nft_reject_inet.ko
  INSTALL /home/mert/Work/omarchy-mac-external-monitor/artifacts/usb4-backport/root/lib/modules/7.1.13-usb4-gpu-test/kernel/net/netfilter/nft_reject_netdev.ko
  STRIP   /home/mert/Work/omarchy-mac-external-monitor/artifacts/usb4-backport/root/lib/modules/7.1.13-usb4-gpu-test/kernel/net/netfilter/nft_reject_netdev.ko
  INSTALL /home/mert/Work/omarchy-mac-external-monitor/artifacts/usb4-backport/root/lib/modules/7.1.13-usb4-gpu-test/kernel/net/netfilter/nft_tunnel.ko
  STRIP   /home/mert/Work/omarchy-mac-external-monitor/artifacts/usb4-backport/root/lib/modules/7.1.13-usb4-gpu-test/kernel/net/netfilter/nft_tunnel.ko
  INSTALL /home/mert/Work/omarchy-mac-external-monitor/artifacts/usb4-backport/root/lib/modules/7.1.13-usb4-gpu-test/kernel/net/netfilter/nft_log.ko
  STRIP   /home/mert/Work/omarchy-mac-external-monitor/artifacts/usb4-backport/root/lib/modules/7.1.13-usb4-gpu-test/kernel/net/netfilter/nft_log.ko
  INSTALL /home/mert/Work/omarchy-mac-external-monitor/artifacts/usb4-backport/root/lib/modules/7.1.13-usb4-gpu-test/kernel/net/netfilter/nft_masq.ko
  STRIP   /home/mert/Work/omarchy-mac-external-monitor/artifacts/usb4-backport/root/lib/modules/7.1.13-usb4-gpu-test/kernel/net/netfilter/nft_masq.ko
  INSTALL /home/mert/Work/omarchy-mac-external-monitor/artifacts/usb4-backport/root/lib/modules/7.1.13-usb4-gpu-test/kernel/net/netfilter/nft_redir.ko
  STRIP   /home/mert/Work/omarchy-mac-external-monitor/artifacts/usb4-backport/root/lib/modules/7.1.13-usb4-gpu-test/kernel/net/netfilter/nft_redir.ko
  INSTALL /home/mert/Work/omarchy-mac-external-monitor/artifacts/usb4-backport/root/lib/modules/7.1.13-usb4-gpu-test/kernel/net/netfilter/nft_hash.ko
  STRIP   /home/mert/Work/omarchy-mac-external-monitor/artifacts/usb4-backport/root/lib/modules/7.1.13-usb4-gpu-test/kernel/net/netfilter/nft_hash.ko
  INSTALL /home/mert/Work/omarchy-mac-external-monitor/artifacts/usb4-backport/root/lib/modules/7.1.13-usb4-gpu-test/kernel/net/netfilter/nft_fib.ko
  STRIP   /home/mert/Work/omarchy-mac-external-monitor/artifacts/usb4-backport/root/lib/modules/7.1.13-usb4-gpu-test/kernel/net/netfilter/nft_fib.ko
  INSTALL /home/mert/Work/omarchy-mac-external-monitor/artifacts/usb4-backport/root/lib/modules/7.1.13-usb4-gpu-test/kernel/net/netfilter/nft_fib_inet.ko
  STRIP   /home/mert/Work/omarchy-mac-external-monitor/artifacts/usb4-backport/root/lib/modules/7.1.13-usb4-gpu-test/kernel/net/netfilter/nft_fib_inet.ko
  INSTALL /home/mert/Work/omarchy-mac-external-monitor/artifacts/usb4-backport/root/lib/modules/7.1.13-usb4-gpu-test/kernel/net/netfilter/nft_fib_netdev.ko
  STRIP   /home/mert/Work/omarchy-mac-external-monitor/artifacts/usb4-backport/root/lib/modules/7.1.13-usb4-gpu-test/kernel/net/netfilter/nft_fib_netdev.ko
  INSTALL /home/mert/Work/omarchy-mac-external-monitor/artifacts/usb4-backport/root/lib/modules/7.1.13-usb4-gpu-test/kernel/net/netfilter/nft_socket.ko
  STRIP   /home/mert/Work/omarchy-mac-external-monitor/artifacts/usb4-backport/root/lib/modules/7.1.13-usb4-gpu-test/kernel/net/netfilter/nft_socket.ko
  INSTALL /home/mert/Work/omarchy-mac-external-monitor/artifacts/usb4-backport/root/lib/modules/7.1.13-usb4-gpu-test/kernel/net/netfilter/nft_osf.ko
  STRIP   /home/mert/Work/omarchy-mac-external-monitor/artifacts/usb4-backport/root/lib/modules/7.1.13-usb4-gpu-test/kernel/net/netfilter/nft_osf.ko
  INSTALL /home/mert/Work/omarchy-mac-external-monitor/artifacts/usb4-backport/root/lib/modules/7.1.13-usb4-gpu-test/kernel/net/netfilter/nft_tproxy.ko
  STRIP   /home/mert/Work/omarchy-mac-external-monitor/artifacts/usb4-backport/root/lib/modules/7.1.13-usb4-gpu-test/kernel/net/netfilter/nft_tproxy.ko
  INSTALL /home/mert/Work/omarchy-mac-external-monitor/artifacts/usb4-backport/root/lib/modules/7.1.13-usb4-gpu-test/kernel/net/netfilter/nft_xfrm.ko
  STRIP   /home/mert/Work/omarchy-mac-external-monitor/artifacts/usb4-backport/root/lib/modules/7.1.13-usb4-gpu-test/kernel/net/netfilter/nft_xfrm.ko
  INSTALL /home/mert/Work/omarchy-mac-external-monitor/artifacts/usb4-backport/root/lib/modules/7.1.13-usb4-gpu-test/kernel/net/netfilter/nft_synproxy.ko
  STRIP   /home/mert/Work/omarchy-mac-external-monitor/artifacts/usb4-backport/root/lib/modules/7.1.13-usb4-gpu-test/kernel/net/netfilter/nft_synproxy.ko
  INSTALL /home/mert/Work/omarchy-mac-external-monitor/artifacts/usb4-backport/root/lib/modules/7.1.13-usb4-gpu-test/kernel/net/netfilter/nft_chain_nat.ko
  STRIP   /home/mert/Work/omarchy-mac-external-monitor/artifacts/usb4-backport/root/lib/modules/7.1.13-usb4-gpu-test/kernel/net/netfilter/nft_chain_nat.ko
  INSTALL /home/mert/Work/omarchy-mac-external-monitor/artifacts/usb4-backport/root/lib/modules/7.1.13-usb4-gpu-test/kernel/net/netfilter/nft_dup_netdev.ko
  STRIP   /home/mert/Work/omarchy-mac-external-monitor/artifacts/usb4-backport/root/lib/modules/7.1.13-usb4-gpu-test/kernel/net/netfilter/nft_dup_netdev.ko
  INSTALL /home/mert/Work/omarchy-mac-external-monitor/artifacts/usb4-backport/root/lib/modules/7.1.13-usb4-gpu-test/kernel/net/netfilter/nft_fwd_netdev.ko
  STRIP   /home/mert/Work/omarchy-mac-external-monitor/artifacts/usb4-backport/root/lib/modules/7.1.13-usb4-gpu-test/kernel/net/netfilter/nft_fwd_netdev.ko
  INSTALL /home/mert/Work/omarchy-mac-external-monitor/artifacts/usb4-backport/root/lib/modules/7.1.13-usb4-gpu-test/kernel/net/netfilter/nf_flow_table.ko
  STRIP   /home/mert/Work/omarchy-mac-external-monitor/artifacts/usb4-backport/root/lib/modules/7.1.13-usb4-gpu-test/kernel/net/netfilter/nf_flow_table.ko
  INSTALL /home/mert/Work/omarchy-mac-external-monitor/artifacts/usb4-backport/root/lib/modules/7.1.13-usb4-gpu-test/kernel/net/netfilter/nf_flow_table_inet.ko
  STRIP   /home/mert/Work/omarchy-mac-external-monitor/artifacts/usb4-backport/root/lib/modules/7.1.13-usb4-gpu-test/kernel/net/netfilter/nf_flow_table_inet.ko
  INSTALL /home/mert/Work/omarchy-mac-external-monitor/artifacts/usb4-backport/root/lib/modules/7.1.13-usb4-gpu-test/kernel/net/netfilter/xt_mark.ko
  STRIP   /home/mert/Work/omarchy-mac-external-monitor/artifacts/usb4-backport/root/lib/modules/7.1.13-usb4-gpu-test/kernel/net/netfilter/xt_mark.ko
  INSTALL /home/mert/Work/omarchy-mac-external-monitor/artifacts/usb4-backport/root/lib/modules/7.1.13-usb4-gpu-test/kernel/net/netfilter/xt_connmark.ko
  STRIP   /home/mert/Work/omarchy-mac-external-monitor/artifacts/usb4-backport/root/lib/modules/7.1.13-usb4-gpu-test/kernel/net/netfilter/xt_connmark.ko
  INSTALL /home/mert/Work/omarchy-mac-external-monitor/artifacts/usb4-backport/root/lib/modules/7.1.13-usb4-gpu-test/kernel/net/netfilter/xt_set.ko
  STRIP   /home/mert/Work/omarchy-mac-external-monitor/artifacts/usb4-backport/root/lib/modules/7.1.13-usb4-gpu-test/kernel/net/netfilter/xt_set.ko
  INSTALL /home/mert/Work/omarchy-mac-external-monitor/artifacts/usb4-backport/root/lib/modules/7.1.13-usb4-gpu-test/kernel/net/netfilter/xt_nat.ko
  STRIP   /home/mert/Work/omarchy-mac-external-monitor/artifacts/usb4-backport/root/lib/modules/7.1.13-usb4-gpu-test/kernel/net/netfilter/xt_nat.ko
  INSTALL /home/mert/Work/omarchy-mac-external-monitor/artifacts/usb4-backport/root/lib/modules/7.1.13-usb4-gpu-test/kernel/net/netfilter/xt_AUDIT.ko
  STRIP   /home/mert/Work/omarchy-mac-external-monitor/artifacts/usb4-backport/root/lib/modules/7.1.13-usb4-gpu-test/kernel/net/netfilter/xt_AUDIT.ko
  INSTALL /home/mert/Work/omarchy-mac-external-monitor/artifacts/usb4-backport/root/lib/modules/7.1.13-usb4-gpu-test/kernel/net/netfilter/xt_CHECKSUM.ko
  STRIP   /home/mert/Work/omarchy-mac-external-monitor/artifacts/usb4-backport/root/lib/modules/7.1.13-usb4-gpu-test/kernel/net/netfilter/xt_CHECKSUM.ko
  INSTALL /home/mert/Work/omarchy-mac-external-monitor/artifacts/usb4-backport/root/lib/modules/7.1.13-usb4-gpu-test/kernel/net/netfilter/xt_CLASSIFY.ko
  STRIP   /home/mert/Work/omarchy-mac-external-monitor/artifacts/usb4-backport/root/lib/modules/7.1.13-usb4-gpu-test/kernel/net/netfilter/xt_CLASSIFY.ko
  INSTALL /home/mert/Work/omarchy-mac-external-monitor/artifacts/usb4-backport/root/lib/modules/7.1.13-usb4-gpu-test/kernel/net/netfilter/xt_CT.ko
  STRIP   /home/mert/Work/omarchy-mac-external-monitor/artifacts/usb4-backport/root/lib/modules/7.1.13-usb4-gpu-test/kernel/net/netfilter/xt_CT.ko
  INSTALL /home/mert/Work/omarchy-mac-external-monitor/artifacts/usb4-backport/root/lib/modules/7.1.13-usb4-gpu-test/kernel/net/netfilter/xt_DSCP.ko
  STRIP   /home/mert/Work/omarchy-mac-external-monitor/artifacts/usb4-backport/root/lib/modules/7.1.13-usb4-gpu-test/kernel/net/netfilter/xt_DSCP.ko
  INSTALL /home/mert/Work/omarchy-mac-external-monitor/artifacts/usb4-backport/root/lib/modules/7.1.13-usb4-gpu-test/kernel/net/netfilter/xt_HL.ko
  STRIP   /home/mert/Work/omarchy-mac-external-monitor/artifacts/usb4-backport/root/lib/modules/7.1.13-usb4-gpu-test/kernel/net/netfilter/xt_HL.ko
  INSTALL /home/mert/Work/omarchy-mac-external-monitor/artifacts/usb4-backport/root/lib/modules/7.1.13-usb4-gpu-test/kernel/net/netfilter/xt_HMARK.ko
  STRIP   /home/mert/Work/omarchy-mac-external-monitor/artifacts/usb4-backport/root/lib/modules/7.1.13-usb4-gpu-test/kernel/net/netfilter/xt_HMARK.ko
  INSTALL /home/mert/Work/omarchy-mac-external-monitor/artifacts/usb4-backport/root/lib/modules/7.1.13-usb4-gpu-test/kernel/net/netfilter/xt_LED.ko
  STRIP   /home/mert/Work/omarchy-mac-external-monitor/artifacts/usb4-backport/root/lib/modules/7.1.13-usb4-gpu-test/kernel/net/netfilter/xt_LED.ko
  INSTALL /home/mert/Work/omarchy-mac-external-monitor/artifacts/usb4-backport/root/lib/modules/7.1.13-usb4-gpu-test/kernel/net/netfilter/xt_LOG.ko
  STRIP   /home/mert/Work/omarchy-mac-external-monitor/artifacts/usb4-backport/root/lib/modules/7.1.13-usb4-gpu-test/kernel/net/netfilter/xt_LOG.ko
  INSTALL /home/mert/Work/omarchy-mac-external-monitor/artifacts/usb4-backport/root/lib/modules/7.1.13-usb4-gpu-test/kernel/net/netfilter/xt_NETMAP.ko
  STRIP   /home/mert/Work/omarchy-mac-external-monitor/artifacts/usb4-backport/root/lib/modules/7.1.13-usb4-gpu-test/kernel/net/netfilter/xt_NETMAP.ko
  INSTALL /home/mert/Work/omarchy-mac-external-monitor/artifacts/usb4-backport/root/lib/modules/7.1.13-usb4-gpu-test/kernel/net/netfilter/xt_NFLOG.ko
  STRIP   /home/mert/Work/omarchy-mac-external-monitor/artifacts/usb4-backport/root/lib/modules/7.1.13-usb4-gpu-test/kernel/net/netfilter/xt_NFLOG.ko
  INSTALL /home/mert/Work/omarchy-mac-external-monitor/artifacts/usb4-backport/root/lib/modules/7.1.13-usb4-gpu-test/kernel/net/netfilter/xt_NFQUEUE.ko
  STRIP   /home/mert/Work/omarchy-mac-external-monitor/artifacts/usb4-backport/root/lib/modules/7.1.13-usb4-gpu-test/kernel/net/netfilter/xt_NFQUEUE.ko
  INSTALL /home/mert/Work/omarchy-mac-external-monitor/artifacts/usb4-backport/root/lib/modules/7.1.13-usb4-gpu-test/kernel/net/netfilter/xt_RATEEST.ko
  STRIP   /home/mert/Work/omarchy-mac-external-monitor/artifacts/usb4-backport/root/lib/modules/7.1.13-usb4-gpu-test/kernel/net/netfilter/xt_RATEEST.ko
  INSTALL /home/mert/Work/omarchy-mac-external-monitor/artifacts/usb4-backport/root/lib/modules/7.1.13-usb4-gpu-test/kernel/net/netfilter/xt_REDIRECT.ko
  STRIP   /home/mert/Work/omarchy-mac-external-monitor/artifacts/usb4-backport/root/lib/modules/7.1.13-usb4-gpu-test/kernel/net/netfilter/xt_REDIRECT.ko
  INSTALL /home/mert/Work/omarchy-mac-external-monitor/artifacts/usb4-backport/root/lib/modules/7.1.13-usb4-gpu-test/kernel/net/netfilter/xt_MASQUERADE.ko
  STRIP   /home/mert/Work/omarchy-mac-external-monitor/artifacts/usb4-backport/root/lib/modules/7.1.13-usb4-gpu-test/kernel/net/netfilter/xt_MASQUERADE.ko
  INSTALL /home/mert/Work/omarchy-mac-external-monitor/artifacts/usb4-backport/root/lib/modules/7.1.13-usb4-gpu-test/kernel/net/netfilter/xt_TPROXY.ko
  STRIP   /home/mert/Work/omarchy-mac-external-monitor/artifacts/usb4-backport/root/lib/modules/7.1.13-usb4-gpu-test/kernel/net/netfilter/xt_TPROXY.ko
  INSTALL /home/mert/Work/omarchy-mac-external-monitor/artifacts/usb4-backport/root/lib/modules/7.1.13-usb4-gpu-test/kernel/net/netfilter/xt_TCPMSS.ko
  STRIP   /home/mert/Work/omarchy-mac-external-monitor/artifacts/usb4-backport/root/lib/modules/7.1.13-usb4-gpu-test/kernel/net/netfilter/xt_TCPMSS.ko
  INSTALL /home/mert/Work/omarchy-mac-external-monitor/artifacts/usb4-backport/root/lib/modules/7.1.13-usb4-gpu-test/kernel/net/netfilter/xt_TCPOPTSTRIP.ko
  STRIP   /home/mert/Work/omarchy-mac-external-monitor/artifacts/usb4-backport/root/lib/modules/7.1.13-usb4-gpu-test/kernel/net/netfilter/xt_TCPOPTSTRIP.ko
  INSTALL /home/mert/Work/omarchy-mac-external-monitor/artifacts/usb4-backport/root/lib/modules/7.1.13-usb4-gpu-test/kernel/net/netfilter/xt_TEE.ko
  STRIP   /home/mert/Work/omarchy-mac-external-monitor/artifacts/usb4-backport/root/lib/modules/7.1.13-usb4-gpu-test/kernel/net/netfilter/xt_TEE.ko
  INSTALL /home/mert/Work/omarchy-mac-external-monitor/artifacts/usb4-backport/root/lib/modules/7.1.13-usb4-gpu-test/kernel/net/netfilter/xt_TRACE.ko
  STRIP   /home/mert/Work/omarchy-mac-external-monitor/artifacts/usb4-backport/root/lib/modules/7.1.13-usb4-gpu-test/kernel/net/netfilter/xt_TRACE.ko
  INSTALL /home/mert/Work/omarchy-mac-external-monitor/artifacts/usb4-backport/root/lib/modules/7.1.13-usb4-gpu-test/kernel/net/netfilter/xt_IDLETIMER.ko
  STRIP   /home/mert/Work/omarchy-mac-external-monitor/artifacts/usb4-backport/root/lib/modules/7.1.13-usb4-gpu-test/kernel/net/netfilter/xt_IDLETIMER.ko
  INSTALL /home/mert/Work/omarchy-mac-external-monitor/artifacts/usb4-backport/root/lib/modules/7.1.13-usb4-gpu-test/kernel/net/netfilter/xt_addrtype.ko
  STRIP   /home/mert/Work/omarchy-mac-external-monitor/artifacts/usb4-backport/root/lib/modules/7.1.13-usb4-gpu-test/kernel/net/netfilter/xt_addrtype.ko
  INSTALL /home/mert/Work/omarchy-mac-external-monitor/artifacts/usb4-backport/root/lib/modules/7.1.13-usb4-gpu-test/kernel/net/netfilter/xt_bpf.ko
  STRIP   /home/mert/Work/omarchy-mac-external-monitor/artifacts/usb4-backport/root/lib/modules/7.1.13-usb4-gpu-test/kernel/net/netfilter/xt_bpf.ko
  INSTALL /home/mert/Work/omarchy-mac-external-monitor/artifacts/usb4-backport/root/lib/modules/7.1.13-usb4-gpu-test/kernel/net/netfilter/xt_cluster.ko
  STRIP   /home/mert/Work/omarchy-mac-external-monitor/artifacts/usb4-backport/root/lib/modules/7.1.13-usb4-gpu-test/kernel/net/netfilter/xt_cluster.ko
  INSTALL /home/mert/Work/omarchy-mac-external-monitor/artifacts/usb4-backport/root/lib/modules/7.1.13-usb4-gpu-test/kernel/net/netfilter/xt_comment.ko
  STRIP   /home/mert/Work/omarchy-mac-external-monitor/artifacts/usb4-backport/root/lib/modules/7.1.13-usb4-gpu-test/kernel/net/netfilter/xt_comment.ko
  INSTALL /home/mert/Work/omarchy-mac-external-monitor/artifacts/usb4-backport/root/lib/modules/7.1.13-usb4-gpu-test/kernel/net/netfilter/xt_connbytes.ko
  STRIP   /home/mert/Work/omarchy-mac-external-monitor/artifacts/usb4-backport/root/lib/modules/7.1.13-usb4-gpu-test/kernel/net/netfilter/xt_connbytes.ko
  INSTALL /home/mert/Work/omarchy-mac-external-monitor/artifacts/usb4-backport/root/lib/modules/7.1.13-usb4-gpu-test/kernel/net/netfilter/xt_connlabel.ko
  STRIP   /home/mert/Work/omarchy-mac-external-monitor/artifacts/usb4-backport/root/lib/modules/7.1.13-usb4-gpu-test/kernel/net/netfilter/xt_connlabel.ko
  INSTALL /home/mert/Work/omarchy-mac-external-monitor/artifacts/usb4-backport/root/lib/modules/7.1.13-usb4-gpu-test/kernel/net/netfilter/xt_connlimit.ko
  STRIP   /home/mert/Work/omarchy-mac-external-monitor/artifacts/usb4-backport/root/lib/modules/7.1.13-usb4-gpu-test/kernel/net/netfilter/xt_connlimit.ko
  INSTALL /home/mert/Work/omarchy-mac-external-monitor/artifacts/usb4-backport/root/lib/modules/7.1.13-usb4-gpu-test/kernel/net/netfilter/xt_conntrack.ko
  STRIP   /home/mert/Work/omarchy-mac-external-monitor/artifacts/usb4-backport/root/lib/modules/7.1.13-usb4-gpu-test/kernel/net/netfilter/xt_conntrack.ko
  INSTALL /home/mert/Work/omarchy-mac-external-monitor/artifacts/usb4-backport/root/lib/modules/7.1.13-usb4-gpu-test/kernel/net/netfilter/xt_cpu.ko
  STRIP   /home/mert/Work/omarchy-mac-external-monitor/artifacts/usb4-backport/root/lib/modules/7.1.13-usb4-gpu-test/kernel/net/netfilter/xt_cpu.ko
  INSTALL /home/mert/Work/omarchy-mac-external-monitor/artifacts/usb4-backport/root/lib/modules/7.1.13-usb4-gpu-test/kernel/net/netfilter/xt_dccp.ko
  STRIP   /home/mert/Work/omarchy-mac-external-monitor/artifacts/usb4-backport/root/lib/modules/7.1.13-usb4-gpu-test/kernel/net/netfilter/xt_dccp.ko
  INSTALL /home/mert/Work/omarchy-mac-external-monitor/artifacts/usb4-backport/root/lib/modules/7.1.13-usb4-gpu-test/kernel/net/netfilter/xt_devgroup.ko
  STRIP   /home/mert/Work/omarchy-mac-external-monitor/artifacts/usb4-backport/root/lib/modules/7.1.13-usb4-gpu-test/kernel/net/netfilter/xt_devgroup.ko
  INSTALL /home/mert/Work/omarchy-mac-external-monitor/artifacts/usb4-backport/root/lib/modules/7.1.13-usb4-gpu-test/kernel/net/netfilter/xt_dscp.ko
  STRIP   /home/mert/Work/omarchy-mac-external-monitor/artifacts/usb4-backport/root/lib/modules/7.1.13-usb4-gpu-test/kernel/net/netfilter/xt_dscp.ko
  INSTALL /home/mert/Work/omarchy-mac-external-monitor/artifacts/usb4-backport/root/lib/modules/7.1.13-usb4-gpu-test/kernel/net/netfilter/xt_ecn.ko
  STRIP   /home/mert/Work/omarchy-mac-external-monitor/artifacts/usb4-backport/root/lib/modules/7.1.13-usb4-gpu-test/kernel/net/netfilter/xt_ecn.ko
  INSTALL /home/mert/Work/omarchy-mac-external-monitor/artifacts/usb4-backport/root/lib/modules/7.1.13-usb4-gpu-test/kernel/net/netfilter/xt_esp.ko
  STRIP   /home/mert/Work/omarchy-mac-external-monitor/artifacts/usb4-backport/root/lib/modules/7.1.13-usb4-gpu-test/kernel/net/netfilter/xt_esp.ko
  INSTALL /home/mert/Work/omarchy-mac-external-monitor/artifacts/usb4-backport/root/lib/modules/7.1.13-usb4-gpu-test/kernel/net/netfilter/xt_hashlimit.ko
  STRIP   /home/mert/Work/omarchy-mac-external-monitor/artifacts/usb4-backport/root/lib/modules/7.1.13-usb4-gpu-test/kernel/net/netfilter/xt_hashlimit.ko
  INSTALL /home/mert/Work/omarchy-mac-external-monitor/artifacts/usb4-backport/root/lib/modules/7.1.13-usb4-gpu-test/kernel/net/netfilter/xt_helper.ko
  STRIP   /home/mert/Work/omarchy-mac-external-monitor/artifacts/usb4-backport/root/lib/modules/7.1.13-usb4-gpu-test/kernel/net/netfilter/xt_helper.ko
  INSTALL /home/mert/Work/omarchy-mac-external-monitor/artifacts/usb4-backport/root/lib/modules/7.1.13-usb4-gpu-test/kernel/net/netfilter/xt_hl.ko
  STRIP   /home/mert/Work/omarchy-mac-external-monitor/artifacts/usb4-backport/root/lib/modules/7.1.13-usb4-gpu-test/kernel/net/netfilter/xt_hl.ko
  INSTALL /home/mert/Work/omarchy-mac-external-monitor/artifacts/usb4-backport/root/lib/modules/7.1.13-usb4-gpu-test/kernel/net/netfilter/xt_ipcomp.ko
  STRIP   /home/mert/Work/omarchy-mac-external-monitor/artifacts/usb4-backport/root/lib/modules/7.1.13-usb4-gpu-test/kernel/net/netfilter/xt_ipcomp.ko
  INSTALL /home/mert/Work/omarchy-mac-external-monitor/artifacts/usb4-backport/root/lib/modules/7.1.13-usb4-gpu-test/kernel/net/netfilter/xt_iprange.ko
  STRIP   /home/mert/Work/omarchy-mac-external-monitor/artifacts/usb4-backport/root/lib/modules/7.1.13-usb4-gpu-test/kernel/net/netfilter/xt_iprange.ko
  INSTALL /home/mert/Work/omarchy-mac-external-monitor/artifacts/usb4-backport/root/lib/modules/7.1.13-usb4-gpu-test/kernel/net/netfilter/xt_ipvs.ko
  STRIP   /home/mert/Work/omarchy-mac-external-monitor/artifacts/usb4-backport/root/lib/modules/7.1.13-usb4-gpu-test/kernel/net/netfilter/xt_ipvs.ko
  INSTALL /home/mert/Work/omarchy-mac-external-monitor/artifacts/usb4-backport/root/lib/modules/7.1.13-usb4-gpu-test/kernel/net/netfilter/xt_l2tp.ko
  STRIP   /home/mert/Work/omarchy-mac-external-monitor/artifacts/usb4-backport/root/lib/modules/7.1.13-usb4-gpu-test/kernel/net/netfilter/xt_l2tp.ko
  INSTALL /home/mert/Work/omarchy-mac-external-monitor/artifacts/usb4-backport/root/lib/modules/7.1.13-usb4-gpu-test/kernel/net/netfilter/xt_length.ko
  STRIP   /home/mert/Work/omarchy-mac-external-monitor/artifacts/usb4-backport/root/lib/modules/7.1.13-usb4-gpu-test/kernel/net/netfilter/xt_length.ko
  INSTALL /home/mert/Work/omarchy-mac-external-monitor/artifacts/usb4-backport/root/lib/modules/7.1.13-usb4-gpu-test/kernel/net/netfilter/xt_limit.ko
  STRIP   /home/mert/Work/omarchy-mac-external-monitor/artifacts/usb4-backport/root/lib/modules/7.1.13-usb4-gpu-test/kernel/net/netfilter/xt_limit.ko
  INSTALL /home/mert/Work/omarchy-mac-external-monitor/artifacts/usb4-backport/root/lib/modules/7.1.13-usb4-gpu-test/kernel/net/netfilter/xt_mac.ko
  STRIP   /home/mert/Work/omarchy-mac-external-monitor/artifacts/usb4-backport/root/lib/modules/7.1.13-usb4-gpu-test/kernel/net/netfilter/xt_mac.ko
  INSTALL /home/mert/Work/omarchy-mac-external-monitor/artifacts/usb4-backport/root/lib/modules/7.1.13-usb4-gpu-test/kernel/net/netfilter/xt_multiport.ko
  STRIP   /home/mert/Work/omarchy-mac-external-monitor/artifacts/usb4-backport/root/lib/modules/7.1.13-usb4-gpu-test/kernel/net/netfilter/xt_multiport.ko
  INSTALL /home/mert/Work/omarchy-mac-external-monitor/artifacts/usb4-backport/root/lib/modules/7.1.13-usb4-gpu-test/kernel/net/netfilter/xt_nfacct.ko
  STRIP   /home/mert/Work/omarchy-mac-external-monitor/artifacts/usb4-backport/root/lib/modules/7.1.13-usb4-gpu-test/kernel/net/netfilter/xt_nfacct.ko
  INSTALL /home/mert/Work/omarchy-mac-external-monitor/artifacts/usb4-backport/root/lib/modules/7.1.13-usb4-gpu-test/kernel/net/netfilter/xt_osf.ko
  STRIP   /home/mert/Work/omarchy-mac-external-monitor/artifacts/usb4-backport/root/lib/modules/7.1.13-usb4-gpu-test/kernel/net/netfilter/xt_osf.ko
  INSTALL /home/mert/Work/omarchy-mac-external-monitor/artifacts/usb4-backport/root/lib/modules/7.1.13-usb4-gpu-test/kernel/net/netfilter/xt_owner.ko
  STRIP   /home/mert/Work/omarchy-mac-external-monitor/artifacts/usb4-backport/root/lib/modules/7.1.13-usb4-gpu-test/kernel/net/netfilter/xt_owner.ko
  INSTALL /home/mert/Work/omarchy-mac-external-monitor/artifacts/usb4-backport/root/lib/modules/7.1.13-usb4-gpu-test/kernel/net/netfilter/xt_cgroup.ko
  STRIP   /home/mert/Work/omarchy-mac-external-monitor/artifacts/usb4-backport/root/lib/modules/7.1.13-usb4-gpu-test/kernel/net/netfilter/xt_cgroup.ko
  INSTALL /home/mert/Work/omarchy-mac-external-monitor/artifacts/usb4-backport/root/lib/modules/7.1.13-usb4-gpu-test/kernel/net/netfilter/xt_physdev.ko
  STRIP   /home/mert/Work/omarchy-mac-external-monitor/artifacts/usb4-backport/root/lib/modules/7.1.13-usb4-gpu-test/kernel/net/netfilter/xt_physdev.ko
  INSTALL /home/mert/Work/omarchy-mac-external-monitor/artifacts/usb4-backport/root/lib/modules/7.1.13-usb4-gpu-test/kernel/net/netfilter/xt_pkttype.ko
  STRIP   /home/mert/Work/omarchy-mac-external-monitor/artifacts/usb4-backport/root/lib/modules/7.1.13-usb4-gpu-test/kernel/net/netfilter/xt_pkttype.ko
  INSTALL /home/mert/Work/omarchy-mac-external-monitor/artifacts/usb4-backport/root/lib/modules/7.1.13-usb4-gpu-test/kernel/net/netfilter/xt_policy.ko
  STRIP   /home/mert/Work/omarchy-mac-external-monitor/artifacts/usb4-backport/root/lib/modules/7.1.13-usb4-gpu-test/kernel/net/netfilter/xt_policy.ko
  INSTALL /home/mert/Work/omarchy-mac-external-monitor/artifacts/usb4-backport/root/lib/modules/7.1.13-usb4-gpu-test/kernel/net/netfilter/xt_quota.ko
  STRIP   /home/mert/Work/omarchy-mac-external-monitor/artifacts/usb4-backport/root/lib/modules/7.1.13-usb4-gpu-test/kernel/net/netfilter/xt_quota.ko
  INSTALL /home/mert/Work/omarchy-mac-external-monitor/artifacts/usb4-backport/root/lib/modules/7.1.13-usb4-gpu-test/kernel/net/netfilter/xt_rateest.ko
  STRIP   /home/mert/Work/omarchy-mac-external-monitor/artifacts/usb4-backport/root/lib/modules/7.1.13-usb4-gpu-test/kernel/net/netfilter/xt_rateest.ko
  INSTALL /home/mert/Work/omarchy-mac-external-monitor/artifacts/usb4-backport/root/lib/modules/7.1.13-usb4-gpu-test/kernel/net/netfilter/xt_realm.ko
  STRIP   /home/mert/Work/omarchy-mac-external-monitor/artifacts/usb4-backport/root/lib/modules/7.1.13-usb4-gpu-test/kernel/net/netfilter/xt_realm.ko
  INSTALL /home/mert/Work/omarchy-mac-external-monitor/artifacts/usb4-backport/root/lib/modules/7.1.13-usb4-gpu-test/kernel/net/netfilter/xt_recent.ko
  STRIP   /home/mert/Work/omarchy-mac-external-monitor/artifacts/usb4-backport/root/lib/modules/7.1.13-usb4-gpu-test/kernel/net/netfilter/xt_recent.ko
  INSTALL /home/mert/Work/omarchy-mac-external-monitor/artifacts/usb4-backport/root/lib/modules/7.1.13-usb4-gpu-test/kernel/net/netfilter/xt_sctp.ko
  STRIP   /home/mert/Work/omarchy-mac-external-monitor/artifacts/usb4-backport/root/lib/modules/7.1.13-usb4-gpu-test/kernel/net/netfilter/xt_sctp.ko
  INSTALL /home/mert/Work/omarchy-mac-external-monitor/artifacts/usb4-backport/root/lib/modules/7.1.13-usb4-gpu-test/kernel/net/netfilter/xt_socket.ko
  STRIP   /home/mert/Work/omarchy-mac-external-monitor/artifacts/usb4-backport/root/lib/modules/7.1.13-usb4-gpu-test/kernel/net/netfilter/xt_socket.ko
  INSTALL /home/mert/Work/omarchy-mac-external-monitor/artifacts/usb4-backport/root/lib/modules/7.1.13-usb4-gpu-test/kernel/net/netfilter/xt_state.ko
  STRIP   /home/mert/Work/omarchy-mac-external-monitor/artifacts/usb4-backport/root/lib/modules/7.1.13-usb4-gpu-test/kernel/net/netfilter/xt_state.ko
  INSTALL /home/mert/Work/omarchy-mac-external-monitor/artifacts/usb4-backport/root/lib/modules/7.1.13-usb4-gpu-test/kernel/net/netfilter/xt_statistic.ko
  STRIP   /home/mert/Work/omarchy-mac-external-monitor/artifacts/usb4-backport/root/lib/modules/7.1.13-usb4-gpu-test/kernel/net/netfilter/xt_statistic.ko
  INSTALL /home/mert/Work/omarchy-mac-external-monitor/artifacts/usb4-backport/root/lib/modules/7.1.13-usb4-gpu-test/kernel/net/netfilter/xt_string.ko
  STRIP   /home/mert/Work/omarchy-mac-external-monitor/artifacts/usb4-backport/root/lib/modules/7.1.13-usb4-gpu-test/kernel/net/netfilter/xt_string.ko
  INSTALL /home/mert/Work/omarchy-mac-external-monitor/artifacts/usb4-backport/root/lib/modules/7.1.13-usb4-gpu-test/kernel/net/netfilter/xt_tcpmss.ko
  STRIP   /home/mert/Work/omarchy-mac-external-monitor/artifacts/usb4-backport/root/lib/modules/7.1.13-usb4-gpu-test/kernel/net/netfilter/xt_tcpmss.ko
  INSTALL /home/mert/Work/omarchy-mac-external-monitor/artifacts/usb4-backport/root/lib/modules/7.1.13-usb4-gpu-test/kernel/net/netfilter/xt_time.ko
  STRIP   /home/mert/Work/omarchy-mac-external-monitor/artifacts/usb4-backport/root/lib/modules/7.1.13-usb4-gpu-test/kernel/net/netfilter/xt_time.ko
  INSTALL /home/mert/Work/omarchy-mac-external-monitor/artifacts/usb4-backport/root/lib/modules/7.1.13-usb4-gpu-test/kernel/net/netfilter/xt_u32.ko
  STRIP   /home/mert/Work/omarchy-mac-external-monitor/artifacts/usb4-backport/root/lib/modules/7.1.13-usb4-gpu-test/kernel/net/netfilter/xt_u32.ko
  INSTALL /home/mert/Work/omarchy-mac-external-monitor/artifacts/usb4-backport/root/lib/modules/7.1.13-usb4-gpu-test/kernel/net/netfilter/ipset/ip_set.ko
  STRIP   /home/mert/Work/omarchy-mac-external-monitor/artifacts/usb4-backport/root/lib/modules/7.1.13-usb4-gpu-test/kernel/net/netfilter/ipset/ip_set.ko
  INSTALL /home/mert/Work/omarchy-mac-external-monitor/artifacts/usb4-backport/root/lib/modules/7.1.13-usb4-gpu-test/kernel/net/netfilter/ipset/ip_set_bitmap_ip.ko
  STRIP   /home/mert/Work/omarchy-mac-external-monitor/artifacts/usb4-backport/root/lib/modules/7.1.13-usb4-gpu-test/kernel/net/netfilter/ipset/ip_set_bitmap_ip.ko
  INSTALL /home/mert/Work/omarchy-mac-external-monitor/artifacts/usb4-backport/root/lib/modules/7.1.13-usb4-gpu-test/kernel/net/netfilter/ipset/ip_set_bitmap_ipmac.ko
  STRIP   /home/mert/Work/omarchy-mac-external-monitor/artifacts/usb4-backport/root/lib/modules/7.1.13-usb4-gpu-test/kernel/net/netfilter/ipset/ip_set_bitmap_ipmac.ko
  INSTALL /home/mert/Work/omarchy-mac-external-monitor/artifacts/usb4-backport/root/lib/modules/7.1.13-usb4-gpu-test/kernel/net/netfilter/ipset/ip_set_bitmap_port.ko
  STRIP   /home/mert/Work/omarchy-mac-external-monitor/artifacts/usb4-backport/root/lib/modules/7.1.13-usb4-gpu-test/kernel/net/netfilter/ipset/ip_set_bitmap_port.ko
  INSTALL /home/mert/Work/omarchy-mac-external-monitor/artifacts/usb4-backport/root/lib/modules/7.1.13-usb4-gpu-test/kernel/net/netfilter/ipset/ip_set_hash_ip.ko
  STRIP   /home/mert/Work/omarchy-mac-external-monitor/artifacts/usb4-backport/root/lib/modules/7.1.13-usb4-gpu-test/kernel/net/netfilter/ipset/ip_set_hash_ip.ko
  INSTALL /home/mert/Work/omarchy-mac-external-monitor/artifacts/usb4-backport/root/lib/modules/7.1.13-usb4-gpu-test/kernel/net/netfilter/ipset/ip_set_hash_ipmac.ko
  STRIP   /home/mert/Work/omarchy-mac-external-monitor/artifacts/usb4-backport/root/lib/modules/7.1.13-usb4-gpu-test/kernel/net/netfilter/ipset/ip_set_hash_ipmac.ko
  INSTALL /home/mert/Work/omarchy-mac-external-monitor/artifacts/usb4-backport/root/lib/modules/7.1.13-usb4-gpu-test/kernel/net/netfilter/ipset/ip_set_hash_ipmark.ko
  STRIP   /home/mert/Work/omarchy-mac-external-monitor/artifacts/usb4-backport/root/lib/modules/7.1.13-usb4-gpu-test/kernel/net/netfilter/ipset/ip_set_hash_ipmark.ko
  INSTALL /home/mert/Work/omarchy-mac-external-monitor/artifacts/usb4-backport/root/lib/modules/7.1.13-usb4-gpu-test/kernel/net/netfilter/ipset/ip_set_hash_ipport.ko
  STRIP   /home/mert/Work/omarchy-mac-external-monitor/artifacts/usb4-backport/root/lib/modules/7.1.13-usb4-gpu-test/kernel/net/netfilter/ipset/ip_set_hash_ipport.ko
  INSTALL /home/mert/Work/omarchy-mac-external-monitor/artifacts/usb4-backport/root/lib/modules/7.1.13-usb4-gpu-test/kernel/net/netfilter/ipset/ip_set_hash_ipportip.ko
  STRIP   /home/mert/Work/omarchy-mac-external-monitor/artifacts/usb4-backport/root/lib/modules/7.1.13-usb4-gpu-test/kernel/net/netfilter/ipset/ip_set_hash_ipportip.ko
  INSTALL /home/mert/Work/omarchy-mac-external-monitor/artifacts/usb4-backport/root/lib/modules/7.1.13-usb4-gpu-test/kernel/net/netfilter/ipset/ip_set_hash_ipportnet.ko
  STRIP   /home/mert/Work/omarchy-mac-external-monitor/artifacts/usb4-backport/root/lib/modules/7.1.13-usb4-gpu-test/kernel/net/netfilter/ipset/ip_set_hash_ipportnet.ko
  INSTALL /home/mert/Work/omarchy-mac-external-monitor/artifacts/usb4-backport/root/lib/modules/7.1.13-usb4-gpu-test/kernel/net/netfilter/ipset/ip_set_hash_mac.ko
  STRIP   /home/mert/Work/omarchy-mac-external-monitor/artifacts/usb4-backport/root/lib/modules/7.1.13-usb4-gpu-test/kernel/net/netfilter/ipset/ip_set_hash_mac.ko
  INSTALL /home/mert/Work/omarchy-mac-external-monitor/artifacts/usb4-backport/root/lib/modules/7.1.13-usb4-gpu-test/kernel/net/netfilter/ipset/ip_set_hash_net.ko
  STRIP   /home/mert/Work/omarchy-mac-external-monitor/artifacts/usb4-backport/root/lib/modules/7.1.13-usb4-gpu-test/kernel/net/netfilter/ipset/ip_set_hash_net.ko
  INSTALL /home/mert/Work/omarchy-mac-external-monitor/artifacts/usb4-backport/root/lib/modules/7.1.13-usb4-gpu-test/kernel/net/netfilter/ipset/ip_set_hash_netport.ko
  STRIP   /home/mert/Work/omarchy-mac-external-monitor/artifacts/usb4-backport/root/lib/modules/7.1.13-usb4-gpu-test/kernel/net/netfilter/ipset/ip_set_hash_netport.ko
  INSTALL /home/mert/Work/omarchy-mac-external-monitor/artifacts/usb4-backport/root/lib/modules/7.1.13-usb4-gpu-test/kernel/net/netfilter/ipset/ip_set_hash_netiface.ko
  STRIP   /home/mert/Work/omarchy-mac-external-monitor/artifacts/usb4-backport/root/lib/modules/7.1.13-usb4-gpu-test/kernel/net/netfilter/ipset/ip_set_hash_netiface.ko
  INSTALL /home/mert/Work/omarchy-mac-external-monitor/artifacts/usb4-backport/root/lib/modules/7.1.13-usb4-gpu-test/kernel/net/netfilter/ipset/ip_set_hash_netnet.ko
  STRIP   /home/mert/Work/omarchy-mac-external-monitor/artifacts/usb4-backport/root/lib/modules/7.1.13-usb4-gpu-test/kernel/net/netfilter/ipset/ip_set_hash_netnet.ko
  INSTALL /home/mert/Work/omarchy-mac-external-monitor/artifacts/usb4-backport/root/lib/modules/7.1.13-usb4-gpu-test/kernel/net/netfilter/ipset/ip_set_hash_netportnet.ko
  STRIP   /home/mert/Work/omarchy-mac-external-monitor/artifacts/usb4-backport/root/lib/modules/7.1.13-usb4-gpu-test/kernel/net/netfilter/ipset/ip_set_hash_netportnet.ko
  INSTALL /home/mert/Work/omarchy-mac-external-monitor/artifacts/usb4-backport/root/lib/modules/7.1.13-usb4-gpu-test/kernel/net/netfilter/ipset/ip_set_list_set.ko
  STRIP   /home/mert/Work/omarchy-mac-external-monitor/artifacts/usb4-backport/root/lib/modules/7.1.13-usb4-gpu-test/kernel/net/netfilter/ipset/ip_set_list_set.ko
  INSTALL /home/mert/Work/omarchy-mac-external-monitor/artifacts/usb4-backport/root/lib/modules/7.1.13-usb4-gpu-test/kernel/net/netfilter/ipvs/ip_vs.ko
  STRIP   /home/mert/Work/omarchy-mac-external-monitor/artifacts/usb4-backport/root/lib/modules/7.1.13-usb4-gpu-test/kernel/net/netfilter/ipvs/ip_vs.ko
  INSTALL /home/mert/Work/omarchy-mac-external-monitor/artifacts/usb4-backport/root/lib/modules/7.1.13-usb4-gpu-test/kernel/net/netfilter/ipvs/ip_vs_rr.ko
  STRIP   /home/mert/Work/omarchy-mac-external-monitor/artifacts/usb4-backport/root/lib/modules/7.1.13-usb4-gpu-test/kernel/net/netfilter/ipvs/ip_vs_rr.ko
  INSTALL /home/mert/Work/omarchy-mac-external-monitor/artifacts/usb4-backport/root/lib/modules/7.1.13-usb4-gpu-test/kernel/net/netfilter/ipvs/ip_vs_wrr.ko
  STRIP   /home/mert/Work/omarchy-mac-external-monitor/artifacts/usb4-backport/root/lib/modules/7.1.13-usb4-gpu-test/kernel/net/netfilter/ipvs/ip_vs_wrr.ko
  INSTALL /home/mert/Work/omarchy-mac-external-monitor/artifacts/usb4-backport/root/lib/modules/7.1.13-usb4-gpu-test/kernel/net/netfilter/ipvs/ip_vs_lc.ko
  STRIP   /home/mert/Work/omarchy-mac-external-monitor/artifacts/usb4-backport/root/lib/modules/7.1.13-usb4-gpu-test/kernel/net/netfilter/ipvs/ip_vs_lc.ko
  INSTALL /home/mert/Work/omarchy-mac-external-monitor/artifacts/usb4-backport/root/lib/modules/7.1.13-usb4-gpu-test/kernel/net/netfilter/ipvs/ip_vs_wlc.ko
  STRIP   /home/mert/Work/omarchy-mac-external-monitor/artifacts/usb4-backport/root/lib/modules/7.1.13-usb4-gpu-test/kernel/net/netfilter/ipvs/ip_vs_wlc.ko
  INSTALL /home/mert/Work/omarchy-mac-external-monitor/artifacts/usb4-backport/root/lib/modules/7.1.13-usb4-gpu-test/kernel/net/netfilter/ipvs/ip_vs_fo.ko
  STRIP   /home/mert/Work/omarchy-mac-external-monitor/artifacts/usb4-backport/root/lib/modules/7.1.13-usb4-gpu-test/kernel/net/netfilter/ipvs/ip_vs_fo.ko
  INSTALL /home/mert/Work/omarchy-mac-external-monitor/artifacts/usb4-backport/root/lib/modules/7.1.13-usb4-gpu-test/kernel/net/netfilter/ipvs/ip_vs_ovf.ko
  STRIP   /home/mert/Work/omarchy-mac-external-monitor/artifacts/usb4-backport/root/lib/modules/7.1.13-usb4-gpu-test/kernel/net/netfilter/ipvs/ip_vs_ovf.ko
  INSTALL /home/mert/Work/omarchy-mac-external-monitor/artifacts/usb4-backport/root/lib/modules/7.1.13-usb4-gpu-test/kernel/net/netfilter/ipvs/ip_vs_lblc.ko
  STRIP   /home/mert/Work/omarchy-mac-external-monitor/artifacts/usb4-backport/root/lib/modules/7.1.13-usb4-gpu-test/kernel/net/netfilter/ipvs/ip_vs_lblc.ko
  INSTALL /home/mert/Work/omarchy-mac-external-monitor/artifacts/usb4-backport/root/lib/modules/7.1.13-usb4-gpu-test/kernel/net/netfilter/ipvs/ip_vs_lblcr.ko
  STRIP   /home/mert/Work/omarchy-mac-external-monitor/artifacts/usb4-backport/root/lib/modules/7.1.13-usb4-gpu-test/kernel/net/netfilter/ipvs/ip_vs_lblcr.ko
  INSTALL /home/mert/Work/omarchy-mac-external-monitor/artifacts/usb4-backport/root/lib/modules/7.1.13-usb4-gpu-test/kernel/net/netfilter/ipvs/ip_vs_dh.ko
  STRIP   /home/mert/Work/omarchy-mac-external-monitor/artifacts/usb4-backport/root/lib/modules/7.1.13-usb4-gpu-test/kernel/net/netfilter/ipvs/ip_vs_dh.ko
  INSTALL /home/mert/Work/omarchy-mac-external-monitor/artifacts/usb4-backport/root/lib/modules/7.1.13-usb4-gpu-test/kernel/net/netfilter/ipvs/ip_vs_sh.ko
  STRIP   /home/mert/Work/omarchy-mac-external-monitor/artifacts/usb4-backport/root/lib/modules/7.1.13-usb4-gpu-test/kernel/net/netfilter/ipvs/ip_vs_sh.ko
  INSTALL /home/mert/Work/omarchy-mac-external-monitor/artifacts/usb4-backport/root/lib/modules/7.1.13-usb4-gpu-test/kernel/net/netfilter/ipvs/ip_vs_mh.ko
  STRIP   /home/mert/Work/omarchy-mac-external-monitor/artifacts/usb4-backport/root/lib/modules/7.1.13-usb4-gpu-test/kernel/net/netfilter/ipvs/ip_vs_mh.ko
  INSTALL /home/mert/Work/omarchy-mac-external-monitor/artifacts/usb4-backport/root/lib/modules/7.1.13-usb4-gpu-test/kernel/net/netfilter/ipvs/ip_vs_sed.ko
  STRIP   /home/mert/Work/omarchy-mac-external-monitor/artifacts/usb4-backport/root/lib/modules/7.1.13-usb4-gpu-test/kernel/net/netfilter/ipvs/ip_vs_sed.ko
  INSTALL /home/mert/Work/omarchy-mac-external-monitor/artifacts/usb4-backport/root/lib/modules/7.1.13-usb4-gpu-test/kernel/net/netfilter/ipvs/ip_vs_nq.ko
  STRIP   /home/mert/Work/omarchy-mac-external-monitor/artifacts/usb4-backport/root/lib/modules/7.1.13-usb4-gpu-test/kernel/net/netfilter/ipvs/ip_vs_nq.ko
  INSTALL /home/mert/Work/omarchy-mac-external-monitor/artifacts/usb4-backport/root/lib/modules/7.1.13-usb4-gpu-test/kernel/net/netfilter/ipvs/ip_vs_twos.ko
  STRIP   /home/mert/Work/omarchy-mac-external-monitor/artifacts/usb4-backport/root/lib/modules/7.1.13-usb4-gpu-test/kernel/net/netfilter/ipvs/ip_vs_twos.ko
  INSTALL /home/mert/Work/omarchy-mac-external-monitor/artifacts/usb4-backport/root/lib/modules/7.1.13-usb4-gpu-test/kernel/net/netfilter/ipvs/ip_vs_ftp.ko
  STRIP   /home/mert/Work/omarchy-mac-external-monitor/artifacts/usb4-backport/root/lib/modules/7.1.13-usb4-gpu-test/kernel/net/netfilter/ipvs/ip_vs_ftp.ko
  INSTALL /home/mert/Work/omarchy-mac-external-monitor/artifacts/usb4-backport/root/lib/modules/7.1.13-usb4-gpu-test/kernel/net/netfilter/ipvs/ip_vs_pe_sip.ko
  STRIP   /home/mert/Work/omarchy-mac-external-monitor/artifacts/usb4-backport/root/lib/modules/7.1.13-usb4-gpu-test/kernel/net/netfilter/ipvs/ip_vs_pe_sip.ko
  INSTALL /home/mert/Work/omarchy-mac-external-monitor/artifacts/usb4-backport/root/lib/modules/7.1.13-usb4-gpu-test/kernel/net/ipv4/netfilter/nf_defrag_ipv4.ko
  STRIP   /home/mert/Work/omarchy-mac-external-monitor/artifacts/usb4-backport/root/lib/modules/7.1.13-usb4-gpu-test/kernel/net/ipv4/netfilter/nf_defrag_ipv4.ko
  INSTALL /home/mert/Work/omarchy-mac-external-monitor/artifacts/usb4-backport/root/lib/modules/7.1.13-usb4-gpu-test/kernel/net/ipv4/netfilter/nf_socket_ipv4.ko
  STRIP   /home/mert/Work/omarchy-mac-external-monitor/artifacts/usb4-backport/root/lib/modules/7.1.13-usb4-gpu-test/kernel/net/ipv4/netfilter/nf_socket_ipv4.ko
  INSTALL /home/mert/Work/omarchy-mac-external-monitor/artifacts/usb4-backport/root/lib/modules/7.1.13-usb4-gpu-test/kernel/net/ipv4/netfilter/nf_tproxy_ipv4.ko
  STRIP   /home/mert/Work/omarchy-mac-external-monitor/artifacts/usb4-backport/root/lib/modules/7.1.13-usb4-gpu-test/kernel/net/ipv4/netfilter/nf_tproxy_ipv4.ko
  INSTALL /home/mert/Work/omarchy-mac-external-monitor/artifacts/usb4-backport/root/lib/modules/7.1.13-usb4-gpu-test/kernel/net/ipv4/netfilter/nf_nat_h323.ko
  STRIP   /home/mert/Work/omarchy-mac-external-monitor/artifacts/usb4-backport/root/lib/modules/7.1.13-usb4-gpu-test/kernel/net/ipv4/netfilter/nf_nat_h323.ko
  INSTALL /home/mert/Work/omarchy-mac-external-monitor/artifacts/usb4-backport/root/lib/modules/7.1.13-usb4-gpu-test/kernel/net/ipv4/netfilter/nf_nat_pptp.ko
  STRIP   /home/mert/Work/omarchy-mac-external-monitor/artifacts/usb4-backport/root/lib/modules/7.1.13-usb4-gpu-test/kernel/net/ipv4/netfilter/nf_nat_pptp.ko
  INSTALL /home/mert/Work/omarchy-mac-external-monitor/artifacts/usb4-backport/root/lib/modules/7.1.13-usb4-gpu-test/kernel/net/ipv4/netfilter/nf_nat_snmp_basic.ko
  STRIP   /home/mert/Work/omarchy-mac-external-monitor/artifacts/usb4-backport/root/lib/modules/7.1.13-usb4-gpu-test/kernel/net/ipv4/netfilter/nf_nat_snmp_basic.ko
  INSTALL /home/mert/Work/omarchy-mac-external-monitor/artifacts/usb4-backport/root/lib/modules/7.1.13-usb4-gpu-test/kernel/net/ipv4/netfilter/nft_reject_ipv4.ko
  STRIP   /home/mert/Work/omarchy-mac-external-monitor/artifacts/usb4-backport/root/lib/modules/7.1.13-usb4-gpu-test/kernel/net/ipv4/netfilter/nft_reject_ipv4.ko
  INSTALL /home/mert/Work/omarchy-mac-external-monitor/artifacts/usb4-backport/root/lib/modules/7.1.13-usb4-gpu-test/kernel/net/ipv4/netfilter/nft_fib_ipv4.ko
  STRIP   /home/mert/Work/omarchy-mac-external-monitor/artifacts/usb4-backport/root/lib/modules/7.1.13-usb4-gpu-test/kernel/net/ipv4/netfilter/nft_fib_ipv4.ko
  INSTALL /home/mert/Work/omarchy-mac-external-monitor/artifacts/usb4-backport/root/lib/modules/7.1.13-usb4-gpu-test/kernel/net/ipv4/netfilter/nft_dup_ipv4.ko
  STRIP   /home/mert/Work/omarchy-mac-external-monitor/artifacts/usb4-backport/root/lib/modules/7.1.13-usb4-gpu-test/kernel/net/ipv4/netfilter/nft_dup_ipv4.ko
  INSTALL /home/mert/Work/omarchy-mac-external-monitor/artifacts/usb4-backport/root/lib/modules/7.1.13-usb4-gpu-test/kernel/net/ipv4/netfilter/ip_tables.ko
  STRIP   /home/mert/Work/omarchy-mac-external-monitor/artifacts/usb4-backport/root/lib/modules/7.1.13-usb4-gpu-test/kernel/net/ipv4/netfilter/ip_tables.ko
  INSTALL /home/mert/Work/omarchy-mac-external-monitor/artifacts/usb4-backport/root/lib/modules/7.1.13-usb4-gpu-test/kernel/net/ipv4/netfilter/iptable_filter.ko
  STRIP   /home/mert/Work/omarchy-mac-external-monitor/artifacts/usb4-backport/root/lib/modules/7.1.13-usb4-gpu-test/kernel/net/ipv4/netfilter/iptable_filter.ko
  INSTALL /home/mert/Work/omarchy-mac-external-monitor/artifacts/usb4-backport/root/lib/modules/7.1.13-usb4-gpu-test/kernel/net/ipv4/netfilter/iptable_mangle.ko
  STRIP   /home/mert/Work/omarchy-mac-external-monitor/artifacts/usb4-backport/root/lib/modules/7.1.13-usb4-gpu-test/kernel/net/ipv4/netfilter/iptable_mangle.ko
  INSTALL /home/mert/Work/omarchy-mac-external-monitor/artifacts/usb4-backport/root/lib/modules/7.1.13-usb4-gpu-test/kernel/net/ipv4/netfilter/iptable_nat.ko
  STRIP   /home/mert/Work/omarchy-mac-external-monitor/artifacts/usb4-backport/root/lib/modules/7.1.13-usb4-gpu-test/kernel/net/ipv4/netfilter/iptable_nat.ko
  INSTALL /home/mert/Work/omarchy-mac-external-monitor/artifacts/usb4-backport/root/lib/modules/7.1.13-usb4-gpu-test/kernel/net/ipv4/netfilter/iptable_raw.ko
  STRIP   /home/mert/Work/omarchy-mac-external-monitor/artifacts/usb4-backport/root/lib/modules/7.1.13-usb4-gpu-test/kernel/net/ipv4/netfilter/iptable_raw.ko
  INSTALL /home/mert/Work/omarchy-mac-external-monitor/artifacts/usb4-backport/root/lib/modules/7.1.13-usb4-gpu-test/kernel/net/ipv4/netfilter/iptable_security.ko
  STRIP   /home/mert/Work/omarchy-mac-external-monitor/artifacts/usb4-backport/root/lib/modules/7.1.13-usb4-gpu-test/kernel/net/ipv4/netfilter/iptable_security.ko
  INSTALL /home/mert/Work/omarchy-mac-external-monitor/artifacts/usb4-backport/root/lib/modules/7.1.13-usb4-gpu-test/kernel/net/ipv4/netfilter/ipt_ah.ko
  STRIP   /home/mert/Work/omarchy-mac-external-monitor/artifacts/usb4-backport/root/lib/modules/7.1.13-usb4-gpu-test/kernel/net/ipv4/netfilter/ipt_ah.ko
  INSTALL /home/mert/Work/omarchy-mac-external-monitor/artifacts/usb4-backport/root/lib/modules/7.1.13-usb4-gpu-test/kernel/net/ipv4/netfilter/ipt_rpfilter.ko
  STRIP   /home/mert/Work/omarchy-mac-external-monitor/artifacts/usb4-backport/root/lib/modules/7.1.13-usb4-gpu-test/kernel/net/ipv4/netfilter/ipt_rpfilter.ko
  INSTALL /home/mert/Work/omarchy-mac-external-monitor/artifacts/usb4-backport/root/lib/modules/7.1.13-usb4-gpu-test/kernel/net/ipv4/netfilter/ipt_ECN.ko
  STRIP   /home/mert/Work/omarchy-mac-external-monitor/artifacts/usb4-backport/root/lib/modules/7.1.13-usb4-gpu-test/kernel/net/ipv4/netfilter/ipt_ECN.ko
  INSTALL /home/mert/Work/omarchy-mac-external-monitor/artifacts/usb4-backport/root/lib/modules/7.1.13-usb4-gpu-test/kernel/net/ipv4/netfilter/ipt_REJECT.ko
  STRIP   /home/mert/Work/omarchy-mac-external-monitor/artifacts/usb4-backport/root/lib/modules/7.1.13-usb4-gpu-test/kernel/net/ipv4/netfilter/ipt_REJECT.ko
  INSTALL /home/mert/Work/omarchy-mac-external-monitor/artifacts/usb4-backport/root/lib/modules/7.1.13-usb4-gpu-test/kernel/net/ipv4/netfilter/ipt_SYNPROXY.ko
  STRIP   /home/mert/Work/omarchy-mac-external-monitor/artifacts/usb4-backport/root/lib/modules/7.1.13-usb4-gpu-test/kernel/net/ipv4/netfilter/ipt_SYNPROXY.ko
  INSTALL /home/mert/Work/omarchy-mac-external-monitor/artifacts/usb4-backport/root/lib/modules/7.1.13-usb4-gpu-test/kernel/net/ipv4/netfilter/arp_tables.ko
  STRIP   /home/mert/Work/omarchy-mac-external-monitor/artifacts/usb4-backport/root/lib/modules/7.1.13-usb4-gpu-test/kernel/net/ipv4/netfilter/arp_tables.ko
  INSTALL /home/mert/Work/omarchy-mac-external-monitor/artifacts/usb4-backport/root/lib/modules/7.1.13-usb4-gpu-test/kernel/net/ipv4/netfilter/arpt_mangle.ko
  STRIP   /home/mert/Work/omarchy-mac-external-monitor/artifacts/usb4-backport/root/lib/modules/7.1.13-usb4-gpu-test/kernel/net/ipv4/netfilter/arpt_mangle.ko
  INSTALL /home/mert/Work/omarchy-mac-external-monitor/artifacts/usb4-backport/root/lib/modules/7.1.13-usb4-gpu-test/kernel/net/ipv4/netfilter/arptable_filter.ko
  STRIP   /home/mert/Work/omarchy-mac-external-monitor/artifacts/usb4-backport/root/lib/modules/7.1.13-usb4-gpu-test/kernel/net/ipv4/netfilter/arptable_filter.ko
  INSTALL /home/mert/Work/omarchy-mac-external-monitor/artifacts/usb4-backport/root/lib/modules/7.1.13-usb4-gpu-test/kernel/net/ipv4/netfilter/nf_dup_ipv4.ko
  STRIP   /home/mert/Work/omarchy-mac-external-monitor/artifacts/usb4-backport/root/lib/modules/7.1.13-usb4-gpu-test/kernel/net/ipv4/netfilter/nf_dup_ipv4.ko
  INSTALL /home/mert/Work/omarchy-mac-external-monitor/artifacts/usb4-backport/root/lib/modules/7.1.13-usb4-gpu-test/kernel/net/ipv4/ip_tunnel.ko
  STRIP   /home/mert/Work/omarchy-mac-external-monitor/artifacts/usb4-backport/root/lib/modules/7.1.13-usb4-gpu-test/kernel/net/ipv4/ip_tunnel.ko
  INSTALL /home/mert/Work/omarchy-mac-external-monitor/artifacts/usb4-backport/root/lib/modules/7.1.13-usb4-gpu-test/kernel/net/ipv4/ipip.ko
  STRIP   /home/mert/Work/omarchy-mac-external-monitor/artifacts/usb4-backport/root/lib/modules/7.1.13-usb4-gpu-test/kernel/net/ipv4/ipip.ko
  INSTALL /home/mert/Work/omarchy-mac-external-monitor/artifacts/usb4-backport/root/lib/modules/7.1.13-usb4-gpu-test/kernel/net/ipv4/fou.ko
  STRIP   /home/mert/Work/omarchy-mac-external-monitor/artifacts/usb4-backport/root/lib/modules/7.1.13-usb4-gpu-test/kernel/net/ipv4/fou.ko
  INSTALL /home/mert/Work/omarchy-mac-external-monitor/artifacts/usb4-backport/root/lib/modules/7.1.13-usb4-gpu-test/kernel/net/ipv4/gre.ko
  STRIP   /home/mert/Work/omarchy-mac-external-monitor/artifacts/usb4-backport/root/lib/modules/7.1.13-usb4-gpu-test/kernel/net/ipv4/gre.ko
  INSTALL /home/mert/Work/omarchy-mac-external-monitor/artifacts/usb4-backport/root/lib/modules/7.1.13-usb4-gpu-test/kernel/net/ipv4/ip_gre.ko
  STRIP   /home/mert/Work/omarchy-mac-external-monitor/artifacts/usb4-backport/root/lib/modules/7.1.13-usb4-gpu-test/kernel/net/ipv4/ip_gre.ko
  INSTALL /home/mert/Work/omarchy-mac-external-monitor/artifacts/usb4-backport/root/lib/modules/7.1.13-usb4-gpu-test/kernel/net/ipv4/udp_tunnel.ko
  STRIP   /home/mert/Work/omarchy-mac-external-monitor/artifacts/usb4-backport/root/lib/modules/7.1.13-usb4-gpu-test/kernel/net/ipv4/udp_tunnel.ko
  INSTALL /home/mert/Work/omarchy-mac-external-monitor/artifacts/usb4-backport/root/lib/modules/7.1.13-usb4-gpu-test/kernel/net/ipv4/ip_vti.ko
  STRIP   /home/mert/Work/omarchy-mac-external-monitor/artifacts/usb4-backport/root/lib/modules/7.1.13-usb4-gpu-test/kernel/net/ipv4/ip_vti.ko
  INSTALL /home/mert/Work/omarchy-mac-external-monitor/artifacts/usb4-backport/root/lib/modules/7.1.13-usb4-gpu-test/kernel/net/ipv4/ah4.ko
  STRIP   /home/mert/Work/omarchy-mac-external-monitor/artifacts/usb4-backport/root/lib/modules/7.1.13-usb4-gpu-test/kernel/net/ipv4/ah4.ko
  INSTALL /home/mert/Work/omarchy-mac-external-monitor/artifacts/usb4-backport/root/lib/modules/7.1.13-usb4-gpu-test/kernel/net/ipv4/esp4.ko
  STRIP   /home/mert/Work/omarchy-mac-external-monitor/artifacts/usb4-backport/root/lib/modules/7.1.13-usb4-gpu-test/kernel/net/ipv4/esp4.ko
  INSTALL /home/mert/Work/omarchy-mac-external-monitor/artifacts/usb4-backport/root/lib/modules/7.1.13-usb4-gpu-test/kernel/net/ipv4/ipcomp.ko
  STRIP   /home/mert/Work/omarchy-mac-external-monitor/artifacts/usb4-backport/root/lib/modules/7.1.13-usb4-gpu-test/kernel/net/ipv4/ipcomp.ko
  INSTALL /home/mert/Work/omarchy-mac-external-monitor/artifacts/usb4-backport/root/lib/modules/7.1.13-usb4-gpu-test/kernel/net/ipv4/xfrm4_tunnel.ko
  STRIP   /home/mert/Work/omarchy-mac-external-monitor/artifacts/usb4-backport/root/lib/modules/7.1.13-usb4-gpu-test/kernel/net/ipv4/xfrm4_tunnel.ko
  INSTALL /home/mert/Work/omarchy-mac-external-monitor/artifacts/usb4-backport/root/lib/modules/7.1.13-usb4-gpu-test/kernel/net/ipv4/tunnel4.ko
  STRIP   /home/mert/Work/omarchy-mac-external-monitor/artifacts/usb4-backport/root/lib/modules/7.1.13-usb4-gpu-test/kernel/net/ipv4/tunnel4.ko
  INSTALL /home/mert/Work/omarchy-mac-external-monitor/artifacts/usb4-backport/root/lib/modules/7.1.13-usb4-gpu-test/kernel/net/ipv4/inet_diag.ko
  STRIP   /home/mert/Work/omarchy-mac-external-monitor/artifacts/usb4-backport/root/lib/modules/7.1.13-usb4-gpu-test/kernel/net/ipv4/inet_diag.ko
  INSTALL /home/mert/Work/omarchy-mac-external-monitor/artifacts/usb4-backport/root/lib/modules/7.1.13-usb4-gpu-test/kernel/net/ipv4/tcp_diag.ko
  STRIP   /home/mert/Work/omarchy-mac-external-monitor/artifacts/usb4-backport/root/lib/modules/7.1.13-usb4-gpu-test/kernel/net/ipv4/tcp_diag.ko
  INSTALL /home/mert/Work/omarchy-mac-external-monitor/artifacts/usb4-backport/root/lib/modules/7.1.13-usb4-gpu-test/kernel/net/ipv4/udp_diag.ko
  STRIP   /home/mert/Work/omarchy-mac-external-monitor/artifacts/usb4-backport/root/lib/modules/7.1.13-usb4-gpu-test/kernel/net/ipv4/udp_diag.ko
  INSTALL /home/mert/Work/omarchy-mac-external-monitor/artifacts/usb4-backport/root/lib/modules/7.1.13-usb4-gpu-test/kernel/net/ipv4/raw_diag.ko
  STRIP   /home/mert/Work/omarchy-mac-external-monitor/artifacts/usb4-backport/root/lib/modules/7.1.13-usb4-gpu-test/kernel/net/ipv4/raw_diag.ko
  INSTALL /home/mert/Work/omarchy-mac-external-monitor/artifacts/usb4-backport/root/lib/modules/7.1.13-usb4-gpu-test/kernel/net/ipv4/tcp_bbr.ko
  STRIP   /home/mert/Work/omarchy-mac-external-monitor/artifacts/usb4-backport/root/lib/modules/7.1.13-usb4-gpu-test/kernel/net/ipv4/tcp_bbr.ko
  INSTALL /home/mert/Work/omarchy-mac-external-monitor/artifacts/usb4-backport/root/lib/modules/7.1.13-usb4-gpu-test/kernel/net/ipv4/tcp_bic.ko
  STRIP   /home/mert/Work/omarchy-mac-external-monitor/artifacts/usb4-backport/root/lib/modules/7.1.13-usb4-gpu-test/kernel/net/ipv4/tcp_bic.ko
  INSTALL /home/mert/Work/omarchy-mac-external-monitor/artifacts/usb4-backport/root/lib/modules/7.1.13-usb4-gpu-test/kernel/net/ipv4/tcp_cdg.ko
  STRIP   /home/mert/Work/omarchy-mac-external-monitor/artifacts/usb4-backport/root/lib/modules/7.1.13-usb4-gpu-test/kernel/net/ipv4/tcp_cdg.ko
  INSTALL /home/mert/Work/omarchy-mac-external-monitor/artifacts/usb4-backport/root/lib/modules/7.1.13-usb4-gpu-test/kernel/net/ipv4/tcp_dctcp.ko
  STRIP   /home/mert/Work/omarchy-mac-external-monitor/artifacts/usb4-backport/root/lib/modules/7.1.13-usb4-gpu-test/kernel/net/ipv4/tcp_dctcp.ko
  INSTALL /home/mert/Work/omarchy-mac-external-monitor/artifacts/usb4-backport/root/lib/modules/7.1.13-usb4-gpu-test/kernel/net/ipv4/tcp_westwood.ko
  STRIP   /home/mert/Work/omarchy-mac-external-monitor/artifacts/usb4-backport/root/lib/modules/7.1.13-usb4-gpu-test/kernel/net/ipv4/tcp_westwood.ko
  INSTALL /home/mert/Work/omarchy-mac-external-monitor/artifacts/usb4-backport/root/lib/modules/7.1.13-usb4-gpu-test/kernel/net/ipv4/tcp_highspeed.ko
  STRIP   /home/mert/Work/omarchy-mac-external-monitor/artifacts/usb4-backport/root/lib/modules/7.1.13-usb4-gpu-test/kernel/net/ipv4/tcp_highspeed.ko
  INSTALL /home/mert/Work/omarchy-mac-external-monitor/artifacts/usb4-backport/root/lib/modules/7.1.13-usb4-gpu-test/kernel/net/ipv4/tcp_hybla.ko
  STRIP   /home/mert/Work/omarchy-mac-external-monitor/artifacts/usb4-backport/root/lib/modules/7.1.13-usb4-gpu-test/kernel/net/ipv4/tcp_hybla.ko
  INSTALL /home/mert/Work/omarchy-mac-external-monitor/artifacts/usb4-backport/root/lib/modules/7.1.13-usb4-gpu-test/kernel/net/ipv4/tcp_htcp.ko
  STRIP   /home/mert/Work/omarchy-mac-external-monitor/artifacts/usb4-backport/root/lib/modules/7.1.13-usb4-gpu-test/kernel/net/ipv4/tcp_htcp.ko
  INSTALL /home/mert/Work/omarchy-mac-external-monitor/artifacts/usb4-backport/root/lib/modules/7.1.13-usb4-gpu-test/kernel/net/ipv4/tcp_vegas.ko
  STRIP   /home/mert/Work/omarchy-mac-external-monitor/artifacts/usb4-backport/root/lib/modules/7.1.13-usb4-gpu-test/kernel/net/ipv4/tcp_vegas.ko
  INSTALL /home/mert/Work/omarchy-mac-external-monitor/artifacts/usb4-backport/root/lib/modules/7.1.13-usb4-gpu-test/kernel/net/ipv4/tcp_nv.ko
  STRIP   /home/mert/Work/omarchy-mac-external-monitor/artifacts/usb4-backport/root/lib/modules/7.1.13-usb4-gpu-test/kernel/net/ipv4/tcp_nv.ko
  INSTALL /home/mert/Work/omarchy-mac-external-monitor/artifacts/usb4-backport/root/lib/modules/7.1.13-usb4-gpu-test/kernel/net/ipv4/tcp_veno.ko
  STRIP   /home/mert/Work/omarchy-mac-external-monitor/artifacts/usb4-backport/root/lib/modules/7.1.13-usb4-gpu-test/kernel/net/ipv4/tcp_veno.ko
  INSTALL /home/mert/Work/omarchy-mac-external-monitor/artifacts/usb4-backport/root/lib/modules/7.1.13-usb4-gpu-test/kernel/net/ipv4/tcp_scalable.ko
  STRIP   /home/mert/Work/omarchy-mac-external-monitor/artifacts/usb4-backport/root/lib/modules/7.1.13-usb4-gpu-test/kernel/net/ipv4/tcp_scalable.ko
  INSTALL /home/mert/Work/omarchy-mac-external-monitor/artifacts/usb4-backport/root/lib/modules/7.1.13-usb4-gpu-test/kernel/net/ipv4/tcp_lp.ko
  STRIP   /home/mert/Work/omarchy-mac-external-monitor/artifacts/usb4-backport/root/lib/modules/7.1.13-usb4-gpu-test/kernel/net/ipv4/tcp_lp.ko
  INSTALL /home/mert/Work/omarchy-mac-external-monitor/artifacts/usb4-backport/root/lib/modules/7.1.13-usb4-gpu-test/kernel/net/ipv4/tcp_yeah.ko
  STRIP   /home/mert/Work/omarchy-mac-external-monitor/artifacts/usb4-backport/root/lib/modules/7.1.13-usb4-gpu-test/kernel/net/ipv4/tcp_yeah.ko
  INSTALL /home/mert/Work/omarchy-mac-external-monitor/artifacts/usb4-backport/root/lib/modules/7.1.13-usb4-gpu-test/kernel/net/ipv4/tcp_illinois.ko
  STRIP   /home/mert/Work/omarchy-mac-external-monitor/artifacts/usb4-backport/root/lib/modules/7.1.13-usb4-gpu-test/kernel/net/ipv4/tcp_illinois.ko
  INSTALL /home/mert/Work/omarchy-mac-external-monitor/artifacts/usb4-backport/root/lib/modules/7.1.13-usb4-gpu-test/kernel/net/xfrm/xfrm_ipcomp.ko
  STRIP   /home/mert/Work/omarchy-mac-external-monitor/artifacts/usb4-backport/root/lib/modules/7.1.13-usb4-gpu-test/kernel/net/xfrm/xfrm_ipcomp.ko
  INSTALL /home/mert/Work/omarchy-mac-external-monitor/artifacts/usb4-backport/root/lib/modules/7.1.13-usb4-gpu-test/kernel/net/xfrm/xfrm_iptfs.ko
  STRIP   /home/mert/Work/omarchy-mac-external-monitor/artifacts/usb4-backport/root/lib/modules/7.1.13-usb4-gpu-test/kernel/net/xfrm/xfrm_iptfs.ko
  INSTALL /home/mert/Work/omarchy-mac-external-monitor/artifacts/usb4-backport/root/lib/modules/7.1.13-usb4-gpu-test/kernel/net/unix/unix_diag.ko
  STRIP   /home/mert/Work/omarchy-mac-external-monitor/artifacts/usb4-backport/root/lib/modules/7.1.13-usb4-gpu-test/kernel/net/unix/unix_diag.ko
  INSTALL /home/mert/Work/omarchy-mac-external-monitor/artifacts/usb4-backport/root/lib/modules/7.1.13-usb4-gpu-test/kernel/net/ipv6/netfilter/ip6_tables.ko
  STRIP   /home/mert/Work/omarchy-mac-external-monitor/artifacts/usb4-backport/root/lib/modules/7.1.13-usb4-gpu-test/kernel/net/ipv6/netfilter/ip6_tables.ko
  INSTALL /home/mert/Work/omarchy-mac-external-monitor/artifacts/usb4-backport/root/lib/modules/7.1.13-usb4-gpu-test/kernel/net/ipv6/netfilter/ip6table_filter.ko
  STRIP   /home/mert/Work/omarchy-mac-external-monitor/artifacts/usb4-backport/root/lib/modules/7.1.13-usb4-gpu-test/kernel/net/ipv6/netfilter/ip6table_filter.ko
  INSTALL /home/mert/Work/omarchy-mac-external-monitor/artifacts/usb4-backport/root/lib/modules/7.1.13-usb4-gpu-test/kernel/net/ipv6/netfilter/ip6table_mangle.ko
  STRIP   /home/mert/Work/omarchy-mac-external-monitor/artifacts/usb4-backport/root/lib/modules/7.1.13-usb4-gpu-test/kernel/net/ipv6/netfilter/ip6table_mangle.ko
  INSTALL /home/mert/Work/omarchy-mac-external-monitor/artifacts/usb4-backport/root/lib/modules/7.1.13-usb4-gpu-test/kernel/net/ipv6/netfilter/ip6table_raw.ko
  STRIP   /home/mert/Work/omarchy-mac-external-monitor/artifacts/usb4-backport/root/lib/modules/7.1.13-usb4-gpu-test/kernel/net/ipv6/netfilter/ip6table_raw.ko
  INSTALL /home/mert/Work/omarchy-mac-external-monitor/artifacts/usb4-backport/root/lib/modules/7.1.13-usb4-gpu-test/kernel/net/ipv6/netfilter/ip6table_security.ko
  STRIP   /home/mert/Work/omarchy-mac-external-monitor/artifacts/usb4-backport/root/lib/modules/7.1.13-usb4-gpu-test/kernel/net/ipv6/netfilter/ip6table_security.ko
  INSTALL /home/mert/Work/omarchy-mac-external-monitor/artifacts/usb4-backport/root/lib/modules/7.1.13-usb4-gpu-test/kernel/net/ipv6/netfilter/ip6table_nat.ko
  STRIP   /home/mert/Work/omarchy-mac-external-monitor/artifacts/usb4-backport/root/lib/modules/7.1.13-usb4-gpu-test/kernel/net/ipv6/netfilter/ip6table_nat.ko
  INSTALL /home/mert/Work/omarchy-mac-external-monitor/artifacts/usb4-backport/root/lib/modules/7.1.13-usb4-gpu-test/kernel/net/ipv6/netfilter/nf_defrag_ipv6.ko
  STRIP   /home/mert/Work/omarchy-mac-external-monitor/artifacts/usb4-backport/root/lib/modules/7.1.13-usb4-gpu-test/kernel/net/ipv6/netfilter/nf_defrag_ipv6.ko
  INSTALL /home/mert/Work/omarchy-mac-external-monitor/artifacts/usb4-backport/root/lib/modules/7.1.13-usb4-gpu-test/kernel/net/ipv6/netfilter/nf_socket_ipv6.ko
  STRIP   /home/mert/Work/omarchy-mac-external-monitor/artifacts/usb4-backport/root/lib/modules/7.1.13-usb4-gpu-test/kernel/net/ipv6/netfilter/nf_socket_ipv6.ko
  INSTALL /home/mert/Work/omarchy-mac-external-monitor/artifacts/usb4-backport/root/lib/modules/7.1.13-usb4-gpu-test/kernel/net/ipv6/netfilter/nf_tproxy_ipv6.ko
  STRIP   /home/mert/Work/omarchy-mac-external-monitor/artifacts/usb4-backport/root/lib/modules/7.1.13-usb4-gpu-test/kernel/net/ipv6/netfilter/nf_tproxy_ipv6.ko
  INSTALL /home/mert/Work/omarchy-mac-external-monitor/artifacts/usb4-backport/root/lib/modules/7.1.13-usb4-gpu-test/kernel/net/ipv6/netfilter/nf_reject_ipv6.ko
  STRIP   /home/mert/Work/omarchy-mac-external-monitor/artifacts/usb4-backport/root/lib/modules/7.1.13-usb4-gpu-test/kernel/net/ipv6/netfilter/nf_reject_ipv6.ko
  INSTALL /home/mert/Work/omarchy-mac-external-monitor/artifacts/usb4-backport/root/lib/modules/7.1.13-usb4-gpu-test/kernel/net/ipv6/netfilter/nf_dup_ipv6.ko
  STRIP   /home/mert/Work/omarchy-mac-external-monitor/artifacts/usb4-backport/root/lib/modules/7.1.13-usb4-gpu-test/kernel/net/ipv6/netfilter/nf_dup_ipv6.ko
  INSTALL /home/mert/Work/omarchy-mac-external-monitor/artifacts/usb4-backport/root/lib/modules/7.1.13-usb4-gpu-test/kernel/net/ipv6/netfilter/nft_reject_ipv6.ko
  STRIP   /home/mert/Work/omarchy-mac-external-monitor/artifacts/usb4-backport/root/lib/modules/7.1.13-usb4-gpu-test/kernel/net/ipv6/netfilter/nft_reject_ipv6.ko
  INSTALL /home/mert/Work/omarchy-mac-external-monitor/artifacts/usb4-backport/root/lib/modules/7.1.13-usb4-gpu-test/kernel/net/ipv6/netfilter/nft_dup_ipv6.ko
  STRIP   /home/mert/Work/omarchy-mac-external-monitor/artifacts/usb4-backport/root/lib/modules/7.1.13-usb4-gpu-test/kernel/net/ipv6/netfilter/nft_dup_ipv6.ko
  INSTALL /home/mert/Work/omarchy-mac-external-monitor/artifacts/usb4-backport/root/lib/modules/7.1.13-usb4-gpu-test/kernel/net/ipv6/netfilter/nft_fib_ipv6.ko
  STRIP   /home/mert/Work/omarchy-mac-external-monitor/artifacts/usb4-backport/root/lib/modules/7.1.13-usb4-gpu-test/kernel/net/ipv6/netfilter/nft_fib_ipv6.ko
  INSTALL /home/mert/Work/omarchy-mac-external-monitor/artifacts/usb4-backport/root/lib/modules/7.1.13-usb4-gpu-test/kernel/net/ipv6/netfilter/ip6t_ah.ko
  STRIP   /home/mert/Work/omarchy-mac-external-monitor/artifacts/usb4-backport/root/lib/modules/7.1.13-usb4-gpu-test/kernel/net/ipv6/netfilter/ip6t_ah.ko
  INSTALL /home/mert/Work/omarchy-mac-external-monitor/artifacts/usb4-backport/root/lib/modules/7.1.13-usb4-gpu-test/kernel/net/ipv6/netfilter/ip6t_eui64.ko
  STRIP   /home/mert/Work/omarchy-mac-external-monitor/artifacts/usb4-backport/root/lib/modules/7.1.13-usb4-gpu-test/kernel/net/ipv6/netfilter/ip6t_eui64.ko
  INSTALL /home/mert/Work/omarchy-mac-external-monitor/artifacts/usb4-backport/root/lib/modules/7.1.13-usb4-gpu-test/kernel/net/ipv6/netfilter/ip6t_frag.ko
  STRIP   /home/mert/Work/omarchy-mac-external-monitor/artifacts/usb4-backport/root/lib/modules/7.1.13-usb4-gpu-test/kernel/net/ipv6/netfilter/ip6t_frag.ko
  INSTALL /home/mert/Work/omarchy-mac-external-monitor/artifacts/usb4-backport/root/lib/modules/7.1.13-usb4-gpu-test/kernel/net/ipv6/netfilter/ip6t_ipv6header.ko
  STRIP   /home/mert/Work/omarchy-mac-external-monitor/artifacts/usb4-backport/root/lib/modules/7.1.13-usb4-gpu-test/kernel/net/ipv6/netfilter/ip6t_ipv6header.ko
  INSTALL /home/mert/Work/omarchy-mac-external-monitor/artifacts/usb4-backport/root/lib/modules/7.1.13-usb4-gpu-test/kernel/net/ipv6/netfilter/ip6t_mh.ko
  STRIP   /home/mert/Work/omarchy-mac-external-monitor/artifacts/usb4-backport/root/lib/modules/7.1.13-usb4-gpu-test/kernel/net/ipv6/netfilter/ip6t_mh.ko
  INSTALL /home/mert/Work/omarchy-mac-external-monitor/artifacts/usb4-backport/root/lib/modules/7.1.13-usb4-gpu-test/kernel/net/ipv6/netfilter/ip6t_hbh.ko
  STRIP   /home/mert/Work/omarchy-mac-external-monitor/artifacts/usb4-backport/root/lib/modules/7.1.13-usb4-gpu-test/kernel/net/ipv6/netfilter/ip6t_hbh.ko
  INSTALL /home/mert/Work/omarchy-mac-external-monitor/artifacts/usb4-backport/root/lib/modules/7.1.13-usb4-gpu-test/kernel/net/ipv6/netfilter/ip6t_rpfilter.ko
  STRIP   /home/mert/Work/omarchy-mac-external-monitor/artifacts/usb4-backport/root/lib/modules/7.1.13-usb4-gpu-test/kernel/net/ipv6/netfilter/ip6t_rpfilter.ko
  INSTALL /home/mert/Work/omarchy-mac-external-monitor/artifacts/usb4-backport/root/lib/modules/7.1.13-usb4-gpu-test/kernel/net/ipv6/netfilter/ip6t_rt.ko
  STRIP   /home/mert/Work/omarchy-mac-external-monitor/artifacts/usb4-backport/root/lib/modules/7.1.13-usb4-gpu-test/kernel/net/ipv6/netfilter/ip6t_rt.ko
  INSTALL /home/mert/Work/omarchy-mac-external-monitor/artifacts/usb4-backport/root/lib/modules/7.1.13-usb4-gpu-test/kernel/net/ipv6/netfilter/ip6t_srh.ko
  STRIP   /home/mert/Work/omarchy-mac-external-monitor/artifacts/usb4-backport/root/lib/modules/7.1.13-usb4-gpu-test/kernel/net/ipv6/netfilter/ip6t_srh.ko
  INSTALL /home/mert/Work/omarchy-mac-external-monitor/artifacts/usb4-backport/root/lib/modules/7.1.13-usb4-gpu-test/kernel/net/ipv6/netfilter/ip6t_NPT.ko
  STRIP   /home/mert/Work/omarchy-mac-external-monitor/artifacts/usb4-backport/root/lib/modules/7.1.13-usb4-gpu-test/kernel/net/ipv6/netfilter/ip6t_NPT.ko
  INSTALL /home/mert/Work/omarchy-mac-external-monitor/artifacts/usb4-backport/root/lib/modules/7.1.13-usb4-gpu-test/kernel/net/ipv6/netfilter/ip6t_REJECT.ko
  STRIP   /home/mert/Work/omarchy-mac-external-monitor/artifacts/usb4-backport/root/lib/modules/7.1.13-usb4-gpu-test/kernel/net/ipv6/netfilter/ip6t_REJECT.ko
  INSTALL /home/mert/Work/omarchy-mac-external-monitor/artifacts/usb4-backport/root/lib/modules/7.1.13-usb4-gpu-test/kernel/net/ipv6/netfilter/ip6t_SYNPROXY.ko
  STRIP   /home/mert/Work/omarchy-mac-external-monitor/artifacts/usb4-backport/root/lib/modules/7.1.13-usb4-gpu-test/kernel/net/ipv6/netfilter/ip6t_SYNPROXY.ko
  INSTALL /home/mert/Work/omarchy-mac-external-monitor/artifacts/usb4-backport/root/lib/modules/7.1.13-usb4-gpu-test/kernel/net/ipv6/ah6.ko
  STRIP   /home/mert/Work/omarchy-mac-external-monitor/artifacts/usb4-backport/root/lib/modules/7.1.13-usb4-gpu-test/kernel/net/ipv6/ah6.ko
  INSTALL /home/mert/Work/omarchy-mac-external-monitor/artifacts/usb4-backport/root/lib/modules/7.1.13-usb4-gpu-test/kernel/net/ipv6/esp6.ko
  STRIP   /home/mert/Work/omarchy-mac-external-monitor/artifacts/usb4-backport/root/lib/modules/7.1.13-usb4-gpu-test/kernel/net/ipv6/esp6.ko
  INSTALL /home/mert/Work/omarchy-mac-external-monitor/artifacts/usb4-backport/root/lib/modules/7.1.13-usb4-gpu-test/kernel/net/ipv6/ipcomp6.ko
  STRIP   /home/mert/Work/omarchy-mac-external-monitor/artifacts/usb4-backport/root/lib/modules/7.1.13-usb4-gpu-test/kernel/net/ipv6/ipcomp6.ko
  INSTALL /home/mert/Work/omarchy-mac-external-monitor/artifacts/usb4-backport/root/lib/modules/7.1.13-usb4-gpu-test/kernel/net/ipv6/xfrm6_tunnel.ko
  STRIP   /home/mert/Work/omarchy-mac-external-monitor/artifacts/usb4-backport/root/lib/modules/7.1.13-usb4-gpu-test/kernel/net/ipv6/xfrm6_tunnel.ko
  INSTALL /home/mert/Work/omarchy-mac-external-monitor/artifacts/usb4-backport/root/lib/modules/7.1.13-usb4-gpu-test/kernel/net/ipv6/tunnel6.ko
  STRIP   /home/mert/Work/omarchy-mac-external-monitor/artifacts/usb4-backport/root/lib/modules/7.1.13-usb4-gpu-test/kernel/net/ipv6/tunnel6.ko
  INSTALL /home/mert/Work/omarchy-mac-external-monitor/artifacts/usb4-backport/root/lib/modules/7.1.13-usb4-gpu-test/kernel/net/ipv6/ila/ila.ko
  STRIP   /home/mert/Work/omarchy-mac-external-monitor/artifacts/usb4-backport/root/lib/modules/7.1.13-usb4-gpu-test/kernel/net/ipv6/ila/ila.ko
  INSTALL /home/mert/Work/omarchy-mac-external-monitor/artifacts/usb4-backport/root/lib/modules/7.1.13-usb4-gpu-test/kernel/net/ipv6/ip6_vti.ko
  STRIP   /home/mert/Work/omarchy-mac-external-monitor/artifacts/usb4-backport/root/lib/modules/7.1.13-usb4-gpu-test/kernel/net/ipv6/ip6_vti.ko
  INSTALL /home/mert/Work/omarchy-mac-external-monitor/artifacts/usb4-backport/root/lib/modules/7.1.13-usb4-gpu-test/kernel/net/ipv6/sit.ko
  STRIP   /home/mert/Work/omarchy-mac-external-monitor/artifacts/usb4-backport/root/lib/modules/7.1.13-usb4-gpu-test/kernel/net/ipv6/sit.ko
  INSTALL /home/mert/Work/omarchy-mac-external-monitor/artifacts/usb4-backport/root/lib/modules/7.1.13-usb4-gpu-test/kernel/net/ipv6/ip6_tunnel.ko
  STRIP   /home/mert/Work/omarchy-mac-external-monitor/artifacts/usb4-backport/root/lib/modules/7.1.13-usb4-gpu-test/kernel/net/ipv6/ip6_tunnel.ko
  INSTALL /home/mert/Work/omarchy-mac-external-monitor/artifacts/usb4-backport/root/lib/modules/7.1.13-usb4-gpu-test/kernel/net/ipv6/ip6_gre.ko
  STRIP   /home/mert/Work/omarchy-mac-external-monitor/artifacts/usb4-backport/root/lib/modules/7.1.13-usb4-gpu-test/kernel/net/ipv6/ip6_gre.ko
  INSTALL /home/mert/Work/omarchy-mac-external-monitor/artifacts/usb4-backport/root/lib/modules/7.1.13-usb4-gpu-test/kernel/net/ipv6/fou6.ko
  STRIP   /home/mert/Work/omarchy-mac-external-monitor/artifacts/usb4-backport/root/lib/modules/7.1.13-usb4-gpu-test/kernel/net/ipv6/fou6.ko
  INSTALL /home/mert/Work/omarchy-mac-external-monitor/artifacts/usb4-backport/root/lib/modules/7.1.13-usb4-gpu-test/kernel/net/ipv6/ip6_udp_tunnel.ko
  STRIP   /home/mert/Work/omarchy-mac-external-monitor/artifacts/usb4-backport/root/lib/modules/7.1.13-usb4-gpu-test/kernel/net/ipv6/ip6_udp_tunnel.ko
  INSTALL /home/mert/Work/omarchy-mac-external-monitor/artifacts/usb4-backport/root/lib/modules/7.1.13-usb4-gpu-test/kernel/net/packet/af_packet_diag.ko
  STRIP   /home/mert/Work/omarchy-mac-external-monitor/artifacts/usb4-backport/root/lib/modules/7.1.13-usb4-gpu-test/kernel/net/packet/af_packet_diag.ko
  INSTALL /home/mert/Work/omarchy-mac-external-monitor/artifacts/usb4-backport/root/lib/modules/7.1.13-usb4-gpu-test/kernel/net/dsa/dsa_core.ko
  STRIP   /home/mert/Work/omarchy-mac-external-monitor/artifacts/usb4-backport/root/lib/modules/7.1.13-usb4-gpu-test/kernel/net/dsa/dsa_core.ko
  INSTALL /home/mert/Work/omarchy-mac-external-monitor/artifacts/usb4-backport/root/lib/modules/7.1.13-usb4-gpu-test/kernel/net/dsa/tag_brcm.ko
  STRIP   /home/mert/Work/omarchy-mac-external-monitor/artifacts/usb4-backport/root/lib/modules/7.1.13-usb4-gpu-test/kernel/net/dsa/tag_brcm.ko
  INSTALL /home/mert/Work/omarchy-mac-external-monitor/artifacts/usb4-backport/root/lib/modules/7.1.13-usb4-gpu-test/kernel/net/dsa/tag_dsa.ko
  STRIP   /home/mert/Work/omarchy-mac-external-monitor/artifacts/usb4-backport/root/lib/modules/7.1.13-usb4-gpu-test/kernel/net/dsa/tag_dsa.ko
  INSTALL /home/mert/Work/omarchy-mac-external-monitor/artifacts/usb4-backport/root/lib/modules/7.1.13-usb4-gpu-test/kernel/net/dsa/tag_none.ko
  STRIP   /home/mert/Work/omarchy-mac-external-monitor/artifacts/usb4-backport/root/lib/modules/7.1.13-usb4-gpu-test/kernel/net/dsa/tag_none.ko
  INSTALL /home/mert/Work/omarchy-mac-external-monitor/artifacts/usb4-backport/root/lib/modules/7.1.13-usb4-gpu-test/kernel/net/dsa/tag_qca.ko
  STRIP   /home/mert/Work/omarchy-mac-external-monitor/artifacts/usb4-backport/root/lib/modules/7.1.13-usb4-gpu-test/kernel/net/dsa/tag_qca.ko
  INSTALL /home/mert/Work/omarchy-mac-external-monitor/artifacts/usb4-backport/root/lib/modules/7.1.13-usb4-gpu-test/kernel/net/dsa/tag_trailer.ko
  STRIP   /home/mert/Work/omarchy-mac-external-monitor/artifacts/usb4-backport/root/lib/modules/7.1.13-usb4-gpu-test/kernel/net/dsa/tag_trailer.ko
  INSTALL /home/mert/Work/omarchy-mac-external-monitor/artifacts/usb4-backport/root/lib/modules/7.1.13-usb4-gpu-test/kernel/net/sunrpc/auth_gss/auth_rpcgss.ko
  STRIP   /home/mert/Work/omarchy-mac-external-monitor/artifacts/usb4-backport/root/lib/modules/7.1.13-usb4-gpu-test/kernel/net/sunrpc/auth_gss/auth_rpcgss.ko
  INSTALL /home/mert/Work/omarchy-mac-external-monitor/artifacts/usb4-backport/root/lib/modules/7.1.13-usb4-gpu-test/kernel/net/sunrpc/auth_gss/rpcsec_gss_krb5.ko
  STRIP   /home/mert/Work/omarchy-mac-external-monitor/artifacts/usb4-backport/root/lib/modules/7.1.13-usb4-gpu-test/kernel/net/sunrpc/auth_gss/rpcsec_gss_krb5.ko
  INSTALL /home/mert/Work/omarchy-mac-external-monitor/artifacts/usb4-backport/root/lib/modules/7.1.13-usb4-gpu-test/kernel/net/8021q/8021q.ko
  STRIP   /home/mert/Work/omarchy-mac-external-monitor/artifacts/usb4-backport/root/lib/modules/7.1.13-usb4-gpu-test/kernel/net/8021q/8021q.ko
  INSTALL /home/mert/Work/omarchy-mac-external-monitor/artifacts/usb4-backport/root/lib/modules/7.1.13-usb4-gpu-test/kernel/net/wireless/cfg80211.ko
  STRIP   /home/mert/Work/omarchy-mac-external-monitor/artifacts/usb4-backport/root/lib/modules/7.1.13-usb4-gpu-test/kernel/net/wireless/cfg80211.ko
  INSTALL /home/mert/Work/omarchy-mac-external-monitor/artifacts/usb4-backport/root/lib/modules/7.1.13-usb4-gpu-test/kernel/net/mpls/mpls_gso.ko
  STRIP   /home/mert/Work/omarchy-mac-external-monitor/artifacts/usb4-backport/root/lib/modules/7.1.13-usb4-gpu-test/kernel/net/mpls/mpls_gso.ko
  INSTALL /home/mert/Work/omarchy-mac-external-monitor/artifacts/usb4-backport/root/lib/modules/7.1.13-usb4-gpu-test/kernel/net/mpls/mpls_router.ko
  STRIP   /home/mert/Work/omarchy-mac-external-monitor/artifacts/usb4-backport/root/lib/modules/7.1.13-usb4-gpu-test/kernel/net/mpls/mpls_router.ko
  INSTALL /home/mert/Work/omarchy-mac-external-monitor/artifacts/usb4-backport/root/lib/modules/7.1.13-usb4-gpu-test/kernel/net/mpls/mpls_iptunnel.ko
  STRIP   /home/mert/Work/omarchy-mac-external-monitor/artifacts/usb4-backport/root/lib/modules/7.1.13-usb4-gpu-test/kernel/net/mpls/mpls_iptunnel.ko
  INSTALL /home/mert/Work/omarchy-mac-external-monitor/artifacts/usb4-backport/root/lib/modules/7.1.13-usb4-gpu-test/kernel/net/mptcp/mptcp_diag.ko
  STRIP   /home/mert/Work/omarchy-mac-external-monitor/artifacts/usb4-backport/root/lib/modules/7.1.13-usb4-gpu-test/kernel/net/mptcp/mptcp_diag.ko
  INSTALL /home/mert/Work/omarchy-mac-external-monitor/artifacts/usb4-backport/root/lib/modules/7.1.13-usb4-gpu-test/kernel/net/llc/llc.ko
  STRIP   /home/mert/Work/omarchy-mac-external-monitor/artifacts/usb4-backport/root/lib/modules/7.1.13-usb4-gpu-test/kernel/net/llc/llc.ko
  INSTALL /home/mert/Work/omarchy-mac-external-monitor/artifacts/usb4-backport/root/lib/modules/7.1.13-usb4-gpu-test/kernel/net/tls/tls.ko
  STRIP   /home/mert/Work/omarchy-mac-external-monitor/artifacts/usb4-backport/root/lib/modules/7.1.13-usb4-gpu-test/kernel/net/tls/tls.ko
  INSTALL /home/mert/Work/omarchy-mac-external-monitor/artifacts/usb4-backport/root/lib/modules/7.1.13-usb4-gpu-test/kernel/net/key/af_key.ko
  STRIP   /home/mert/Work/omarchy-mac-external-monitor/artifacts/usb4-backport/root/lib/modules/7.1.13-usb4-gpu-test/kernel/net/key/af_key.ko
  INSTALL /home/mert/Work/omarchy-mac-external-monitor/artifacts/usb4-backport/root/lib/modules/7.1.13-usb4-gpu-test/kernel/net/bridge/netfilter/nft_meta_bridge.ko
  STRIP   /home/mert/Work/omarchy-mac-external-monitor/artifacts/usb4-backport/root/lib/modules/7.1.13-usb4-gpu-test/kernel/net/bridge/netfilter/nft_meta_bridge.ko
  INSTALL /home/mert/Work/omarchy-mac-external-monitor/artifacts/usb4-backport/root/lib/modules/7.1.13-usb4-gpu-test/kernel/net/bridge/netfilter/nft_reject_bridge.ko
  STRIP   /home/mert/Work/omarchy-mac-external-monitor/artifacts/usb4-backport/root/lib/modules/7.1.13-usb4-gpu-test/kernel/net/bridge/netfilter/nft_reject_bridge.ko
  INSTALL /home/mert/Work/omarchy-mac-external-monitor/artifacts/usb4-backport/root/lib/modules/7.1.13-usb4-gpu-test/kernel/net/bridge/netfilter/nf_conntrack_bridge.ko
  STRIP   /home/mert/Work/omarchy-mac-external-monitor/artifacts/usb4-backport/root/lib/modules/7.1.13-usb4-gpu-test/kernel/net/bridge/netfilter/nf_conntrack_bridge.ko
  INSTALL /home/mert/Work/omarchy-mac-external-monitor/artifacts/usb4-backport/root/lib/modules/7.1.13-usb4-gpu-test/kernel/net/bridge/netfilter/ebtables.ko
  STRIP   /home/mert/Work/omarchy-mac-external-monitor/artifacts/usb4-backport/root/lib/modules/7.1.13-usb4-gpu-test/kernel/net/bridge/netfilter/ebtables.ko
  INSTALL /home/mert/Work/omarchy-mac-external-monitor/artifacts/usb4-backport/root/lib/modules/7.1.13-usb4-gpu-test/kernel/net/bridge/netfilter/ebtable_broute.ko
  STRIP   /home/mert/Work/omarchy-mac-external-monitor/artifacts/usb4-backport/root/lib/modules/7.1.13-usb4-gpu-test/kernel/net/bridge/netfilter/ebtable_broute.ko
  INSTALL /home/mert/Work/omarchy-mac-external-monitor/artifacts/usb4-backport/root/lib/modules/7.1.13-usb4-gpu-test/kernel/net/bridge/netfilter/ebtable_filter.ko
  STRIP   /home/mert/Work/omarchy-mac-external-monitor/artifacts/usb4-backport/root/lib/modules/7.1.13-usb4-gpu-test/kernel/net/bridge/netfilter/ebtable_filter.ko
  INSTALL /home/mert/Work/omarchy-mac-external-monitor/artifacts/usb4-backport/root/lib/modules/7.1.13-usb4-gpu-test/kernel/net/bridge/netfilter/ebtable_nat.ko
  STRIP   /home/mert/Work/omarchy-mac-external-monitor/artifacts/usb4-backport/root/lib/modules/7.1.13-usb4-gpu-test/kernel/net/bridge/netfilter/ebtable_nat.ko
  INSTALL /home/mert/Work/omarchy-mac-external-monitor/artifacts/usb4-backport/root/lib/modules/7.1.13-usb4-gpu-test/kernel/net/bridge/netfilter/ebt_802_3.ko
  STRIP   /home/mert/Work/omarchy-mac-external-monitor/artifacts/usb4-backport/root/lib/modules/7.1.13-usb4-gpu-test/kernel/net/bridge/netfilter/ebt_802_3.ko
  INSTALL /home/mert/Work/omarchy-mac-external-monitor/artifacts/usb4-backport/root/lib/modules/7.1.13-usb4-gpu-test/kernel/net/bridge/netfilter/ebt_among.ko
  STRIP   /home/mert/Work/omarchy-mac-external-monitor/artifacts/usb4-backport/root/lib/modules/7.1.13-usb4-gpu-test/kernel/net/bridge/netfilter/ebt_among.ko
  INSTALL /home/mert/Work/omarchy-mac-external-monitor/artifacts/usb4-backport/root/lib/modules/7.1.13-usb4-gpu-test/kernel/net/bridge/netfilter/ebt_arp.ko
  STRIP   /home/mert/Work/omarchy-mac-external-monitor/artifacts/usb4-backport/root/lib/modules/7.1.13-usb4-gpu-test/kernel/net/bridge/netfilter/ebt_arp.ko
  INSTALL /home/mert/Work/omarchy-mac-external-monitor/artifacts/usb4-backport/root/lib/modules/7.1.13-usb4-gpu-test/kernel/net/bridge/netfilter/ebt_ip.ko
  STRIP   /home/mert/Work/omarchy-mac-external-monitor/artifacts/usb4-backport/root/lib/modules/7.1.13-usb4-gpu-test/kernel/net/bridge/netfilter/ebt_ip.ko
  INSTALL /home/mert/Work/omarchy-mac-external-monitor/artifacts/usb4-backport/root/lib/modules/7.1.13-usb4-gpu-test/kernel/net/bridge/netfilter/ebt_ip6.ko
  STRIP   /home/mert/Work/omarchy-mac-external-monitor/artifacts/usb4-backport/root/lib/modules/7.1.13-usb4-gpu-test/kernel/net/bridge/netfilter/ebt_ip6.ko
  INSTALL /home/mert/Work/omarchy-mac-external-monitor/artifacts/usb4-backport/root/lib/modules/7.1.13-usb4-gpu-test/kernel/net/bridge/netfilter/ebt_limit.ko
  STRIP   /home/mert/Work/omarchy-mac-external-monitor/artifacts/usb4-backport/root/lib/modules/7.1.13-usb4-gpu-test/kernel/net/bridge/netfilter/ebt_limit.ko
  INSTALL /home/mert/Work/omarchy-mac-external-monitor/artifacts/usb4-backport/root/lib/modules/7.1.13-usb4-gpu-test/kernel/net/bridge/netfilter/ebt_mark_m.ko
  STRIP   /home/mert/Work/omarchy-mac-external-monitor/artifacts/usb4-backport/root/lib/modules/7.1.13-usb4-gpu-test/kernel/net/bridge/netfilter/ebt_mark_m.ko
  INSTALL /home/mert/Work/omarchy-mac-external-monitor/artifacts/usb4-backport/root/lib/modules/7.1.13-usb4-gpu-test/kernel/net/bridge/netfilter/ebt_pkttype.ko
  STRIP   /home/mert/Work/omarchy-mac-external-monitor/artifacts/usb4-backport/root/lib/modules/7.1.13-usb4-gpu-test/kernel/net/bridge/netfilter/ebt_pkttype.ko
  INSTALL /home/mert/Work/omarchy-mac-external-monitor/artifacts/usb4-backport/root/lib/modules/7.1.13-usb4-gpu-test/kernel/net/bridge/netfilter/ebt_stp.ko
  STRIP   /home/mert/Work/omarchy-mac-external-monitor/artifacts/usb4-backport/root/lib/modules/7.1.13-usb4-gpu-test/kernel/net/bridge/netfilter/ebt_stp.ko
  INSTALL /home/mert/Work/omarchy-mac-external-monitor/artifacts/usb4-backport/root/lib/modules/7.1.13-usb4-gpu-test/kernel/net/bridge/netfilter/ebt_vlan.ko
  STRIP   /home/mert/Work/omarchy-mac-external-monitor/artifacts/usb4-backport/root/lib/modules/7.1.13-usb4-gpu-test/kernel/net/bridge/netfilter/ebt_vlan.ko
  INSTALL /home/mert/Work/omarchy-mac-external-monitor/artifacts/usb4-backport/root/lib/modules/7.1.13-usb4-gpu-test/kernel/net/bridge/netfilter/ebt_arpreply.ko
  STRIP   /home/mert/Work/omarchy-mac-external-monitor/artifacts/usb4-backport/root/lib/modules/7.1.13-usb4-gpu-test/kernel/net/bridge/netfilter/ebt_arpreply.ko
  INSTALL /home/mert/Work/omarchy-mac-external-monitor/artifacts/usb4-backport/root/lib/modules/7.1.13-usb4-gpu-test/kernel/net/bridge/netfilter/ebt_mark.ko
  STRIP   /home/mert/Work/omarchy-mac-external-monitor/artifacts/usb4-backport/root/lib/modules/7.1.13-usb4-gpu-test/kernel/net/bridge/netfilter/ebt_mark.ko
  INSTALL /home/mert/Work/omarchy-mac-external-monitor/artifacts/usb4-backport/root/lib/modules/7.1.13-usb4-gpu-test/kernel/net/bridge/netfilter/ebt_dnat.ko
  STRIP   /home/mert/Work/omarchy-mac-external-monitor/artifacts/usb4-backport/root/lib/modules/7.1.13-usb4-gpu-test/kernel/net/bridge/netfilter/ebt_dnat.ko
  INSTALL /home/mert/Work/omarchy-mac-external-monitor/artifacts/usb4-backport/root/lib/modules/7.1.13-usb4-gpu-test/kernel/net/bridge/netfilter/ebt_redirect.ko
  STRIP   /home/mert/Work/omarchy-mac-external-monitor/artifacts/usb4-backport/root/lib/modules/7.1.13-usb4-gpu-test/kernel/net/bridge/netfilter/ebt_redirect.ko
  INSTALL /home/mert/Work/omarchy-mac-external-monitor/artifacts/usb4-backport/root/lib/modules/7.1.13-usb4-gpu-test/kernel/net/bridge/netfilter/ebt_snat.ko
  STRIP   /home/mert/Work/omarchy-mac-external-monitor/artifacts/usb4-backport/root/lib/modules/7.1.13-usb4-gpu-test/kernel/net/bridge/netfilter/ebt_snat.ko
  INSTALL /home/mert/Work/omarchy-mac-external-monitor/artifacts/usb4-backport/root/lib/modules/7.1.13-usb4-gpu-test/kernel/net/bridge/netfilter/ebt_log.ko
  STRIP   /home/mert/Work/omarchy-mac-external-monitor/artifacts/usb4-backport/root/lib/modules/7.1.13-usb4-gpu-test/kernel/net/bridge/netfilter/ebt_log.ko
  INSTALL /home/mert/Work/omarchy-mac-external-monitor/artifacts/usb4-backport/root/lib/modules/7.1.13-usb4-gpu-test/kernel/net/bridge/netfilter/ebt_nflog.ko
  STRIP   /home/mert/Work/omarchy-mac-external-monitor/artifacts/usb4-backport/root/lib/modules/7.1.13-usb4-gpu-test/kernel/net/bridge/netfilter/ebt_nflog.ko
  INSTALL /home/mert/Work/omarchy-mac-external-monitor/artifacts/usb4-backport/root/lib/modules/7.1.13-usb4-gpu-test/kernel/net/bridge/bridge.ko
  STRIP   /home/mert/Work/omarchy-mac-external-monitor/artifacts/usb4-backport/root/lib/modules/7.1.13-usb4-gpu-test/kernel/net/bridge/bridge.ko
  INSTALL /home/mert/Work/omarchy-mac-external-monitor/artifacts/usb4-backport/root/lib/modules/7.1.13-usb4-gpu-test/kernel/net/bridge/br_netfilter.ko
  STRIP   /home/mert/Work/omarchy-mac-external-monitor/artifacts/usb4-backport/root/lib/modules/7.1.13-usb4-gpu-test/kernel/net/bridge/br_netfilter.ko
  INSTALL /home/mert/Work/omarchy-mac-external-monitor/artifacts/usb4-backport/root/lib/modules/7.1.13-usb4-gpu-test/kernel/net/appletalk/appletalk.ko
  STRIP   /home/mert/Work/omarchy-mac-external-monitor/artifacts/usb4-backport/root/lib/modules/7.1.13-usb4-gpu-test/kernel/net/appletalk/appletalk.ko
  INSTALL /home/mert/Work/omarchy-mac-external-monitor/artifacts/usb4-backport/root/lib/modules/7.1.13-usb4-gpu-test/kernel/net/can/can.ko
  STRIP   /home/mert/Work/omarchy-mac-external-monitor/artifacts/usb4-backport/root/lib/modules/7.1.13-usb4-gpu-test/kernel/net/can/can.ko
  INSTALL /home/mert/Work/omarchy-mac-external-monitor/artifacts/usb4-backport/root/lib/modules/7.1.13-usb4-gpu-test/kernel/net/can/can-raw.ko
  STRIP   /home/mert/Work/omarchy-mac-external-monitor/artifacts/usb4-backport/root/lib/modules/7.1.13-usb4-gpu-test/kernel/net/can/can-raw.ko
  INSTALL /home/mert/Work/omarchy-mac-external-monitor/artifacts/usb4-backport/root/lib/modules/7.1.13-usb4-gpu-test/kernel/net/can/can-bcm.ko
  STRIP   /home/mert/Work/omarchy-mac-external-monitor/artifacts/usb4-backport/root/lib/modules/7.1.13-usb4-gpu-test/kernel/net/can/can-bcm.ko
  INSTALL /home/mert/Work/omarchy-mac-external-monitor/artifacts/usb4-backport/root/lib/modules/7.1.13-usb4-gpu-test/kernel/net/can/can-gw.ko
  STRIP   /home/mert/Work/omarchy-mac-external-monitor/artifacts/usb4-backport/root/lib/modules/7.1.13-usb4-gpu-test/kernel/net/can/can-gw.ko
  INSTALL /home/mert/Work/omarchy-mac-external-monitor/artifacts/usb4-backport/root/lib/modules/7.1.13-usb4-gpu-test/kernel/net/bluetooth/bluetooth.ko
  STRIP   /home/mert/Work/omarchy-mac-external-monitor/artifacts/usb4-backport/root/lib/modules/7.1.13-usb4-gpu-test/kernel/net/bluetooth/bluetooth.ko
  INSTALL /home/mert/Work/omarchy-mac-external-monitor/artifacts/usb4-backport/root/lib/modules/7.1.13-usb4-gpu-test/kernel/net/bluetooth/rfcomm/rfcomm.ko
  STRIP   /home/mert/Work/omarchy-mac-external-monitor/artifacts/usb4-backport/root/lib/modules/7.1.13-usb4-gpu-test/kernel/net/bluetooth/rfcomm/rfcomm.ko
  INSTALL /home/mert/Work/omarchy-mac-external-monitor/artifacts/usb4-backport/root/lib/modules/7.1.13-usb4-gpu-test/kernel/net/bluetooth/bnep/bnep.ko
  STRIP   /home/mert/Work/omarchy-mac-external-monitor/artifacts/usb4-backport/root/lib/modules/7.1.13-usb4-gpu-test/kernel/net/bluetooth/bnep/bnep.ko
  INSTALL /home/mert/Work/omarchy-mac-external-monitor/artifacts/usb4-backport/root/lib/modules/7.1.13-usb4-gpu-test/kernel/net/bluetooth/hidp/hidp.ko
  STRIP   /home/mert/Work/omarchy-mac-external-monitor/artifacts/usb4-backport/root/lib/modules/7.1.13-usb4-gpu-test/kernel/net/bluetooth/hidp/hidp.ko
  INSTALL /home/mert/Work/omarchy-mac-external-monitor/artifacts/usb4-backport/root/lib/modules/7.1.13-usb4-gpu-test/kernel/net/bluetooth/bluetooth_6lowpan.ko
  STRIP   /home/mert/Work/omarchy-mac-external-monitor/artifacts/usb4-backport/root/lib/modules/7.1.13-usb4-gpu-test/kernel/net/bluetooth/bluetooth_6lowpan.ko
  INSTALL /home/mert/Work/omarchy-mac-external-monitor/artifacts/usb4-backport/root/lib/modules/7.1.13-usb4-gpu-test/kernel/net/atm/atm.ko
  STRIP   /home/mert/Work/omarchy-mac-external-monitor/artifacts/usb4-backport/root/lib/modules/7.1.13-usb4-gpu-test/kernel/net/atm/atm.ko
  INSTALL /home/mert/Work/omarchy-mac-external-monitor/artifacts/usb4-backport/root/lib/modules/7.1.13-usb4-gpu-test/kernel/net/atm/br2684.ko
  STRIP   /home/mert/Work/omarchy-mac-external-monitor/artifacts/usb4-backport/root/lib/modules/7.1.13-usb4-gpu-test/kernel/net/atm/br2684.ko
  INSTALL /home/mert/Work/omarchy-mac-external-monitor/artifacts/usb4-backport/root/lib/modules/7.1.13-usb4-gpu-test/kernel/net/atm/pppoatm.ko
  STRIP   /home/mert/Work/omarchy-mac-external-monitor/artifacts/usb4-backport/root/lib/modules/7.1.13-usb4-gpu-test/kernel/net/atm/pppoatm.ko
  INSTALL /home/mert/Work/omarchy-mac-external-monitor/artifacts/usb4-backport/root/lib/modules/7.1.13-usb4-gpu-test/kernel/net/l2tp/l2tp_core.ko
  STRIP   /home/mert/Work/omarchy-mac-external-monitor/artifacts/usb4-backport/root/lib/modules/7.1.13-usb4-gpu-test/kernel/net/l2tp/l2tp_core.ko
  INSTALL /home/mert/Work/omarchy-mac-external-monitor/artifacts/usb4-backport/root/lib/modules/7.1.13-usb4-gpu-test/kernel/net/l2tp/l2tp_ppp.ko
  STRIP   /home/mert/Work/omarchy-mac-external-monitor/artifacts/usb4-backport/root/lib/modules/7.1.13-usb4-gpu-test/kernel/net/l2tp/l2tp_ppp.ko
  INSTALL /home/mert/Work/omarchy-mac-external-monitor/artifacts/usb4-backport/root/lib/modules/7.1.13-usb4-gpu-test/kernel/net/l2tp/l2tp_ip.ko
  STRIP   /home/mert/Work/omarchy-mac-external-monitor/artifacts/usb4-backport/root/lib/modules/7.1.13-usb4-gpu-test/kernel/net/l2tp/l2tp_ip.ko
  INSTALL /home/mert/Work/omarchy-mac-external-monitor/artifacts/usb4-backport/root/lib/modules/7.1.13-usb4-gpu-test/kernel/net/l2tp/l2tp_netlink.ko
  STRIP   /home/mert/Work/omarchy-mac-external-monitor/artifacts/usb4-backport/root/lib/modules/7.1.13-usb4-gpu-test/kernel/net/l2tp/l2tp_netlink.ko
  INSTALL /home/mert/Work/omarchy-mac-external-monitor/artifacts/usb4-backport/root/lib/modules/7.1.13-usb4-gpu-test/kernel/net/l2tp/l2tp_eth.ko
  STRIP   /home/mert/Work/omarchy-mac-external-monitor/artifacts/usb4-backport/root/lib/modules/7.1.13-usb4-gpu-test/kernel/net/l2tp/l2tp_eth.ko
  INSTALL /home/mert/Work/omarchy-mac-external-monitor/artifacts/usb4-backport/root/lib/modules/7.1.13-usb4-gpu-test/kernel/net/l2tp/l2tp_debugfs.ko
  STRIP   /home/mert/Work/omarchy-mac-external-monitor/artifacts/usb4-backport/root/lib/modules/7.1.13-usb4-gpu-test/kernel/net/l2tp/l2tp_debugfs.ko
  INSTALL /home/mert/Work/omarchy-mac-external-monitor/artifacts/usb4-backport/root/lib/modules/7.1.13-usb4-gpu-test/kernel/net/l2tp/l2tp_ip6.ko
  STRIP   /home/mert/Work/omarchy-mac-external-monitor/artifacts/usb4-backport/root/lib/modules/7.1.13-usb4-gpu-test/kernel/net/l2tp/l2tp_ip6.ko
  INSTALL /home/mert/Work/omarchy-mac-external-monitor/artifacts/usb4-backport/root/lib/modules/7.1.13-usb4-gpu-test/kernel/net/sctp/sctp.ko
  STRIP   /home/mert/Work/omarchy-mac-external-monitor/artifacts/usb4-backport/root/lib/modules/7.1.13-usb4-gpu-test/kernel/net/sctp/sctp.ko
  INSTALL /home/mert/Work/omarchy-mac-external-monitor/artifacts/usb4-backport/root/lib/modules/7.1.13-usb4-gpu-test/kernel/net/sctp/sctp_diag.ko
  STRIP   /home/mert/Work/omarchy-mac-external-monitor/artifacts/usb4-backport/root/lib/modules/7.1.13-usb4-gpu-test/kernel/net/sctp/sctp_diag.ko
  INSTALL /home/mert/Work/omarchy-mac-external-monitor/artifacts/usb4-backport/root/lib/modules/7.1.13-usb4-gpu-test/kernel/net/rds/rds.ko
  STRIP   /home/mert/Work/omarchy-mac-external-monitor/artifacts/usb4-backport/root/lib/modules/7.1.13-usb4-gpu-test/kernel/net/rds/rds.ko
  INSTALL /home/mert/Work/omarchy-mac-external-monitor/artifacts/usb4-backport/root/lib/modules/7.1.13-usb4-gpu-test/kernel/net/rds/rds_tcp.ko
  STRIP   /home/mert/Work/omarchy-mac-external-monitor/artifacts/usb4-backport/root/lib/modules/7.1.13-usb4-gpu-test/kernel/net/rds/rds_tcp.ko
  INSTALL /home/mert/Work/omarchy-mac-external-monitor/artifacts/usb4-backport/root/lib/modules/7.1.13-usb4-gpu-test/kernel/net/mac80211/mac80211.ko
  STRIP   /home/mert/Work/omarchy-mac-external-monitor/artifacts/usb4-backport/root/lib/modules/7.1.13-usb4-gpu-test/kernel/net/mac80211/mac80211.ko
  INSTALL /home/mert/Work/omarchy-mac-external-monitor/artifacts/usb4-backport/root/lib/modules/7.1.13-usb4-gpu-test/kernel/net/tipc/tipc.ko
  STRIP   /home/mert/Work/omarchy-mac-external-monitor/artifacts/usb4-backport/root/lib/modules/7.1.13-usb4-gpu-test/kernel/net/tipc/tipc.ko
  INSTALL /home/mert/Work/omarchy-mac-external-monitor/artifacts/usb4-backport/root/lib/modules/7.1.13-usb4-gpu-test/kernel/net/tipc/tipc_diag.ko
  STRIP   /home/mert/Work/omarchy-mac-external-monitor/artifacts/usb4-backport/root/lib/modules/7.1.13-usb4-gpu-test/kernel/net/tipc/tipc_diag.ko
  INSTALL /home/mert/Work/omarchy-mac-external-monitor/artifacts/usb4-backport/root/lib/modules/7.1.13-usb4-gpu-test/kernel/net/rfkill/rfkill.ko
  STRIP   /home/mert/Work/omarchy-mac-external-monitor/artifacts/usb4-backport/root/lib/modules/7.1.13-usb4-gpu-test/kernel/net/rfkill/rfkill.ko
  INSTALL /home/mert/Work/omarchy-mac-external-monitor/artifacts/usb4-backport/root/lib/modules/7.1.13-usb4-gpu-test/kernel/net/rfkill/rfkill-gpio.ko
  STRIP   /home/mert/Work/omarchy-mac-external-monitor/artifacts/usb4-backport/root/lib/modules/7.1.13-usb4-gpu-test/kernel/net/rfkill/rfkill-gpio.ko
  INSTALL /home/mert/Work/omarchy-mac-external-monitor/artifacts/usb4-backport/root/lib/modules/7.1.13-usb4-gpu-test/kernel/net/9p/9pnet.ko
  STRIP   /home/mert/Work/omarchy-mac-external-monitor/artifacts/usb4-backport/root/lib/modules/7.1.13-usb4-gpu-test/kernel/net/9p/9pnet.ko
  INSTALL /home/mert/Work/omarchy-mac-external-monitor/artifacts/usb4-backport/root/lib/modules/7.1.13-usb4-gpu-test/kernel/net/9p/9pnet_fd.ko
  STRIP   /home/mert/Work/omarchy-mac-external-monitor/artifacts/usb4-backport/root/lib/modules/7.1.13-usb4-gpu-test/kernel/net/9p/9pnet_fd.ko
  INSTALL /home/mert/Work/omarchy-mac-external-monitor/artifacts/usb4-backport/root/lib/modules/7.1.13-usb4-gpu-test/kernel/net/9p/9pnet_virtio.ko
  STRIP   /home/mert/Work/omarchy-mac-external-monitor/artifacts/usb4-backport/root/lib/modules/7.1.13-usb4-gpu-test/kernel/net/9p/9pnet_virtio.ko
  INSTALL /home/mert/Work/omarchy-mac-external-monitor/artifacts/usb4-backport/root/lib/modules/7.1.13-usb4-gpu-test/kernel/net/6lowpan/6lowpan.ko
  STRIP   /home/mert/Work/omarchy-mac-external-monitor/artifacts/usb4-backport/root/lib/modules/7.1.13-usb4-gpu-test/kernel/net/6lowpan/6lowpan.ko
  INSTALL /home/mert/Work/omarchy-mac-external-monitor/artifacts/usb4-backport/root/lib/modules/7.1.13-usb4-gpu-test/kernel/net/6lowpan/nhc_dest.ko
  STRIP   /home/mert/Work/omarchy-mac-external-monitor/artifacts/usb4-backport/root/lib/modules/7.1.13-usb4-gpu-test/kernel/net/6lowpan/nhc_dest.ko
  INSTALL /home/mert/Work/omarchy-mac-external-monitor/artifacts/usb4-backport/root/lib/modules/7.1.13-usb4-gpu-test/kernel/net/6lowpan/nhc_fragment.ko
  STRIP   /home/mert/Work/omarchy-mac-external-monitor/artifacts/usb4-backport/root/lib/modules/7.1.13-usb4-gpu-test/kernel/net/6lowpan/nhc_fragment.ko
  INSTALL /home/mert/Work/omarchy-mac-external-monitor/artifacts/usb4-backport/root/lib/modules/7.1.13-usb4-gpu-test/kernel/net/6lowpan/nhc_hop.ko
  STRIP   /home/mert/Work/omarchy-mac-external-monitor/artifacts/usb4-backport/root/lib/modules/7.1.13-usb4-gpu-test/kernel/net/6lowpan/nhc_hop.ko
  INSTALL /home/mert/Work/omarchy-mac-external-monitor/artifacts/usb4-backport/root/lib/modules/7.1.13-usb4-gpu-test/kernel/net/6lowpan/nhc_ipv6.ko
  STRIP   /home/mert/Work/omarchy-mac-external-monitor/artifacts/usb4-backport/root/lib/modules/7.1.13-usb4-gpu-test/kernel/net/6lowpan/nhc_ipv6.ko
  INSTALL /home/mert/Work/omarchy-mac-external-monitor/artifacts/usb4-backport/root/lib/modules/7.1.13-usb4-gpu-test/kernel/net/6lowpan/nhc_mobility.ko
  STRIP   /home/mert/Work/omarchy-mac-external-monitor/artifacts/usb4-backport/root/lib/modules/7.1.13-usb4-gpu-test/kernel/net/6lowpan/nhc_mobility.ko
  INSTALL /home/mert/Work/omarchy-mac-external-monitor/artifacts/usb4-backport/root/lib/modules/7.1.13-usb4-gpu-test/kernel/net/6lowpan/nhc_routing.ko
  STRIP   /home/mert/Work/omarchy-mac-external-monitor/artifacts/usb4-backport/root/lib/modules/7.1.13-usb4-gpu-test/kernel/net/6lowpan/nhc_routing.ko
  INSTALL /home/mert/Work/omarchy-mac-external-monitor/artifacts/usb4-backport/root/lib/modules/7.1.13-usb4-gpu-test/kernel/net/6lowpan/nhc_udp.ko
  STRIP   /home/mert/Work/omarchy-mac-external-monitor/artifacts/usb4-backport/root/lib/modules/7.1.13-usb4-gpu-test/kernel/net/6lowpan/nhc_udp.ko
  INSTALL /home/mert/Work/omarchy-mac-external-monitor/artifacts/usb4-backport/root/lib/modules/7.1.13-usb4-gpu-test/kernel/net/6lowpan/nhc_ghc_ext_hop.ko
  STRIP   /home/mert/Work/omarchy-mac-external-monitor/artifacts/usb4-backport/root/lib/modules/7.1.13-usb4-gpu-test/kernel/net/6lowpan/nhc_ghc_ext_hop.ko
  INSTALL /home/mert/Work/omarchy-mac-external-monitor/artifacts/usb4-backport/root/lib/modules/7.1.13-usb4-gpu-test/kernel/net/6lowpan/nhc_ghc_udp.ko
  STRIP   /home/mert/Work/omarchy-mac-external-monitor/artifacts/usb4-backport/root/lib/modules/7.1.13-usb4-gpu-test/kernel/net/6lowpan/nhc_ghc_udp.ko
  INSTALL /home/mert/Work/omarchy-mac-external-monitor/artifacts/usb4-backport/root/lib/modules/7.1.13-usb4-gpu-test/kernel/net/6lowpan/nhc_ghc_icmpv6.ko
  STRIP   /home/mert/Work/omarchy-mac-external-monitor/artifacts/usb4-backport/root/lib/modules/7.1.13-usb4-gpu-test/kernel/net/6lowpan/nhc_ghc_icmpv6.ko
  INSTALL /home/mert/Work/omarchy-mac-external-monitor/artifacts/usb4-backport/root/lib/modules/7.1.13-usb4-gpu-test/kernel/net/6lowpan/nhc_ghc_ext_dest.ko
  STRIP   /home/mert/Work/omarchy-mac-external-monitor/artifacts/usb4-backport/root/lib/modules/7.1.13-usb4-gpu-test/kernel/net/6lowpan/nhc_ghc_ext_dest.ko
  INSTALL /home/mert/Work/omarchy-mac-external-monitor/artifacts/usb4-backport/root/lib/modules/7.1.13-usb4-gpu-test/kernel/net/6lowpan/nhc_ghc_ext_frag.ko
  STRIP   /home/mert/Work/omarchy-mac-external-monitor/artifacts/usb4-backport/root/lib/modules/7.1.13-usb4-gpu-test/kernel/net/6lowpan/nhc_ghc_ext_frag.ko
  INSTALL /home/mert/Work/omarchy-mac-external-monitor/artifacts/usb4-backport/root/lib/modules/7.1.13-usb4-gpu-test/kernel/net/6lowpan/nhc_ghc_ext_route.ko
  STRIP   /home/mert/Work/omarchy-mac-external-monitor/artifacts/usb4-backport/root/lib/modules/7.1.13-usb4-gpu-test/kernel/net/6lowpan/nhc_ghc_ext_route.ko
  INSTALL /home/mert/Work/omarchy-mac-external-monitor/artifacts/usb4-backport/root/lib/modules/7.1.13-usb4-gpu-test/kernel/net/ieee802154/6lowpan/ieee802154_6lowpan.ko
  STRIP   /home/mert/Work/omarchy-mac-external-monitor/artifacts/usb4-backport/root/lib/modules/7.1.13-usb4-gpu-test/kernel/net/ieee802154/6lowpan/ieee802154_6lowpan.ko
  INSTALL /home/mert/Work/omarchy-mac-external-monitor/artifacts/usb4-backport/root/lib/modules/7.1.13-usb4-gpu-test/kernel/net/ieee802154/ieee802154.ko
  STRIP   /home/mert/Work/omarchy-mac-external-monitor/artifacts/usb4-backport/root/lib/modules/7.1.13-usb4-gpu-test/kernel/net/ieee802154/ieee802154.ko
  INSTALL /home/mert/Work/omarchy-mac-external-monitor/artifacts/usb4-backport/root/lib/modules/7.1.13-usb4-gpu-test/kernel/net/ieee802154/ieee802154_socket.ko
  STRIP   /home/mert/Work/omarchy-mac-external-monitor/artifacts/usb4-backport/root/lib/modules/7.1.13-usb4-gpu-test/kernel/net/ieee802154/ieee802154_socket.ko
  INSTALL /home/mert/Work/omarchy-mac-external-monitor/artifacts/usb4-backport/root/lib/modules/7.1.13-usb4-gpu-test/kernel/net/mac802154/mac802154.ko
  STRIP   /home/mert/Work/omarchy-mac-external-monitor/artifacts/usb4-backport/root/lib/modules/7.1.13-usb4-gpu-test/kernel/net/mac802154/mac802154.ko
  INSTALL /home/mert/Work/omarchy-mac-external-monitor/artifacts/usb4-backport/root/lib/modules/7.1.13-usb4-gpu-test/kernel/net/ceph/libceph.ko
  STRIP   /home/mert/Work/omarchy-mac-external-monitor/artifacts/usb4-backport/root/lib/modules/7.1.13-usb4-gpu-test/kernel/net/ceph/libceph.ko
  INSTALL /home/mert/Work/omarchy-mac-external-monitor/artifacts/usb4-backport/root/lib/modules/7.1.13-usb4-gpu-test/kernel/net/batman-adv/batman-adv.ko
  STRIP   /home/mert/Work/omarchy-mac-external-monitor/artifacts/usb4-backport/root/lib/modules/7.1.13-usb4-gpu-test/kernel/net/batman-adv/batman-adv.ko
  INSTALL /home/mert/Work/omarchy-mac-external-monitor/artifacts/usb4-backport/root/lib/modules/7.1.13-usb4-gpu-test/kernel/net/nfc/nfc.ko
  STRIP   /home/mert/Work/omarchy-mac-external-monitor/artifacts/usb4-backport/root/lib/modules/7.1.13-usb4-gpu-test/kernel/net/nfc/nfc.ko
  INSTALL /home/mert/Work/omarchy-mac-external-monitor/artifacts/usb4-backport/root/lib/modules/7.1.13-usb4-gpu-test/kernel/net/nfc/nci/nci.ko
  STRIP   /home/mert/Work/omarchy-mac-external-monitor/artifacts/usb4-backport/root/lib/modules/7.1.13-usb4-gpu-test/kernel/net/nfc/nci/nci.ko
  INSTALL /home/mert/Work/omarchy-mac-external-monitor/artifacts/usb4-backport/root/lib/modules/7.1.13-usb4-gpu-test/kernel/net/nfc/hci/hci.ko
  STRIP   /home/mert/Work/omarchy-mac-external-monitor/artifacts/usb4-backport/root/lib/modules/7.1.13-usb4-gpu-test/kernel/net/nfc/hci/hci.ko
  INSTALL /home/mert/Work/omarchy-mac-external-monitor/artifacts/usb4-backport/root/lib/modules/7.1.13-usb4-gpu-test/kernel/net/nfc/nfc_digital.ko
  STRIP   /home/mert/Work/omarchy-mac-external-monitor/artifacts/usb4-backport/root/lib/modules/7.1.13-usb4-gpu-test/kernel/net/nfc/nfc_digital.ko
  INSTALL /home/mert/Work/omarchy-mac-external-monitor/artifacts/usb4-backport/root/lib/modules/7.1.13-usb4-gpu-test/kernel/net/psample/psample.ko
  STRIP   /home/mert/Work/omarchy-mac-external-monitor/artifacts/usb4-backport/root/lib/modules/7.1.13-usb4-gpu-test/kernel/net/psample/psample.ko
  INSTALL /home/mert/Work/omarchy-mac-external-monitor/artifacts/usb4-backport/root/lib/modules/7.1.13-usb4-gpu-test/kernel/net/ife/ife.ko
  STRIP   /home/mert/Work/omarchy-mac-external-monitor/artifacts/usb4-backport/root/lib/modules/7.1.13-usb4-gpu-test/kernel/net/ife/ife.ko
  INSTALL /home/mert/Work/omarchy-mac-external-monitor/artifacts/usb4-backport/root/lib/modules/7.1.13-usb4-gpu-test/kernel/net/openvswitch/openvswitch.ko
  STRIP   /home/mert/Work/omarchy-mac-external-monitor/artifacts/usb4-backport/root/lib/modules/7.1.13-usb4-gpu-test/kernel/net/openvswitch/openvswitch.ko
  INSTALL /home/mert/Work/omarchy-mac-external-monitor/artifacts/usb4-backport/root/lib/modules/7.1.13-usb4-gpu-test/kernel/net/openvswitch/vport-vxlan.ko
  STRIP   /home/mert/Work/omarchy-mac-external-monitor/artifacts/usb4-backport/root/lib/modules/7.1.13-usb4-gpu-test/kernel/net/openvswitch/vport-vxlan.ko
  INSTALL /home/mert/Work/omarchy-mac-external-monitor/artifacts/usb4-backport/root/lib/modules/7.1.13-usb4-gpu-test/kernel/net/openvswitch/vport-geneve.ko
  STRIP   /home/mert/Work/omarchy-mac-external-monitor/artifacts/usb4-backport/root/lib/modules/7.1.13-usb4-gpu-test/kernel/net/openvswitch/vport-geneve.ko
  INSTALL /home/mert/Work/omarchy-mac-external-monitor/artifacts/usb4-backport/root/lib/modules/7.1.13-usb4-gpu-test/kernel/net/openvswitch/vport-gre.ko
  STRIP   /home/mert/Work/omarchy-mac-external-monitor/artifacts/usb4-backport/root/lib/modules/7.1.13-usb4-gpu-test/kernel/net/openvswitch/vport-gre.ko
  INSTALL /home/mert/Work/omarchy-mac-external-monitor/artifacts/usb4-backport/root/lib/modules/7.1.13-usb4-gpu-test/kernel/net/vmw_vsock/vsock.ko
  STRIP   /home/mert/Work/omarchy-mac-external-monitor/artifacts/usb4-backport/root/lib/modules/7.1.13-usb4-gpu-test/kernel/net/vmw_vsock/vsock.ko
  INSTALL /home/mert/Work/omarchy-mac-external-monitor/artifacts/usb4-backport/root/lib/modules/7.1.13-usb4-gpu-test/kernel/net/vmw_vsock/vsock_diag.ko
  STRIP   /home/mert/Work/omarchy-mac-external-monitor/artifacts/usb4-backport/root/lib/modules/7.1.13-usb4-gpu-test/kernel/net/vmw_vsock/vsock_diag.ko
  INSTALL /home/mert/Work/omarchy-mac-external-monitor/artifacts/usb4-backport/root/lib/modules/7.1.13-usb4-gpu-test/kernel/net/vmw_vsock/vmw_vsock_virtio_transport.ko
  STRIP   /home/mert/Work/omarchy-mac-external-monitor/artifacts/usb4-backport/root/lib/modules/7.1.13-usb4-gpu-test/kernel/net/vmw_vsock/vmw_vsock_virtio_transport.ko
  INSTALL /home/mert/Work/omarchy-mac-external-monitor/artifacts/usb4-backport/root/lib/modules/7.1.13-usb4-gpu-test/kernel/net/vmw_vsock/vmw_vsock_virtio_transport_common.ko
  STRIP   /home/mert/Work/omarchy-mac-external-monitor/artifacts/usb4-backport/root/lib/modules/7.1.13-usb4-gpu-test/kernel/net/vmw_vsock/vmw_vsock_virtio_transport_common.ko
  INSTALL /home/mert/Work/omarchy-mac-external-monitor/artifacts/usb4-backport/root/lib/modules/7.1.13-usb4-gpu-test/kernel/net/vmw_vsock/vsock_loopback.ko
  STRIP   /home/mert/Work/omarchy-mac-external-monitor/artifacts/usb4-backport/root/lib/modules/7.1.13-usb4-gpu-test/kernel/net/vmw_vsock/vsock_loopback.ko
  INSTALL /home/mert/Work/omarchy-mac-external-monitor/artifacts/usb4-backport/root/lib/modules/7.1.13-usb4-gpu-test/kernel/net/nsh/nsh.ko
  STRIP   /home/mert/Work/omarchy-mac-external-monitor/artifacts/usb4-backport/root/lib/modules/7.1.13-usb4-gpu-test/kernel/net/nsh/nsh.ko
  INSTALL /home/mert/Work/omarchy-mac-external-monitor/artifacts/usb4-backport/root/lib/modules/7.1.13-usb4-gpu-test/kernel/net/qrtr/qrtr.ko
  STRIP   /home/mert/Work/omarchy-mac-external-monitor/artifacts/usb4-backport/root/lib/modules/7.1.13-usb4-gpu-test/kernel/net/qrtr/qrtr.ko
  INSTALL /home/mert/Work/omarchy-mac-external-monitor/artifacts/usb4-backport/root/lib/modules/7.1.13-usb4-gpu-test/kernel/net/qrtr/qrtr-tun.ko
  STRIP   /home/mert/Work/omarchy-mac-external-monitor/artifacts/usb4-backport/root/lib/modules/7.1.13-usb4-gpu-test/kernel/net/qrtr/qrtr-tun.ko
  DEPMOD  /home/mert/Work/omarchy-mac-external-monitor/artifacts/usb4-backport/root/lib/modules/7.1.13-usb4-gpu-test
make[1]: Leaving directory '/home/mert/Work/omarchy-mac-external-monitor/artifacts/usb4-backport/build'
make: Leaving directory '/home/mert/Work/omarchy-mac-external-monitor/sources/linux-usb4-backport'
